Date,RegionName,AreaCode,AveragePrice,Index,IndexSA,1m%Change,12m%Change,AveragePriceSA,SalesVolume,DetachedPrice,DetachedIndex,Detached1m%Change,Detached12m%Change,SemiDetachedPrice,SemiDetachedIndex,SemiDetached1m%Change,SemiDetached12m%Change,TerracedPrice,TerracedIndex,Terraced1m%Change,Terraced12m%Change,FlatPrice,FlatIndex,Flat1m%Change,Flat12m%Change,CashPrice,CashIndex,Cash1m%Change,Cash12m%Change,CashSalesVolume,MortgagePrice,MortgageIndex,Mortgage1m%Change,Mortgage12m%Change,MortgageSalesVolume,FTBPrice,FTBIndex,FTB1m%Change,FTB12m%Change,FOOPrice,FOOIndex,FOO1m%Change,FOO12m%Change,NewPrice,NewIndex,New1m%Change,New12m%Change,NewSalesVolume,OldPrice,OldIndex,Old1m%Change,Old12m%Change,OldSalesVolume
1/1/1995,Bolton,E08000001,37680,20.6,,,,,231,73061,21.3,,,39918,20.2,,,29950,20.2,,,27946,25,,,,,,,,,,,,,,,,,,,,,54914,20.9,,,27,37279,20.6,,,204
2/1/1995,Bolton,E08000001,38205,20.9,,1.4,,,247,73678,21.5,0.8,,40746,20.6,2.1,,30298,20.4,1.2,,28302,25.3,1.3,,,,,,,,,,,,,,,,,,,,55940,21.3,1.9,,29,37768,20.9,1.3,,218
3/1/1995,Bolton,E08000001,38067,20.8,,-0.4,,,328,73216,21.3,-0.6,,40558,20.5,-0.5,,30243,20.4,-0.2,,28126,25.2,-0.6,,,,,,,,,,,,,,,,,,,,55751,21.2,-0.3,,42,37630,20.8,-0.4,,286
4/1/1995,Bolton,E08000001,38645,21.2,,1.5,,,246,74106,21.6,1.2,,41225,20.8,1.6,,30712,20.7,1.6,,28543,25.5,1.5,,,,,,,,,,,,,,,,,,,,56555,21.5,1.4,,45,38207,21.1,1.5,,201
5/1/1995,Bolton,E08000001,38600,21.1,,-0.1,,,298,73773,21.5,-0.4,,41107,20.8,-0.3,,30749,20.7,0.1,,28485,25.5,-0.2,,,,,,,,,,,,,,,,,,,,56258,21.4,-0.5,,32,38188,21.1,0,,266
6/1/1995,Bolton,E08000001,38062,20.8,,-1.4,,,343,72821,21.2,-1.3,,40637,20.5,-1.1,,30252,20.4,-1.6,,28205,25.2,-1,,,,,,,,,,,,,,,,,,,,55500,21.1,-1.3,,51,37653,20.8,-1.4,,292
7/1/1995,Bolton,E08000001,36692,20.1,,-3.6,,,282,70427,20.5,-3.3,,39190,19.8,-3.6,,29127,19.6,-3.7,,27069,24.2,-4,,,,,,,,,,,,,,,,,,,,53588,20.4,-3.4,,44,36287,20.1,-3.6,,238
8/1/1995,Bolton,E08000001,35963,19.7,,-2,,,292,69618,20.3,-1.1,,38404,19.4,-2,,28472,19.2,-2.3,,26386,23.6,-2.5,,,,,,,,,,,,,,,,,,,,52694,20,-1.7,,43,35548,19.6,-2,,249
9/1/1995,Bolton,E08000001,36019,19.7,,0.2,,,296,69793,20.3,0.3,,38393,19.4,0,,28548,19.2,0.3,,26268,23.5,-0.4,,,,,,,,,,,,,,,,,,,,52514,20,-0.3,,43,35633,19.7,0.2,,253
10/1/1995,Bolton,E08000001,36356,19.9,,0.9,,,309,70566,20.6,1.1,,38870,19.6,1.2,,28734,19.3,0.7,,26641,23.8,1.4,,,,,,,,,,,,,,,,,,,,53270,20.2,1.4,,55,35937,19.9,0.9,,254
11/1/1995,Bolton,E08000001,36150,19.8,,-0.6,,,325,70175,20.5,-0.6,,38717,19.6,-0.4,,28527,19.2,-0.7,,26690,23.9,0.2,,,,,,,,,,,,,,,,,,,,53150,20.2,-0.2,,40,35713,19.7,-0.6,,285
12/1/1995,Bolton,E08000001,36226,19.8,,0.2,,,415,70375,20.5,0.3,,38909,19.6,0.5,,28522,19.2,0,,26804,24,0.4,,,,,,,,,,,,,,,,,,,,53744,20.4,1.1,,83,35732,19.7,0.1,,332
1/1/1996,Bolton,E08000001,35981,19.7,,-0.7,-4.5,,251,70335,20.5,-0.1,-3.7,38635,19.5,-0.7,-3.2,28279,19,-0.8,-5.6,26448,23.7,-1.3,-5.4,,,,,,,,,,,,,,,,,,,53899,20.5,0.3,-1.8,31,35434,19.6,-0.8,-4.9,220
2/1/1996,Bolton,E08000001,35753,19.6,,-0.6,-6.4,,275,70006,20.4,-0.5,-5,38440,19.4,-0.5,-5.7,28069,18.9,-0.7,-7.4,26130,23.4,-1.2,-7.7,,,,,,,,,,,,,,,,,,,54069,20.5,0.3,-3.3,36,35154,19.4,-0.8,-6.9,239
3/1/1996,Bolton,E08000001,35629,19.5,,-0.3,-6.4,,349,70141,20.5,0.2,-4.2,38366,19.4,-0.2,-5.4,27895,18.8,-0.6,-7.8,25932,23.2,-0.8,-7.8,,,,,,,,,,,,,,,,,,,54337,20.7,0.5,-2.5,55,34983,19.3,-0.5,-7,294
4/1/1996,Bolton,E08000001,36340,19.9,,2,-6,,328,71182,20.8,1.5,-3.9,39058,19.7,1.8,-5.3,28538,19.2,2.3,-7.1,26506,23.7,2.2,-7.1,,,,,,,,,,,,,,,,,,,55235,21,1.7,-2.3,78,35704,19.7,2.1,-6.5,250
5/1/1996,Bolton,E08000001,36665,20.1,,0.9,-5,,337,71530,20.9,0.5,-3,39290,19.8,0.6,-4.4,28905,19.5,1.3,-6,26658,23.8,0.6,-6.4,,,,,,,,,,,,,,,,,,,55209,21,0,-1.9,57,36090,19.9,1.1,-5.5,280
6/1/1996,Bolton,E08000001,37197,20.4,,1.5,-2.3,,396,72418,21.1,1.2,-0.6,39755,20.1,1.2,-2.2,29387,19.8,1.7,-2.9,27189,24.3,2,-3.6,,,,,,,,,,,,,,,,,,,55860,21.2,1.2,0.6,76,36633,20.2,1.5,-2.7,320
7/1/1996,Bolton,E08000001,37042,20.3,,-0.4,1,,342,72355,21.1,-0.1,2.7,39632,20,-0.3,1.1,29223,19.7,-0.6,0.3,26887,24.1,-1.1,-0.7,,,,,,,,,,,,,,,,,,,55508,21.1,-0.6,3.6,64,36496,20.2,-0.4,0.6,278
8/1/1996,Bolton,E08000001,37860,20.7,,2.2,5.3,,400,74537,21.7,3,7.1,40519,20.5,2.2,5.5,29783,20,1.9,4.6,27321,24.4,1.6,3.5,,,,,,,,,,,,,,,,,,,56911,21.6,2.5,8,51,37278,20.6,2.1,4.9,349
9/1/1996,Bolton,E08000001,38041,20.8,,0.5,5.6,,373,75251,21.9,1,7.8,40658,20.5,0.3,5.9,29921,20.1,0.5,4.8,27151,24.3,-0.6,3.4,,,,,,,,,,,,,,,,,,,56954,21.6,0.1,8.5,52,37486,20.7,0.6,5.2,321
10/1/1996,Bolton,E08000001,38026,20.8,,0,4.6,,403,75320,22,0.1,6.7,40667,20.5,0,4.6,29888,20.1,-0.1,4,27080,24.2,-0.3,1.6,,,,,,,,,,,,,,,,,,,56897,21.6,-0.1,6.8,65,37476,20.7,0,4.3,338
11/1/1996,Bolton,E08000001,37942,20.8,,-0.2,5,,432,74966,21.9,-0.5,6.8,40622,20.5,-0.1,4.9,29823,20.1,-0.2,4.5,27090,24.2,0,1.5,,,,,,,,,,,,,,,,,,,56737,21.6,-0.3,6.7,68,37397,20.7,-0.2,4.7,364
12/1/1996,Bolton,E08000001,38006,20.8,,0.2,4.9,,438,74806,21.8,-0.2,6.3,40783,20.6,0.4,4.8,29878,20.1,0.2,4.8,27082,24.2,0,1,,,,,,,,,,,,,,,,,,,56740,21.6,0,5.6,81,37473,20.7,0.2,4.9,357
1/1/1997,Bolton,E08000001,38485,21.1,,1.3,7,,306,75795,22.1,1.3,7.8,41270,20.8,1.2,6.8,30270,20.4,1.3,7,27309,24.4,0.8,3.3,,,,,,,,,,,,,,,,,,,57270,21.8,0.9,6.3,41,37968,21,1.3,7.2,265
2/1/1997,Bolton,E08000001,38381,21,,-0.3,7.4,,344,75834,22.1,0.1,8.3,41191,20.8,-0.2,7.2,30143,20.3,-0.4,7.4,27155,24.3,-0.6,3.9,,,,,,,,,,,,,,,,,,,57231,21.8,-0.1,5.8,57,37854,20.9,-0.3,7.7,287
3/1/1997,Bolton,E08000001,38018,20.8,,-0.9,6.7,,317,75274,21.9,-0.7,7.3,40741,20.6,-1.1,6.2,29863,20.1,-0.9,7.1,26945,24.1,-0.8,3.9,,,,,,,,,,,,,,,,,,,56905,21.6,-0.6,4.7,56,37471,20.7,-1,7.1,261
4/1/1997,Bolton,E08000001,37817,20.7,,-0.5,4.1,,349,74567,21.7,-0.9,4.8,40543,20.5,-0.5,3.8,29744,20,-0.4,4.2,26847,24,-0.4,1.3,,,,,,,,,,,,,,,,,,,56726,21.6,-0.3,2.7,58,37259,20.6,-0.6,4.4,291
5/1/1997,Bolton,E08000001,38130,20.9,,0.8,4,,401,74898,21.8,0.4,4.7,40872,20.6,0.8,4,30051,20.2,1,4,26938,24.1,0.3,1,,,,,,,,,,,,,,,,,,,56946,21.6,0.4,3.1,54,37596,20.8,0.9,4.2,347
6/1/1997,Bolton,E08000001,38401,21,,0.7,3.2,,429,75488,22,0.8,4.2,41164,20.8,0.7,3.5,30269,20.4,0.7,3,26911,24.1,-0.1,-1,,,,,,,,,,,,,,,,,,,56969,21.7,0,2,69,37907,21,0.8,3.5,360
7/1/1997,Bolton,E08000001,39123,21.4,,1.9,5.6,,393,77168,22.5,2.2,6.7,41901,21.2,1.8,5.7,30834,20.8,1.9,5.5,27165,24.3,0.9,1,,,,,,,,,,,,,,,,,,,57695,21.9,1.3,3.9,67,38661,21.4,2,5.9,326
8/1/1997,Bolton,E08000001,39328,21.5,,0.5,3.9,,433,77937,22.7,1,4.6,42089,21.3,0.5,3.9,30957,20.8,0.4,3.9,27229,24.4,0.2,-0.3,,,,,,,,,,,,,,,,,,,57816,22,0.2,1.6,50,38885,21.5,0.6,4.3,383
9/1/1997,Bolton,E08000001,39044,21.4,,-0.7,2.6,,378,77567,22.6,-0.5,3.1,41786,21.1,-0.7,2.8,30702,20.7,-0.8,2.6,27028,24.2,-0.7,-0.5,,,,,,,,,,,,,,,,,,,57434,21.8,-0.7,0.8,52,38600,21.3,-0.7,3,326
10/1/1997,Bolton,E08000001,38977,21.3,,-0.2,2.5,,410,77564,22.6,0,3,41781,21.1,0,2.7,30588,20.6,-0.4,2.3,27053,24.2,0.1,-0.1,,,,,,,,,,,,,,,,,,,57397,21.8,-0.1,0.9,55,38527,21.3,-0.2,2.8,355
11/1/1997,Bolton,E08000001,38615,21.1,,-0.9,1.8,,367,76852,22.4,-0.9,2.5,41410,20.9,-0.9,1.9,30291,20.4,-1,1.6,26824,24,-0.8,-1,,,,,,,,,,,,,,,,,,,56918,21.6,-0.8,0.3,55,38162,21.1,-0.9,2,312
12/1/1997,Bolton,E08000001,39020,21.4,,1,2.7,,451,77601,22.6,1,3.7,41967,21.2,1.3,2.9,30556,20.6,0.9,2.3,27079,24.2,1,0,,,,,,,,,,,,,,,,,,,57736,21.9,1.4,1.8,73,38536,21.3,1,2.8,378
1/1/1998,Bolton,E08000001,38450,21.1,,-1.5,-0.1,,254,76825,22.4,-1,1.4,41300,20.9,-1.6,0.1,30082,20.2,-1.6,-0.6,26667,23.9,-1.5,-2.3,,,,,,,,,,,,,,,,,,,57332,21.8,-0.7,0.1,26,37922,21,-1.6,-0.1,228
2/1/1998,Bolton,E08000001,38630,21.2,,0.5,0.6,,302,77286,22.5,0.6,1.9,41573,21,0.7,0.9,30156,20.3,0.2,0,26980,24.1,1.2,-0.6,,,,,,,,,,,,,,,,,,,58208,22.1,1.5,1.7,35,38035,21,0.3,0.5,267
3/1/1998,Bolton,E08000001,38682,21.2,,0.1,1.7,,356,77524,22.6,0.3,3,41619,21,0.1,2.2,30184,20.3,0.1,1.1,26995,24.2,0.1,0.2,,,,,,,,,,,,,,,,,,,58488,22.2,0.5,2.8,44,38063,21,0.1,1.6,312
4/1/1998,Bolton,E08000001,39446,21.6,,2,4.3,,396,78624,22.9,1.4,5.4,42523,21.5,2.2,4.9,30812,20.7,2.1,3.6,27494,24.6,1.8,2.4,,,,,,,,,,,,,,,,,,,59406,22.6,1.6,4.7,45,38835,21.5,2,4.2,351
5/1/1998,Bolton,E08000001,40575,22.2,,2.9,6.4,,381,80510,23.5,2.4,7.5,43680,22.1,2.7,6.9,31799,21.4,3.2,5.8,28098,25.1,2.2,4.3,,,,,,,,,,,,,,,,,,,60491,23,1.8,6.2,52,39998,22.1,3,6.4,329
6/1/1998,Bolton,E08000001,40809,22.3,,0.6,6.3,,378,80935,23.6,0.5,7.2,43906,22.2,0.5,6.7,31997,21.5,0.6,5.7,28349,25.4,0.9,5.3,,,,,,,,,,,,,,,,,,,60598,23,0.2,6.4,55,40249,22.2,0.6,6.2,323
7/1/1998,Bolton,E08000001,40464,22.2,,-0.8,3.4,,423,80495,23.5,-0.5,4.3,43514,22,-0.9,3.9,31697,21.3,-0.9,2.8,28091,25.1,-0.9,3.4,,,,,,,,,,,,,,,,,,,60089,22.8,-0.8,4.1,39,39908,22.1,-0.8,3.2,384
8/1/1998,Bolton,E08000001,39511,21.6,,-2.4,0.5,,350,79141,23.1,-1.7,1.5,42451,21.4,-2.4,0.9,30884,20.8,-2.6,-0.2,27333,24.5,-2.7,0.4,,,,,,,,,,,,,,,,,,,58927,22.4,-1.9,1.9,41,38947,21.5,-2.4,0.2,309
9/1/1998,Bolton,E08000001,39378,21.6,,-0.3,0.9,,352,79029,23,-0.1,1.9,42261,21.3,-0.4,1.1,30786,20.7,-0.3,0.3,27108,24.3,-0.8,0.3,,,,,,,,,,,,,,,,,,,58507,22.2,-0.7,1.9,44,38835,21.5,-0.3,0.6,308
10/1/1998,Bolton,E08000001,39693,21.7,,0.8,1.8,,398,79859,23.3,1.1,3,42614,21.5,0.8,2,30984,20.9,0.6,1.3,27437,24.5,1.2,1.4,,,,,,,,,,,,,,,,,,,59123,22.5,1.1,3,35,39132,21.6,0.8,1.6,363
11/1/1998,Bolton,E08000001,39729,21.8,,0.1,2.9,,422,80021,23.3,0.2,4.1,42767,21.6,0.4,3.3,30931,20.8,-0.2,2.1,27584,24.7,0.5,2.8,,,,,,,,,,,,,,,,,,,59356,22.6,0.4,4.3,41,39154,21.6,0.1,2.6,381
12/1/1998,Bolton,E08000001,39813,21.8,,0.2,2,,420,80061,23.3,0,3.2,42970,21.7,0.5,2.4,30947,20.8,0,1.3,27861,24.9,1,2.9,,,,,,,,,,,,,,,,,,,59955,22.8,1,3.8,36,39197,21.7,0.1,1.7,384
1/1/1999,Bolton,E08000001,39372,21.6,,-1.1,2.4,,299,79194,23.1,-1.1,3.1,42527,21.5,-1,3,30582,20.6,-1.2,1.7,27574,24.7,-1,3.4,,,,,,,,,,,,,,,,,,,59628,22.7,-0.5,4,32,38735,21.4,-1.2,2.1,267
2/1/1999,Bolton,E08000001,39232,21.5,,-0.4,1.6,,299,78930,23,-0.3,2.1,42386,21.4,-0.3,2,30467,20.5,-0.4,1,27444,24.6,-0.5,1.7,,,,,,,,,,,,,,,,,,,59583,22.6,-0.1,2.4,31,38584,21.3,-0.4,1.4,268
3/1/1999,Bolton,E08000001,38757,21.2,,-1.2,0.2,,384,78202,22.8,-0.9,0.9,41856,21.1,-1.3,0.6,30071,20.2,-1.3,-0.4,27098,24.2,-1.3,0.4,,,,,,,,,,,,,,,,,,,58929,22.4,-1.1,0.8,32,38111,21.1,-1.2,0.1,352
4/1/1999,Bolton,E08000001,39709,21.7,,2.5,0.7,,388,79698,23.2,1.9,1.4,42851,21.6,2.4,0.8,30905,20.8,2.8,0.3,27727,24.8,2.3,0.8,,,,,,,,,,,,,,,,,,,59900,22.8,1.6,0.8,51,39087,21.6,2.6,0.6,337
5/1/1999,Bolton,E08000001,40184,22,,1.2,-1,,430,80325,23.4,0.8,-0.2,43322,21.9,1.1,-0.8,31355,21.1,1.5,-1.4,28045,25.1,1.1,-0.2,,,,,,,,,,,,,,,,,,,60454,23,0.9,-0.1,50,39567,21.9,1.2,-1.1,380
6/1/1999,Bolton,E08000001,41169,22.5,,2.5,0.9,,436,82226,24,2.4,1.6,44328,22.4,2.3,1,32170,21.6,2.6,0.5,28657,25.6,2.2,1.1,,,,,,,,,,,,,,,,,,,61813,23.5,2.2,2,51,40547,22.4,2.5,0.7,385
7/1/1999,Bolton,E08000001,40924,22.4,,-0.6,1.1,,470,82107,23.9,-0.1,2,44013,22.2,-0.7,1.1,31946,21.5,-0.7,0.8,28403,25.4,-0.9,1.1,,,,,,,,,,,,,,,,,,,61524,23.4,-0.5,2.4,45,40300,22.3,-0.6,1,425
8/1/1999,Bolton,E08000001,41810,22.9,,2.2,5.8,,369,84187,24.5,2.5,6.4,44881,22.7,2,5.7,32635,22,2.2,5.7,28936,25.9,1.9,5.9,,,,,,,,,,,,,,,,,,,62624,23.8,1.8,6.3,45,41191,22.8,2.2,5.8,324
9/1/1999,Bolton,E08000001,42060,23,,0.6,6.8,,307,85011,24.8,1,7.6,45076,22.8,0.4,6.7,32818,22.1,0.6,6.6,29039,26,0.4,7.1,,,,,,,,,,,,,,,,,,,62760,23.9,0.2,7.3,31,41457,22.9,0.6,6.8,276
10/1/1999,Bolton,E08000001,42471,23.3,,1,7,,435,85998,25.1,1.2,7.7,45635,23,1.2,7.1,33035,22.2,0.7,6.6,29509,26.4,1.6,7.6,,,,,,,,,,,,,,,,,,,63419,24.1,1.1,7.3,48,41859,23.1,1,7,387
11/1/1999,Bolton,E08000001,42343,23.2,,-0.3,6.6,,416,85743,25,-0.3,7.2,45550,23,-0.2,6.5,32900,22.1,-0.4,6.4,29531,26.4,0.1,7.1,,,,,,,,,,,,,,,,,,,63173,24,-0.4,6.4,53,41738,23.1,-0.3,6.6,363
12/1/1999,Bolton,E08000001,42562,23.3,,0.5,6.9,,413,85922,25.1,0.2,7.3,45861,23.2,0.7,6.7,33064,22.3,0.5,6.8,29871,26.7,1.2,7.2,,,,,,,,,,,,,,,,,,,63900,24.3,1.2,6.6,39,41920,23.2,0.4,6.9,374
1/1/2000,Bolton,E08000001,42272,23.1,,-0.7,7.4,,241,85465,24.9,-0.5,7.9,45526,23,-0.7,7.1,32840,22.1,-0.7,7.4,29486,26.4,-1.3,6.9,,,,,,,,,,,,,,,,,,,63402,24.1,-0.8,6.3,35,41640,23,-0.7,7.5,206
2/1/2000,Bolton,E08000001,41839,22.9,,-1,6.6,,281,84808,24.7,-0.8,7.4,45099,22.8,-0.9,6.4,32439,21.8,-1.2,6.5,29205,26.1,-1,6.4,,,,,,,,,,,,,,,,,,,63235,24,-0.3,6.1,25,41172,22.8,-1.1,6.7,256
3/1/2000,Bolton,E08000001,41860,22.9,,0.1,8,,391,85051,24.8,0.3,8.8,45191,22.8,0.2,8,32395,21.8,-0.1,7.7,29024,26,-0.6,7.1,,,,,,,,,,,,,,,,,,,63216,24,0,7.3,41,41197,22.8,0.1,8.1,350
4/1/2000,Bolton,E08000001,42660,23.4,,1.9,7.4,,368,86387,25.2,1.6,8.4,46034,23.2,1.9,7.4,33058,22.2,2,7,29775,26.6,2.6,7.4,,,,,,,,,,,,,,,,,,,64499,24.5,2,7.7,44,41978,23.2,1.9,7.4,324
5/1/2000,Bolton,E08000001,41891,22.9,,-1.8,4.2,,347,84714,24.7,-1.9,5.5,45259,22.9,-1.7,4.5,32447,21.8,-1.8,3.5,29329,26.2,-1.5,4.6,,,,,,,,,,,,,,,,,,,63108,24,-2.2,4.4,50,41240,22.8,-1.8,4.2,297
6/1/2000,Bolton,E08000001,42335,23.2,,1.1,2.8,,488,85483,24.9,0.9,4,45786,23.1,1.2,3.3,32773,22.1,1,1.9,29843,26.7,1.8,4.1,,,,,,,,,,,,,,,,,,,63537,24.1,0.7,2.8,78,41698,23,1.1,2.8,410
7/1/2000,Bolton,E08000001,41937,23,,-0.9,2.5,,465,85273,24.9,-0.2,3.9,45433,22.9,-0.8,3.2,32339,21.8,-1.3,1.2,29405,26.3,-1.5,3.5,,,,,,,,,,,,,,,,,,,62946,23.9,-0.9,2.3,39,41306,22.8,-0.9,2.5,426
8/1/2000,Bolton,E08000001,42868,23.5,,2.2,2.5,,434,87740,25.6,2.9,4.2,46521,23.5,2.4,3.7,32913,22.1,1.8,0.9,30158,27,2.6,4.2,,,,,,,,,,,,,,,,,,,64570,24.5,2.6,3.1,38,42204,23.3,2.2,2.5,396
9/1/2000,Bolton,E08000001,43346,23.7,,1.1,3.1,,413,89443,26.1,1.9,5.2,46971,23.7,1,4.2,33193,22.3,0.9,1.1,30438,27.2,0.9,4.8,,,,,,,,,,,,,,,,,,,65460,24.9,1.4,4.3,45,42659,23.6,1.1,2.9,368
10/1/2000,Bolton,E08000001,43836,24,,1.1,3.2,,443,90608,26.4,1.3,5.4,47600,24,1.3,4.3,33482,22.5,0.9,1.4,30948,27.7,1.7,4.9,,,,,,,,,,,,,,,,,,,66461,25.3,1.5,4.8,45,43120,23.8,1.1,3,398
11/1/2000,Bolton,E08000001,45135,24.7,,3,6.6,,383,93356,27.2,3,8.9,48962,24.7,2.9,7.5,34484,23.2,3,4.8,31898,28.5,3.1,8,,,,,,,,,,,,,,,,,,,68644,26.1,3.3,8.7,39,44379,24.5,2.9,6.3,344
12/1/2000,Bolton,E08000001,45095,24.7,,-0.1,6,,486,92987,27.1,-0.4,8.2,49030,24.8,0.1,6.9,34423,23.2,-0.2,4.1,32185,28.8,0.9,7.7,,,,,,,,,,,,,,,,,,,69062,26.2,0.6,8.1,67,44300,24.5,-0.2,5.7,419
1/1/2001,Bolton,E08000001,44664,24.5,,-1,5.7,,331,92099,26.9,-1,7.8,48467,24.5,-1.1,6.5,34130,23,-0.9,3.9,31980,28.6,-0.6,8.5,,,,,,,,,,,,,,,,,,,69062,26.2,0,8.9,23,43821,24.2,-1.1,5.2,308
2/1/2001,Bolton,E08000001,44626,24.4,,-0.1,6.7,,334,91970,26.8,-0.1,8.4,48405,24.4,-0.1,7.3,34114,23,0,5.2,31961,28.6,-0.1,9.4,,,,,,,,,,,,,,,,,,,69634,26.5,0.8,10.1,46,43733,24.2,-0.2,6.2,288
3/1/2001,Bolton,E08000001,44831,24.5,,0.5,7.1,,471,92462,27,0.5,8.7,48609,24.5,0.4,7.6,34273,23.1,0.5,5.8,31911,28.5,-0.2,9.9,,,,,,,,,,,,,,,,,,,70123,26.7,0.7,10.9,65,43921,24.3,0.4,6.6,406
4/1/2001,Bolton,E08000001,46224,25.3,,3.1,8.4,,449,95071,27.7,2.8,10.1,50040,25.3,2.9,8.7,35410,23.8,3.3,7.1,32916,29.4,3.2,10.5,,,,,,,,,,,,,,,,,,,72078,27.4,2.8,11.8,48,45304,25,3.2,7.9,401
5/1/2001,Bolton,E08000001,45972,25.2,,-0.5,9.7,,464,94002,27.4,-1.1,11,49799,25.1,-0.5,10,35295,23.8,-0.3,8.8,32627,29.2,-0.9,11.2,,,,,,,,,,,,,,,,,,,70846,26.9,-1.7,12.3,58,45130,24.9,-0.4,9.4,406
6/1/2001,Bolton,E08000001,46824,25.6,,1.9,10.6,,539,95547,27.9,1.6,11.8,50698,25.6,1.8,10.7,35959,24.2,1.9,9.7,33486,30,2.6,12.2,,,,,,,,,,,,,,,,,,,72279,27.5,2,13.8,84,45957,25.4,1.8,10.2,455
7/1/2001,Bolton,E08000001,46985,25.7,,0.3,12,,570,96084,28,0.6,12.7,50972,25.7,0.5,12.2,36021,24.2,0.2,11.4,33473,29.9,0,13.8,,,,,,,,,,,,,,,,,,,72281,27.5,0,14.8,66,46135,25.5,0.4,11.7,504
8/1/2001,Bolton,E08000001,47989,26.3,,2.1,11.9,,560,98718,28.8,2.7,12.5,51950,26.2,1.9,11.7,36744,24.7,2,11.6,34308,30.7,2.5,13.8,,,,,,,,,,,,,,,,,,,74316,28.2,2.8,15.1,47,47078,26,2,11.6,513
9/1/2001,Bolton,E08000001,48827,26.7,,1.7,12.6,,461,101013,29.5,2.3,12.9,52713,26.6,1.5,12.2,37379,25.2,1.7,12.6,34829,31.2,1.5,14.4,,,,,,,,,,,,,,,,,,,75809,28.8,2,15.8,43,47883,26.5,1.7,12.2,418
10/1/2001,Bolton,E08000001,49092,26.9,,0.5,12,,546,101496,29.6,0.5,12,52992,26.8,0.5,11.3,37557,25.3,0.5,12.2,35320,31.6,1.4,14.1,,,,,,,,,,,,,,,,,,,76828,29.2,1.3,15.6,51,48091,26.6,0.4,11.5,495
11/1/2001,Bolton,E08000001,49768,27.2,,1.4,10.3,,609,102653,29.9,1.1,10,53835,27.2,1.6,10,38038,25.6,1.3,10.3,35957,32.2,1.8,12.7,,,,,,,,,,,,,,,,,,,77968,29.6,1.5,13.6,74,48747,26.9,1.4,9.8,535
12/1/2001,Bolton,E08000001,49195,26.9,,-1.2,9.1,,525,101008,29.4,-1.6,8.6,53382,27,-0.8,8.9,37532,25.3,-1.3,9,36007,32.2,0.1,11.9,,,,,,,,,,,,,,,,,,,77447,29.4,-0.7,12.1,87,48153,26.6,-1.2,8.7,438
1/1/2002,Bolton,E08000001,48888,26.8,,-0.6,9.5,,391,100525,29.3,-0.5,9.1,53053,26.8,-0.6,9.5,37262,25.1,-0.7,9.2,35881,32.1,-0.4,12.2,,,,,,,,,,,,,,,,,,,77123,29.3,-0.4,11.7,31,47839,26.4,-0.7,9.2,360
2/1/2002,Bolton,E08000001,49245,27,,0.7,10.4,,459,101360,29.6,0.8,10.2,53313,26.9,0.5,10.1,37545,25.3,0.8,10.1,36420,32.6,1.5,13.9,,,,,,,,,,,,,,,,,,,78613,29.9,1.9,12.9,41,48110,26.6,0.6,10,418
3/1/2002,Bolton,E08000001,49162,26.9,,-0.2,9.7,,477,101131,29.5,-0.2,9.4,53196,26.9,-0.2,9.4,37527,25.3,0,9.5,36159,32.3,-0.7,13.3,,,,,,,,,,,,,,,,,,,78319,29.8,-0.4,11.7,54,48042,26.6,-0.1,9.4,423
4/1/2002,Bolton,E08000001,50475,27.6,,2.7,9.2,,479,103274,30.1,2.1,8.6,54572,27.6,2.6,9.1,38598,26,2.9,9,37393,33.5,3.4,13.6,,,,,,,,,,,,,,,,,,,80427,30.6,2.7,11.6,58,49325,27.3,2.7,8.9,421
5/1/2002,Bolton,E08000001,51065,28,,1.2,11.1,,666,103890,30.3,0.6,10.5,55364,28,1.5,11.2,39070,26.3,1.2,10.7,37770,33.8,1,15.8,,,,,,,,,,,,,,,,,,,80493,30.6,0.1,13.6,58,49975,27.6,1.3,10.7,608
6/1/2002,Bolton,E08000001,52910,29,,3.6,13,,516,107554,31.4,3.5,12.6,57296,28.9,3.5,13,40507,27.3,3.7,12.6,39300,35.2,4,17.4,,,,,,,,,,,,,,,,,,,83364,31.7,3.6,15.3,53,51784,28.6,3.6,12.7,463
7/1/2002,Bolton,E08000001,54431,29.8,,2.9,15.8,,683,110830,32.3,3,15.3,58960,29.8,2.9,15.7,41680,28,2.9,15.7,40074,35.9,2,19.7,,,,,,,,,,,,,,,,,,,85075,32.3,2.1,17.7,60,53331,29.5,3,15.6,623
8/1/2002,Bolton,E08000001,55792,30.5,,2.5,16.3,,680,113747,33.2,2.6,15.2,60415,30.5,2.5,16.3,42721,28.8,2.5,16.3,40983,36.7,2.3,19.5,,,,,,,,,,,,,,,,,,,87019,33.1,2.3,17.1,35,54679,30.2,2.5,16.1,645
9/1/2002,Bolton,E08000001,56693,31,,1.6,16.1,,563,115719,33.7,1.7,14.6,61539,31.1,1.9,16.7,43366,29.2,1.5,16,41285,36.9,0.7,18.5,,,,,,,,,,,,,,,,,,,87731,33.3,0.8,15.7,34,55622,30.7,1.7,16.2,529
10/1/2002,Bolton,E08000001,56607,31,,-0.2,15.3,,588,115346,33.6,-0.3,13.6,61595,31.1,0.1,16.2,43248,29.1,-0.3,15.2,41323,37,0.1,17,,,,,,,,,,,,,,,,,,,87597,33.3,-0.2,14,36,55539,30.7,-0.2,15.5,552
11/1/2002,Bolton,E08000001,56752,31.1,,0.3,14,,598,115715,33.7,0.3,12.7,61737,31.2,0.2,14.7,43356,29.2,0.2,14,41432,37.1,0.3,15.2,,,,,,,,,,,,,,,,,,,87565,33.3,0,12.3,33,55703,30.8,0.3,14.3,565
12/1/2002,Bolton,E08000001,57468,31.5,,1.3,16.8,,519,116703,34,0.9,15.5,62584,31.6,1.4,17.2,43903,29.5,1.3,17,42253,37.8,2,17.3,,,,,,,,,,,,,,,,,,,88828,33.8,1.4,14.7,34,56392,31.2,1.2,17.1,485
1/1/2003,Bolton,E08000001,58161,31.8,,1.2,19,,420,117846,34.4,1,17.2,63207,31.9,1,19.1,44531,30,1.4,19.5,42758,38.3,1.2,19.2,,,,,,,,,,,,,,,,,,,89424,34,0.7,15.9,24,57113,31.6,1.3,19.4,396
2/1/2003,Bolton,E08000001,59494,32.6,,2.3,20.8,,418,119933,35,1.8,18.3,64771,32.7,2.5,21.5,45568,30.7,2.3,21.4,43907,39.3,2.7,20.6,,,,,,,,,,,,,,,,,,,91616,34.8,2.5,16.5,28,58410,32.3,2.3,21.4,390
3/1/2003,Bolton,E08000001,59534,32.6,,0.1,21.1,,441,120077,35,0.1,18.7,64724,32.7,-0.1,21.7,45638,30.7,0.2,21.6,43889,39.3,0,21.4,,,,,,,,,,,,,,,,,,,91758,34.9,0.2,17.2,20,58443,32.3,0.1,21.6,421
4/1/2003,Bolton,E08000001,61317,33.6,,3,21.5,,484,123247,35.9,2.6,19.3,66859,33.8,3.3,22.5,46956,31.6,2.9,21.7,45366,40.6,3.4,21.3,,,,,,,,,,,,,,,,,,,94776,36,3.3,17.8,24,60169,33.3,3,22,460
5/1/2003,Bolton,E08000001,62826,34.4,,2.5,23,,546,126125,36.8,2.3,21.4,68555,34.6,2.5,23.8,48133,32.4,2.5,23.2,46302,41.4,2.1,22.6,,,,,,,,,,,,,,,,,,,96780,36.8,2.1,20.2,22,61678,34.1,2.5,23.4,524
6/1/2003,Bolton,E08000001,66205,36.2,,5.4,25.1,,520,132145,38.5,4.8,22.9,72235,36.5,5.4,26.1,50805,34.2,5.5,25.4,49078,43.9,6,24.9,,,,,,,,,,,,,,,,,,,101968,38.8,5.4,22.3,45,64998,35.9,5.4,25.5,475
7/1/2003,Bolton,E08000001,68299,37.4,,3.2,25.5,,545,135910,39.6,2.8,22.6,74511,37.6,3.1,26.4,52503,35.3,3.3,26,50416,45.1,2.7,25.8,,,,,,,,,,,,,,,,,,,104944,39.9,2.9,23.4,22,67075,37.1,3.2,25.8,523
8/1/2003,Bolton,E08000001,69204,37.9,,1.3,24,,612,137180,40,0.9,20.6,75446,38.1,1.3,24.9,53306,35.9,1.5,24.8,51051,45.7,1.3,24.6,,,,,,,,,,,,,,,,,,,105962,40.3,1,21.8,15,67996,37.6,1.4,24.4,597
9/1/2003,Bolton,E08000001,69196,37.9,,0,22.1,,486,136946,39.9,-0.2,18.3,75463,38.1,0,22.6,53394,35.9,0.2,23.1,50456,45.1,-1.2,22.2,,,,,,,,,,,,,,,,,,,104994,39.9,-0.9,19.7,17,68073,37.6,0.1,22.4,469
10/1/2003,Bolton,E08000001,70806,38.8,,2.3,25.1,,621,139643,40.7,2,21.1,77136,39,2.2,25.2,54751,36.8,2.5,26.6,51619,46.2,2.3,24.9,,,,,,,,,,,,,,,,,,,106989,40.7,1.9,22.1,23,69697,38.5,2.4,25.5,598
11/1/2003,Bolton,E08000001,72737,39.8,,2.7,28.2,,576,143036,41.7,2.4,23.6,79223,40,2.7,28.3,56325,37.9,2.9,29.9,52950,47.4,2.6,27.8,,,,,,,,,,,,,,,,,,,109692,41.7,2.5,25.3,15,71617,39.6,2.8,28.6,561
12/1/2003,Bolton,E08000001,74397,40.7,,2.3,29.5,,541,144869,42.2,1.3,24.1,80925,40.9,2.1,29.3,57839,38.9,2.7,31.7,54501,48.8,2.9,29,,,,,,,,,,,,,,,,,,,112042,42.6,2.1,26.1,23,73265,40.5,2.3,29.9,518
1/1/2004,Bolton,E08000001,74982,41.1,,0.8,28.9,,443,145737,42.5,0.6,23.7,81392,41.1,0.6,28.8,58414,39.3,1,31.2,54940,49.2,0.8,28.5,,,,,,,,,,,,,,,,,,,113110,43,1,26.5,12,73824,40.8,0.8,29.3,431
2/1/2004,Bolton,E08000001,76797,42,,2.4,29.1,,447,148575,43.3,1.9,23.9,83154,42,2.2,28.4,59999,40.4,2.7,31.7,56416,50.5,2.7,28.5,,,,,,,,,,,,,,,,,,,116549,44.3,3,27.2,29,75571,41.8,2.4,29.4,418
3/1/2004,Bolton,E08000001,75811,41.5,,-1.3,27.3,,569,146858,42.8,-1.2,22.3,81917,41.4,-1.5,26.6,59276,39.9,-1.2,29.9,55543,49.7,-1.5,26.6,,,,,,,,,,,,,,,,,,,115308,43.8,-1.1,25.7,43,74575,41.2,-1.3,27.6,526
4/1/2004,Bolton,E08000001,78161,42.8,,3.1,27.5,,604,149485,43.6,1.8,21.3,84375,42.6,3,26.2,61414,41.3,3.6,30.8,57151,51.1,2.9,26,,,,,,,,,,,,,,,,,,,117371,44.6,1.8,23.8,21,76948,42.5,3.2,27.9,583
5/1/2004,Bolton,E08000001,79517,43.5,,1.7,26.6,,523,150008,43.7,0.3,18.9,85600,43.2,1.5,24.9,62862,42.3,2.4,30.6,58128,52,1.7,25.5,,,,,,,,,,,,,,,,,,,117747,44.8,0.3,21.7,21,78349,43.3,1.8,27,502
6/1/2004,Bolton,E08000001,85253,46.7,,7.2,28.8,,589,159455,46.5,6.3,20.7,91740,46.3,7.2,27,67575,45.5,7.5,33,62513,55.9,7.5,27.4,,,,,,,,,,,,,,,,,,,125932,47.9,7,23.5,51,84014,46.4,7.2,29.3,538
7/1/2004,Bolton,E08000001,87803,48.1,,3,28.6,,612,163638,47.7,2.6,20.4,94510,47.7,3,26.8,69683,46.9,3.1,32.7,64216,57.5,2.7,27.4,,,,,,,,,,,,,,,,,,,128863,49,2.3,22.8,39,86561,47.8,3,29.1,573
8/1/2004,Bolton,E08000001,92358,50.6,,5.2,33.5,,617,172538,50.3,5.4,25.8,99433,50.2,5.2,31.8,73259,49.3,5.1,37.4,67318,60.2,4.8,31.9,,,,,,,,,,,,,,,,,,,134910,51.3,4.7,27.3,33,91079,50.3,5.2,33.9,584
9/1/2004,Bolton,E08000001,95598,52.3,,3.5,38.2,,439,178721,52.1,3.6,30.5,102764,51.9,3.4,36.2,75923,51.1,3.6,42.2,69272,62,2.9,37.3,,,,,,,,,,,,,,,,,,,138637,52.7,2.8,32,23,94314,52.1,3.6,38.5,416
10/1/2004,Bolton,E08000001,97434,53.3,,1.9,37.6,,428,182369,53.2,2,30.6,104539,52.8,1.7,35.5,77400,52.1,1.9,41.4,70972,63.5,2.5,37.5,,,,,,,,,,,,,,,,,,,142353,54.1,2.7,33.1,23,96082,53.1,1.9,37.9,405
11/1/2004,Bolton,E08000001,98302,53.8,,0.9,35.1,,423,183626,53.5,0.7,28.4,105320,53.2,0.7,32.9,78185,52.6,1,38.8,71785,64.2,1.1,35.6,,,,,,,,,,,,,,,,,,,144283,54.8,1.4,31.5,26,96911,53.6,0.9,35.3,397
12/1/2004,Bolton,E08000001,99309,54.4,,1,33.5,,392,184652,53.8,0.6,27.5,106236,53.6,0.9,31.3,79133,53.3,1.2,36.8,72900,65.2,1.6,33.8,,,,,,,,,,,,,,,,,,,146684,55.7,1.7,30.9,32,97865,54.1,1,33.6,360
1/1/2005,Bolton,E08000001,101367,55.5,,2.1,35.2,,273,188586,55,2.1,29.4,108209,54.6,1.9,32.9,80864,54.4,2.2,38.4,74373,66.5,2,35.4,,,,,,,,,,,,,,,,,,,151211,57.5,3.1,33.7,34,99833,55.2,2,35.2,239
2/1/2005,Bolton,E08000001,101803,55.7,,0.4,32.6,,273,189458,55.2,0.5,27.5,108787,54.9,0.5,30.8,81153,54.6,0.4,35.3,74725,66.9,0.5,32.5,,,,,,,,,,,,,,,,,,,153774,58.4,1.7,31.9,37,100171,55.4,0.3,32.6,236
3/1/2005,Bolton,E08000001,101423,55.5,,-0.4,33.8,,326,188981,55.1,-0.3,28.7,108501,54.8,-0.3,32.5,80819,54.4,-0.4,36.3,74063,66.3,-0.9,33.3,,,,,,,,,,,,,,,,,,,154235,58.6,0.3,33.8,23,99748,55.1,-0.4,33.8,303
4/1/2005,Bolton,E08000001,102021,55.9,,0.6,30.5,,418,188890,55.1,0,26.4,109304,55.2,0.7,29.5,81435,54.8,0.8,32.6,74281,66.5,0.3,30,,,,,,,,,,,,,,,,,,,155637,59.2,0.9,32.6,36,100304,55.4,0.6,30.4,382
5/1/2005,Bolton,E08000001,102615,56.2,,0.6,29,,417,189440,55.2,0.3,26.3,109697,55.4,0.4,28.2,82108,55.3,0.8,30.6,74554,66.7,0.4,28.3,,,,,,,,,,,,,,,,,,,156202,59.4,0.4,32.7,27,100911,55.8,0.6,28.8,390
6/1/2005,Bolton,E08000001,104298,57.1,,1.6,22.3,,474,190920,55.7,0.8,19.7,111238,56.2,1.4,21.3,83774,56.4,2,24,75776,67.8,1.6,21.2,,,,,,,,,,,,,,,,,,,158279,60.2,1.3,25.7,78,102599,56.7,1.7,22.1,396
7/1/2005,Bolton,E08000001,105462,57.7,,1.1,20.1,,482,192884,56.2,1,17.9,112410,56.8,1.1,18.9,84800,57.1,1.2,21.7,76420,68.4,0.8,19,,,,,,,,,,,,,,,,,,,159112,60.5,0.5,23.5,44,103807,57.4,1.2,19.9,438
8/1/2005,Bolton,E08000001,106657,58.4,,1.1,15.5,,431,194858,56.8,1,12.9,113499,57.3,1,14.1,85900,57.8,1.3,17.3,77106,69,0.9,14.5,,,,,,,,,,,,,,,,,,,160499,61,0.9,19,26,105012,58,1.2,15.3,405
9/1/2005,Bolton,E08000001,108888,59.6,,2.1,13.9,,453,199505,58.2,2.4,11.6,115711,58.4,1.9,12.6,87747,59.1,2.2,15.6,78423,70.2,1.7,13.2,,,,,,,,,,,,,,,,,,,163566,62.2,1.9,18,46,107229,59.3,2.1,13.7,407
10/1/2005,Bolton,E08000001,108722,59.5,,-0.2,11.6,,387,198929,58,-0.3,9.1,115180,58.2,-0.5,10.2,87761,59.1,0,13.4,78449,70.2,0,10.5,,,,,,,,,,,,,,,,,,,163617,62.2,0,14.9,23,107045,59.2,-0.2,11.4,364
11/1/2005,Bolton,E08000001,110183,60.3,,1.3,12.1,,412,201091,58.6,1.1,9.5,116735,58.9,1.4,10.8,89015,59.9,1.4,13.9,79459,71.1,1.3,10.7,,,,,,,,,,,,,,,,,,,166099,63.1,1.5,15.1,43,108464,59.9,1.3,11.9,369
12/1/2005,Bolton,E08000001,109470,59.9,,-0.6,10.2,,463,198711,57.9,-1.2,7.6,115798,58.5,-0.8,9,88530,59.6,-0.5,11.9,79567,71.2,0.1,9.1,,,,,,,,,,,,,,,,,,,165942,63.1,-0.1,13.1,88,107699,59.5,-0.7,10,375
1/1/2006,Bolton,E08000001,110527,60.5,,1,9,,290,200599,58.5,1,6.4,116804,59,0.9,7.9,89451,60.2,1,10.6,80258,71.8,0.9,7.9,,,,,,,,,,,,,,,,,,,167567,63.7,1,10.8,30,108737,60.1,1,8.9,260
2/1/2006,Bolton,E08000001,108674,59.5,,-1.7,6.7,,319,196378,57.3,-2.1,3.7,114588,57.9,-1.9,5.3,88085,59.3,-1.5,8.5,79355,71,-1.1,6.2,,,,,,,,,,,,,,,,,,,165641,63,-1.1,7.7,22,106857,59.1,-1.7,6.7,297
3/1/2006,Bolton,E08000001,107797,59,,-0.8,6.3,,427,195271,56.9,-0.6,3.3,113789,57.5,-0.7,4.9,87355,58.8,-0.8,8.1,78238,70,-1.4,5.6,,,,,,,,,,,,,,,,,,,164164,62.4,-0.9,6.4,31,106005,58.6,-0.8,6.3,396
4/1/2006,Bolton,E08000001,108203,59.2,,0.4,6.1,,351,194827,56.8,-0.2,3.1,114243,57.7,0.4,4.5,87845,59.1,0.6,7.9,78469,70.2,0.3,5.6,,,,,,,,,,,,,,,,,,,164891,62.7,0.4,5.9,11,106397,58.8,0.4,6.1,340
5/1/2006,Bolton,E08000001,111163,60.9,,2.7,8.3,,480,200092,58.3,2.7,5.6,117491,59.3,2.8,7.1,90271,60.8,2.8,9.9,80277,71.8,2.3,7.7,,,,,,,,,,,,,,,,,,,168446,64,2.2,7.8,29,109371,60.4,2.8,8.4,451
6/1/2006,Bolton,E08000001,113672,62.2,,2.3,9,,497,203728,59.4,1.8,6.7,120078,60.6,2.2,7.9,92459,62.2,2.4,10.4,82081,73.4,2.2,8.3,,,,,,,,,,,,,,,,,,,171515,65.2,1.8,8.4,72,111887,61.8,2.3,9.1,425
7/1/2006,Bolton,E08000001,115585,63.3,,1.7,9.6,,459,207311,60.4,1.8,7.5,121901,61.6,1.5,8.4,94176,63.4,1.9,11.1,83036,74.3,1.2,8.7,,,,,,,,,,,,,,,,,,,173081,65.8,0.9,8.8,30,113859,62.9,1.8,9.7,429
8/1/2006,Bolton,E08000001,117089,64.1,,1.3,9.8,,511,210377,61.3,1.5,8,123408,62.3,1.2,8.7,95515,64.3,1.4,11.2,83513,74.7,0.6,8.3,,,,,,,,,,,,,,,,,,,173512,65.9,0.2,8.1,54,115463,63.8,1.4,10,457
9/1/2006,Bolton,E08000001,120062,65.7,,2.5,10.3,,506,216577,63.1,2.9,8.6,126536,63.9,2.5,9.4,97935,65.9,2.5,11.6,85104,76.1,1.9,8.5,,,,,,,,,,,,,,,,,,,176998,67.3,2,8.2,63,118456,65.5,2.6,10.5,443
10/1/2006,Bolton,E08000001,120743,66.1,,0.6,11.1,,456,218214,63.6,0.8,9.7,127326,64.3,0.6,10.5,98347,66.2,0.4,12.1,85848,76.8,0.9,9.4,,,,,,,,,,,,,,,,,,,178179,67.7,0.7,8.9,34,119117,65.8,0.6,11.3,422
11/1/2006,Bolton,E08000001,120183,65.8,,-0.5,9.1,,447,217022,63.3,-0.5,7.9,126740,64,-0.5,8.6,97908,65.9,-0.4,10,85471,76.5,-0.4,7.6,,,,,,,,,,,,,,,,,,,177323,67.4,-0.5,6.8,17,118566,65.5,-0.5,9.3,430
12/1/2006,Bolton,E08000001,120067,65.7,,-0.1,9.7,,522,215510,62.8,-0.7,8.5,126428,63.8,-0.2,9.2,98007,66,0.1,10.7,85735,76.7,0.3,7.8,,,,,,,,,,,,,,,,,,,177287,67.4,0,6.8,62,118442,65.5,-0.1,10,460
1/1/2007,Bolton,E08000001,121158,66.3,,0.9,9.6,,355,217239,63.3,0.8,8.3,127470,64.4,0.8,9.1,99027,66.6,1,10.7,86292,77.2,0.6,7.5,,,,,,,,,,,,,,,,,,,178704,67.9,0.8,6.6,30,119532,66.1,0.9,9.9,325
2/1/2007,Bolton,E08000001,122927,67.3,,1.5,13.1,,377,220343,64.2,1.4,12.2,129230,65.3,1.4,12.8,100419,67.6,1.4,14,87956,78.7,1.9,10.8,,,,,,,,,,,,,,,,,,,182002,69.2,1.8,9.9,19,121230,67,1.4,13.5,358
3/1/2007,Bolton,E08000001,122952,67.3,,0,14.1,,473,221098,64.5,0.3,13.2,129254,65.3,0,13.6,100432,67.6,0,15,87572,78.3,-0.4,11.9,,,,,,,,,,,,,,,,,,,181262,68.9,-0.4,10.4,43,121310,67,0.1,14.4,430
4/1/2007,Bolton,E08000001,122229,66.9,,-0.6,13,,384,219010,63.9,-0.9,12.4,128422,64.9,-0.6,12.4,100029,67.3,-0.4,13.9,86886,77.7,-0.8,10.7,,,,,,,,,,,,,,,,,,,179244,68.1,-1.1,8.7,26,120665,66.7,-0.5,13.4,358
5/1/2007,Bolton,E08000001,122812,67.2,,0.5,10.5,,508,218947,63.8,0,9.4,128851,65.1,0.3,9.7,100769,67.8,0.7,11.6,87198,78,0.4,8.6,,,,,,,,,,,,,,,,,,,180182,68.5,0.5,7,35,121234,67,0.5,10.8,473
6/1/2007,Bolton,E08000001,124338,68.1,,1.2,9.4,,685,221094,64.5,1,8.5,130267,65.8,1.1,8.5,102149,68.7,1.4,10.5,88417,79.1,1.4,7.7,,,,,,,,,,,,,,,,,,,182469,69.3,1.3,6.4,149,122736,67.8,1.2,9.7,536
7/1/2007,Bolton,E08000001,126646,69.3,,1.9,9.6,,615,225901,65.9,2.2,9,132555,66.9,1.8,8.7,104020,70,1.8,10.5,90043,80.6,1.8,8.4,,,,,,,,,,,,,,,,,,,186618,70.9,2.3,7.8,66,124961,69.1,1.8,9.8,549
8/1/2007,Bolton,E08000001,127378,69.7,,0.6,8.8,,582,228344,66.6,1.1,8.5,133384,67.4,0.6,8.1,104662,70.4,0.6,9.6,89756,80.3,-0.3,7.5,,,,,,,,,,,,,,,,,,,185718,70.6,-0.5,7,19,125825,69.5,0.7,9,563
9/1/2007,Bolton,E08000001,127409,69.8,,0,6.1,,467,229223,66.8,0.4,5.8,133402,67.4,0,5.4,104638,70.4,0,6.8,89582,80.1,-0.2,5.3,,,,,,,,,,,,,,,,,,,185403,70.5,-0.2,4.7,40,125882,69.6,0,6.3,427
10/1/2007,Bolton,E08000001,128489,70.3,,0.8,6.4,,521,231876,67.6,1.2,6.3,134470,67.9,0.8,5.6,105434,71,0.8,7.2,90441,80.9,1,5.4,,,,,,,,,,,,,,,,,,,186552,70.9,0.6,4.7,45,126979,70.2,0.9,6.6,476
11/1/2007,Bolton,E08000001,128791,70.5,,0.2,7.2,,501,232654,67.8,0.3,7.2,134786,68.1,0.2,6.3,105524,71,0.1,7.8,91108,81.5,0.7,6.6,,,,,,,,,,,,,,,,,,,187818,71.4,0.7,5.9,24,127217,70.3,0.2,7.3,477
12/1/2007,Bolton,E08000001,130642,71.5,,1.4,8.8,,463,235557,68.7,1.2,9.3,136741,69.1,1.5,8.2,107009,72,1.4,9.2,92715,82.9,1.8,8.1,,,,,,,,,,,,,,,,,,,191264,72.7,1.8,7.9,43,128992,71.3,1.4,8.9,420
1/1/2008,Bolton,E08000001,129893,71.1,,-0.6,7.2,,296,234333,68.3,-0.5,7.9,135883,68.6,-0.6,6.6,106392,71.6,-0.6,7.4,92265,82.5,-0.5,6.9,,,,,,,,,,,,,,,,,,,190605,72.4,-0.3,6.7,34,128221,70.9,-0.6,7.3,262
2/1/2008,Bolton,E08000001,127827,70,,-1.6,4,,275,230992,67.3,-1.4,4.8,133633,67.5,-1.7,3.4,104668,70.4,-1.6,4.2,90887,81.3,-1.5,3.3,,,,,,,,,,,,,,,,,,,189461,72,-0.6,4.1,28,126010,69.6,-1.7,3.9,247
3/1/2008,Bolton,E08000001,123826,67.8,,-3.1,0.7,,287,224772,65.5,-2.7,1.7,129689,65.5,-3,0.3,101332,68.2,-3.2,0.9,87515,78.3,-3.7,-0.1,,,,,,,,,,,,,,,,,,,183936,69.9,-2.9,1.5,24,122028,67.4,-3.2,0.6,263
4/1/2008,Bolton,E08000001,122100,66.9,,-1.4,-0.1,,290,222123,64.8,-1.2,1.4,127983,64.6,-1.3,-0.3,99947,67.3,-1.4,-0.1,85941,76.9,-1.8,-1.1,,,,,,,,,,,,,,,,,,,181865,69.1,-1.1,1.5,30,120277,66.5,-1.4,-0.3,260
5/1/2008,Bolton,E08000001,124574,68.2,,2,1.4,,327,226297,66,1.9,3.4,130721,66,2.1,1.5,102063,68.7,2.1,1.3,87380,78.2,1.7,0.2,,,,,,,,,,,,,,,,,,,184656,70.2,1.5,2.5,32,122805,67.9,2.1,1.3,295
6/1/2008,Bolton,E08000001,126947,69.5,,1.9,2.1,,305,230316,67.2,1.8,4.2,133116,67.2,1.8,2.2,104059,70,2,1.9,89126,79.7,2,0.8,,,,,,,,,,,,,,,,,,,188062,71.5,1.8,3.1,56,125155,69.2,1.9,2,249
7/1/2008,Bolton,E08000001,125530,68.7,,-1.1,-0.9,,262,227863,66.4,-1.1,0.9,131897,66.6,-0.9,-0.5,102784,69.2,-1.2,-1.2,88058,78.8,-1.2,-2.2,,,,,,,,,,,,,,,,,,,185272,70.4,-1.5,-0.7,22,123830,68.4,-1.1,-0.9,240
8/1/2008,Bolton,E08000001,124160,68,,-1.1,-2.5,,196,226012,65.9,-0.8,-1,130429,65.9,-1.1,-2.2,101635,68.4,-1.1,-2.9,86989,77.8,-1.2,-3.1,,,,,,,,,,,,,,,,,,,181987,69.2,-1.8,-2,17,122609,67.8,-1,-2.6,179
9/1/2008,Bolton,E08000001,120999,66.2,,-2.5,-5,,206,222343,64.8,-1.6,-3,127027,64.1,-2.6,-4.8,98832,66.5,-2.8,-5.5,84738,75.8,-2.6,-5.4,,,,,,,,,,,,,,,,,,,176948,67.2,-2.8,-4.6,34,119530,66.1,-2.5,-5,172
10/1/2008,Bolton,E08000001,117963,64.6,,-2.5,-8.2,,266,217280,63.3,-2.3,-6.3,123851,62.5,-2.5,-7.9,96234,64.8,-2.6,-8.7,82729,74,-2.4,-8.5,,,,,,,,,,,,,,,,,,,172481,65.6,-2.5,-7.5,70,116533,64.4,-2.5,-8.2,196
11/1/2008,Bolton,E08000001,114024,62.4,,-3.3,-11.5,,196,210682,61.4,-3,-9.4,119860,60.5,-3.2,-11.1,92782,62.4,-3.6,-12.1,80186,71.7,-3.1,-12,,,,,,,,,,,,,,,,,,,168013,63.9,-2.6,-10.5,24,112508,62.2,-3.5,-11.6,172
12/1/2008,Bolton,E08000001,111631,61.1,,-2.1,-14.6,,189,205106,59.8,-2.6,-12.9,117516,59.3,-2,-14.1,90978,61.2,-1.9,-15,78309,70.1,-2.3,-15.5,,,,,,,,,,,,,,,,,,,163898,62.3,-2.4,-14.3,31,110208,60.9,-2,-14.6,158
1/1/2009,Bolton,E08000001,109700,60.1,,-1.7,-15.5,,122,202095,58.9,-1.5,-13.8,115297,58.2,-1.9,-15.2,89344,60.1,-1.8,-16,77164,69,-1.5,-16.4,,,,,,,,,,,,,,,,,,,161692,61.5,-1.3,-15.2,7,108237,59.8,-1.8,-15.6,115
2/1/2009,Bolton,E08000001,107950,59.1,,-1.6,-15.6,,100,198864,58,-1.6,-13.9,113392,57.3,-1.7,-15.1,87890,59.1,-1.6,-16,76169,68.1,-1.3,-16.2,,,,,,,,,,,,,,,,,,,159624,60.7,-1.3,-15.7,6,106479,58.8,-1.6,-15.5,94
3/1/2009,Bolton,E08000001,104804,57.4,,-2.9,-15.4,,159,193620,56.5,-2.6,-13.9,110008,55.6,-3,-15.2,85083,57.3,-3.2,-16,74626,66.8,-2,-14.7,,,,,,,,,,,,,,,,,,,157108,59.7,-1.6,-14.6,18,103195,57,-3.1,-15.4,141
4/1/2009,Bolton,E08000001,106722,58.4,,1.8,-12.6,,175,196106,57.2,1.3,-11.7,112273,56.7,2.1,-12.3,86695,58.3,1.9,-13.3,75933,67.9,1.8,-11.6,,,,,,,,,,,,,,,,,,,160169,60.9,1.9,-11.9,19,105071,58.1,1.8,-12.6,156
5/1/2009,Bolton,E08000001,105771,57.9,,-0.9,-15.1,,189,193897,56.5,-1.1,-14.3,111369,56.2,-0.8,-14.8,86087,57.9,-0.7,-15.7,74769,66.9,-1.5,-14.4,,,,,,,,,,,,,,,,,,,157523,59.9,-1.7,-14.7,8,104210,57.6,-0.8,-15.1,181
6/1/2009,Bolton,E08000001,108562,59.4,,2.6,-14.5,,228,198803,58,2.5,-13.7,114405,57.8,2.7,-14.1,88544,59.6,2.9,-14.9,76014,68,1.7,-14.7,,,,,,,,,,,,,,,,,,,159656,60.7,1.4,-15.1,28,107081,59.2,2.8,-14.4,200
7/1/2009,Bolton,E08000001,108391,59.3,,-0.2,-13.7,,229,198847,58,0,-12.7,114220,57.7,-0.2,-13.4,88562,59.6,0,-13.8,75136,67.2,-1.2,-14.7,,,,,,,,,,,,,,,,,,,157802,60,-1.2,-14.8,27,107010,59.1,-0.1,-13.6,202
8/1/2009,Bolton,E08000001,109766,60.1,,1.3,-11.6,,215,202178,58.9,1.7,-10.5,115694,58.4,1.3,-11.3,89690,60.4,1.3,-11.8,75532,67.6,0.5,-13.2,,,,,,,,,,,,,,,,,,,158522,60.2,0.5,-12.9,22,108446,59.9,1.3,-11.6,193
9/1/2009,Bolton,E08000001,109637,60,,-0.1,-9.4,,214,202455,59,0.1,-8.9,115619,58.4,-0.1,-9,89543,60.3,-0.2,-9.4,75163,67.2,-0.5,-11.3,,,,,,,,,,,,,,,,,,,158128,60.1,-0.2,-10.6,11,108332,59.9,-0.1,-9.4,203
10/1/2009,Bolton,E08000001,108976,59.7,,-0.6,-7.6,,255,201609,58.8,-0.4,-7.2,115072,58.1,-0.5,-7.1,88935,59.9,-0.7,-7.6,74428,66.6,-1,-10,,,,,,,,,,,,,,,,,,,156470,59.5,-1,-9.3,17,107723,59.5,-0.6,-7.6,238
11/1/2009,Bolton,E08000001,108141,59.2,,-0.8,-5.2,,246,200011,58.3,-0.8,-5.1,114076,57.6,-0.9,-4.8,88374,59.5,-0.6,-4.8,73703,65.9,-1,-8.1,,,,,,,,,,,,,,,,,,,155102,58.9,-0.9,-7.7,18,106908,59.1,-0.8,-5,228
12/1/2009,Bolton,E08000001,108128,59.2,,0,-3.1,,271,198585,57.9,-0.7,-3.2,114095,57.6,0,-2.9,88702,59.7,0.4,-2.5,73313,65.6,-0.5,-6.4,,,,,,,,,,,,,,,,,,,153824,58.5,-0.8,-6.1,21,106974,59.1,0.1,-2.9,250
1/1/2010,Bolton,E08000001,109645,60,,1.4,-0.1,,137,202558,59.1,2,0.2,115865,58.5,1.6,0.5,89868,60.5,1.3,0.6,73599,65.8,0.4,-4.6,,,,,,,,,,,,,,,,,,,153862,58.5,0,-4.8,10,108611,60,1.5,0.3,127
2/1/2010,Bolton,E08000001,110645,60.6,,0.9,2.5,,160,204914,59.7,1.2,3,117307,59.2,1.2,3.5,90501,60.9,0.7,3,73985,66.2,0.5,-2.9,,,,,,,,,,,,,,,,,,,155214,59,0.9,-2.8,14,109620,60.6,0.9,2.9,146
3/1/2010,Bolton,E08000001,109175,59.8,,-1.3,4.2,,199,204586,59.6,-0.2,5.7,115890,58.5,-1.2,5.3,88834,59.8,-1.8,4.4,73067,65.4,-1.2,-2.1,,,,,,,,,,,,,,,,,,,153825,58.5,-0.9,-2.1,20,108141,59.8,-1.3,4.8,179
4/1/2010,Bolton,E08000001,105249,57.6,,-3.6,-1.4,,251,196428,57.3,-4,0.2,111740,56.4,-3.6,-0.5,85688,57.7,-3.5,-1.2,70798,63.3,-3.1,-6.8,,,,,,,,,,,,,,,,,,,149493,56.8,-2.8,-6.7,17,104185,57.6,-3.7,-0.8,234
5/1/2010,Bolton,E08000001,104387,57.2,,-0.8,-1.3,,178,194623,56.7,-0.9,0.4,110707,55.9,-0.9,-0.6,85079,57.3,-0.7,-1.2,70232,62.8,-0.8,-6.1,,,,,,,,,,,,,,,,,,,147458,56,-1.4,-6.4,11,103376,57.1,-0.8,-0.8,167
6/1/2010,Bolton,E08000001,106106,58.1,,1.6,-2.3,,206,197019,57.4,1.2,-0.9,112518,56.8,1.6,-1.6,86709,58.4,1.9,-2.1,71001,63.5,1.1,-6.6,,,,,,,,,,,,,,,,,,,148663,56.5,0.8,-6.9,18,105146,58.1,1.7,-1.8,188
7/1/2010,Bolton,E08000001,109072,59.7,,2.8,0.6,,264,203351,59.3,3.2,2.3,115640,58.4,2.8,1.2,89111,60,2.8,0.6,72507,64.9,2.1,-3.5,,,,,,,,,,,,,,,,,,,151574,57.6,2,-3.9,11,108155,59.8,2.9,1.1,253
8/1/2010,Bolton,E08000001,110647,60.6,,1.4,0.8,,216,207236,60.4,1.9,2.5,117602,59.4,1.7,1.6,90171,60.7,1.2,0.5,73150,65.4,0.9,-3.2,,,,,,,,,,,,,,,,,,,153493,58.3,1.3,-3.2,22,109732,60.6,1.5,1.2,194
9/1/2010,Bolton,E08000001,110733,60.6,,0.1,1,,223,208725,60.9,0.7,3.1,117684,59.4,0.1,1.8,90061,60.6,-0.1,0.6,73028,65.3,-0.2,-2.8,,,,,,,,,,,,,,,,,,,154123,58.6,0.4,-2.5,17,109789,60.7,0.1,1.3,206
10/1/2010,Bolton,E08000001,111291,60.9,,0.5,2.1,,241,210083,61.3,0.7,4.2,118344,59.8,0.6,2.8,90358,60.8,0.3,1.6,73711,65.9,0.9,-1,,,,,,,,,,,,,,,,,,,156902,59.6,1.8,0.3,9,110230,60.9,0.4,2.3,232
11/1/2010,Bolton,E08000001,108735,59.5,,-2.3,0.5,,195,205556,59.9,-2.2,2.8,115478,58.3,-2.4,1.2,88245,59.4,-2.3,-0.1,72315,64.7,-1.9,-1.9,,,,,,,,,,,,,,,,,,,154154,58.6,-1.8,-0.6,19,107651,59.5,-2.3,0.7,176
12/1/2010,Bolton,E08000001,107187,58.7,,-1.4,-0.9,,213,202387,59,-1.5,1.9,113987,57.6,-1.3,-0.1,86882,58.5,-1.5,-2.1,71581,64,-1,-2.4,,,,,,,,,,,,,,,,,,,153062,58.2,-0.7,-0.5,12,106058,58.6,-1.5,-0.9,201
1/1/2011,Bolton,E08000001,105611,57.8,,-1.5,-3.7,,175,200207,58.4,-1.1,-1.2,112217,56.7,-1.6,-3.1,85479,57.5,-1.6,-4.9,70730,63.3,-1.2,-3.9,,,,,,,,,,,,,,,,,,,151715,57.7,-0.9,-1.4,20,104449,57.7,-1.5,-3.8,155
2/1/2011,Bolton,E08000001,105506,57.8,,-0.1,-4.6,,152,200633,58.5,0.2,-2.1,111879,56.5,-0.3,-4.6,85362,57.4,-0.1,-5.7,70849,63.4,0.2,-4.2,,,,,,,,,,,,,,,,,,,152640,58,0.6,-1.7,8,104287,57.6,-0.2,-4.9,144
3/1/2011,Bolton,E08000001,103990,56.9,,-1.4,-4.7,,188,198833,58,-0.9,-2.8,110137,55.6,-1.6,-5,84021,56.5,-1.6,-5.4,69836,62.5,-1.4,-4.4,,,,,,,,,,,,,,,,,,,150950,57.4,-1.1,-1.9,12,102756,56.8,-1.5,-5,176
4/1/2011,Bolton,E08000001,104086,57,,0.1,-1.1,,237,198475,57.9,-0.2,1,110162,55.6,0,-1.4,84224,56.7,0.2,-1.7,69923,62.6,0.1,-1.2,,,,,,,,,,,,,,,,,,,151050,57.4,0.1,1,34,102854,56.8,0.1,-1.3,203
5/1/2011,Bolton,E08000001,105023,57.5,,0.9,0.6,,190,199204,58.1,0.4,2.4,111342,56.2,1.1,0.6,84982,57.2,0.9,-0.1,70809,63.3,1.3,0.8,,,,,,,,,,,,,,,,,,,153215,58.2,1.4,3.9,15,103727,57.3,0.8,0.3,175
6/1/2011,Bolton,E08000001,105621,57.8,,0.6,-0.5,,226,198975,58,-0.1,1,112196,56.7,0.8,-0.3,85565,57.6,0.7,-1.3,71221,63.7,0.6,0.3,,,,,,,,,,,,,,,,,,,153605,58.4,0.3,3.3,28,104350,57.7,0.6,-0.8,198
7/1/2011,Bolton,E08000001,103941,56.9,,-1.6,-4.7,,210,195576,57,-1.7,-3.8,110484,55.8,-1.5,-4.5,84151,56.6,-1.7,-5.6,70269,62.9,-1.3,-3.1,,,,,,,,,,,,,,,,,,,151556,57.6,-1.3,0,14,102664,56.7,-1.6,-5.1,196
8/1/2011,Bolton,E08000001,102791,56.3,,-1.1,-7.1,,228,193999,56.6,-0.8,-6.4,109445,55.3,-0.9,-6.9,83258,56,-1.1,-7.7,68641,61.4,-2.3,-6.2,,,,,,,,,,,,,,,,,,,148082,56.3,-2.3,-3.5,6,101648,56.2,-1,-7.4,222
9/1/2011,Bolton,E08000001,103696,56.8,,0.9,-6.4,,214,196656,57.3,1.4,-5.8,110287,55.7,0.8,-6.3,84025,56.5,0.9,-6.7,68803,61.6,0.2,-5.8,,,,,,,,,,,,,,,,,,,148523,56.4,0.3,-3.6,22,102601,56.7,0.9,-6.5,192
10/1/2011,Bolton,E08000001,104969,57.5,,1.2,-5.7,,236,199694,58.2,1.5,-4.9,111847,56.5,1.4,-5.5,84951,57.2,1.1,-6,69255,62,0.7,-6,,,,,,,,,,,,,,,,,,,149703,56.9,0.8,-4.6,16,103904,57.4,1.3,-5.7,220
11/1/2011,Bolton,E08000001,104940,57.5,,0,-3.5,,244,199860,58.3,0.1,-2.8,111817,56.5,0,-3.2,84722,57,-0.3,-4,69841,62.5,0.8,-3.4,,,,,,,,,,,,,,,,,,,151025,57.4,0.9,-2,21,103783,57.4,-0.1,-3.6,223
12/1/2011,Bolton,E08000001,104415,57.2,,-0.5,-2.6,,309,197893,57.7,-1,-2.2,111429,56.3,-0.3,-2.2,84268,56.7,-0.5,-3,69830,62.5,0,-2.4,,,,,,,,,,,,,,,,,,,151095,57.4,0,-1.3,48,103209,57,-0.6,-2.7,261
1/1/2012,Bolton,E08000001,104270,57.1,,-0.1,-1.3,,145,196874,57.4,-0.5,-1.7,111362,56.2,-0.1,-0.8,84264,56.7,0,-1.4,69592,62.3,-0.3,-1.6,99067,57.7,,,45,106828,57.1,,,100,91916,57.3,,,127250,57.4,,,150623,57.2,-0.3,-0.7,6,103083,57,-0.1,-1.3,139
2/1/2012,Bolton,E08000001,102126,55.9,,-2.1,-3.2,,157,192174,56,-2.4,-4.2,108977,55,-2.1,-2.6,82826,55.7,-1.7,-3,67696,60.6,-2.7,-4.4,95193,55.4,-3.9,,50,102662,54.9,-3.9,,107,88333,55,-3.9,,122279,55.1,-3.9,,146562,55.7,-2.7,-4,10,101027,55.8,-2,-3.1,147
3/1/2012,Bolton,E08000001,101227,55.4,,-0.9,-2.7,,202,189578,55.3,-1.4,-4.7,107921,54.5,-1,-2,82343,55.4,-0.6,-2,67074,60,-0.9,-4,95870,55.8,0.7,,66,103285,55.2,0.6,,136,89054,55.5,0.8,,122934,55.4,0.5,,145062,55.1,-1,-3.9,21,100153,55.4,-0.9,-2.5,181
4/1/2012,Bolton,E08000001,98914,54.2,,-2.3,-5,,184,185315,54,-2.2,-6.6,105403,53.2,-2.3,-4.3,80395,54.1,-2.4,-4.5,65891,58.9,-1.8,-5.8,93661,54.5,-2.3,,61,100934,54,-2.3,,123,86988,54.2,-2.3,,120150,54.2,-2.3,,142107,54,-2,-5.9,15,97840,54.1,-2.3,-4.9,169
5/1/2012,Bolton,E08000001,101417,55.5,,2.5,-3.4,,182,189838,55.3,2.4,-4.7,108102,54.6,2.6,-2.9,82389,55.4,2.5,-3.1,67768,60.6,2.8,-4.3,96071,55.9,2.6,,53,103468,55.3,2.5,,129,89195,55.6,2.5,,123186,55.6,2.5,,145913,55.5,2.7,-4.8,24,100302,55.4,2.5,-3.3,158
6/1/2012,Bolton,E08000001,102597,56.2,,1.2,-2.9,,221,192285,56.1,1.3,-3.4,109366,55.2,1.2,-2.5,83381,56.1,1.2,-2.6,68232,61,0.7,-4.2,97146,56.6,1.1,,64,104693,56,1.2,,157,90157,56.2,1.1,,124682,56.2,1.2,,146870,55.8,0.7,-4.4,39,101519,56.1,1.2,-2.7,182
7/1/2012,Bolton,E08000001,103598,56.7,,1,-0.3,,188,193676,56.5,0.7,-1,110299,55.7,0.9,-0.2,84462,56.8,1.3,0.4,68464,61.3,0.3,-2.6,98138,57.1,1,,70,105693,56.5,1,,118,91051,56.7,1,,125888,56.8,1,,146726,55.8,-0.1,-3.2,13,102617,56.7,1.1,0,175
8/1/2012,Bolton,E08000001,103926,56.9,,0.3,1.1,,274,193937,56.5,0.1,0,110629,55.9,0.3,1.1,84945,57.2,0.6,2,68095,60.9,-0.5,-0.8,98454,57.3,0.3,,81,106024,56.7,0.3,,193,91354,56.9,0.3,,126274,56.9,0.3,,145796,55.4,-0.6,-1.5,20,103036,56.9,0.4,1.4,254
9/1/2012,Bolton,E08000001,103349,56.6,,-0.6,-0.3,,201,193803,56.5,-0.1,-1.5,109968,55.5,-0.6,-0.3,84351,56.8,-0.7,0.4,67646,60.5,-0.7,-1.7,97884,57,-0.6,,65,105447,56.4,-0.5,,136,90780,56.6,-0.6,,125627,56.7,-0.5,,144789,55,-0.7,-2.5,19,102477,56.6,-0.5,-0.1,182
10/1/2012,Bolton,E08000001,103878,56.9,,0.5,-1,,229,194870,56.8,0.6,-2.4,110673,55.9,0.6,-1.1,84624,57,0.3,-0.4,68251,61.1,0.9,-1.4,98326,57.2,0.5,,77,106017,56.7,0.5,,152,91256,56.9,0.5,,126261,56.9,0.5,,147172,55.9,1.6,-1.7,12,102890,56.9,0.4,-1,217
11/1/2012,Bolton,E08000001,103869,56.9,,0,-1,,241,195254,56.9,0.2,-2.3,110631,55.9,0,-1.1,84464,56.8,-0.2,-0.3,68661,61.4,0.6,-1.7,98270,57.2,-0.1,,87,106033,56.7,0,,154,91243,56.8,0,,126255,56.9,0,,149077,56.7,1.3,-1.3,14,102752,56.8,-0.1,-1,227
12/1/2012,Bolton,E08000001,105507,57.8,,1.6,1,,216,198093,57.8,1.5,0.1,112457,56.8,1.7,0.9,85779,57.7,1.6,1.8,69789,62.4,1.6,-0.1,99779,58.1,1.5,,69,107726,57.6,1.6,,147,92701,57.8,1.6,,128230,57.8,1.6,,152660,58,2.4,1,30,104289,57.6,1.5,1,186
1/1/2013,Bolton,E08000001,104978,57.5,,-0.5,0.7,,164,197490,57.6,-0.3,0.3,112125,56.6,-0.3,0.7,85236,57.4,-0.6,1.2,69075,61.8,-1,-0.7,99254,57.8,-0.5,0.2,49,107199,57.3,-0.5,0.3,115,92172,57.4,-0.6,0.3,127641,57.6,-0.5,0.3,150881,57.3,-1.2,0.2,4,103835,57.4,-0.4,0.7,160
2/1/2013,Bolton,E08000001,104209,57.1,,-0.7,2,,183,196091,57.2,-0.7,2,111343,56.2,-0.7,2.2,84544,56.9,-0.8,2.1,68625,61.4,-0.7,1.4,98479,57.3,-0.8,3.5,54,106438,56.9,-0.7,3.7,129,91516,57,-0.7,3.6,126685,57.1,-0.7,3.6,149421,56.8,-1,2,11,103096,57,-0.7,2,172
3/1/2013,Bolton,E08000001,102388,56.1,,-1.7,1.1,,203,193061,56.3,-1.5,1.8,109284,55.2,-1.8,1.3,82857,55.8,-2,0.6,67984,60.8,-0.9,1.4,96700,56.3,-1.8,0.9,66,104610,55.9,-1.7,1.3,137,89918,56,-1.7,1,124466,56.1,-1.8,1.2,148033,56.3,-0.9,2,16,101208,55.9,-1.8,1.1,187
4/1/2013,Bolton,E08000001,103695,56.8,,1.3,4.8,,203,195234,56.9,1.1,5.4,110414,55.8,1,4.8,83963,56.5,1.3,4.4,69324,62,2,5.2,97889,57,1.2,4.5,66,105970,56.7,1.3,5,137,91135,56.8,1.4,4.8,125994,56.8,1.2,4.9,151681,57.6,2.5,6.7,19,102378,56.6,1.2,4.6,184
5/1/2013,Bolton,E08000001,104415,57.2,,0.7,3,,265,196352,57.2,0.6,3.4,111218,56.2,0.7,2.9,84535,56.9,0.7,2.6,69905,62.5,0.8,3.2,98557,57.4,0.7,2.6,94,106711,57.1,0.7,3.1,171,91754,57.2,0.7,2.9,126881,57.2,0.7,3,153064,58.2,0.9,4.9,29,103066,57,0.7,2.8,236
6/1/2013,Bolton,E08000001,104213,57.1,,-0.2,1.6,,259,195246,56.9,-0.6,1.5,111194,56.2,0,1.7,84624,56.9,0.1,1.5,69163,61.9,-1.1,1.4,98444,57.3,-0.1,1.3,82,106462,56.9,-0.2,1.7,175,91608,57.1,-0.2,1.6,126607,57.1,-0.2,1.5,150859,57.3,-1.4,2.7,47,102997,56.9,-0.1,1.5,212
7/1/2013,Bolton,E08000001,104616,57.3,,0.4,1,,243,195925,57.1,0.3,1.2,111603,56.4,0.4,1.2,85114,57.3,0.6,0.8,69063,61.8,-0.1,0.9,98911,57.6,0.5,0.8,91,106828,57.1,0.3,1.1,152,91949,57.3,0.4,1,127108,57.3,0.4,1,149955,57,-0.6,2.2,11,103498,57.2,0.5,0.9,232
8/1/2013,Bolton,E08000001,105081,57.5,,0.4,1.1,,306,196770,57.4,0.4,1.5,112177,56.6,0.5,1.4,85573,57.6,0.5,0.7,69031,61.8,0,1.4,99368,57.8,0.5,0.9,90,107293,57.4,0.4,1.2,216,92347,57.5,0.4,1.1,127682,57.6,0.5,1.1,149800,56.9,-0.1,2.7,20,104015,57.5,0.5,0.9,286
9/1/2013,Bolton,E08000001,105407,57.7,,0.3,2,,275,198300,57.8,0.8,2.3,112444,56.8,0.2,2.3,85649,57.6,0.1,1.5,69381,62.1,0.5,2.6,99623,58,0.3,1.8,77,107655,57.6,0.3,2.1,198,92564,57.7,0.2,2,128139,57.8,0.4,2,151050,57.4,0.8,4.3,51,104283,57.6,0.3,1.8,224
10/1/2013,Bolton,E08000001,105906,58,,0.5,2,,277,199879,58.3,0.8,2.6,113048,57.1,0.5,2.1,85797,57.7,0.2,1.4,69937,62.6,0.8,2.5,99967,58.2,0.3,1.7,98,108233,57.9,0.5,2.1,179,92965,57.9,0.4,1.9,128779,58.1,0.5,2,153142,58.2,1.4,4.1,19,104681,57.9,0.4,1.7,258
11/1/2013,Bolton,E08000001,105930,58,,0,2,,317,200291,58.4,0.2,2.6,113141,57.1,0.1,2.3,85652,57.6,-0.2,1.4,70083,62.7,0.2,2.1,99976,58.2,0,1.7,117,108265,57.9,0,2.1,200,92973,57.9,0,1.9,128820,58.1,0,2,153972,58.5,0.5,3.3,22,104650,57.8,0,1.8,295
12/1/2013,Bolton,E08000001,106609,58.4,,0.6,1,,313,200574,58.5,0.1,1.3,114047,57.6,0.8,1.4,86173,58,0.6,0.5,70873,63.4,1.1,1.6,100624,58.6,0.6,0.8,117,108955,58.3,0.6,1.1,195,93650,58.3,0.7,1,129574,58.4,0.6,1,155800,59.2,1.2,2.1,28,105263,58.2,0.6,0.9,285
1/1/2014,Bolton,E08000001,105916,58,,-0.7,0.9,,251,198785,58,-0.9,0.7,113308,57.2,-0.6,1.1,85763,57.7,-0.5,0.6,70269,62.9,-0.9,1.7,100099,58.3,-0.5,0.9,81,108177,57.8,-0.7,0.9,170,93121,58,-0.6,1,128662,58,-0.7,0.8,154110,58.6,-1.1,2.1,19,104626,57.8,-0.6,0.8,232
2/1/2014,Bolton,E08000001,106057,58.1,,0.1,1.8,,246,198852,58,0,1.4,113411,57.3,0.1,1.9,85970,57.9,0.2,1.7,70290,62.9,0,2.4,100279,58.4,0.2,1.8,90,108297,57.9,0.1,1.7,156,93313,58.1,0.2,2,128778,58.1,0.1,1.7,154726,58.8,0.4,3.6,10,104751,57.9,0.1,1.6,236
3/1/2014,Bolton,E08000001,105592,57.8,,-0.4,3.1,,306,198054,57.7,-0.4,2.6,113015,57.1,-0.3,3.4,85652,57.6,-0.4,3.4,69603,62.3,-1,2.4,99889,58.2,-0.4,3.3,106,107794,57.6,-0.5,3,200,92938,57.9,-0.4,3.4,128188,57.8,-0.5,3,153461,58.3,-0.8,3.7,29,104344,57.7,-0.4,3.1,277
4/1/2014,Bolton,E08000001,105698,57.9,,0.1,1.9,,314,197690,57.6,-0.2,1.3,113123,57.1,0.1,2.5,85867,57.8,0.3,2.3,69624,62.3,0,0.4,99985,58.2,0.1,2.1,108,107906,57.7,0.1,1.8,206,93095,58,0.2,2.2,128267,57.8,0.1,1.8,154069,58.6,0.4,1.6,23,104427,57.7,0.1,2,291
5/1/2014,Bolton,E08000001,106374,58.2,,0.6,1.9,,302,198348,57.8,0.3,1,113886,57.5,0.7,2.4,86504,58.2,0.7,2.3,70104,62.7,0.7,0.3,100610,58.6,0.6,2.1,97,108604,58.1,0.6,1.8,205,93738,58.4,0.7,2.2,129049,58.2,0.6,1.7,155199,59,0.7,1.4,15,105089,58.1,0.6,2,287
6/1/2014,Bolton,E08000001,108169,59.2,,1.7,3.8,,319,201468,58.7,1.6,3.2,115750,58.5,1.6,4.1,88088,59.3,1.8,4.1,71135,63.6,1.5,2.9,102337,59.6,1.7,4,108,110420,59,1.7,3.7,211,95358,59.4,1.7,4.1,131196,59.2,1.7,3.6,157383,59.8,1.4,4.3,36,106883,59.1,1.7,3.8,283
7/1/2014,Bolton,E08000001,108081,59.2,,-0.1,3.3,,338,201225,58.7,-0.1,2.7,115656,58.4,-0.1,3.6,88092,59.3,0,3.5,70863,63.4,-0.4,2.6,102276,59.5,-0.1,3.4,128,110317,59,-0.1,3.3,210,95313,59.4,0,3.7,131063,59.1,-0.1,3.1,156402,59.4,-0.6,4.3,19,106836,59,0,3.2,319
8/1/2014,Bolton,E08000001,108830,59.6,,0.7,3.6,,324,202870,59.1,0.8,3.1,116454,58.8,0.7,3.8,88752,59.7,0.7,3.7,71014,63.5,0.2,2.9,102998,60,0.7,3.7,113,111073,59.4,0.7,3.5,211,95948,59.8,0.7,3.9,131991,59.5,0.7,3.4,155838,59.2,-0.4,4,17,107655,59.5,0.8,3.5,307
9/1/2014,Bolton,E08000001,108347,59.3,,-0.4,2.8,,274,202195,59,-0.3,2,115845,58.5,-0.5,3,88389,59.5,-0.4,3.2,70632,63.2,-0.5,1.8,102558,59.7,-0.4,2.9,94,110571,59.1,-0.5,2.7,180,95508,59.5,-0.5,3.2,131418,59.3,-0.4,2.6,154188,58.6,-1.1,2.1,14,107223,59.3,-0.4,2.8,260
10/1/2014,Bolton,E08000001,109422,59.9,,1,3.3,,322,204449,59.6,1.1,2.3,117064,59.1,1.1,3.6,89133,60,0.8,3.9,71475,63.9,1.2,2.2,103562,60.3,1,3.6,113,111676,59.7,1,3.2,209,96424,60.1,1,3.7,132747,59.9,1,3.1,155873,59.2,1.1,1.8,6,108280,59.8,1,3.4,316
11/1/2014,Bolton,E08000001,109806,60.1,,0.4,3.7,,339,205592,59.9,0.6,2.6,117600,59.4,0.5,3.9,89250,60.1,0.1,4.2,71846,64.3,0.5,2.5,103917,60.5,0.3,3.9,126,112071,59.9,0.4,3.5,213,96707,60.2,0.3,4,133256,60.1,0.4,3.4,156523,59.5,0.4,1.7,22,108654,60.1,0.3,3.8,317
12/1/2014,Bolton,E08000001,109020,59.7,,-0.7,2.3,,317,204439,59.6,-0.6,1.9,116852,59,-0.6,2.5,88442,59.5,-0.9,2.6,71509,64,-0.5,0.9,103146,60,-0.7,2.5,117,111287,59.5,-0.7,2.1,200,95974,59.8,-0.8,2.5,132336,59.7,-0.7,2.1,156453,59.5,0,0.4,28,107827,59.6,-0.8,2.4,289
1/1/2015,Bolton,E08000001,108676,59.5,,-0.3,2.6,,232,203851,59.4,-0.3,2.5,116556,58.9,-0.3,2.9,88090,59.3,-0.4,2.7,71346,63.8,-0.2,1.5,102813,59.9,-0.3,2.7,95,110940,59.3,-0.3,2.6,137,95655,59.6,-0.3,2.7,131931,59.5,-0.3,2.5,156696,59.6,0.2,1.7,5,107452,59.4,-0.3,2.7,227
2/1/2015,Bolton,E08000001,108931,59.6,,0.2,2.7,,265,204106,59.5,0.1,2.6,116637,58.9,0.1,2.8,88373,59.5,0.3,2.8,71841,64.3,0.7,2.2,103057,60,0.2,2.8,83,111198,59.5,0.2,2.7,182,95935,59.8,0.3,2.8,132197,59.6,0.2,2.7,158957,60.4,1.4,2.7,11,107636,59.5,0.2,2.8,254
3/1/2015,Bolton,E08000001,110431,60.5,,1.4,4.6,,320,207438,60.5,1.6,4.7,118421,59.8,1.5,4.8,89379,60.2,1.1,4.4,72868,65.2,1.4,4.7,104412,60.8,1.3,4.5,129,112767,60.3,1.4,4.6,191,97155,60.5,1.3,4.5,134096,60.5,1.4,4.6,162183,61.6,2,5.7,11,109098,60.3,1.4,4.6,309
4/1/2015,Bolton,E08000001,111066,60.8,,0.6,5.1,,259,208943,60.9,0.7,5.7,119082,60.1,0.6,5.3,89868,60.5,0.5,4.7,73177,65.5,0.4,5.1,104989,61.1,0.6,5,99,113431,60.7,0.6,5.1,160,97682,60.9,0.5,4.9,134893,60.8,0.6,5.2,163181,62,0.6,5.9,24,109725,60.6,0.6,5.1,235
5/1/2015,Bolton,E08000001,110930,60.7,,-0.1,4.3,,304,208606,60.8,-0.2,5.2,119144,60.2,0.1,4.6,89678,60.4,-0.2,3.7,72961,65.3,-0.3,4.1,104843,61,-0.1,4.2,96,113301,60.6,-0.1,4.3,208,97542,60.8,-0.1,4.1,134742,60.8,-0.1,4.4,162025,61.6,-0.7,4.4,17,109603,60.6,-0.1,4.3,287
6/1/2015,Bolton,E08000001,111284,60.9,,0.3,2.9,,323,208620,60.8,0,3.5,119480,60.3,0.3,3.2,90218,60.7,0.6,2.4,72737,65.1,-0.3,2.3,105219,61.3,0.4,2.8,125,113637,60.8,0.3,2.9,198,97963,61,0.4,2.7,135086,60.9,0.3,3,159933,60.8,-1.3,1.6,16,109986,60.8,0.3,2.9,307
7/1/2015,Bolton,E08000001,112483,61.6,,1.1,4.1,,356,210491,61.4,0.9,4.6,120888,61,1.2,4.5,91199,61.4,1.1,3.5,73492,65.7,1,3.7,106347,61.9,1.1,4,131,114865,61.4,1.1,4.1,224,99037,61.7,1.1,3.9,136527,61.6,1.1,4.2,160951,61.2,0.6,2.9,5,111180,61.4,1.1,4.1,351
8/1/2015,Bolton,E08000001,113112,61.9,,0.6,3.9,,344,211922,61.8,0.7,4.5,121529,61.4,0.5,4.4,91744,61.7,0.6,3.4,73614,65.9,0.2,3.7,106947,62.3,0.6,3.8,120,115505,61.8,0.6,4,224,99567,62,0.5,3.8,137310,61.9,0.6,4,160840,61.1,-0.1,3.2,13,111816,61.8,0.6,3.9,331
9/1/2015,Bolton,E08000001,113358,62.1,,0.2,4.6,,325,213454,62.2,0.7,5.6,121666,61.4,0.1,5,91782,61.8,0,3.8,73899,66.1,0.4,4.6,107162,62.4,0.2,4.5,119,115767,61.9,0.2,4.7,206,99659,62.1,0.1,4.3,137707,62.1,0.3,4.8,161736,61.5,0.6,4.9,10,112052,61.9,0.2,4.5,315
10/1/2015,Bolton,E08000001,113779,62.3,,0.4,4,,379,214937,62.7,0.7,5.1,122130,61.7,0.4,4.3,92023,61.9,0.3,3.2,73968,66.2,0.1,3.5,107553,62.6,0.4,3.9,115,116200,62.1,0.4,4.1,264,99972,62.3,0.3,3.7,138262,62.3,0.4,4.2,162225,61.7,0.3,4.1,10,112469,62.2,0.4,3.9,369
11/1/2015,Bolton,E08000001,114076,62.5,,0.3,3.9,,337,215829,62.9,0.4,5,122556,61.9,0.3,4.2,92146,62,0.1,3.2,74119,66.3,0.2,3.2,107806,62.8,0.2,3.7,102,116521,62.3,0.3,4,234,100183,62.4,0.2,3.6,138663,62.5,0.3,4.1,162802,61.9,0.4,4,5,112761,62.3,0.3,3.8,332
12/1/2015,Bolton,E08000001,113332,62.1,,-0.7,4,,338,214043,62.4,-0.8,4.7,121833,61.5,-0.6,4.3,91602,61.6,-0.6,3.6,73510,65.8,-0.8,2.8,107106,62.4,-0.6,3.8,122,115759,61.9,-0.7,4,213,99604,62.1,-0.6,3.8,137700,62.1,-0.7,4.1,162964,61.9,0.1,4.2,15,112009,61.9,-0.7,3.9,323
1/1/2016,Bolton,E08000001,113493,62.1,,0.1,4.4,,304,213987,62.4,0,5,122140,61.7,0.3,4.8,91709,61.7,0.1,4.1,73678,65.9,0.2,3.3,107245,62.4,0.1,4.3,99,115931,62,0.1,4.5,204,99758,62.1,0.2,4.3,137886,62.2,0.1,4.5,163491,62.1,0.3,4.3,9,112164,62,0.1,4.4,295
2/1/2016,Bolton,E08000001,112902,61.8,,-0.5,3.6,,311,212798,62,-0.6,4.3,121465,61.3,-0.6,4.1,91293,61.4,-0.5,3.3,73197,65.5,-0.7,1.9,106714,62.1,-0.5,3.5,118,115312,61.7,-0.5,3.7,192,99301,61.9,-0.5,3.5,137120,61.8,-0.6,3.7,162452,61.7,-0.6,2.2,8,111583,61.7,-0.5,3.7,303
3/1/2016,Bolton,E08000001,113205,62,,0.3,2.5,,495,213794,62.3,0.5,3.1,121821,61.5,0.3,2.9,91397,61.5,0.1,2.3,73574,65.8,0.5,1,107001,62.3,0.3,2.5,219,115620,61.8,0.3,2.5,275,99510,62,0.2,2.4,137532,62,0.3,2.6,160809,61.1,-1,-0.8,9,111910,61.9,0.3,2.6,486
4/1/2016,Bolton,E08000001,113985,62.4,,0.7,2.6,,266,214776,62.6,0.5,2.8,122517,61.9,0.6,2.9,92213,62.1,0.9,2.6,74056,66.3,0.7,1.2,107761,62.7,0.7,2.6,78,116403,62.2,0.7,2.6,188,100310,62.5,0.8,2.7,138390,62.4,0.6,2.6,163073,62,1.4,-0.1,21,112666,62.3,0.7,2.7,245
5/1/2016,Bolton,E08000001,115358,63.2,,1.2,4,,293,216250,63,0.7,3.7,123882,62.6,1.1,4,93501,62.9,1.4,4.3,75438,67.5,1.9,3.4,109112,63.5,1.3,4.1,91,117774,63,1.2,3.9,202,101652,63.3,1.3,4.2,139953,63.1,1.1,3.9,168689,64.1,3.4,4.1,10,113977,63,1.2,4,283
6/1/2016,Bolton,E08000001,118301,64.8,,2.6,6.3,,340,220846,64.4,2.1,5.9,126984,64.1,2.5,6.3,96110,64.7,2.8,6.5,77319,69.2,2.5,6.3,111920,65.2,2.6,6.4,108,120764,64.6,2.5,6.3,232,104384,65,2.7,6.6,143416,64.7,2.5,6.2,175078,66.5,3.8,9.5,32,116857,64.6,2.5,6.2,308
7/1/2016,Bolton,E08000001,117937,64.6,,-0.3,4.8,,374,220303,64.2,-0.2,4.7,126493,63.9,-0.4,4.6,95839,64.5,-0.3,5.1,77110,69,-0.3,4.9,111593,65,-0.3,4.9,126,120381,64.4,-0.3,4.8,248,104021,64.8,-0.3,5,143005,64.5,-0.3,4.7,173729,66,-0.8,7.9,7,116507,64.4,-0.3,4.8,367
8/1/2016,Bolton,E08000001,117904,64.6,,0,4.2,,375,221037,64.4,0.3,4.3,126489,63.9,0,4.1,95682,64.4,-0.2,4.3,76881,68.8,-0.3,4.4,111532,64.9,-0.1,4.3,140,120366,64.4,0,4.2,235,103898,64.7,-0.1,4.3,143039,64.5,0,4.2,171245,65.1,-1.4,6.5,17,116506,64.4,0,4.2,358
9/1/2016,Bolton,E08000001,116087,63.6,,-1.5,2.4,,355,217987,63.6,-1.4,2.1,124647,62.9,-1.5,2.5,94062,63.3,-1.7,2.5,75752,67.8,-1.5,2.5,109782,63.9,-1.6,2.4,104,118529,63.4,-1.5,2.4,251,102214,63.7,-1.6,2.6,140899,63.5,-1.5,2.3,168376,64,-1.7,4.1,16,114713,63.4,-1.5,2.4,339
10/1/2016,Bolton,E08000001,116767,63.9,,0.6,2.6,,351,220124,64.2,1,2.4,125549,63.4,0.7,2.8,94276,63.4,0.2,2.4,76507,68.4,1,3.4,110386,64.3,0.5,2.6,118,119247,63.8,0.6,2.6,233,102714,64,0.5,2.7,141802,63.9,0.6,2.6,170473,64.8,1.2,5.1,15,115371,63.8,0.6,2.6,336
11/1/2016,Bolton,E08000001,117182,64.2,,0.4,2.7,,331,222000,64.7,0.9,2.9,126158,63.7,0.5,2.9,94282,63.4,0,2.3,76872,68.8,0.5,3.7,110727,64.5,0.3,2.7,108,119702,64,0.4,2.7,223,102951,64.1,0.2,2.8,142406,64.2,0.4,2.7,172307,65.5,1.1,5.8,12,115765,64,0.3,2.7,319
12/1/2016,Bolton,E08000001,118991,65.1,,1.5,5,,343,225812,65.8,1.7,5.5,128063,64.7,1.5,5.1,95640,64.4,1.4,4.4,78282,70,1.8,6.5,112435,65.5,1.5,5,103,121551,65,1.5,5,240,104544,65.1,1.5,5,144602,65.2,1.5,5,176167,67,2.2,8.1,25,117537,65,1.5,4.9,318
1/1/2017,Bolton,E08000001,120055,65.7,,0.9,5.8,,278,228160,66.5,1,6.6,129209,65.2,0.9,5.8,96429,64.9,0.8,5.1,78986,70.7,0.9,7.2,113414,66,0.9,5.8,102,122653,65.6,0.9,5.8,176,105444,65.7,0.9,5.7,145922,65.8,0.9,5.8,179372,68.2,1.8,9.7,7,118567,65.5,0.9,5.7,271
2/1/2017,Bolton,E08000001,120107,65.8,,0,6.4,,305,227633,66.4,-0.2,7,129073,65.2,-0.1,6.3,96595,65,0.2,5.8,79563,71.2,0.7,8.7,113518,66.1,0.1,6.4,94,122677,65.6,0,6.4,211,105602,65.8,0.1,6.3,145889,65.8,0,6.4,179755,68.3,0.2,10.7,13,118609,65.6,0,6.3,292
3/1/2017,Bolton,E08000001,119967,65.7,,-0.1,6,,338,227426,66.3,-0.1,6.4,129004,65.1,-0.1,5.9,96381,64.9,-0.2,5.5,79684,71.3,0.2,8.3,113371,66,-0.1,6,126,122543,65.5,-0.1,6,212,105465,65.7,-0.1,6,145724,65.7,-0.1,6,180151,68.5,0.2,12,18,118459,65.5,-0.1,5.9,320
4/1/2017,Bolton,E08000001,120195,65.8,,0.2,5.4,,296,227440,66.3,0,5.9,129123,65.2,0.1,5.4,96653,65,0.3,4.8,80156,71.7,0.6,8.2,113610,66.1,0.2,5.4,111,122763,65.6,0.2,5.5,185,105778,65.9,0.3,5.5,145905,65.8,0.1,5.4,179005,68,-0.6,9.8,11,118696,65.6,0.2,5.4,285
5/1/2017,Bolton,E08000001,121479,66.5,,1.1,5.3,,324,229240,66.8,0.8,6,130760,66,1.3,5.6,97643,65.7,1,4.4,81098,72.6,1.2,7.5,114816,66.8,1.1,5.2,132,124078,66.3,1.1,5.4,192,106959,66.6,1.1,5.2,147420,66.5,1,5.3,180368,68.5,0.8,6.9,15,119968,66.3,1.1,5.3,309
6/1/2017,Bolton,E08000001,122273,66.9,,0.7,3.4,,390,229810,67,0.2,4.1,131620,66.5,0.7,3.7,98423,66.2,0.8,2.4,81821,73.2,0.9,5.8,115572,67.3,0.7,3.3,149,124887,66.8,0.7,3.4,241,107741,67.1,0.7,3.2,148314,66.9,0.6,3.4,180620,68.6,0.1,3.2,27,120760,66.7,0.7,3.3,363
7/1/2017,Bolton,E08000001,121956,66.8,,-0.3,3.4,,371,228622,66.7,-0.5,3.8,131370,66.3,-0.2,3.9,98216,66.1,-0.2,2.5,81685,73.1,-0.2,5.9,115302,67.1,-0.2,3.3,116,124546,66.6,-0.3,3.5,255,107472,67,-0.3,3.3,147920,66.7,-0.3,3.4,179751,68.3,-0.5,3.5,8,120450,66.6,-0.3,3.4,363
8/1/2017,Bolton,E08000001,123667,67.7,,1.4,4.9,,388,231926,67.6,1.4,4.9,133002,67.2,1.2,5.1,99741,67.1,1.6,4.2,82623,73.9,1.1,7.5,116869,68,1.4,4.8,108,126322,67.5,1.4,4.9,280,108933,67.9,1.4,4.8,150037,67.7,1.4,4.9,181483,69,1,6,17,122147,67.5,1.4,4.8,371
9/1/2017,Bolton,E08000001,125436,68.7,,1.4,8.1,,376,236072,68.8,1.8,8.3,134824,68.1,1.4,8.2,101106,68,1.4,7.5,83527,74.7,1.1,10.3,118522,69,1.4,8,123,128140,68.5,1.4,8.1,253,110396,68.8,1.3,8,152263,68.7,1.5,8.1,184165,70,1.5,9.4,15,123893,68.5,1.4,8,361
10/1/2017,Bolton,E08000001,127429,69.8,,1.6,9.1,,400,240348,70.1,1.8,9.2,137097,69.2,1.7,9.2,102607,69.1,1.5,8.8,84493,75.6,1.2,10.4,120337,70.1,1.5,9,146,130214,69.6,1.6,9.2,254,112075,69.8,1.5,9.1,154745,69.8,1.6,9.1,187919,71.4,2,10.2,18,125855,69.6,1.6,9.1,382
11/1/2017,Bolton,E08000001,126413,69.2,,-0.8,7.9,,341,238797,69.6,-0.6,7.6,136233,68.8,-0.6,8,101618,68.4,-1,7.8,83649,74.8,-1,8.8,119398,69.5,-0.8,7.8,115,129165,69.1,-0.8,7.9,226,111146,69.2,-0.8,8,153542,69.2,-0.8,7.8,186331,70.8,-0.8,8.1,19,124852,69,-0.8,7.8,322
12/1/2017,Bolton,E08000001,125929,68.9,,-0.4,5.8,,371,237257,69.2,-0.6,5.1,135916,68.6,-0.2,6.1,101254,68.1,-0.4,5.9,83228,74.5,-0.5,6.3,118955,69.3,-0.4,5.8,96,128662,68.8,-0.4,5.9,275,110790,69,-0.3,6,152894,68.9,-0.4,5.7,185699,70.6,-0.3,5.4,27,124373,68.7,-0.4,5.8,344
1/1/2018,Bolton,E08000001,125846,68.9,,-0.1,4.8,,268,237311,69.2,0,4,135996,68.7,0.1,5.3,101043,68,-0.2,4.8,83207,74.4,0,5.3,118854,69.2,-0.1,4.8,95,128591,68.8,-0.1,4.8,173,110677,69,-0.1,5,152829,68.9,0,4.7,187014,71.1,0.7,4.3,8,124281,68.7,-0.1,4.8,260
2/1/2018,Bolton,E08000001,125200,68.5,,-0.5,4.2,,265,236293,68.9,-0.4,3.8,135286,68.3,-0.5,4.8,100571,67.7,-0.5,4.1,82456,73.8,-0.9,3.6,118163,68.8,-0.6,4.1,83,127976,68.4,-0.5,4.3,182,110081,68.6,-0.5,4.2,152023,68.6,-0.5,4.2,190972,72.6,2.1,6.2,11,123566,68.3,-0.6,4.2,254
3/1/2018,Bolton,E08000001,125238,68.6,,0,4.4,,346,236797,69,0.2,4.1,135327,68.3,0,4.9,100584,67.7,0,4.4,82210,73.5,-0.3,3.2,118194,68.8,0,4.3,101,128019,68.5,0,4.5,245,110027,68.5,0,4.3,152102,68.6,0.1,4.4,192572,73.2,0.8,6.9,12,123601,68.3,0,4.3,334
4/1/2018,Bolton,E08000001,124513,68.2,,-0.6,3.6,,298,234817,68.5,-0.8,3.2,134421,67.9,-0.7,4.1,100302,67.5,-0.3,3.8,81287,72.7,-1.1,1.4,117538,68.4,-0.6,3.5,104,127262,68,-0.6,3.7,193,109453,68.2,-0.5,3.5,151125,68.2,-0.6,3.6,191371,72.7,-0.6,6.9,18,122888,67.9,-0.6,3.5,280
5/1/2018,Bolton,E08000001,125346,68.6,,0.7,3.2,,306,235976,68.8,0.5,2.9,135361,68.4,0.7,3.5,101084,68,0.8,3.5,81596,73,0.4,0.6,118362,68.9,0.7,3.1,91,128092,68.5,0.7,3.2,215,110176,68.6,0.7,3,152150,68.6,0.7,3.2,189238,71.9,-1.1,4.9,20,123804,68.4,0.7,3.2,286
6/1/2018,Bolton,E08000001,128505,70.4,,2.5,5.1,,359,241730,70.5,2.4,5.2,138886,70.1,2.6,5.5,103590,69.7,2.5,5.3,83700,74.9,2.6,2.3,121319,70.6,2.5,5,108,131333,70.2,2.5,5.2,250,112931,70.4,2.5,4.8,156016,70.4,2.5,5.2,193215,73.4,2.1,7,29,126946,70.2,2.5,5.1,330
7/1/2018,Bolton,E08000001,129459,70.9,,0.7,6.2,,345,244100,71.2,1,6.8,139916,70.7,0.7,6.5,104252,70.2,0.6,6.1,84271,75.4,0.7,3.2,122183,71.1,0.7,6,108,132329,70.8,0.8,6.2,237,113701,70.8,0.7,5.8,157280,70.9,0.8,6.3,193832,73.7,0.3,7.8,22,127911,70.7,0.8,6.2,323
8/1/2018,Bolton,E08000001,130850,71.6,,1.1,5.8,,415,247145,72.1,1.2,6.6,141449,71.4,1.1,6.4,105287,70.9,1,5.6,85085,76.1,1,3,123455,71.9,1,5.6,113,133775,71.5,1.1,5.9,302,114893,71.6,1,5.5,159016,71.7,1.1,6,196930,74.8,1.6,8.5,25,129258,71.4,1.1,5.8,390
9/1/2018,Bolton,E08000001,128193,70.2,,-2,2.2,,307,242680,70.8,-1.8,2.8,138504,69.9,-2.1,2.7,103143,69.4,-2,2,83062,74.3,-2.4,-0.6,120924,70.4,-2,2,88,131071,70.1,-2,2.3,219,112515,70.1,-2.1,1.9,155855,70.3,-2,2.4,193275,73.5,-1.9,4.9,9,126623,70,-2,2.2,298
10/1/2018,Bolton,E08000001,128019,70.1,,-0.1,0.5,,354,242532,70.7,-0.1,0.9,138381,69.9,-0.1,0.9,102925,69.3,-0.2,0.3,82955,74.2,-0.1,-1.8,120783,70.3,-0.1,0.4,121,130881,70,-0.1,0.5,233,112371,70,-0.1,0.3,155631,70.2,-0.1,0.6,194214,73.8,0.5,3.3,21,126418,69.9,-0.2,0.4,333
11/1/2018,Bolton,E08000001,128707,70.5,,0.5,1.8,,414,244451,71.3,0.8,2.4,139170,70.3,0.6,2.2,103359,69.6,0.4,1.7,83242,74.5,0.3,-0.5,121431,70.7,0.5,1.7,135,131585,70.4,0.5,1.9,279,112917,70.3,0.5,1.6,156557,70.6,0.6,2,193535,73.6,-0.3,3.9,19,127146,70.3,0.6,1.8,395
12/1/2018,Bolton,E08000001,130164,71.3,,1.1,3.4,,313,246644,71.9,0.9,4,140846,71.1,1.2,3.6,104552,70.4,1.2,3.3,84334,75.4,1.3,1.3,122819,71.5,1.1,3.2,75,133066,71.2,1.1,3.4,238,114266,71.2,1.2,3.1,158219,71.3,1.1,3.5,195755,74.4,1.1,5.4,16,128584,71.1,1.1,3.4,297
1/1/2019,Bolton,E08000001,131558,72,,1.1,4.5,,281,249909,72.9,1.3,5.3,142517,72,1.2,4.8,105486,71,0.9,4.4,85054,76.1,0.9,2.2,124067,72.2,1,4.4,78,134530,71.9,1.1,4.6,203,115409,71.9,1,4.3,160038,72.2,1.1,4.7,197411,75,0.8,5.6,15,129974,71.8,1.1,4.6,266
2/1/2019,Bolton,E08000001,131087,71.8,,-0.4,4.7,,285,248832,72.5,-0.4,5.3,142041,71.7,-0.3,5,105095,70.7,-0.4,4.5,84881,75.9,-0.2,2.9,123614,72,-0.4,4.6,81,134056,71.7,-0.4,4.8,203,115051,71.7,-0.3,4.5,159350,71.9,-0.4,4.8,200603,76.2,1.6,5,8,129400,71.5,-0.4,4.7,277
3/1/2019,Bolton,E08000001,128444,70.3,,-2,2.6,,312,244317,71.2,-1.8,3.2,139410,70.4,-1.9,3,102807,69.2,-2.2,2.2,82799,74.1,-2.5,0.7,121042,70.5,-2.1,2.4,95,131398,70.3,-2,2.6,217,112673,70.2,-2.1,2.4,156199,70.4,-2,2.7,197952,75.2,-1.3,2.8,12,126751,70.1,-2,2.5,300
4/1/2019,Bolton,E08000001,128500,70.4,,0,3.2,,283,243434,71,-0.4,3.7,139452,70.4,0,3.7,103101,69.4,0.3,2.8,82662,74,-0.2,1.7,121132,70.5,0.1,3.1,79,131438,70.3,0,3.3,203,112822,70.3,0.1,3.1,156086,70.4,-0.1,3.3,198483,75.4,0.3,3.7,17,126794,70.1,0,3.2,266
5/1/2019,Bolton,E08000001,128575,70.4,,0.1,2.6,,357,242965,70.8,-0.2,3,139591,70.5,0.1,3.1,103313,69.5,0.2,2.2,82401,73.7,-0.3,1,121206,70.6,0.1,2.4,102,131511,70.3,0.1,2.7,255,112887,70.3,0.1,2.5,156176,70.4,0.1,2.6,196095,74.5,-1.2,3.6,12,126937,70.2,0.1,2.5,345
6/1/2019,Bolton,E08000001,132518,72.6,,3.1,3.1,,288,249929,72.9,2.9,3.4,143781,72.6,3,3.5,106612,71.7,3.2,2.9,85042,76.1,3.2,1.6,124980,72.8,3.1,3,69,135517,72.5,3,3.2,216,116360,72.5,3.1,3,160946,72.6,3.1,3.2,199870,76,1.9,3.4,28,130894,72.3,3.1,3.1,260
7/1/2019,Bolton,E08000001,133159,72.9,,0.5,2.9,,364,251060,73.2,0.5,2.9,144361,72.9,0.4,3.2,107182,72.1,0.5,2.8,85607,76.6,0.7,1.6,125587,73.1,0.5,2.8,101,136171,72.8,0.5,2.9,261,116942,72.9,0.5,2.9,161690,72.9,0.5,2.8,201425,76.6,0.8,3.9,12,131511,72.7,0.5,2.8,352
8/1/2019,Bolton,E08000001,133614,73.2,,0.3,2.1,,410,251938,73.5,0.3,1.9,144783,73.1,0.3,2.4,107632,72.4,0.4,2.2,85693,76.7,0.1,0.7,125981,73.3,0.3,2,125,136655,73.1,0.4,2.2,282,117322,73.1,0.3,2.1,162279,73.2,0.4,2.1,201710,76.7,0.1,2.4,18,131972,72.9,0.4,2.1,392
9/1/2019,Bolton,E08000001,132979,72.8,,-0.5,3.7,,306,250790,73.1,-0.5,3.3,143817,72.6,-0.7,3.8,107287,72.2,-0.3,4,85244,76.3,-0.5,2.6,125373,73,-0.5,3.7,86,136008,72.7,-0.5,3.8,219,116786,72.8,-0.5,3.8,161466,72.8,-0.5,3.6,202146,76.8,0.2,4.6,11,131304,72.6,-0.5,3.7,295
10/1/2019,Bolton,E08000001,133659,73.2,,0.5,4.4,,308,252094,73.5,0.5,3.9,144916,73.2,0.8,4.7,107649,72.4,0.3,4.6,85503,76.5,0.3,3.1,125936,73.3,0.4,4.3,86,136743,73.1,0.5,4.5,220,117319,73.1,0.5,4.4,162411,73.2,0.6,4.4,202378,76.9,0.1,4.2,27,131999,73,0.5,4.4,281
11/1/2019,Bolton,E08000001,135325,74.1,,1.2,5.1,,433,255873,74.6,1.5,4.7,146969,74.2,1.4,5.6,108724,73.2,1,5.2,86509,77.4,1.2,3.9,127500,74.2,1.2,5,127,138450,74,1.2,5.2,304,118733,74,1.2,5.2,164524,74.2,1.3,5.1,203662,77.4,0.6,5.2,27,133679,73.9,1.3,5.1,406
12/1/2019,Bolton,E08000001,135802,74.4,,0.4,4.3,,300,256832,74.9,0.4,4.1,147680,74.6,0.5,4.9,109040,73.4,0.3,4.3,86516,77.4,0,2.6,127982,74.5,0.4,4.2,76,138922,74.3,0.3,4.4,220,119168,74.2,0.4,4.3,165073,74.4,0.3,4.3,202178,76.8,-0.7,3.3,18,134214,74.2,0.4,4.4,282
1/1/2020,Bolton,E08000001,134854,73.8,,-0.7,2.5,,275,255460,74.5,-0.5,2.2,146654,74.1,-0.7,2.9,108247,72.8,-0.7,2.6,85646,76.6,-1,0.7,127017,73.9,-0.8,2.4,77,137988,73.8,-0.7,2.6,193,118318,73.7,-0.7,2.5,163954,73.9,-0.7,2.4,202682,77,0.2,2.7,13,133224,73.6,-0.7,2.5,262
2/1/2020,Bolton,E08000001,134385,73.6,,-0.3,2.5,,303,254372,74.2,-0.4,2.2,146074,73.8,-0.4,2.8,107974,72.7,-0.3,2.7,85288,76.3,-0.4,0.5,126543,73.7,-0.4,2.4,74,137529,73.5,-0.3,2.6,228,117942,73.5,-0.3,2.5,163330,73.7,-0.4,2.5,203507,77.3,0.4,1.4,23,132726,73.4,-0.4,2.6,280
3/1/2020,Bolton,E08000001,136036,74.5,,1.2,5.9,,282,257840,75.2,1.4,5.5,147980,74.7,1.3,6.1,109177,73.5,1.1,6.2,86302,77.2,1.2,4.2,127955,74.5,1.1,5.7,73,139294,74.5,1.3,6,197,119331,74.3,1.2,5.9,165456,74.6,1.3,5.9,209073,79.5,2.7,5.6,26,134274,74.2,1.2,5.9,256
4/1/2020,Bolton,E08000001,136334,74.6,,0.2,6.1,,142,258826,75.5,0.4,6.3,148182,74.8,0.1,6.3,109556,73.7,0.3,6.3,85828,76.8,-0.5,3.8,128206,74.6,0.2,5.8,29,139612,74.7,0.2,6.2,113,119597,74.5,0.2,6,165811,74.8,0.2,6.2,210207,79.9,0.5,5.9,6,134548,74.4,0.2,6.1,136
5/1/2020,Bolton,E08000001,135468,74.2,,-0.6,5.4,,142,257407,75,-0.5,5.9,147451,74.5,-0.5,5.6,108700,73.2,-0.8,5.2,85188,76.2,-0.7,3.4,127333,74.1,-0.7,5.1,44,138751,74.2,-0.6,5.5,96,118821,74,-0.6,5.3,164785,74.3,-0.6,5.5,211826,80.5,0.8,8,8,133601,73.8,-0.7,5.2,134
6/1/2020,Bolton,E08000001,134875,73.8,,-0.4,1.8,,219,256072,74.7,-0.5,2.5,146904,74.2,-0.4,2.2,108257,72.9,-0.4,1.5,84560,75.7,-0.7,-0.6,126794,73.8,-0.4,1.5,64,138136,73.9,-0.4,1.9,151,118305,73.7,-0.4,1.7,164056,74,-0.4,1.9,208905,79.4,-1.4,4.5,2,133080,73.6,-0.4,1.7,217
7/1/2020,Bolton,E08000001,135263,74.1,,0.3,1.6,,272,256204,74.7,0.1,2,147379,74.4,0.3,2.1,108523,73,0.2,1.3,85404,76.4,1,-0.2,127197,74.1,0.3,1.3,92,138516,74.1,0.3,1.7,171,118653,73.9,0.3,1.5,164515,74.2,0.3,1.7,207148,78.7,-0.8,2.8,28,133535,73.8,0.3,1.5,244
8/1/2020,Bolton,E08000001,137958,75.5,,2,3.3,,284,261652,76.3,2.1,3.9,150388,75.9,2,3.9,110673,74.5,2,2.8,86634,77.5,1.4,1.1,129646,75.5,1.9,2.9,80,141314,75.6,2,3.4,200,120918,75.3,1.9,3.1,167952,75.7,2.1,3.5,209283,79.5,1,3.8,19,136257,75.3,2,3.2,265
9/1/2020,Bolton,E08000001,139235,76.2,,0.9,4.7,,350,264939,77.2,1.3,5.6,151667,76.6,0.9,5.5,111664,75.1,0.9,4.1,87137,78,0.6,2.2,130769,76.1,0.9,4.3,88,142656,76.3,0.9,4.9,257,121924,76,0.8,4.4,169686,76.5,1,5.1,211768,80.5,1.2,4.8,18,137500,76,0.9,4.7,332
10/1/2020,Bolton,E08000001,143140,78.4,,2.8,7.1,,422,273220,79.7,3.1,8.4,155787,78.7,2.7,7.5,114830,77.3,2.8,6.7,89049,79.7,2.2,4.1,134451,78.3,2.8,6.8,136,146651,78.4,2.8,7.2,280,125254,78,2.7,6.8,174591,78.7,2.9,7.5,215718,82,1.9,6.6,26,141420,78.2,2.9,7.1,396
11/1/2020,Bolton,E08000001,144292,79,,0.8,6.6,,390,275590,80.4,0.9,7.7,156645,79.1,0.6,6.6,115947,78,1,6.6,89893,80.4,0.9,3.9,135639,79,0.9,6.4,111,147783,79,0.8,6.7,275,126264,78.7,0.8,6.3,175991,79.4,0.8,7,214524,81.5,-0.6,5.3,10,142652,78.8,0.9,6.7,380
12/1/2020,Bolton,E08000001,146018,79.9,,1.2,7.5,,381,278637,81.2,1.1,8.5,158295,79.9,1.1,7.2,117552,79.1,1.4,7.8,90862,81.3,1.1,5,137327,79.9,1.2,7.3,120,149522,79.9,1.2,7.6,257,127816,79.6,1.2,7.3,178029,80.3,1.2,7.8,215294,81.8,0.4,6.5,11,144416,79.8,1.2,7.6,370
1/1/2021,Bolton,E08000001,146604,80.3,,0.4,8.7,,319,277791,81,-0.3,8.7,158873,80.2,0.4,8.3,118259,79.6,0.6,9.2,92121,82.4,1.4,7.6,138011,80.3,0.5,8.7,109,150063,80.2,0.4,8.8,209,128485,80,0.5,8.6,178494,80.5,0.3,8.9,213512,81.1,-0.8,5.3,25,145083,80.2,0.5,8.9,294
2/1/2021,Bolton,E08000001,148453,81.3,,1.3,10.5,,434,278946,81.3,0.4,9.7,160696,81.1,1.1,10,120140,80.9,1.6,11.3,94166,84.2,2.2,10.4,139925,81.5,1.4,10.6,135,151883,81.2,1.2,10.4,299,130357,81.2,1.5,10.5,180332,81.3,1,10.4,215519,81.9,0.9,5.9,18,146929,81.2,1.3,10.7,416
3/1/2021,Bolton,E08000001,150409,82.4,,1.3,10.6,,499,280417,81.8,0.5,8.8,162687,82.2,1.2,9.9,121994,82.1,1.5,11.7,96543,86.4,2.5,11.9,141871,82.6,1.4,10.9,128,153840,82.3,1.3,10.4,369,132273,82.4,1.5,10.8,182380,82.2,1.1,10.2,218142,82.9,1.2,4.3,46,148860,82.3,1.3,10.9,453
4/1/2021,Bolton,E08000001,152759,83.6,,1.6,12,,343,284676,83,1.5,10,164901,83.3,1.4,11.3,124128,83.5,1.7,13.3,98038,87.7,1.5,14.2,144159,83.9,1.6,12.4,114,156216,83.5,1.5,11.9,229,134456,83.8,1.7,12.4,185028,83.4,1.5,11.6,224137,85.2,2.7,6.6,7,151076,83.5,1.5,12.3,336
5/1/2021,Bolton,E08000001,153806,84.2,,0.7,13.5,,307,287028,83.7,0.8,11.5,165955,83.8,0.6,12.5,124995,84.1,0.7,15,98469,88.1,0.4,15.6,145145,84.5,0.7,14,89,157287,84.1,0.7,13.4,218,135369,84.3,0.7,13.9,186309,84,0.7,13.1,226023,85.9,0.8,6.7,12,152096,84.1,0.7,13.8,295
6/1/2021,Bolton,E08000001,157733,86.4,,2.6,16.9,,547,293274,85.5,2.2,14.5,169728,85.7,2.3,15.5,128715,86.6,3,18.9,100887,90.3,2.5,19.3,149046,86.8,2.7,17.5,184,161228,86.2,2.5,16.7,363,138964,86.6,2.7,17.5,190830,86.1,2.4,16.3,227967,86.6,0.9,9.1,12,156146,86.3,2.7,17.3,535
7/1/2021,Bolton,E08000001,158111,86.6,,0.2,16.9,,340,294377,85.8,0.4,14.9,170271,86,0.3,15.5,128924,86.8,0.2,18.8,100808,90.2,-0.1,18,149473,87,0.3,17.5,98,161586,86.4,0.2,16.7,242,139272,86.8,0.2,17.4,191328,86.3,0.3,16.3,229481,87.2,0.7,10.8,15,156480,86.5,0.2,17.2,325
8/1/2021,Bolton,E08000001,161281,88.3,,2,16.9,,351,300898,87.7,2.2,15,173808,87.8,2.1,15.6,131432,88.5,1.9,18.8,102245,91.5,1.4,18,152438,88.7,2,17.6,97,164839,88.1,2,16.6,254,141961,88.4,1.9,17.4,195344,88.1,2.1,16.3,232166,88.2,1.2,10.9,31,159700,88.3,2.1,17.2,320
9/1/2021,Bolton,E08000001,162527,89,,0.8,16.7,,556,303957,88.6,1,14.7,175368,88.6,0.9,15.6,132268,89,0.6,18.5,102512,91.7,0.3,17.6,153580,89.4,0.7,17.4,157,166126,88.8,0.8,16.5,398,143004,89.1,0.7,17.3,196945,88.8,0.8,16.1,234747,89.2,1.1,10.9,23,160898,88.9,0.8,17,533
10/1/2021,Bolton,E08000001,164325,90,,1.1,14.8,,271,309388,90.2,1.8,13.2,177331,89.5,1.1,13.8,133393,89.8,0.9,16.2,103268,92.4,0.7,16,155069,90.3,1,15.3,78,168045,89.9,1.2,14.6,191,144329,89.9,0.9,15.2,199569,90,1.3,14.3,233297,88.7,-0.6,8.1,13,162848,90,1.2,15.2,258
11/1/2021,Bolton,E08000001,164558,90.1,,0.1,14,,367,310650,90.6,0.4,12.7,177755,89.8,0.2,13.5,133356,89.7,0,15,103228,92.4,0,14.8,155178,90.3,0.1,14.4,102,168328,90,0.2,13.9,264,144437,90,0.1,14.4,200021,90.2,0.2,13.7,234810,89.2,0.6,9.5,23,163029,90.1,0.1,14.3,344
12/1/2021,Bolton,E08000001,163448,89.5,,-0.7,11.9,,348,310125,90.4,-0.2,11.3,176633,89.2,-0.6,11.6,132206,89,-0.9,12.5,101995,91.2,-1.2,12.3,154007,89.7,-0.8,12.1,120,167240,89.4,-0.6,11.9,227,143289,89.3,-0.8,12.1,198971,89.7,-0.5,11.8,232228,88.3,-1.1,7.9,21,161973,89.5,-0.6,12.2,327
1/1/2022,Bolton,E08000001,163788,89.7,,0.2,11.7,,263,309193,90.1,-0.3,11.3,177135,89.5,0.3,11.5,132761,89.3,0.4,12.3,101918,91.2,-0.1,10.6,154331,89.8,0.2,11.8,70,167586,89.6,0.2,11.7,193,143712,89.5,0.3,11.9,199165,89.8,0.1,11.6,232236,88.3,0,8.8,16,162330,89.7,0.2,11.9,247
2/1/2022,Bolton,E08000001,165886,90.8,,1.3,11.7,,325,312315,91.1,1,12,179305,90.5,1.2,11.6,134617,90.6,1.4,12.1,103534,92.6,1.6,9.9,156355,91,1.3,11.7,85,169712,90.7,1.3,11.7,240,145725,90.8,1.4,11.8,201462,90.8,1.2,11.7,236449,89.9,1.8,9.7,22,164421,90.9,1.3,11.9,303
3/1/2022,Bolton,E08000001,167425,91.7,,0.9,11.3,,346,315589,92,1,12.5,181410,91.6,1.2,11.5,135553,91.2,0.7,11.1,104322,93.3,0.8,8.1,157664,91.8,0.8,11.1,90,171343,91.6,1,11.4,256,147045,91.6,0.9,11.2,203396,91.7,1,11.5,242393,92.1,2.5,11.1,22,165836,91.7,0.9,11.4,324
4/1/2022,Bolton,E08000001,170391,93.3,,1.8,11.5,,306,320892,93.6,1.7,12.7,184444,93.1,1.7,11.9,138152,93,1.9,11.3,106102,94.9,1.7,8.2,160463,93.4,1.8,11.3,96,174377,93.2,1.8,11.6,208,149704,93.3,1.8,11.3,206929,93.3,1.7,11.8,247193,93.9,2,10.3,8,168765,93.3,1.8,11.7,298
5/1/2022,Bolton,E08000001,170609,93.4,,0.1,10.9,,315,320947,93.6,0,11.8,184790,93.3,0.2,11.3,138472,93.2,0.2,10.8,105697,94.6,-0.4,7.3,160610,93.5,0.1,10.7,87,174625,93.4,0.1,11,228,149862,93.4,0.1,10.7,207236,93.5,0.1,11.2,244953,93.1,-0.9,8.4,13,169026,93.4,0.2,11.1,302
6/1/2022,Bolton,E08000001,171906,94.1,,0.8,9,,275,322501,94,0.5,10,186049,94,0.7,9.6,139794,94.1,1,8.6,106602,95.4,0.9,5.7,161835,94.2,0.8,8.6,84,175951,94.1,0.8,9.1,189,151098,94.1,0.8,8.7,208685,94.1,0.7,9.4,244945,93.1,0,7.4,19,170345,94.1,0.8,9.1,256
7/1/2022,Bolton,E08000001,175508,96.1,,2.1,11,,381,328438,95.8,1.8,11.6,190170,96,2.2,11.7,142879,96.2,2.2,10.8,108390,97,1.7,7.5,165185,96.2,2.1,10.5,112,179655,96.1,2.1,11.2,265,154314,96.1,2.1,10.8,212991,96,2.1,11.3,249488,94.8,1.9,8.7,22,173925,96.1,2.1,11.1,359
8/1/2022,Bolton,E08000001,179953,98.5,,2.5,11.6,,403,336320,98.1,2.4,11.8,194870,98.4,2.5,12.1,146786,98.8,2.7,11.7,110678,99,2.1,8.2,169359,98.6,2.5,11.1,105,184210,98.5,2.5,11.8,293,158227,98.6,2.5,11.5,218379,98.5,2.5,11.8,255116,97,2.3,9.9,26,178342,98.6,2.5,11.7,377
9/1/2022,Bolton,E08000001,183337,100.4,,1.9,12.8,,372,342626,99.9,1.9,12.7,198518,100.2,1.9,13.2,149727,100.8,2,13.2,112095,100.3,1.3,9.3,172535,100.4,1.9,12.3,102,187678,100.4,1.9,13,260,161174,100.4,1.9,12.7,222523,100.3,1.9,13,258262,98.2,1.2,10,32,181727,100.4,1.9,12.9,340
10/1/2022,Bolton,E08000001,185225,101.4,,1,12.7,,377,346933,101.2,1.3,12.1,200453,101.2,1,13,151167,101.7,1,13.3,113223,101.3,1,9.6,174344,101.5,1,12.4,95,189596,101.4,1,12.8,278,162789,101.4,1,12.8,224873,101.4,1.1,12.7,259840,98.8,0.6,11.4,20,183618,101.5,1,12.8,357
11/1/2022,Bolton,E08000001,185916,101.8,,0.4,13,,376,348895,101.7,0.6,12.3,201217,101.6,0.4,13.2,151581,102,0.3,13.7,113593,101.6,0.3,10,174975,101.9,0.4,12.8,107,190312,101.8,0.4,13.1,268,163393,101.8,0.4,13.1,225717,101.8,0.4,12.8,262198,99.6,0.9,11.7,19,184278,101.8,0.4,13,357
12/1/2022,Bolton,E08000001,185264,101.4,,-0.4,13.3,,355,347401,101.3,-0.4,12,200564,101.3,-0.3,13.5,151006,101.6,-0.4,14.2,113480,101.5,-0.1,11.3,174357,101.5,-0.4,13.2,108,189647,101.4,-0.3,13.4,241,162897,101.5,-0.3,13.7,224825,101.4,-0.4,13,261861,99.5,-0.1,12.8,27,183621,101.5,-0.4,13.4,328
1/1/2023,Bolton,E08000001,182644,100,,-1.4,11.5,,247,342986,100,-1.3,10.9,198027,100,-1.3,11.8,148593,100,-1.6,11.9,111776,100,-1.5,9.7,171768,100,-1.5,11.3,78,187019,100,-1.4,11.6,163,160512,100,-1.5,11.7,221753,100,-1.4,11.3,263121,100,0.5,13.3,13,180935,100,-1.5,11.5,234
2/1/2023,Bolton,E08000001,180741,99,,-1,9,,226,340475,99.3,-0.7,9,196144,99,-1,9.4,146680,98.7,-1.3,9,110696,99,-1,6.9,169933,98.9,-1.1,8.7,79,185091,99,-1,9.1,140,158730,98.9,-1.1,8.9,219596,99,-1,9,264471,100.5,0.5,11.9,10,178977,98.9,-1.1,8.9,216
3/1/2023,Bolton,E08000001,176720,96.8,,-2.2,5.6,,239,334962,97.7,-1.6,6.1,192214,97.1,-2,6,142754,96.1,-2.7,5.3,108055,96.7,-2.4,3.6,166071,96.7,-2.3,5.3,89,181009,96.8,-2.2,5.6,144,154959,96.5,-2.4,5.4,215065,97,-2.1,5.7,265473,100.9,0.4,9.5,14,174874,96.6,-2.3,5.4,225
4/1/2023,Bolton,E08000001,177371,97.1,,0.4,4.1,,185,336965,98.2,0.6,5,192996,97.5,0.4,4.6,143082,96.3,0.2,3.6,108536,97.1,0.4,2.3,166698,97,0.4,3.9,74,181669,97.1,0.4,4.2,109,155451,96.8,0.3,3.8,216021,97.4,0.4,4.4,269202,102.3,1.4,8.9,7,175471,97,0.3,4,178
5/1/2023,Bolton,E08000001,177011,96.9,,-0.2,3.8,,194,335955,98,-0.3,4.7,192728,97.3,-0.1,4.3,142712,96,-0.3,3.1,108536,97.1,0,2.7,166361,96.9,-0.2,3.6,79,181301,96.9,-0.2,3.8,112,155115,96.6,-0.2,3.5,215626,97.2,-0.2,4,269275,102.3,0,9.9,9,175105,96.8,-0.2,3.6,185
6/1/2023,Bolton,E08000001,179576,98.3,,1.4,4.5,,219,339590,99,1.1,5.3,195177,98.6,1.3,4.9,145239,97.7,1.8,3.9,109939,98.4,1.3,3.1,168808,98.3,1.5,4.3,74,183912,98.3,1.4,4.5,142,157437,98.1,1.5,4.2,218595,98.6,1.4,4.7,269603,102.5,0.1,10.1,9,177703,98.2,1.5,4.3,210
7/1/2023,Bolton,E08000001,179179,98.1,,-0.2,2.1,,253,337587,98.4,-0.6,2.8,194792,98.4,-0.2,2.4,145185,97.7,0,1.6,109425,97.9,-0.5,1,168386,98,-0.2,1.9,94,183527,98.1,-0.2,2.2,151,157142,97.9,-0.2,1.8,218003,98.3,-0.3,2.4,268055,101.9,-0.6,7.4,6,177327,98,-0.2,2,247
8/1/2023,Bolton,E08000001,181818,99.5,,1.5,1,,289,342022,99.7,1.3,1.7,197496,99.7,1.4,1.3,147692,99.4,1.7,0.6,110418,98.8,0.9,-0.2,170800,99.4,1.4,0.9,91,186258,99.6,1.5,1.1,191,159508,99.4,1.5,0.8,221107,99.7,1.4,1.2,270486,102.8,0.9,6,12,179964,99.5,1.5,0.9,277
9/1/2023,Bolton,E08000001,182969,100.2,,0.6,-0.2,,277,344024,100.3,0.6,0.4,198747,100.4,0.6,0.1,148734,100.1,0.7,-0.7,110842,99.2,0.4,-1.1,171865,100.1,0.6,-0.4,92,187443,100.2,0.6,-0.1,179,160550,100,0.7,-0.4,222439,100.3,0.6,0,272794,103.7,0.9,5.6,8,181093,100.1,0.6,-0.3,269
10/1/2023,Bolton,E08000001,183223,100.3,,0.1,-1.1,,280,343919,100.3,0,-0.9,198772,100.4,0,-0.8,149108,100.3,0.3,-1.4,111273,99.5,0.4,-1.7,172147,100.2,0.2,-1.3,84,187686,100.4,0.1,-1,190,160884,100.2,0.2,-1.2,222520,100.3,0,-1,273048,103.8,0.1,5.1,8,181347,100.2,0.1,-1.2,272
11/1/2023,Bolton,E08000001,182858,100.1,,-0.2,-1.6,,249,343588,100.2,-0.1,-1.5,198564,100.3,-0.1,-1.3,148586,100,-0.3,-2,111231,99.5,0,-2.1,171860,100.1,-0.2,-1.8,94,187288,100.1,-0.2,-1.6,145,160531,100,-0.2,-1.8,222142,100.2,-0.2,-1.6,275016,104.5,0.7,4.9,13,180942,100,-0.2,-1.8,236
12/1/2023,Bolton,E08000001,184942,101.3,,1.1,-0.2,,260,346841,101.1,0.9,-0.2,200918,101.5,1.2,0.2,150223,101.1,1.1,-0.5,112904,101,1.5,-0.5,173832,101.2,1.1,-0.3,87,189416,101.3,1.1,-0.1,167,162435,101.2,1.2,-0.3,224519,101.2,1.1,-0.1,278475,105.8,1.3,6.3,13,182999,101.1,1.1,-0.3,247
1/1/2024,Bolton,E08000001,186824,102.3,,1,2.3,,201,351190,102.4,1.3,2.4,202991,102.5,1,2.5,151641,102.1,0.9,2.1,113889,101.9,0.9,1.9,175586,102.2,1,2.2,69,191350,102.3,1,2.3,123,164005,102.2,1,2.2,226977,102.4,1.1,2.4,282317,107.3,1.4,7.3,15,184844,102.2,1,2.2,186
2/1/2024,Bolton,E08000001,184851,101.2,,-1.1,2.3,,216,346125,100.9,-1.4,1.7,200718,101.4,-1.1,2.3,150356,101.2,-0.8,2.5,112718,100.8,-1,1.8,173735,101.1,-1.1,2.2,73,189326,101.2,-1.1,2.3,134,162423,101.2,-1,2.3,224301,101.1,-1.2,2.1,279503,106.2,-1,5.7,13,182890,101.1,-1.1,2.2,203
3/1/2024,Bolton,E08000001,183419,100.4,,-0.8,3.8,,250,343654,100.2,-0.7,2.6,199104,100.5,-0.8,3.6,149094,100.3,-0.8,4.4,112165,100.3,-0.5,3.8,172401,100.4,-0.8,3.8,78,187846,100.4,-0.8,3.8,165,161096,100.4,-0.8,4,222717,100.4,-0.7,3.6,280270,106.5,0.3,5.6,17,181422,100.3,-0.8,3.7,233
4/1/2024,Bolton,E08000001,183352,100.4,,0,3.4,,214,342087,99.7,-0.5,1.5,198913,100.4,-0.1,3.1,149219,100.4,0.1,4.3,112630,100.8,0.4,3.8,172381,100.4,0,3.4,68,187756,100.4,0,3.4,137,161154,100.4,0,3.7,222423,100.3,-0.1,3,278032,105.7,-0.8,3.3,28,181381,100.2,0,3.4,186
5/1/2024,Bolton,E08000001,185300,101.5,,1.1,4.7,,290,345321,100.7,0.9,2.8,201043,101.5,1.1,4.3,150752,101.5,1,5.6,114188,102.2,1.4,5.2,174238,101.4,1.1,4.7,92,189737,101.5,1.1,4.7,188,162878,101.5,1.1,5,224763,101.4,1.1,4.2,279476,106.2,0.5,3.8,12,183325,101.3,1.1,4.7,278
6/1/2024,Bolton,E08000001,188225,103.1,,1.6,4.8,,218,349625,101.9,1.2,3,203998,103,1.5,4.5,153550,103.3,1.9,5.7,115788,103.6,1.4,5.3,177007,103,1.6,4.9,58,192722,103,1.6,4.8,149,165603,103.2,1.7,5.2,228029,102.8,1.5,4.3,279816,106.3,0.1,3.8,15,186267,102.9,1.6,4.8,203
7/1/2024,Bolton,E08000001,189172,103.6,,0.5,5.6,,303,351063,102.4,0.4,4,205083,103.6,0.5,5.3,154579,104,0.7,6.5,115638,103.5,-0.1,5.7,177852,103.5,0.5,5.6,101,193714,103.6,0.5,5.6,183,166466,103.7,0.5,5.9,229119,103.3,0.5,5.1,281148,106.9,0.5,4.9,5,187204,103.5,0.5,5.6,298
8/1/2024,Bolton,E08000001,190855,104.5,,0.9,5,,314,354076,103.2,0.9,3.5,206778,104.4,0.8,4.7,156270,105.2,1.1,5.8,116014,103.8,0.3,5.1,179392,104.4,0.9,5,92,195461,104.5,0.9,4.9,192,167956,104.6,0.9,5.3,231143,104.2,0.9,4.5,281963,107.2,0.3,4.2,33,188889,104.4,0.9,5,281
9/1/2024,Bolton,E08000001,191733,105,,0.5,4.8,,278,357024,104.1,0.8,3.8,207999,105,0.6,4.7,156836,105.5,0.4,5.4,115730,103.5,-0.2,4.4,180171,104.9,0.4,4.8,64,196385,105,0.5,4.8,195,168614,105,0.4,5,232418,104.8,0.6,4.5,284955,108.3,1.1,4.5,21,189739,104.9,0.4,4.8,257
10/1/2024,Bolton,E08000001,192620,105.5,,0.5,5.1,,354,359589,104.8,0.7,4.6,208712,105.4,0.3,5,157486,106,0.4,5.6,116468,104.2,0.6,4.7,181110,105.4,0.5,5.2,101,197238,105.5,0.4,5.1,237,169363,105.5,0.4,5.3,233549,105.3,0.5,5,286766,109,0.6,5,17,190611,105.3,0.5,5.1,337
11/1/2024,Bolton,E08000001,193951,106.2,,0.7,6.1,,339,362557,105.7,0.8,5.5,210531,106.3,0.9,6,158360,106.6,0.6,6.6,116911,104.6,0.4,5.1,182359,106.2,0.7,6.1,91,198602,106.2,0.7,6,227,170542,106.2,0.7,6.2,235146,106,0.7,5.9,289969,110.2,1.1,5.4,24,191913,106.1,0.7,6.1,315
12/1/2024,Bolton,E08000001,191429,104.8,,-1.3,3.5,,310,358106,104.4,-1.2,3.2,207789,104.9,-1.3,3.4,156343,105.2,-1.3,4.1,115121,103,-1.5,2,179964,104.8,-1.3,3.5,80,196031,104.8,-1.3,3.5,204,168367,104.9,-1.3,3.7,232010,104.6,-1.3,3.3,288010,109.5,-0.7,3.4,33,189396,104.7,-1.3,3.5,277
1/1/2025,Bolton,E08000001,190958,104.6,,-0.2,2.2,,243,357805,104.3,-0.1,1.9,207712,104.9,0,2.3,155849,104.9,-0.3,2.8,113997,102,-1,0.1,179391,104.4,-0.3,2.2,65,195618,104.6,-0.2,2.2,148,167940,104.6,-0.3,2.4,231465,104.4,-0.2,2,291057,110.6,1.1,3.1,25,188889,104.4,-0.3,2.2,218
2/1/2025,Bolton,E08000001,191880,105.1,,0.5,3.8,,292,359827,104.9,0.6,4,208532,105.3,0.4,3.9,156689,105.4,0.5,4.2,114598,102.5,0.5,1.7,180230,104.9,0.5,3.7,89,196577,105.1,0.5,3.8,190,168758,105.1,0.5,3.9,232548,104.9,0.5,3.7,295386,112.3,1.5,5.7,26,189791,104.9,0.5,3.8,266
3/1/2025,Bolton,E08000001,196402,107.5,,2.4,7.1,,459,365270,106.5,1.5,6.3,213281,107.7,2.3,7.1,160939,108.3,2.7,7.9,118285,105.8,3.2,5.5,184611,107.5,2.4,7.1,125,201150,107.6,2.3,7.1,297,173038,107.8,2.5,7.4,237393,107.1,2.1,6.6,302388,114.9,2.4,7.9,30,194316,107.4,2.4,7.1,429
4/1/2025,Bolton,E08000001,196353,107.5,,0,7.1,,173,367340,107.1,0.6,7.4,213593,107.9,0.1,7.4,160310,107.9,-0.4,7.4,117705,105.3,-0.5,4.5,184417,107.4,-0.1,7,39,201169,107.6,0,7.1,115,172771,107.6,-0.2,7.2,237801,107.2,0.2,6.9,305223,116,0.9,9.8,8,194179,107.3,-0.1,7.1,165
5/1/2025,Bolton,E08000001,193905,106.2,,-1.2,4.6,,277,364065,106.1,-0.9,5.4,211214,106.7,-1.1,5.1,158006,106.3,-1.4,4.8,115615,103.4,-1.8,1.3,181944,105.9,-1.3,4.4,68,198744,106.3,-1.2,4.7,175,170472,106.2,-1.3,4.7,235139,106,-1.1,4.6,302837,115.1,-0.8,8.3,14,191714,106,-1.3,4.6,263
6/1/2025,Bolton,E08000001,193267,105.8,,-0.3,2.7,,224,365331,106.5,0.3,4.5,211015,106.6,-0.1,3.4,157007,105.7,-0.6,2.3,113795,101.8,-1.6,-1.7,181139,105.5,-0.4,2.3,44,198188,106,-0.3,2.8,150,169601,105.7,-0.5,2.4,235011,106,-0.1,3.1,302373,114.9,-0.2,8,7,191067,105.6,-0.3,2.6,217
7/1/2025,Bolton,E08000001,193753,106.1,,0.3,2.4,,247,363383,105.9,-0.5,3.5,211358,106.7,0.2,3.1,158188,106.5,0.8,2.3,114167,102.1,0.3,-1.3,181655,105.8,0.3,2.1,54,198657,106.2,0.2,2.6,155,170301,106.1,0.4,2.3,235026,106,0,2.6,298748,113.5,-1.2,6.2,3,191680,105.9,0.3,2.4,244
8/1/2025,Bolton,E08000001,196166,107.4,,1.2,2.8,,271,366493,106.9,0.9,3.5,214104,108.1,1.3,3.5,160570,108.1,1.5,2.8,115145,103,0.9,-0.7,184000,107.1,1.3,2.6,58,201092,107.5,1.2,2.9,171,172559,107.5,1.3,2.7,237668,107.2,1.1,2.8,302148,114.8,1.1,7.2,,194078,107.3,1.3,2.7,271
9/1/2025,Bolton,E08000001,198411,108.6,,1.1,3.5,,262,371221,108.2,1.3,4,216654,109.4,1.2,4.2,162425,109.3,1.2,3.6,115835,103.6,0.6,0.1,186059,108.3,1.1,3.3,47,203416,108.8,1.2,3.6,169,174500,108.7,1.1,3.5,240458,108.4,1.2,3.5,307231,116.8,1.7,7.8,1,196248,108.5,1.1,3.4,261
10/1/2025,Bolton,E08000001,200389,109.7,,1,4,,294,375153,109.4,1.1,4.3,219110,110.6,1.1,5,163948,110.3,0.9,4.1,116485,104.2,0.6,0,187891,109.4,1,3.7,54,205454,109.9,1,4.2,143,176270,109.8,1,4.1,242792,109.5,1,4,315861,120,2.8,10.1,,198036,109.5,0.9,3.9,294
11/1/2025,Bolton,E08000001,199942,109.5,,-0.2,3.1,,191,374494,109.2,-0.2,3.3,218621,110.4,-0.2,3.8,163620,110.1,-0.2,3.3,116000,103.8,-0.4,-0.8,187477,109.1,-0.2,2.8,10,204994,109.6,-0.2,3.2,69,175963,109.6,-0.2,3.2,242070,109.2,-0.3,2.9,322183,122.4,2,11.1,,197385,109.1,-0.3,2.9,191
12/1/2025,Bolton,E08000001,199715,109.3,,-0.1,4.3,,217,372720,108.7,-0.5,4.1,218446,110.3,-0.1,5.1,163717,110.2,0.1,4.7,115844,103.6,-0.1,0.6,187266,109,-0.1,4.1,28,204760,109.5,-0.1,4.5,89,175972,109.6,0,4.5,241362,108.8,-0.3,4,322422,122.5,0.1,11.9,1,197143,109,-0.1,4.1,216
1/1/2026,Bolton,E08000001,199134,109,,-0.3,4.3,,,370025,107.9,-0.7,3.4,217827,110,-0.3,4.9,163706,110.2,0,5,115270,103.1,-0.5,1.1,186733,108.7,-0.3,4.1,,204159,109.2,-0.3,4.4,,175574,109.4,-0.2,4.5,240423,108.4,-0.4,3.9,,,,,,,,,,
2/1/2026,Bolton,E08000001,200025,109.5,,0.4,4.2,,,371151,108.2,0.3,3.1,219006,110.6,0.5,5,164481,110.7,0.5,5,115463,103.3,0.2,0.8,187505,109.2,0.4,4,,205101,109.7,0.5,4.3,,176367,109.9,0.5,4.5,241445,108.9,0.4,3.8,,,,,,,,,,
1/1/1995,Bury,E08000002,40013,18,,,,,208,72803,19,,,42818,17.4,,,32102,17.5,,,28723,22,,,,,,,,,,,,,,,,,,,,,53024,19.1,,,17,39947,18,,,191
2/1/1995,Bury,E08000002,40105,18,,0.2,,,213,72371,18.9,-0.6,,43180,17.6,0.8,,32121,17.5,0.1,,28735,22.1,0,,,,,,,,,,,,,,,,,,,,53327,19.2,0.6,,30,40021,18,0.2,,183
3/1/1995,Bury,E08000002,40433,18.2,,0.8,,,323,72757,19,0.5,,43475,17.7,0.7,,32460,17.7,1.1,,28982,22.2,0.9,,,,,,,,,,,,,,,,,,,,53849,19.4,1,,45,40341,18.2,0.8,,278
4/1/1995,Bury,E08000002,41127,18.5,,1.7,,,231,73715,19.2,1.3,,44270,18,1.8,,33036,18,1.8,,29498,22.6,1.8,,,,,,,,,,,,,,,,,,,,54747,19.7,1.7,,39,41035,18.5,1.7,,192
5/1/1995,Bury,E08000002,41537,18.7,,1,,,276,74229,19.3,0.7,,44643,18.2,0.8,,33448,18.2,1.2,,29821,22.9,1.1,,,,,,,,,,,,,,,,,,,,55092,19.9,0.6,,40,41464,18.7,1,,236
6/1/1995,Bury,E08000002,41211,18.5,,-0.8,,,297,73694,19.2,-0.7,,44406,18.1,-0.5,,33092,18,-1.1,,29663,22.8,-0.5,,,,,,,,,,,,,,,,,,,,54600,19.7,-0.9,,52,41145,18.5,-0.8,,245
7/1/1995,Bury,E08000002,41049,18.5,,-0.4,,,231,73644,19.2,-0.1,,44268,18,-0.3,,32914,17.9,-0.5,,29380,22.6,-1,,,,,,,,,,,,,,,,,,,,54386,19.6,-0.4,,25,40982,18.4,-0.4,,206
8/1/1995,Bury,E08000002,40519,18.2,,-1.3,,,237,73341,19.1,-0.4,,43701,17.8,-1.3,,32391,17.7,-1.6,,28811,22.1,-1.9,,,,,,,,,,,,,,,,,,,,53781,19.4,-1.1,,22,40444,18.2,-1.3,,215
9/1/1995,Bury,E08000002,40481,18.2,,-0.1,,,250,73395,19.1,0.1,,43615,17.8,-0.2,,32395,17.7,0,,28582,21.9,-0.8,,,,,,,,,,,,,,,,,,,,53453,19.3,-0.6,,23,40434,18.2,0,,227
10/1/1995,Bury,E08000002,40122,18,,-0.9,,,186,72777,19,-0.8,,43310,17.6,-0.7,,32029,17.5,-1.1,,28465,21.8,-0.4,,,,,,,,,,,,,,,,,,,,53253,19.2,-0.4,,12,40048,18,-1,,174
11/1/1995,Bury,E08000002,40489,18.2,,0.9,,,221,73376,19.1,0.8,,43748,17.8,1,,32277,17.6,0.8,,28954,22.2,1.7,,,,,,,,,,,,,,,,,,,,54002,19.5,1.4,,12,40389,18.2,0.9,,209
12/1/1995,Bury,E08000002,41411,18.6,,2.3,,,277,74957,19.5,2.2,,44808,18.2,2.4,,32969,18,2.1,,29738,22.8,2.7,,,,,,,,,,,,,,,,,,,,55721,20.1,3.2,,45,41260,18.6,2.2,,232
1/1/1996,Bury,E08000002,40917,18.4,,-1.2,2.3,,152,74409,19.4,-0.7,2.2,44274,18,-1.2,3.4,32524,17.7,-1.3,1.3,29291,22.5,-1.5,2,,,,,,,,,,,,,,,,,,,55557,20,-0.3,4.8,12,40719,18.3,-1.3,1.9,140
2/1/1996,Bury,E08000002,40574,18.2,,-0.8,1.2,,165,73747,19.2,-0.9,1.9,43955,17.9,-0.7,1.8,32237,17.6,-0.9,0.4,28966,22.2,-1.1,0.8,,,,,,,,,,,,,,,,,,,55564,20,0,4.2,18,40332,18.2,-1,0.8,147
3/1/1996,Bury,E08000002,40657,18.3,,0.2,0.6,,262,74095,19.3,0.5,1.8,44099,18,0.3,1.4,32241,17.6,0,-0.7,28958,22.2,0,-0.1,,,,,,,,,,,,,,,,,,,56110,20.2,1,4.2,26,40372,18.2,0.1,0.1,236
4/1/1996,Bury,E08000002,40740,18.3,,0.2,-0.9,,233,73904,19.3,-0.3,0.3,44111,18,0,-0.4,32410,17.7,0.5,-1.9,29094,22.3,0.5,-1.4,,,,,,,,,,,,,,,,,,,56052,20.2,-0.1,2.4,23,40467,18.2,0.2,-1.4,210
5/1/1996,Bury,E08000002,41403,18.6,,1.6,-0.3,,261,74863,19.5,1.3,0.9,44696,18.2,1.3,0.1,33065,18,2,-1.1,29602,22.7,1.7,-0.7,,,,,,,,,,,,,,,,,,,56394,20.3,0.6,2.4,32,41169,18.5,1.7,-0.7,229
6/1/1996,Bury,E08000002,41112,18.5,,-0.7,-0.2,,270,74213,19.3,-0.9,0.7,44295,18,-0.9,-0.2,32892,17.9,-0.5,-0.6,29606,22.7,0,-0.2,,,,,,,,,,,,,,,,,,,55781,20.1,-1.1,2.2,38,40897,18.4,-0.7,-0.6,232
7/1/1996,Bury,E08000002,40943,18.4,,-0.4,-0.3,,300,74139,19.3,-0.1,0.7,44162,18,-0.3,-0.2,32693,17.8,-0.6,-0.7,29383,22.6,-0.8,0,,,,,,,,,,,,,,,,,,,55382,20,-0.7,1.8,12,40742,18.3,-0.4,-0.6,288
8/1/1996,Bury,E08000002,40785,18.3,,-0.4,0.7,,280,74404,19.4,0.4,1.4,44019,17.9,-0.3,0.7,32462,17.7,-0.7,0.2,29123,22.4,-0.9,1.1,,,,,,,,,,,,,,,,,,,55301,19.9,-0.1,2.8,20,40574,18.3,-0.4,0.3,260
9/1/1996,Bury,E08000002,41269,18.6,,1.2,1.9,,267,75839,19.8,1.9,3.3,44520,18.1,1.1,2.1,32785,17.9,1,1.2,29219,22.4,0.3,2.2,,,,,,,,,,,,,,,,,,,55756,20.1,0.8,4.3,25,41071,18.5,1.2,1.6,242
10/1/1996,Bury,E08000002,41953,18.9,,1.7,4.6,,286,77214,20.1,1.8,6.1,45277,18.4,1.7,4.5,33304,18.2,1.6,4,29620,22.7,1.4,4.1,,,,,,,,,,,,,,,,,,,56638,20.4,1.6,6.4,18,41755,18.8,1.7,4.3,268
11/1/1996,Bury,E08000002,42080,18.9,,0.3,3.9,,250,77257,20.1,0.1,5.3,45443,18.5,0.4,3.9,33416,18.2,0.3,3.5,29757,22.8,0.5,2.8,,,,,,,,,,,,,,,,,,,56781,20.5,0.3,5.1,25,41884,18.8,0.3,3.7,225
12/1/1996,Bury,E08000002,41541,18.7,,-1.3,0.3,,322,75908,19.8,-1.7,1.3,44931,18.3,-1.1,0.3,33019,18,-1.2,0.2,29267,22.5,-1.6,-1.6,,,,,,,,,,,,,,,,,,,55944,20.2,-1.5,0.4,42,41356,18.6,-1.3,0.2,280
1/1/1997,Bury,E08000002,42161,19,,1.5,3,,248,77123,20.1,1.6,3.6,45587,18.6,1.5,3,33511,18.3,1.5,3,29663,22.8,1.4,1.3,,,,,,,,,,,,,,,,,,,56567,20.4,1.1,1.8,12,41990,18.9,1.5,3.1,236
2/1/1997,Bury,E08000002,42262,19,,0.2,4.2,,255,77571,20.2,0.6,5.2,45727,18.6,0.3,4,33530,18.3,0.1,4,29666,22.8,0,2.4,,,,,,,,,,,,,,,,,,,56811,20.5,0.4,2.2,15,42089,18.9,0.2,4.4,240
3/1/1997,Bury,E08000002,42025,18.9,,-0.6,3.4,,231,77261,20.1,-0.4,4.3,45382,18.5,-0.8,2.9,33363,18.2,-0.5,3.5,29595,22.7,-0.2,2.2,,,,,,,,,,,,,,,,,,,56679,20.4,-0.2,1,19,41845,18.8,-0.6,3.6,212
4/1/1997,Bury,E08000002,42026,18.9,,0,3.2,,254,76901,20,-0.5,4.1,45383,18.5,0,2.9,33426,18.2,0.2,3.1,29614,22.7,0.1,1.8,,,,,,,,,,,,,,,,,,,56816,20.5,0.2,1.4,11,41839,18.8,0,3.4,243
5/1/1997,Bury,E08000002,43091,19.4,,2.5,4.1,,267,78604,20.5,2.2,5,46558,19,2.6,4.2,34315,18.7,2.7,3.8,30239,23.2,2.1,2.2,,,,,,,,,,,,,,,,,,,57993,20.9,2.1,2.8,18,42912,19.3,2.6,4.2,249
6/1/1997,Bury,E08000002,44282,19.9,,2.8,7.7,,314,80919,21.1,2.9,9,47875,19.5,2.8,8.1,35241,19.2,2.7,7.1,30871,23.7,2.1,4.3,,,,,,,,,,,,,,,,,,,59160,21.3,2,6.1,29,44119,19.9,2.8,7.9,285
7/1/1997,Bury,E08000002,44693,20.1,,0.9,9.2,,280,81985,21.4,1.3,10.6,48320,19.7,0.9,9.4,35536,19.4,0.8,8.7,30944,23.8,0.2,5.3,,,,,,,,,,,,,,,,,,,59334,21.4,0.3,7.1,13,44547,20,1,9.3,267
8/1/1997,Bury,E08000002,43883,19.7,,-1.8,7.6,,330,80906,21.1,-1.3,8.7,47429,19.3,-1.8,7.7,34841,19,-2,7.3,30282,23.2,-2.1,4,,,,,,,,,,,,,,,,,,,57980,20.9,-2.3,4.8,16,43753,19.7,-1.8,7.8,314
9/1/1997,Bury,E08000002,43543,19.6,,-0.8,5.5,,244,80461,21,-0.6,6.1,47089,19.2,-0.7,5.8,34527,18.8,-0.9,5.3,29994,23,-0.9,2.7,,,,,,,,,,,,,,,,,,,57634,20.8,-0.6,3.4,14,43409,19.5,-0.8,5.7,230
10/1/1997,Bury,E08000002,43019,19.3,,-1.2,2.5,,309,79616,20.8,-1,3.1,46587,19,-1.1,2.9,34049,18.6,-1.4,2.2,29642,22.8,-1.2,0.1,,,,,,,,,,,,,,,,,,,56949,20.5,-1.2,0.5,13,42886,19.3,-1.2,2.7,296
11/1/1997,Bury,E08000002,43120,19.4,,0.2,2.5,,236,79798,20.8,0.2,3.3,46702,19,0.2,2.8,34128,18.6,0.2,2.1,29693,22.8,0.2,-0.2,,,,,,,,,,,,,,,,,,,57202,20.6,0.4,0.7,19,42980,19.3,0.2,2.6,217
12/1/1997,Bury,E08000002,42957,19.3,,-0.4,3.4,,349,79425,20.7,-0.5,4.6,46625,19,-0.2,3.8,33954,18.5,-0.5,2.8,29550,22.7,-0.5,1,,,,,,,,,,,,,,,,,,,57134,20.6,-0.1,2.1,35,42811,19.3,-0.4,3.5,314
1/1/1998,Bury,E08000002,43480,19.6,,1.2,3.1,,233,80680,21,1.6,4.6,47123,19.2,1.1,3.4,34365,18.7,1.2,2.5,29880,22.9,1.1,0.7,,,,,,,,,,,,,,,,,,,58394,21.1,2.2,3.2,13,43306,19.5,1.2,3.1,220
2/1/1998,Bury,E08000002,43499,19.6,,0,2.9,,200,80665,21,0,4,47219,19.2,0.2,3.3,34325,18.7,-0.1,2.4,30040,23.1,0.5,1.3,,,,,,,,,,,,,,,,,,,59116,21.3,1.2,4.1,16,43287,19.5,0,2.8,184
3/1/1998,Bury,E08000002,43050,19.4,,-1,2.4,,276,79900,20.8,-0.9,3.4,46736,19,-1,3,33966,18.5,-1,1.8,29671,22.8,-1.2,0.3,,,,,,,,,,,,,,,,,,,58861,21.2,-0.4,3.8,34,42822,19.3,-1.1,2.3,242
4/1/1998,Bury,E08000002,43011,19.3,,-0.1,2.3,,260,79404,20.7,-0.6,3.3,46759,19,0.1,3,33978,18.5,0,1.7,29597,22.7,-0.2,-0.1,,,,,,,,,,,,,,,,,,,58607,21.1,-0.4,3.2,22,42796,19.3,-0.1,2.3,238
5/1/1998,Bury,E08000002,43217,19.4,,0.5,0.3,,284,79533,20.7,0.2,1.2,46923,19.1,0.3,0.8,34253,18.7,0.8,-0.2,29564,22.7,-0.1,-2.2,,,,,,,,,,,,,,,,,,,58358,21,-0.4,0.6,25,43036,19.4,0.6,0.3,259
6/1/1998,Bury,E08000002,44249,19.9,,2.4,-0.1,,333,81418,21.2,2.4,0.6,48019,19.5,2.3,0.3,35073,19.1,2.4,-0.5,30380,23.3,2.8,-1.6,,,,,,,,,,,,,,,,,,,59447,21.4,1.9,0.5,33,44084,19.8,2.4,-0.1,300
7/1/1998,Bury,E08000002,44651,20.1,,0.9,-0.1,,331,82410,21.5,1.2,0.5,48461,19.7,0.9,0.3,35340,19.3,0.8,-0.6,30654,23.5,0.9,-0.9,,,,,,,,,,,,,,,,,,,59933,21.6,0.8,1,31,44488,20,0.9,-0.1,300
8/1/1998,Bury,E08000002,44654,20.1,,0,1.8,,286,82901,21.6,0.6,2.5,48437,19.7,-0.1,2.1,35277,19.2,-0.2,1.3,30590,23.5,-0.2,1,,,,,,,,,,,,,,,,,,,60057,21.7,0.2,3.6,17,44483,20,0,1.7,269
9/1/1998,Bury,E08000002,44309,19.9,,-0.8,1.8,,298,82504,21.5,-0.5,2.5,48011,19.5,-0.9,2,35007,19.1,-0.8,1.4,30226,23.2,-1.2,0.8,,,,,,,,,,,,,,,,,,,59437,21.4,-1,3.1,30,44150,19.9,-0.8,1.7,268
10/1/1998,Bury,E08000002,44224,19.9,,-0.2,2.8,,299,82535,21.5,0,3.7,47935,19.5,-0.2,2.9,34882,19,-0.4,2.4,30265,23.2,0.1,2.1,,,,,,,,,,,,,,,,,,,59473,21.5,0.1,4.4,20,44056,19.8,-0.2,2.7,279
11/1/1998,Bury,E08000002,44889,20.2,,1.5,4.1,,292,83823,21.8,1.6,5,48741,19.8,1.7,4.4,35327,19.3,1.3,3.5,30828,23.7,1.9,3.8,,,,,,,,,,,,,,,,,,,60591,21.9,1.9,5.9,20,44703,20.1,1.5,4,272
12/1/1998,Bury,E08000002,44429,20,,-1,3.4,,291,82685,21.6,-1.4,4.1,48334,19.7,-0.8,3.7,34938,19,-1.1,2.9,30673,23.5,-0.5,3.8,,,,,,,,,,,,,,,,,,,60389,21.8,-0.3,5.7,30,44217,19.9,-1.1,3.3,261
1/1/1999,Bury,E08000002,44296,19.9,,-0.3,1.9,,198,82405,21.5,-0.3,2.1,48196,19.6,-0.3,2.3,34846,19,-0.3,1.4,30515,23.4,-0.5,2.1,,,,,,,,,,,,,,,,,,,60613,21.9,0.4,3.8,18,44058,19.8,-0.4,1.7,180
2/1/1999,Bury,E08000002,43517,19.6,,-1.8,0,,236,80879,21.1,-1.9,0.3,47386,19.3,-1.7,0.4,34235,18.7,-1.8,-0.3,29935,23,-1.9,-0.4,,,,,,,,,,,,,,,,,,,59639,21.5,-1.6,0.9,15,43278,19.5,-1.8,0,221
3/1/1999,Bury,E08000002,44183,19.9,,1.5,2.6,,313,82385,21.5,1.9,3.1,48091,19.6,1.5,2.9,34729,18.9,1.4,2.2,30373,23.3,1.5,2.4,,,,,,,,,,,,,,,,,,,60568,21.8,1.6,2.9,40,43939,19.8,1.5,2.6,273
4/1/1999,Bury,E08000002,44160,19.9,,-0.1,2.7,,312,81917,21.4,-0.6,3.2,48045,19.6,-0.1,2.7,34811,19,0.2,2.4,30387,23.3,0,2.7,,,,,,,,,,,,,,,,,,,59975,21.6,-1,2.3,24,43954,19.8,0,2.7,288
5/1/1999,Bury,E08000002,44538,20,,0.9,3.1,,282,82380,21.5,0.6,3.6,48405,19.7,0.8,3.2,35189,19.2,1.1,2.7,30651,23.5,0.9,3.7,,,,,,,,,,,,,,,,,,,60313,21.8,0.6,3.4,23,44342,20,0.9,3,259
6/1/1999,Bury,E08000002,44602,20.1,,0.1,0.8,,315,82389,21.5,0,1.2,48442,19.7,0.1,0.9,35290,19.2,0.3,0.6,30626,23.5,-0.1,0.8,,,,,,,,,,,,,,,,,,,60218,21.7,-0.2,1.3,42,44418,20,0.2,0.8,273
7/1/1999,Bury,E08000002,45146,20.3,,1.2,1.1,,393,83778,21.8,1.7,1.7,48998,19.9,1.1,1.1,35671,19.4,1.1,0.9,30916,23.7,0.9,0.9,,,,,,,,,,,,,,,,,,,61059,22,1.4,1.9,26,44954,20.2,1.2,1,367
8/1/1999,Bury,E08000002,45684,20.5,,1.2,2.3,,382,85014,22.2,1.5,2.5,49504,20.2,1,2.2,36101,19.7,1.2,2.3,31206,24,0.9,2,,,,,,,,,,,,,,,,,,,61549,22.2,0.8,2.5,24,45505,20.5,1.2,2.3,358
9/1/1999,Bury,E08000002,46510,20.9,,1.8,5,,310,86852,22.6,2.2,5.3,50318,20.5,1.6,4.8,36736,20,1.8,4.9,31780,24.4,1.8,5.1,,,,,,,,,,,,,,,,,,,62460,22.5,1.5,5.1,31,46342,20.9,1.8,5,279
10/1/1999,Bury,E08000002,47337,21.3,,1.8,7,,352,88504,23.1,1.9,7.2,51324,20.9,2,7.1,37276,20.3,1.5,6.9,32535,25,2.4,7.5,,,,,,,,,,,,,,,,,,,63582,22.9,1.8,6.9,31,47164,21.2,1.8,7.1,321
11/1/1999,Bury,E08000002,47903,21.5,,1.2,6.7,,380,89493,23.3,1.1,6.8,51992,21.2,1.3,6.7,37685,20.5,1.1,6.7,33080,25.4,1.7,7.3,,,,,,,,,,,,,,,,,,,64268,23.2,1.1,6.1,29,47734,21.5,1.2,6.8,351
12/1/1999,Bury,E08000002,48162,21.7,,0.5,8.4,,333,89680,23.4,0.2,8.5,52361,21.3,0.7,8.3,37879,20.6,0.5,8.4,33430,25.7,1.1,9,,,,,,,,,,,,,,,,,,,64936,23.4,1,7.5,34,47970,21.6,0.5,8.5,299
1/1/2000,Bury,E08000002,46923,21.1,,-2.6,5.9,,242,87481,22.8,-2.5,6.2,50973,20.7,-2.6,5.8,36926,20.1,-2.5,6,32405,24.9,-3.1,6.2,,,,,,,,,,,,,,,,,,,63241,22.8,-2.6,4.3,9,46738,21,-2.6,6.1,233
2/1/2000,Bury,E08000002,46093,20.7,,-1.8,5.9,,273,86125,22.4,-1.6,6.5,50099,20.4,-1.7,5.7,36222,19.7,-1.9,5.8,31755,24.4,-2,6.1,,,,,,,,,,,,,,,,,,,62670,22.6,-0.9,5.1,23,45882,20.6,-1.8,6,250
3/1/2000,Bury,E08000002,45601,20.5,,-1.1,3.2,,329,85335,22.2,-0.9,3.6,49622,20.2,-1,3.2,35800,19.5,-1.2,3.1,31123,23.9,-2,2.5,,,,,,,,,,,,,,,,,,,62012,22.4,-1,2.4,29,45395,20.4,-1.1,3.3,300
4/1/2000,Bury,E08000002,46926,21.1,,2.9,6.3,,312,87434,22.8,2.5,6.7,51046,20.8,2.9,6.2,36904,20.1,3.1,6,32185,24.7,3.4,5.9,,,,,,,,,,,,,,,,,,,63730,23,2.8,6.3,20,46717,21,2.9,6.3,292
5/1/2000,Bury,E08000002,48496,21.8,,3.3,8.9,,346,90266,23.5,3.2,9.6,52842,21.5,3.5,9.2,38098,20.8,3.2,8.3,33338,25.6,3.6,8.8,,,,,,,,,,,,,,,,,,,65599,23.7,2.9,8.8,23,48293,21.7,3.4,8.9,323
6/1/2000,Bury,E08000002,49583,22.3,,2.2,11.2,,379,92156,24,2.1,11.9,54091,22,2.4,11.7,38917,21.2,2.2,10.3,34294,26.3,2.9,12,,,,,,,,,,,,,,,,,,,66752,24.1,1.8,10.9,39,49390,22.2,2.3,11.2,340
7/1/2000,Bury,E08000002,50316,22.6,,1.5,11.5,,352,94193,24.5,2.2,12.4,54996,22.4,1.7,12.2,39329,21.4,1.1,10.3,34605,26.6,0.9,11.9,,,,,,,,,,,,,,,,,,,67843,24.5,1.6,11.1,14,50115,22.6,1.5,11.5,338
8/1/2000,Bury,E08000002,50690,22.8,,0.7,11,,309,95501,24.9,1.4,12.3,55518,22.6,0.9,12.1,39444,21.5,0.3,9.3,34904,26.8,0.9,11.9,,,,,,,,,,,,,,,,,,,68630,24.8,1.2,11.5,14,50475,22.7,0.7,10.9,295
9/1/2000,Bury,E08000002,50596,22.8,,-0.2,8.8,,349,96106,25,0.6,10.7,55349,22.5,-0.3,10,39271,21.4,-0.4,6.9,34804,26.7,-0.3,9.5,,,,,,,,,,,,,,,,,,,68721,24.8,0.1,10,20,50372,22.7,-0.2,8.7,329
10/1/2000,Bury,E08000002,50917,22.9,,0.6,7.6,,300,96776,25.2,0.7,9.3,55825,22.7,0.9,8.8,39422,21.5,0.4,5.8,35172,27,1.1,8.1,,,,,,,,,,,,,,,,,,,69411,25,1,9.2,6,50680,22.8,0.6,7.5,294
11/1/2000,Bury,E08000002,50648,22.8,,-0.5,5.7,,327,96279,25.1,-0.5,7.6,55459,22.6,-0.7,6.7,39244,21.4,-0.5,4.1,35064,26.9,-0.3,6,,,,,,,,,,,,,,,,,,,69179,25,-0.3,7.6,7,50406,22.7,-0.5,5.6,320
12/1/2000,Bury,E08000002,51048,23,,0.8,6,,325,96627,25.2,0.4,7.7,56003,22.8,1,7,39548,21.6,0.8,4.4,35529,27.3,1.3,6.3,,,,,,,,,,,,,,,,,,,70172,25.3,1.4,8.1,18,50785,22.9,0.8,5.9,307
1/1/2001,Bury,E08000002,51304,23.1,,0.5,9.3,,236,97091,25.3,0.5,11,56208,22.9,0.4,10.3,39789,21.7,0.6,7.8,35741,27.4,0.6,10.3,,,,,,,,,,,,,,,,,,,71232,25.7,1.5,12.6,6,51009,23,0.4,9.1,230
2/1/2001,Bury,E08000002,50679,22.8,,-1.2,9.9,,246,95749,25,-1.4,11.2,55554,22.6,-1.2,10.9,39318,21.4,-1.2,8.5,35253,27.1,-1.4,11,,,,,,,,,,,,,,,,,,,70999,25.6,-0.3,13.3,6,50361,22.7,-1.3,9.8,240
3/1/2001,Bury,E08000002,50779,22.8,,0.2,11.4,,318,96065,25,0.3,12.6,55684,22.7,0.2,12.2,39383,21.5,0.2,10,35112,27,-0.4,12.8,,,,,,,,,,,,,,,,,,,71232,25.7,0.3,14.9,18,50454,22.7,0.2,11.1,300
4/1/2001,Bury,E08000002,51771,23.3,,2,10.3,,322,97743,25.5,1.7,11.8,56656,23.1,1.7,11,40259,21.9,2.2,9.1,35821,27.5,2,11.3,,,,,,,,,,,,,,,,,,,72318,26.1,1.5,13.5,14,51451,23.2,2,10.1,308
5/1/2001,Bury,E08000002,53465,24,,3.3,10.2,,314,100574,26.2,2.9,11.4,58494,23.8,3.2,10.7,41654,22.7,3.5,9.3,36996,28.4,3.3,11,,,,,,,,,,,,,,,,,,,73657,26.6,1.9,12.3,9,53172,23.9,3.3,10.1,305
6/1/2001,Bury,E08000002,55276,24.9,,3.4,11.5,,345,103777,27,3.2,12.6,60466,24.6,3.4,11.8,43070,23.5,3.4,10.7,38541,29.6,4.2,12.4,,,,,,,,,,,,,,,,,,,76220,27.5,3.5,14.2,20,54970,24.7,3.4,11.3,325
7/1/2001,Bury,E08000002,55192,24.8,,-0.2,9.7,,413,103801,27.1,0,10.2,60484,24.6,0,10,42911,23.4,-0.4,9.1,38418,29.5,-0.3,11,,,,,,,,,,,,,,,,,,,75912,27.4,-0.4,11.9,29,54894,24.7,-0.1,9.5,384
8/1/2001,Bury,E08000002,57029,25.7,,3.3,12.5,,421,107826,28.1,3.9,12.9,62398,25.4,3.2,12.4,44289,24.1,3.2,12.3,39743,30.5,3.4,13.9,,,,,,,,,,,,,,,,,,,79040,28.5,4.1,15.2,19,56699,25.5,3.3,12.3,402
9/1/2001,Bury,E08000002,57448,25.8,,0.7,13.5,,326,109182,28.5,1.3,13.6,62701,25.5,0.5,13.3,44614,24.3,0.7,13.6,39979,30.7,0.6,14.9,,,,,,,,,,,,,,,,,,,79909,28.8,1.1,16.3,25,57105,25.7,0.7,13.4,301
10/1/2001,Bury,E08000002,57745,26,,0.5,13.4,,355,109615,28.6,0.4,13.3,63046,25.7,0.6,12.9,44833,24.4,0.5,13.7,40365,31,1,14.8,,,,,,,,,,,,,,,,,,,80839,29.2,1.2,16.5,19,57382,25.8,0.5,13.2,336
11/1/2001,Bury,E08000002,57433,25.8,,-0.5,13.4,,416,108806,28.4,-0.7,13,62831,25.6,-0.3,13.3,44538,24.3,-0.7,13.5,40247,30.9,-0.3,14.8,,,,,,,,,,,,,,,,,,,80442,29,-0.5,16.3,19,57070,25.7,-0.5,13.2,397
12/1/2001,Bury,E08000002,58141,26.2,,1.2,13.9,,361,109606,28.6,0.7,13.4,63806,26,1.6,13.9,45020,24.5,1.1,13.8,41083,31.5,2.1,15.6,,,,,,,,,,,,,,,,,,,81659,29.5,1.5,16.4,23,57766,26,1.2,13.7,338
1/1/2002,Bury,E08000002,58634,26.4,,0.8,14.3,,264,110693,28.8,1,14,64364,26.2,0.9,14.5,45350,24.7,0.7,14,41517,31.9,1.1,16.2,,,,,,,,,,,,,,,,,,,82555,29.8,1.1,15.9,19,58248,26.2,0.8,14.2,245
2/1/2002,Bury,E08000002,58944,26.5,,0.5,16.3,,322,111257,29,0.5,16.2,64605,26.3,0.4,16.3,45648,24.9,0.7,16.1,41799,32.1,0.7,18.6,,,,,,,,,,,,,,,,,,,84012,30.3,1.8,18.3,19,58520,26.3,0.5,16.2,303
3/1/2002,Bury,E08000002,60037,27,,1.9,18.2,,379,113210,29.5,1.8,17.8,65779,26.8,1.8,18.1,46553,25.4,2,18.2,42389,32.5,1.4,20.7,,,,,,,,,,,,,,,,,,,85408,30.8,1.7,19.9,25,59611,26.8,1.9,18.1,354
4/1/2002,Bury,E08000002,61735,27.8,,2.8,19.2,,359,115857,30.2,2.3,18.5,67603,27.5,2.8,19.3,47954,26.1,3,19.1,43904,33.7,3.6,22.6,,,,,,,,,,,,,,,,,,,87782,31.7,2.8,21.4,25,61298,27.6,2.8,19.1,334
5/1/2002,Bury,E08000002,64303,28.9,,4.2,20.3,,469,120135,31.3,3.7,19.4,70559,28.7,4.4,20.6,49946,27.2,4.2,19.9,45841,35.2,4.4,23.9,,,,,,,,,,,,,,,,,,,90241,32.5,2.8,22.5,44,63890,28.8,4.2,20.2,425
6/1/2002,Bury,E08000002,65242,29.3,,1.5,18,,391,121888,31.8,1.5,17.5,71518,29.1,1.4,18.3,50692,27.6,1.5,17.7,46732,35.9,1.9,21.3,,,,,,,,,,,,,,,,,,,91532,33,1.4,20.1,42,64825,29.2,1.5,17.9,349
7/1/2002,Bury,E08000002,67997,30.6,,4.2,23.2,,458,127318,33.2,4.5,22.7,74519,30.3,4.2,23.2,52829,28.8,4.2,23.1,48416,37.2,3.6,26,,,,,,,,,,,,,,,,,,,94539,34.1,3.3,24.5,63,67592,30.4,4.3,23.1,395
8/1/2002,Bury,E08000002,69196,31.1,,1.8,21.3,,455,129752,33.8,1.9,20.3,75794,30.9,1.7,21.5,53750,29.3,1.7,21.4,49263,37.8,1.8,24,,,,,,,,,,,,,,,,,,,96123,34.7,1.7,21.6,21,68787,31,1.8,21.3,434
9/1/2002,Bury,E08000002,71072,32,,2.7,23.7,,384,133447,34.8,2.8,22.2,77975,31.7,2.9,24.4,55132,30.1,2.6,23.6,50323,38.6,2.2,25.9,,,,,,,,,,,,,,,,,,,97884,35.3,1.8,22.5,37,70683,31.8,2.8,23.8,347
10/1/2002,Bury,E08000002,71252,32,,0.3,23.4,,403,133554,34.8,0.1,21.8,78344,31.9,0.5,24.3,55185,30.1,0.1,23.1,50630,38.9,0.6,25.4,,,,,,,,,,,,,,,,,,,98145,35.4,0.3,21.4,45,70862,31.9,0.3,23.5,358
11/1/2002,Bury,E08000002,72147,32.5,,1.3,25.6,,412,135349,35.3,1.3,24.4,79298,32.3,1.2,26.2,55856,30.5,1.2,25.4,51400,39.5,1.5,27.7,,,,,,,,,,,,,,,,,,,98935,35.7,0.8,23,33,71767,32.3,1.3,25.8,379
12/1/2002,Bury,E08000002,73411,33,,1.8,26.3,,389,137130,35.7,1.3,25.1,80784,32.9,1.9,26.6,56841,31,1.8,26.3,52650,40.4,2.4,28.2,,,,,,,,,,,,,,,,,,,100665,36.3,1.7,23.3,55,73025,32.9,1.8,26.4,334
1/1/2003,Bury,E08000002,74249,33.4,,1.1,26.6,,295,138524,36.1,1,25.1,81524,33.2,0.9,26.7,57627,31.4,1.4,27.1,53320,40.9,1.3,28.4,,,,,,,,,,,,,,,,,,,101122,36.5,0.5,22.5,24,73884,33.3,1.2,26.8,271
2/1/2003,Bury,E08000002,75464,33.9,,1.6,28,,322,140085,36.5,1.1,25.9,83059,33.8,1.9,28.6,58561,31.9,1.6,28.3,54321,41.7,1.9,30,,,,,,,,,,,,,,,,,,,102833,37.1,1.7,22.4,35,75091,33.8,1.6,28.3,287
3/1/2003,Bury,E08000002,75320,33.9,,-0.2,25.5,,385,139937,36.5,-0.1,23.6,82846,33.7,-0.3,25.9,58461,31.9,-0.2,25.6,54208,41.6,-0.2,27.9,,,,,,,,,,,,,,,,,,,102944,37.1,0.1,20.5,56,74936,33.7,-0.2,25.7,329
4/1/2003,Bury,E08000002,77659,34.9,,3.1,25.8,,366,143759,37.5,2.7,24.1,85723,34.9,3.5,26.8,60165,32.8,2.9,25.5,56066,43,3.4,27.7,,,,,,,,,,,,,,,,,,,106569,38.4,3.5,21.4,44,77248,34.8,3.1,26,322
5/1/2003,Bury,E08000002,79098,35.6,,1.9,23,,369,146320,38.1,1.8,21.8,87310,35.5,1.9,23.7,61336,33.4,1.9,22.8,56824,43.6,1.4,24,,,,,,,,,,,,,,,,,,,108311,39.1,1.6,20,27,78688,35.4,1.9,23.2,342
6/1/2003,Bury,E08000002,81779,36.8,,3.4,25.3,,350,150474,39.2,2.8,23.5,90210,36.7,3.3,26.1,63581,34.7,3.7,25.4,58931,45.2,3.7,26.1,,,,,,,,,,,,,,,,,,,111635,40.3,3.1,22,40,81367,36.6,3.4,25.5,310
7/1/2003,Bury,E08000002,84080,37.8,,2.8,23.7,,419,154222,40.2,2.5,21.1,92708,37.7,2.8,24.4,65517,35.7,3,24,60369,46.3,2.4,24.7,,,,,,,,,,,,,,,,,,,114581,41.3,2.6,21.2,40,83664,37.7,2.8,23.8,379
8/1/2003,Bury,E08000002,86880,39.1,,3.3,25.6,,427,158826,41.4,3,22.4,95720,39,3.2,26.3,67821,37,3.5,26.2,62578,48,3.7,27,,,,,,,,,,,,,,,,,,,117978,42.6,3,22.7,42,86466,38.9,3.3,25.7,385
9/1/2003,Bury,E08000002,87846,39.5,,1.1,23.6,,404,160504,41.8,1.1,20.3,96772,39.4,1.1,24.1,68650,37.4,1.2,24.5,62890,48.3,0.5,25,,,,,,,,,,,,,,,,,,,118476,42.7,0.4,21,17,87458,39.4,1.1,23.7,387
10/1/2003,Bury,E08000002,88810,39.9,,1.1,24.6,,476,161875,42.2,0.9,21.2,97710,39.8,1,24.7,69539,37.9,1.3,26,63698,48.9,1.3,25.8,,,,,,,,,,,,,,,,,,,119221,43,0.6,21.5,37,88437,39.8,1.1,24.8,439
11/1/2003,Bury,E08000002,89852,40.4,,1.2,24.5,,441,163356,42.6,0.9,20.7,98849,40.2,1.2,24.7,70440,38.4,1.3,26.1,64453,49.5,1.2,25.4,,,,,,,,,,,,,,,,,,,120438,43.4,1,21.7,37,89482,40.3,1.2,24.7,404
12/1/2003,Bury,E08000002,92840,41.8,,3.3,26.5,,483,167210,43.6,2.4,21.9,102061,41.5,3.2,26.3,73067,39.8,3.7,28.5,67186,51.6,4.2,27.6,,,,,,,,,,,,,,,,,,,124151,44.8,3.1,23.3,38,92469,41.6,3.3,26.6,445
1/1/2004,Bury,E08000002,93996,42.3,,1.2,26.6,,376,169046,44.1,1.1,22,103159,42,1.1,26.5,74117,40.4,1.4,28.6,68144,52.3,1.4,27.8,,,,,,,,,,,,,,,,,,,125965,45.4,1.5,24.6,20,93610,42.1,1.2,26.7,356
2/1/2004,Bury,E08000002,93914,42.2,,-0.1,24.4,,326,167962,43.8,-0.6,19.9,102830,41.9,-0.3,23.8,74279,40.5,0.2,26.8,68375,52.5,0.3,25.9,,,,,,,,,,,,,,,,,,,126748,45.7,0.6,23.3,16,93462,42.1,-0.2,24.5,310
3/1/2004,Bury,E08000002,94446,42.5,,0.6,25.4,,400,169025,44.1,0.6,20.8,103204,42,0.4,24.6,74728,40.7,0.6,27.8,68631,52.7,0.4,26.6,,,,,,,,,,,,,,,,,,,128444,46.3,1.3,24.8,28,93936,42.3,0.5,25.4,372
4/1/2004,Bury,E08000002,96876,43.6,,2.6,24.7,,455,171312,44.6,1.4,19.2,105724,43,2.4,23.3,77034,42,3.1,28,70253,53.9,2.4,25.3,,,,,,,,,,,,,,,,,,,130713,47.1,1.8,22.7,41,96454,43.4,2.7,24.9,414
5/1/2004,Bury,E08000002,100160,45.1,,3.4,26.6,,428,175262,45.7,2.3,19.8,109007,44.4,3.1,24.9,80026,43.6,3.9,30.5,72807,55.9,3.6,28.1,,,,,,,,,,,,,,,,,,,134347,48.5,2.8,24,44,99800,44.9,3.5,26.8,384
6/1/2004,Bury,E08000002,104166,46.9,,4,27.4,,458,180676,47.1,3.1,20.1,113235,46.1,3.9,25.5,83469,45.5,4.3,31.3,75953,58.3,4.3,28.9,,,,,,,,,,,,,,,,,,,139706,50.4,4,25.1,57,103792,46.7,4,27.6,401
7/1/2004,Bury,E08000002,106716,48,,2.4,26.9,,496,184605,48.1,2.2,19.7,116008,47.2,2.4,25.1,85597,46.7,2.5,30.6,77747,59.7,2.4,28.8,,,,,,,,,,,,,,,,,,,142535,51.4,2,24.4,37,106392,47.9,2.5,27.2,459
8/1/2004,Bury,E08000002,109813,49.4,,2.9,26.4,,458,190361,49.6,3.1,19.9,119420,48.6,2.9,24.8,88072,48,2.9,29.9,79649,61.1,2.4,27.3,,,,,,,,,,,,,,,,,,,145743,52.6,2.3,23.5,48,109571,49.3,3,26.7,410
9/1/2004,Bury,E08000002,111804,50.3,,1.8,27.3,,422,194189,50.6,2,21,121433,49.4,1.7,25.5,89745,48.9,1.9,30.7,80849,62.1,1.5,28.6,,,,,,,,,,,,,,,,,,,147382,53.2,1.1,24.4,64,111654,50.2,1.9,27.7,358
10/1/2004,Bury,E08000002,113779,51.2,,1.8,28.1,,390,197733,51.5,1.8,22.2,123362,50.2,1.6,26.3,91320,49.8,1.8,31.3,82794,63.6,2.4,30,,,,,,,,,,,,,,,,,,,151064,54.5,2.5,26.7,69,113520,51.1,1.7,28.4,321
11/1/2004,Bury,E08000002,116247,52.3,,2.2,29.4,,342,201559,52.5,1.9,23.4,125838,51.2,2,27.3,93341,50.9,2.2,32.5,85235,65.4,2.9,32.2,,,,,,,,,,,,,,,,,,,155270,56,2.8,28.9,44,115892,52.2,2.1,29.5,298
12/1/2004,Bury,E08000002,118811,53.4,,2.2,28,,338,204897,53.4,1.7,22.5,128364,52.3,2,25.8,95567,52.1,2.4,30.8,87722,67.3,2.9,30.6,,,,,,,,,,,,,,,,,,,159949,57.7,3,28.8,66,118327,53.3,2.1,28,272
1/1/2005,Bury,E08000002,118266,53.2,,-0.5,25.8,,207,203727,53.1,-0.6,20.5,127494,51.9,-0.7,23.6,95280,51.9,-0.3,28.6,87457,67.1,-0.3,28.3,,,,,,,,,,,,,,,,,,,160551,57.9,0.4,27.5,14,117655,52.9,-0.6,25.7,193
2/1/2005,Bury,E08000002,115160,51.8,,-2.6,22.6,,234,198130,51.6,-2.7,18,124238,50.6,-2.6,20.8,92757,50.6,-2.6,24.9,85120,65.3,-2.7,24.5,,,,,,,,,,,,,,,,,,,157988,57,-1.6,24.6,14,114403,51.5,-2.8,22.4,220
3/1/2005,Bury,E08000002,112892,50.8,,-2,19.5,,261,194316,50.6,-1.9,15,121964,49.6,-1.8,18.2,90898,49.6,-2,21.6,83072,63.8,-2.4,21,,,,,,,,,,,,,,,,,,,155649,56.1,-1.5,21.2,51,112073,50.4,-2,19.3,210
4/1/2005,Bury,E08000002,115951,52.2,,2.7,19.7,,310,198360,51.7,2.1,15.8,125430,51.1,2.8,18.6,93433,50.9,2.8,21.3,85387,65.5,2.8,21.5,,,,,,,,,,,,,,,,,,,160868,58,3.4,23.1,26,115008,51.8,2.6,19.2,284
5/1/2005,Bury,E08000002,119156,53.6,,2.8,19,,287,203508,53,2.6,16.1,128636,52.4,2.6,18,96231,52.5,3,20.2,87663,67.3,2.7,20.4,,,,,,,,,,,,,,,,,,,164984,59.5,2.6,22.8,31,118221,53.2,2.8,18.5,256
6/1/2005,Bury,E08000002,122461,55.1,,2.8,17.6,,339,207544,54.1,2,14.9,131932,53.7,2.6,16.5,99259,54.1,3.1,18.9,90192,69.2,2.9,18.7,,,,,,,,,,,,,,,,,,,169085,61,2.5,21,90,121549,54.7,2.8,17.1,249
7/1/2005,Bury,E08000002,124334,55.9,,1.5,16.5,,343,210701,54.9,1.5,14.1,133944,54.5,1.5,15.5,100882,55,1.6,17.9,91241,70,1.2,17.4,,,,,,,,,,,,,,,,,,,170314,61.4,0.7,19.5,32,123546,55.6,1.6,16.1,311
8/1/2005,Bury,E08000002,125857,56.6,,1.2,14.6,,322,213110,55.5,1.1,12,135393,55.1,1.1,13.4,102291,55.8,1.4,16.1,92218,70.8,1.1,15.8,,,,,,,,,,,,,,,,,,,171990,62,1,18,26,125102,56.3,1.3,14.2,296
9/1/2005,Bury,E08000002,126541,56.9,,0.5,13.2,,333,214893,56,0.8,10.7,135916,55.3,0.4,11.9,102900,56.1,0.6,14.7,92623,71.1,0.4,14.6,,,,,,,,,,,,,,,,,,,172872,62.3,0.5,17.3,50,125787,56.6,0.5,12.7,283
10/1/2005,Bury,E08000002,125370,56.4,,-0.9,10.2,,275,212626,55.4,-1.1,7.5,134174,54.6,-1.3,8.8,102117,55.7,-0.8,11.8,92225,70.8,-0.4,11.4,,,,,,,,,,,,,,,,,,,171973,62,-0.5,13.8,24,124550,56.1,-1,9.7,251
11/1/2005,Bury,E08000002,124769,56.1,,-0.5,7.3,,289,211135,55,-0.7,4.8,133494,54.3,-0.5,6.1,101638,55.4,-0.5,8.9,92048,70.7,-0.2,8,,,,,,,,,,,,,,,,,,,171840,62,-0.1,10.7,19,123883,55.8,-0.5,6.9,270
12/1/2005,Bury,E08000002,125219,56.3,,0.4,5.4,,389,210786,54.9,-0.2,2.9,133779,54.5,0.2,4.2,102093,55.7,0.4,6.8,93008,71.4,1,6,,,,,,,,,,,,,,,,,,,173278,62.5,0.8,8.3,62,124246,55.9,0.3,5,327
1/1/2006,Bury,E08000002,123462,55.5,,-1.4,4.4,,295,207919,54.2,-1.4,2.1,131894,53.7,-1.4,3.5,100745,54.9,-1.3,5.7,91395,70.2,-1.7,4.5,,,,,,,,,,,,,,,,,,,170777,61.6,-1.4,6.4,39,122510,55.1,-1.4,4.1,256
2/1/2006,Bury,E08000002,123741,55.7,,0.2,7.5,,250,207565,54.1,-0.2,4.8,131911,53.7,0,6.2,101134,55.1,0.4,9,91871,70.5,0.5,7.9,,,,,,,,,,,,,,,,,,,171861,62,0.6,8.8,23,122703,55.2,0.2,7.3,227
3/1/2006,Bury,E08000002,124514,56,,0.6,10.3,,386,209540,54.6,1,7.8,132929,54.1,0.8,9,101743,55.5,0.6,11.9,91808,70.5,-0.1,10.5,,,,,,,,,,,,,,,,,,,172797,62.3,0.5,11,87,123480,55.6,0.6,10.2,299
4/1/2006,Bury,E08000002,127359,57.3,,2.3,9.8,,329,213291,55.6,1.8,7.5,136009,55.4,2.3,8.4,104228,56.8,2.4,11.6,93876,72.1,2.3,9.9,,,,,,,,,,,,,,,,,,,176727,63.7,2.3,9.9,47,126304,56.8,2.3,9.8,282
5/1/2006,Bury,E08000002,130391,58.6,,2.4,9.4,,353,218219,56.9,2.3,7.2,139471,56.8,2.5,8.4,106781,58.2,2.4,11,95670,73.4,1.9,9.1,,,,,,,,,,,,,,,,,,,179751,64.8,1.7,9,52,129445,58.3,2.5,9.5,301
6/1/2006,Bury,E08000002,129927,58.4,,-0.4,6.1,,508,216421,56.4,-0.8,4.3,139011,56.6,-0.3,5.4,106589,58.1,-0.2,7.4,95237,73.1,-0.5,5.6,,,,,,,,,,,,,,,,,,,178305,64.3,-0.8,5.5,88,129078,58.1,-0.3,6.2,420
7/1/2006,Bury,E08000002,130824,58.8,,0.7,5.2,,334,218026,56.8,0.7,3.5,139843,56.9,0.6,4.4,107596,58.7,0.9,6.7,95378,73.2,0.1,4.5,,,,,,,,,,,,,,,,,,,178059,64.2,-0.1,4.5,42,130142,58.6,0.8,5.3,292
8/1/2006,Bury,E08000002,130729,58.8,,-0.1,3.9,,323,218387,56.9,0.2,2.5,139776,56.9,0,3.2,107710,58.7,0.1,5.3,94578,72.6,-0.8,2.6,,,,,,,,,,,,,,,,,,,176223,63.6,-1,2.5,30,130248,58.6,0.1,4.1,293
9/1/2006,Bury,E08000002,130259,58.6,,-0.4,2.9,,414,218503,56.9,0.1,1.7,139287,56.7,-0.4,2.5,107393,58.5,-0.3,4.4,93679,71.9,-1,1.1,,,,,,,,,,,,,,,,,,,174546,63,-1,1,33,129902,58.5,-0.3,3.3,381
10/1/2006,Bury,E08000002,130220,58.6,,0,3.9,,391,218713,57,0.1,2.9,139317,56.7,0,3.8,107170,58.4,-0.2,4.9,93898,72.1,0.2,1.8,,,,,,,,,,,,,,,,,,,174767,63,0.1,1.6,26,129831,58.4,-0.1,4.2,365
11/1/2006,Bury,E08000002,130601,58.7,,0.3,4.7,,413,219222,57.1,0.2,3.8,139740,56.9,0.3,4.7,107486,58.6,0.3,5.8,94198,72.3,0.3,2.3,,,,,,,,,,,,,,,,,,,175205,63.2,0.3,2,56,130220,58.6,0.3,5.1,357
12/1/2006,Bury,E08000002,132765,59.7,,1.7,6,,401,221549,57.7,1.1,5.1,141822,57.7,1.5,6,109474,59.7,1.9,7.2,96128,73.8,2,3.4,,,,,,,,,,,,,,,,,,,178407,64.3,1.8,3,69,132343,59.6,1.6,6.5,332
1/1/2007,Bury,E08000002,133826,60.2,,0.8,8.4,,274,223221,58.2,0.8,7.4,142849,58.1,0.7,8.3,110498,60.2,0.9,9.7,96725,74.2,0.6,5.8,,,,,,,,,,,,,,,,,,,179684,64.8,0.7,5.2,39,133417,60,0.8,8.9,235
2/1/2007,Bury,E08000002,133325,60,,-0.4,7.7,,313,222228,57.9,-0.4,7.1,142179,57.9,-0.5,7.8,110024,60,-0.4,8.8,96824,74.3,0.1,5.4,,,,,,,,,,,,,,,,,,,179711,64.8,0,4.6,35,132839,59.8,-0.4,8.3,278
3/1/2007,Bury,E08000002,133927,60.2,,0.5,7.6,,332,223935,58.4,0.8,6.9,142933,58.2,0.5,7.5,110477,60.2,0.4,8.6,96870,74.4,0,5.5,,,,,,,,,,,,,,,,,,,179769,64.8,0,4,25,133502,60.1,0.5,8.1,307
4/1/2007,Bury,E08000002,133705,60.1,,-0.2,5,,322,222821,58.1,-0.5,4.5,142608,58,-0.2,4.9,110536,60.3,0.1,6.1,96463,74,-0.4,2.8,,,,,,,,,,,,,,,,,,,178360,64.3,-0.8,0.9,28,133369,60,-0.1,5.6,294
5/1/2007,Bury,E08000002,135119,60.8,,1.1,3.6,,365,224135,58.4,0.6,2.7,143928,58.6,0.9,3.2,111981,61,1.3,4.9,97422,74.8,1,1.8,,,,,,,,,,,,,,,,,,,180344,65,1.1,0.3,27,134771,60.7,1.1,4.1,338
6/1/2007,Bury,E08000002,136811,61.5,,1.3,5.3,,351,226422,59,1,4.6,145467,59.2,1.1,4.6,113526,61.9,1.4,6.5,98878,75.9,1.5,3.8,,,,,,,,,,,,,,,,,,,182793,65.9,1.4,2.5,44,136444,61.4,1.2,5.7,307
7/1/2007,Bury,E08000002,139379,62.7,,1.9,6.5,,364,231289,60.3,2.1,6.1,148118,60.3,1.8,5.9,115589,63,1.8,7.4,100806,77.4,2,5.7,,,,,,,,,,,,,,,,,,,187082,67.5,2.3,5.1,22,138937,62.5,1.8,6.8,342
8/1/2007,Bury,E08000002,140519,63.2,,0.8,7.5,,412,234469,61.1,1.4,7.4,149470,60.8,0.9,6.9,116574,63.6,0.9,8.2,100771,77.4,0,6.5,,,,,,,,,,,,,,,,,,,186579,67.3,-0.3,5.9,29,140236,63.1,0.9,7.7,383
9/1/2007,Bury,E08000002,139867,62.9,,-0.5,7.4,,306,234294,61.1,-0.1,7.2,148755,60.6,-0.5,6.8,115989,63.2,-0.5,8,100089,76.8,-0.7,6.8,,,,,,,,,,,,,,,,,,,185220,66.8,-0.7,6.1,21,139624,62.8,-0.4,7.5,285
10/1/2007,Bury,E08000002,139512,62.8,,-0.3,7.1,,374,234347,61.1,0,7.1,148299,60.4,-0.3,6.4,115608,63,-0.3,7.9,99951,76.7,-0.1,6.4,,,,,,,,,,,,,,,,,,,184342,66.5,-0.5,5.5,28,139302,62.7,-0.2,7.3,346
11/1/2007,Bury,E08000002,139447,62.7,,0,6.8,,351,234398,61.1,0,6.9,148114,60.3,-0.1,6,115396,62.9,-0.2,7.4,100480,77.1,0.5,6.7,,,,,,,,,,,,,,,,,,,185216,66.8,0.5,5.7,28,139160,62.6,-0.1,6.9,323
12/1/2007,Bury,E08000002,141530,63.7,,1.5,6.6,,280,237496,61.9,1.3,7.2,150290,61.2,1.5,6,117067,63.8,1.4,6.9,102353,78.6,1.9,6.5,,,,,,,,,,,,,,,,,,,188820,68.1,1.9,5.8,31,141172,63.5,1.4,6.7,249
1/1/2008,Bury,E08000002,140045,63,,-1,4.6,,187,235158,61.3,-1,5.3,148644,60.5,-1.1,4.1,115790,63.1,-1.1,4.8,101476,77.9,-0.9,4.9,,,,,,,,,,,,,,,,,,,187278,67.5,-0.8,4.2,13,139657,62.9,-1.1,4.7,174
2/1/2008,Bury,E08000002,139781,62.9,,-0.2,4.8,,226,234841,61.2,-0.1,5.7,148353,60.4,-0.2,4.3,115502,63,-0.2,5,101444,77.9,0,4.8,,,,,,,,,,,,,,,,,,,188754,68.1,0.8,5,22,139256,62.7,-0.3,4.8,204
3/1/2008,Bury,E08000002,135026,60.7,,-3.4,0.8,,198,227698,59.3,-3,1.7,143595,58.5,-3.2,0.5,111498,60.8,-3.5,0.9,97360,74.7,-4,0.5,,,,,,,,,,,,,,,,,,,182308,65.8,-3.4,1.4,20,134521,60.5,-3.4,0.8,178
4/1/2008,Bury,E08000002,134101,60.3,,-0.7,0.3,,212,226593,59.1,-0.5,1.7,142700,58.1,-0.6,0.1,110730,60.4,-0.7,0.2,96337,73.9,-1.1,-0.1,,,,,,,,,,,,,,,,,,,181585,65.5,-0.4,1.8,15,133561,60.1,-0.7,0.1,197
5/1/2008,Bury,E08000002,132987,59.8,,-0.8,-1.6,,203,224300,58.5,-1,0.1,141662,57.7,-0.7,-1.6,109962,59.9,-0.7,-1.8,95007,72.9,-1.4,-2.5,,,,,,,,,,,,,,,,,,,178758,64.5,-1.6,-0.9,12,132547,59.7,-0.8,-1.7,191
6/1/2008,Bury,E08000002,134535,60.5,,1.2,-1.7,,178,226379,59,0.9,0,143305,58.3,1.2,-1.5,111321,60.7,1.2,-1.9,96140,73.8,1.2,-2.8,,,,,,,,,,,,,,,,,,,180602,65.1,1,-1.2,11,134108,60.4,1.2,-1.7,167
7/1/2008,Bury,E08000002,135981,61.2,,1.1,-2.4,,179,228638,59.6,1,-1.1,145276,59.1,1.4,-1.9,112416,61.3,1,-2.7,96790,74.3,0.7,-4,,,,,,,,,,,,,,,,,,,180964,65.3,0.2,-3.3,10,135667,61.1,1.2,-2.4,169
8/1/2008,Bury,E08000002,134905,60.7,,-0.8,-4,,143,227318,59.2,-0.6,-3.1,144153,58.7,-0.8,-3.6,111491,60.8,-0.8,-4.4,95857,73.6,-1,-4.9,,,,,,,,,,,,,,,,,,,178053,64.2,-1.6,-4.6,6,134703,60.6,-0.7,-3.9,137
9/1/2008,Bury,E08000002,132976,59.8,,-1.4,-4.9,,118,226340,59,-0.4,-3.4,142022,57.8,-1.5,-4.5,109618,59.8,-1.7,-5.5,94414,72.5,-1.5,-5.7,,,,,,,,,,,,,,,,,,,175001,63.1,-1.7,-5.5,4,132815,59.8,-1.4,-4.9,114
10/1/2008,Bury,E08000002,128152,57.6,,-3.6,-8.1,,133,218762,57,-3.3,-6.7,136770,55.7,-3.7,-7.8,105539,57.5,-3.7,-8.7,91180,70,-3.4,-8.8,,,,,,,,,,,,,,,,,,,168636,60.8,-3.6,-8.5,14,127998,57.6,-3.6,-8.1,119
11/1/2008,Bury,E08000002,127440,57.3,,-0.6,-8.6,,118,217988,56.8,-0.4,-7,136165,55.4,-0.4,-8.1,104688,57.1,-0.8,-9.3,90985,69.8,-0.2,-9.4,,,,,,,,,,,,,,,,,,,169142,61,0.3,-8.7,17,127178,57.2,-0.6,-8.6,101
12/1/2008,Bury,E08000002,125938,56.6,,-1.2,-11,,125,214086,55.8,-1.8,-9.9,134647,54.8,-1.1,-10.4,103654,56.5,-1,-11.5,89769,68.9,-1.3,-12.3,,,,,,,,,,,,,,,,,,,166539,60.1,-1.5,-11.8,32,125726,56.6,-1.1,-10.9,93
1/1/2009,Bury,E08000002,126977,57.1,,0.8,-9.3,,73,216457,56.4,1.1,-8,135580,55.2,0.7,-8.8,104469,57,0.8,-9.8,90674,69.6,1,-10.6,,,,,,,,,,,,,,,,,,,168526,60.8,1.2,-10,2,126717,57,0.8,-9.3,71
2/1/2009,Bury,E08000002,123685,55.6,,-2.6,-11.5,,63,210954,55,-2.5,-10.2,132040,53.7,-2.6,-11,101775,55.5,-2.6,-11.9,88359,67.8,-2.6,-12.9,,,,,,,,,,,,,,,,,,,163948,59.1,-2.7,-13.1,3,123448,55.6,-2.6,-11.4,60
3/1/2009,Bury,E08000002,120069,54,,-2.9,-11.1,,98,205157,53.5,-2.7,-9.9,128288,52.2,-2.8,-10.7,98583,53.7,-3.1,-11.6,86214,66.2,-2.4,-11.4,,,,,,,,,,,,,,,,,,,160582,57.9,-2.1,-11.9,1,119761,53.9,-3,-11,97
4/1/2009,Bury,E08000002,117139,52.7,,-2.4,-12.6,,90,198950,51.9,-3,-12.2,125428,51.1,-2.2,-12.1,96275,52.5,-2.3,-13.1,83897,64.4,-2.7,-12.9,,,,,,,,,,,,,,,,,,,156494,56.4,-2.5,-13.8,1,116842,52.6,-2.4,-12.5,89
5/1/2009,Bury,E08000002,117533,52.9,,0.3,-11.6,,117,198954,51.9,0,-11.3,125958,51.3,0.4,-11.1,96791,52.8,0.5,-12,83612,64.2,-0.3,-12,,,,,,,,,,,,,,,,,,,155734,56.2,-0.5,-12.9,2,117262,52.8,0.4,-11.5,115
6/1/2009,Bury,E08000002,117681,52.9,,0.1,-12.5,,137,198897,51.8,0,-12.1,126178,51.4,0.2,-12,97073,52.9,0.3,-12.8,83080,63.8,-0.6,-13.6,,,,,,,,,,,,,,,,,,,154142,55.6,-1,-14.7,4,117447,52.9,0.2,-12.4,133
7/1/2009,Bury,E08000002,118317,53.2,,0.5,-13,,168,200077,52.1,0.6,-12.5,126881,51.6,0.6,-12.7,97697,53.3,0.6,-13.1,82879,63.6,-0.2,-14.4,,,,,,,,,,,,,,,,,,,153662,55.4,-0.3,-15.1,3,118109,53.2,0.6,-12.9,165
8/1/2009,Bury,E08000002,118013,53.1,,-0.3,-12.5,,133,200314,52.2,0.1,-11.9,126561,51.5,-0.3,-12.2,97358,53.1,-0.3,-12.7,82197,63.1,-0.8,-14.3,,,,,,,,,,,,,,,,,,,152147,54.9,-1,-14.5,,117829,53,-0.2,-12.5,133
9/1/2009,Bury,E08000002,118972,53.5,,0.8,-10.5,,135,202300,52.7,1,-10.6,127645,52,0.9,-10.1,98089,53.5,0.8,-10.5,82522,63.3,0.4,-12.6,,,,,,,,,,,,,,,,,,,153253,55.3,0.7,-12.4,16,118789,53.5,0.8,-10.6,119
10/1/2009,Bury,E08000002,119494,53.7,,0.4,-6.8,,179,203385,53,0.5,-7,128298,52.2,0.5,-6.2,98473,53.7,0.4,-6.7,82518,63.3,0,-9.5,,,,,,,,,,,,,,,,,,,153112,55.2,-0.1,-9.2,8,119328,53.7,0.5,-6.8,171
11/1/2009,Bury,E08000002,120775,54.3,,1.1,-5.2,,182,205568,53.6,1.1,-5.7,129541,52.7,1,-4.9,99688,54.3,1.2,-4.8,83208,63.9,0.8,-8.5,,,,,,,,,,,,,,,,,,,154825,55.8,1.1,-8.5,2,120606,54.3,1.1,-5.2,180
12/1/2009,Bury,E08000002,123779,55.7,,2.5,-1.7,,214,209366,54.6,1.8,-2.2,132741,54,2.5,-1.4,102548,55.9,2.9,-1.1,85113,65.3,2.3,-5.2,,,,,,,,,,,,,,,,,,,157643,56.9,1.8,-5.3,2,123627,55.6,2.5,-1.7,212
1/1/2010,Bury,E08000002,125573,56.5,,1.4,-1.1,,77,213409,55.6,1.9,-1.4,134864,54.9,1.6,-0.5,103775,56.6,1.2,-0.7,85655,65.7,0.6,-5.5,,,,,,,,,,,,,,,,,,,157707,56.9,0,-6.4,6,125468,56.5,1.5,-1,71
2/1/2010,Bury,E08000002,125325,56.4,,-0.2,1.3,,115,212986,55.5,-0.2,1,134947,54.9,0.1,2.2,103308,56.3,-0.5,1.5,85232,65.4,-0.5,-3.5,,,,,,,,,,,,,,,,,,,157510,56.8,-0.1,-3.9,2,125192,56.3,-0.2,1.4,113
3/1/2010,Bury,E08000002,123479,55.5,,-1.5,2.8,,152,211710,55.2,-0.6,3.2,133110,54.2,-1.4,3.8,101197,55.2,-2,2.7,83932,64.4,-1.5,-2.6,,,,,,,,,,,,,,,,,,,155759,56.2,-1.1,-3,8,123307,55.5,-1.5,3,144
4/1/2010,Bury,E08000002,122807,55.2,,-0.5,4.8,,134,209596,54.6,-1,5.4,132366,53.9,-0.6,5.5,100781,54.9,-0.4,4.7,83895,64.4,0,0,,,,,,,,,,,,,,,,,,,156275,56.4,0.3,-0.1,5,122591,55.2,-0.6,4.9,129
5/1/2010,Bury,E08000002,125402,56.4,,2.1,6.7,,140,213975,55.8,2.1,7.5,134988,54.9,2,7.2,103044,56.2,2.2,6.5,85711,65.8,2.2,2.5,,,,,,,,,,,,,,,,,,,158525,57.2,1.4,1.8,7,125215,56.4,2.1,6.8,133
6/1/2010,Bury,E08000002,128149,57.6,,2.2,8.9,,133,217843,56.8,1.8,9.5,137888,56.1,2.1,9.3,105612,57.6,2.5,8.8,87146,66.9,1.7,4.9,,,,,,,,,,,,,,,,,,,160700,58,1.4,4.3,14,128001,57.6,2.2,9,119
7/1/2010,Bury,E08000002,127771,57.5,,-0.3,8,,221,217780,56.8,0,8.8,137430,55.9,-0.3,8.3,105300,57.4,-0.3,7.8,86475,66.4,-0.8,4.3,,,,,,,,,,,,,,,,,,,159175,57.4,-0.9,3.6,8,127658,57.5,-0.3,8.1,213
8/1/2010,Bury,E08000002,126264,56.8,,-1.2,7,,174,216008,56.3,-0.8,7.8,136210,55.4,-0.9,7.6,103715,56.5,-1.5,6.5,84825,65.1,-1.9,3.2,,,,,,,,,,,,,,,,,,,156984,56.6,-1.4,3.2,8,126162,56.8,-1.2,7.1,166
9/1/2010,Bury,E08000002,123060,55.4,,-2.5,3.4,,167,211800,55.2,-1.9,4.7,132797,54.1,-2.5,4,100837,55,-2.8,2.8,82372,63.2,-2.9,-0.2,,,,,,,,,,,,,,,,,,,153432,55.3,-2.3,0.1,8,122946,55.3,-2.5,3.5,159
10/1/2010,Bury,E08000002,122460,55.1,,-0.5,2.5,,164,211280,55.1,-0.2,3.9,132267,53.8,-0.4,3.1,100125,54.6,-0.7,1.7,82089,63,-0.3,-0.5,,,,,,,,,,,,,,,,,,,154723,55.8,0.8,1.1,7,122281,55,-0.5,2.5,157
11/1/2010,Bury,E08000002,121374,54.6,,-0.9,0.5,,157,209860,54.7,-0.7,2.1,130883,53.3,-1,1,99226,54.1,-0.9,-0.5,81712,62.7,-0.5,-1.8,,,,,,,,,,,,,,,,,,,154178,55.6,-0.4,-0.4,5,121169,54.5,-0.9,0.5,152
12/1/2010,Bury,E08000002,119650,53.8,,-1.4,-3.3,,132,206646,53.9,-1.5,-1.3,129231,52.6,-1.3,-2.6,97687,53.3,-1.6,-4.7,80665,61.9,-1.3,-5.2,,,,,,,,,,,,,,,,,,,153181,55.2,-0.6,-2.8,8,119409,53.7,-1.5,-3.4,124
1/1/2011,Bury,E08000002,119542,53.8,,-0.1,-4.8,,131,207023,54,0.2,-3,129087,52.5,-0.1,-4.3,97506,53.2,-0.2,-6,80572,61.8,-0.1,-5.9,,,,,,,,,,,,,,,,,,,153826,55.5,0.4,-2.5,7,119277,53.7,-0.1,-4.9,124
2/1/2011,Bury,E08000002,118879,53.5,,-0.6,-5.1,,118,206142,53.7,-0.4,-3.2,128135,52.2,-0.7,-5,96937,52.8,-0.6,-6.2,80460,61.8,-0.1,-5.6,,,,,,,,,,,,,,,,,,,155407,56.1,1,-1.3,7,118502,53.3,-0.6,-5.3,111
3/1/2011,Bury,E08000002,118891,53.5,,0,-3.7,,184,207336,54,0.6,-2.1,127997,52.1,-0.1,-3.8,96827,52.8,-0.1,-4.3,80350,61.7,-0.1,-4.3,,,,,,,,,,,,,,,,,,,155903,56.2,0.3,0.1,31,118485,53.3,0,-3.9,153
4/1/2011,Bury,E08000002,119623,53.8,,0.6,-2.6,,164,208173,54.3,0.4,-0.7,128558,52.3,0.4,-2.9,97473,53.1,0.7,-3.3,81455,62.5,1.4,-2.9,,,,,,,,,,,,,,,,,,,158662,57.2,1.8,1.5,16,119103,53.6,0.5,-2.8,148
5/1/2011,Bury,E08000002,119822,53.9,,0.2,-4.4,,153,207670,54.1,-0.2,-2.9,128924,52.5,0.3,-4.5,97588,53.2,0.1,-5.3,81956,62.9,0.6,-4.4,,,,,,,,,,,,,,,,,,,159814,57.6,0.7,0.8,10,119247,53.7,0.1,-4.8,143
6/1/2011,Bury,E08000002,120694,54.3,,0.7,-5.8,,186,207654,54.1,0,-4.7,130087,53,0.9,-5.7,98416,53.7,0.8,-6.8,82709,63.5,0.9,-5.1,,,,,,,,,,,,,,,,,,,160672,57.9,0.5,0,20,120134,54.1,0.7,-6.1,166
7/1/2011,Bury,E08000002,118134,53.1,,-2.1,-7.5,,176,203041,52.9,-2.2,-6.8,127536,51.9,-2,-7.2,96336,52.5,-2.1,-8.5,80626,61.9,-2.5,-6.8,,,,,,,,,,,,,,,,,,,155852,56.2,-3,-2.1,9,117673,53,-2,-7.8,167
8/1/2011,Bury,E08000002,117677,52.9,,-0.4,-6.8,,159,202768,52.8,-0.1,-6.1,127338,51.8,-0.2,-6.5,96061,52.4,-0.3,-7.4,79083,60.7,-1.9,-6.8,,,,,,,,,,,,,,,,,,,152499,55,-2.2,-2.9,8,117389,52.8,-0.2,-7,151
9/1/2011,Bury,E08000002,120057,54,,2,-2.4,,159,207663,54.1,2.4,-2,129812,52.8,1.9,-2.2,98034,53.4,2.1,-2.8,80299,61.6,1.5,-2.5,,,,,,,,,,,,,,,,,,,155038,55.9,1.7,1,10,119797,53.9,2.1,-2.6,149
10/1/2011,Bury,E08000002,123370,55.5,,2.8,0.7,,165,214042,55.8,3.1,1.3,133649,54.4,3,1,100600,54.8,2.6,0.5,81987,62.9,2.1,-0.1,,,,,,,,,,,,,,,,,,,158723,57.2,2.4,2.6,11,123141,55.4,2.8,0.7,154
11/1/2011,Bury,E08000002,123132,55.4,,-0.2,1.4,,155,213796,55.7,-0.1,1.9,133378,54.3,-0.2,1.9,100234,54.6,-0.4,1,82241,63.1,0.3,0.6,,,,,,,,,,,,,,,,,,,159267,57.4,0.3,3.3,11,122849,55.3,-0.2,1.4,144
12/1/2011,Bury,E08000002,119918,53.9,,-2.6,0.2,,146,207604,54.1,-2.9,0.5,130042,52.9,-2.5,0.6,97602,53.2,-2.6,-0.1,80225,61.6,-2.5,-0.5,,,,,,,,,,,,,,,,,,,155314,56,-2.5,1.4,10,119629,53.8,-2.6,0.2,136
1/1/2012,Bury,E08000002,116196,52.3,,-3.1,-2.8,,119,200534,52.3,-3.4,-3.1,126100,51.3,-3,-2.3,94821,51.7,-2.8,-2.8,77227,59.3,-3.7,-4.2,110780,51.8,,,33,114687,50.9,,,86,99949,51.1,,,134175,51.3,,,149112,53.8,-4,-3.1,6,116005,52.2,-3,-2.7,113
2/1/2012,Bury,E08000002,113638,51.1,,-2.2,-4.4,,128,195635,51,-2.4,-5.1,123228,50.2,-2.3,-3.8,93093,50.8,-1.8,-4,75236,57.8,-2.6,-6.5,109770,51.3,-0.9,,43,113630,50.4,-0.9,,85,99108,50.6,-0.8,,132880,50.8,-1,,144668,52.2,-3,-6.9,7,113531,51.1,-2.1,-4.2,121
3/1/2012,Bury,E08000002,114032,51.3,,0.3,-4.1,,187,195559,51,0,-5.7,123580,50.3,0.3,-3.5,93829,51.2,0.8,-3.1,75164,57.7,-0.1,-6.5,111119,52,1.2,,49,114965,51,1.2,,138,100457,51.3,1.4,,134330,51.3,1.1,,144539,52.1,-0.1,-7.3,24,113972,51.3,0.4,-3.8,163
4/1/2012,Bury,E08000002,115472,51.9,,1.3,-3.5,,145,198097,51.6,1.3,-4.8,125089,50.9,1.2,-2.7,94910,51.7,1.2,-2.6,76666,58.8,2,-5.9,112500,52.6,1.2,,47,116426,51.7,1.3,,98,101708,52,1.2,,136039,52,1.3,,146910,53,1.6,-7.4,19,115379,51.9,1.2,-3.1,126
5/1/2012,Bury,E08000002,118157,53.1,,2.3,-1.4,,146,202662,52.8,2.3,-2.4,128119,52.2,2.4,-0.6,97066,52.9,2.3,-0.5,78309,60.1,2.1,-4.4,115127,53.8,2.3,,44,119128,52.9,2.3,,102,104058,53.2,2.3,,139214,53.2,2.3,,150276,54.2,2.3,-6,10,118064,53.1,2.3,-1,136
6/1/2012,Bury,E08000002,121065,54.5,,2.5,0.3,,131,207730,54.1,2.5,0,131279,53.4,2.5,0.9,99430,54.2,2.4,1,80247,61.6,2.5,-3,117867,55.1,2.4,,34,122102,54.2,2.5,,97,106552,54.4,2.4,,142694,54.5,2.5,,153366,55.3,2.1,-4.5,14,121006,54.5,2.5,0.7,117
7/1/2012,Bury,E08000002,121759,54.8,,0.6,3.1,,186,208542,54.4,0.4,2.7,131868,53.7,0.4,3.4,100295,54.7,0.9,4.1,80323,61.7,0.1,-0.4,118538,55.4,0.6,,58,122805,54.5,0.6,,128,107192,54.8,0.6,,143489,54.8,0.6,,152725,55.1,-0.4,-2,11,121788,54.8,0.6,3.5,175
8/1/2012,Bury,E08000002,120898,54.4,,-0.7,2.7,,179,206679,53.9,-0.9,1.9,130806,53.2,-0.8,2.7,99785,54.4,-0.5,3.9,79694,61.2,-0.8,0.8,117661,55,-0.7,,53,121953,54.1,-0.7,,126,106477,54.4,-0.7,,142440,54.4,-0.7,,150932,54.4,-1.2,-1,5,120968,54.4,-0.7,3,174
9/1/2012,Bury,E08000002,119177,53.6,,-1.4,-0.7,,122,204731,53.4,-0.9,-1.4,128929,52.5,-1.4,-0.7,98202,53.5,-1.6,0.2,78315,60.1,-1.7,-2.5,115992,54.3,-1.4,,37,120214,53.4,-1.4,,85,104889,53.6,-1.5,,140470,53.7,-1.4,,148269,53.5,-1.8,-4.4,3,119276,53.7,-1.4,-0.4,119
10/1/2012,Bury,E08000002,118299,53.2,,-0.7,-4.1,,179,203131,52.9,-0.8,-5.1,128115,52.2,-0.6,-4.1,97359,53.1,-0.9,-3.2,77914,59.8,-0.5,-5,115099,53.8,-0.8,,62,119346,53,-0.7,,117,104147,53.2,-0.7,,139411,53.3,-0.8,,149078,53.8,0.5,-6.1,3,118287,53.2,-0.8,-3.9,176
11/1/2012,Bury,E08000002,119200,53.6,,0.8,-3.2,,183,205043,53.4,0.9,-4.1,129143,52.6,0.8,-3.2,98016,53.4,0.7,-2.2,78330,60.1,0.5,-4.8,115965,54.2,0.8,,56,120258,53.4,0.8,,127,104917,53.6,0.7,,140489,53.7,0.8,,151472,54.6,1.6,-4.9,12,119115,53.6,0.7,-3,171
12/1/2012,Bury,E08000002,117857,53,,-1.1,-1.7,,134,202345,52.7,-1.3,-2.5,127704,52,-1.1,-1.8,96938,52.8,-1.1,-0.7,77675,59.6,-0.8,-3.2,114596,53.6,-1.2,,40,118932,52.8,-1.1,,94,103767,53,-1.1,,138882,53.1,-1.1,,151686,54.7,0.1,-2.3,11,117664,53,-1.2,-1.6,123
1/1/2013,Bury,E08000002,115279,51.9,,-2.2,-0.8,,122,198389,51.7,-2,-1.1,125137,50.9,-2,-0.8,94687,51.6,-2.3,-0.1,75349,57.8,-3,-2.4,112072,52.4,-2.2,1.2,41,116338,51.6,-2.2,1.4,81,101411,51.8,-2.3,1.5,135913,51.9,-2.1,1.3,146971,53,-3.1,-1.4,3,115170,51.8,-2.1,-0.7,119
2/1/2013,Bury,E08000002,113684,51.1,,-1.4,0,,126,195855,51,-1.3,0.1,123450,50.3,-1.3,0.2,93393,50.9,-1.4,0.3,73815,56.7,-2,-1.9,110506,51.7,-1.4,0.7,36,114737,50.9,-1.4,1,90,100004,51.1,-1.4,0.9,134026,51.2,-1.4,0.9,143497,51.8,-2.4,-0.8,10,113660,51.2,-1.3,0.1,116
3/1/2013,Bury,E08000002,114091,51.3,,0.4,0.1,,155,197189,51.4,0.7,0.8,123953,50.5,0.4,0.3,93679,51.1,0.3,-0.2,73375,56.3,-0.6,-2.4,110958,51.9,0.4,-0.1,53,115122,51.1,0.3,0.1,102,100314,51.3,0.3,-0.1,134534,51.4,0.4,0.2,142866,51.5,-0.4,-1.2,12,114128,51.4,0.4,0.1,143
4/1/2013,Bury,E08000002,116087,52.2,,1.7,0.5,,137,200355,52.2,1.6,1.1,125930,51.3,1.6,0.7,95502,52.1,1.9,0.6,74703,57.3,1.8,-2.6,112895,52.8,1.7,0.4,43,117138,52,1.8,0.6,94,102145,52.2,1.8,0.4,136819,52.3,1.7,0.6,146406,52.8,2.5,-0.3,9,116061,52.2,1.7,0.6,128
5/1/2013,Bury,E08000002,118265,53.2,,1.9,0.1,,185,203691,53.1,1.7,0.5,128378,52.3,1.9,0.2,97297,53,1.9,0.2,76230,58.5,2,-2.7,114981,53.8,1.8,-0.1,46,119350,53,1.9,0.2,139,104054,53.2,1.9,0,139393,53.3,1.9,0.1,149471,53.9,2.1,-0.5,12,118220,53.2,1.9,0.1,173
6/1/2013,Bury,E08000002,118122,53.1,,-0.1,-2.4,,205,202567,52.8,-0.6,-2.5,128236,52.2,-0.1,-2.3,97357,53.1,0.1,-2.1,76190,58.5,-0.1,-5.1,114806,53.7,-0.2,-2.6,56,119221,52.9,-0.1,-2.4,149,104014,53.1,0,-2.4,139149,53.2,-0.2,-2.5,148817,53.7,-0.4,-3,33,118106,53.2,-0.1,-2.4,172
7/1/2013,Bury,E08000002,120437,54.2,,2,-1.1,,199,206485,53.8,1.9,-1,130675,53.2,1.9,-0.9,99328,54.1,2,-1,77682,59.6,2,-3.3,117089,54.8,2,-1.2,55,121543,53.9,1.9,-1,144,106052,54.2,2,-1.1,141875,54.2,2,-1.1,150887,54.4,1.4,-1.2,13,120471,54.2,2,-1.1,186
8/1/2013,Bury,E08000002,120121,54,,-0.3,-0.6,,224,206024,53.7,-0.2,-0.3,130331,53.1,-0.3,-0.4,99087,54,-0.2,-0.7,77336,59.4,-0.4,-3,116779,54.6,-0.3,-0.7,81,121225,53.8,-0.3,-0.6,143,105777,54,-0.3,-0.7,141499,54.1,-0.3,-0.7,150237,54.2,-0.4,-0.5,27,120170,54.1,-0.2,-0.7,197
9/1/2013,Bury,E08000002,120480,54.2,,0.3,1.1,,187,207592,54.1,0.8,1.4,130742,53.2,0.3,1.4,99186,54.1,0.1,1,77445,59.4,0.1,-1.1,117139,54.8,0.3,1,64,121583,54,0.3,1.1,123,105977,54.1,0.2,1,142027,54.3,0.4,1.1,150859,54.4,0.4,1.7,9,120519,54.2,0.3,1,178
10/1/2013,Bury,E08000002,118882,53.5,,-1.3,0.5,,233,205556,53.6,-1,1.2,129156,52.6,-1.2,0.8,97651,53.2,-1.5,0.3,76245,58.5,-1.5,-2.1,115515,54,-1.4,0.4,53,120000,53.3,-1.3,0.5,180,104488,53.4,-1.4,0.3,140217,53.6,-1.3,0.6,149613,54,-0.8,0.4,10,118875,53.5,-1.4,0.5,223
11/1/2013,Bury,E08000002,119182,53.6,,0.3,0,,249,206392,53.8,0.4,0.7,129638,52.8,0.4,0.4,97763,53.3,0.1,-0.3,76268,58.5,0,-2.6,115816,54.2,0.3,-0.1,63,120299,53.4,0.2,0,186,104718,53.5,0.2,-0.2,140601,53.7,0.3,0.1,150398,54.2,0.5,-0.7,15,119150,53.6,0.2,0,234
12/1/2013,Bury,E08000002,121404,54.6,,1.9,3,,237,209191,54.5,1.4,3.4,132245,53.8,2,3.6,99624,54.3,1.9,2.8,77946,59.8,2.2,0.3,117984,55.2,1.9,3,73,122539,54.4,1.9,3,164,106792,54.6,2,2.9,143115,54.7,1.8,3,154098,55.6,2.5,1.6,24,121319,54.6,1.8,3.1,213
1/1/2014,Bury,E08000002,122616,55.2,,1,6.4,,191,210727,54.9,0.7,6.2,133431,54.3,0.9,6.6,100750,54.9,1.1,6.4,79035,60.7,1.4,4.9,119272,55.8,1.1,6.4,62,123714,54.9,1,6.3,129,107957,55.2,1.1,6.5,144454,55.2,0.9,6.3,155766,56.2,1.1,6,5,122522,55.1,1,6.4,186
2/1/2014,Bury,E08000002,122732,55.2,,0.1,8,,217,210882,55,0.1,7.7,133398,54.3,0,8.1,100908,55,0.2,8,79326,60.9,0.4,7.5,119426,55.9,0.1,8.1,67,123815,55,0.1,7.9,150,108150,55.3,0.2,8.1,144512,55.2,0,7.8,156988,56.6,0.8,9.4,4,122578,55.2,0,7.8,213
3/1/2014,Bury,E08000002,119515,53.8,,-2.6,4.8,,206,205575,53.6,-2.5,4.3,129898,52.9,-2.6,4.8,98269,53.6,-2.6,4.9,77076,59.2,-2.8,5,116324,54.4,-2.6,4.8,68,120558,53.5,-2.6,4.7,138,105348,53.8,-2.6,5,140700,53.8,-2.6,4.6,152739,55.1,-2.7,6.9,22,119376,53.7,-2.6,4.6,184
4/1/2014,Bury,E08000002,119876,53.9,,0.3,3.3,,238,205686,53.6,0.1,2.7,130214,53,0.2,3.4,98779,53.8,0.5,3.4,77164,59.2,0.1,3.3,116645,54.6,0.3,3.3,82,120937,53.7,0.3,3.2,156,105741,54,0.4,3.5,141061,53.9,0.3,3.1,153659,55.4,0.6,5,17,119712,53.9,0.3,3.1,221
5/1/2014,Bury,E08000002,120514,54.2,,0.5,1.9,,262,206008,53.7,0.2,1.1,130957,53.3,0.6,2,99466,54.2,0.7,2.2,77551,59.5,0.5,1.7,117225,54.8,0.5,2,84,121599,54,0.5,1.9,178,106349,54.3,0.6,2.2,141773,54.2,0.5,1.7,154595,55.8,0.6,3.4,21,120343,54.2,0.5,1.8,241
6/1/2014,Bury,E08000002,124179,55.9,,3,5.1,,289,212047,55.3,2.9,4.7,134908,54.9,3,5.2,102575,55.9,3.1,5.4,79881,61.3,3,4.8,120810,56.5,3.1,5.2,72,125288,55.6,3,5.1,217,109624,56,3.1,5.4,146050,55.8,3,5,159083,57.4,2.9,6.9,26,124014,55.8,3.1,5,263
7/1/2014,Bury,E08000002,126244,56.8,,1.7,4.8,,248,215562,56.2,1.7,4.4,137183,55.8,1.7,5,104315,56.9,1.7,5,80994,62.2,1.4,4.3,122840,57.5,1.7,4.9,82,127362,56.5,1.7,4.8,166,111468,57,1.7,5.1,148461,56.7,1.7,4.6,160951,58,1.2,6.7,12,126118,56.8,1.7,4.7,236
8/1/2014,Bury,E08000002,128550,57.8,,1.8,7,,268,219873,57.3,2,6.7,139681,56.9,1.8,7.2,106188,57.9,1.8,7.2,82254,63.1,1.6,6.4,125125,58.5,1.9,7.1,82,129669,57.6,1.8,7,186,113463,58,1.8,7.3,151207,57.8,1.8,6.9,162302,58.5,0.8,8,8,128507,57.8,1.9,6.9,260
9/1/2014,Bury,E08000002,129443,58.2,,0.7,7.4,,253,221647,57.8,0.8,6.8,140512,57.2,0.6,7.5,106963,58.3,0.7,7.8,82815,63.6,0.7,6.9,126040,59,0.7,7.6,75,130548,57.9,0.7,7.4,178,114223,58.4,0.7,7.8,152281,58.2,0.7,7.2,162363,58.6,0,7.6,12,129457,58.3,0.7,7.4,241
10/1/2014,Bury,E08000002,128810,57.9,,-0.5,8.4,,336,220762,57.5,-0.4,7.4,139887,56.9,-0.4,8.3,106316,58,-0.6,8.9,82544,63.4,-0.3,8.3,125456,58.7,-0.5,8.6,101,129895,57.7,-0.5,8.2,235,113655,58.1,-0.5,8.8,151545,57.9,-0.5,8.1,161455,58.2,-0.6,7.9,14,128830,58,-0.5,8.4,322
11/1/2014,Bury,E08000002,128235,57.7,,-0.4,7.6,,219,220157,57.4,-0.3,6.7,139377,56.7,-0.4,7.5,105623,57.6,-0.7,8,82361,63.2,-0.2,8,124909,58.4,-0.4,7.9,72,129309,57.4,-0.5,7.5,147,113130,57.8,-0.5,8,150885,57.7,-0.4,7.3,160787,58,-0.4,6.9,16,128252,57.7,-0.4,7.6,203
12/1/2014,Bury,E08000002,126958,57.1,,-1,4.6,,251,218368,56.9,-0.8,4.4,138050,56.2,-1,4.4,104399,56.9,-1.2,4.8,81660,62.7,-0.9,4.8,123620,57.8,-1,4.8,77,128041,56.8,-1,4.5,174,111978,57.2,-1,4.9,149402,57.1,-1,4.4,160293,57.8,-0.3,4,33,126915,57.1,-1,4.6,218
1/1/2015,Bury,E08000002,128209,57.7,,1,4.6,,189,220639,57.5,1,4.7,139494,56.8,1,4.5,105337,57.4,0.9,4.6,82482,63.3,1,4.4,124789,58.4,0.9,4.6,48,129327,57.4,1,4.5,141,113043,57.8,1,4.7,150907,57.7,1,4.5,162855,58.7,1.6,4.6,11,128113,57.7,0.9,4.6,178
2/1/2015,Bury,E08000002,128256,57.7,,0,4.5,,211,220553,57.5,0,4.6,139267,56.7,-0.2,4.4,105590,57.6,0.2,4.6,82656,63.4,0.2,4.2,124843,58.4,0,4.5,61,129370,57.4,0,4.5,150,113121,57.8,0.1,4.6,150934,57.7,0,4.4,164525,59.3,1,4.8,11,128078,57.6,0,4.5,200
3/1/2015,Bury,E08000002,129911,58.4,,1.3,8.7,,212,223823,58.3,1.5,8.9,141251,57.5,1.4,8.7,106741,58.2,1.1,8.6,83574,64.2,1.1,8.4,126389,59.1,1.2,8.7,80,131070,58.2,1.3,8.7,132,114480,58.5,1.2,8.7,152964,58.4,1.3,8.7,167544,60.4,1.8,9.7,13,129692,58.4,1.3,8.6,199
4/1/2015,Bury,E08000002,130411,58.7,,0.4,8.8,,197,224985,58.6,0.5,9.4,141745,57.7,0.3,8.9,107166,58.4,0.4,8.5,83684,64.2,0.1,8.4,126834,59.3,0.4,8.7,65,131595,58.4,0.4,8.8,132,114927,58.7,0.4,8.7,153548,58.7,0.4,8.9,168371,60.7,0.5,9.6,18,130184,58.6,0.4,8.7,179
5/1/2015,Bury,E08000002,129801,58.4,,-0.5,7.7,,261,223807,58.3,-0.5,8.6,141336,57.5,-0.3,7.9,106550,58.1,-0.6,7.1,83098,63.8,-0.7,7.2,126187,59,-0.5,7.6,64,131004,58.1,-0.4,7.7,197,114393,58.4,-0.5,7.6,152828,58.4,-0.5,7.8,166853,60.2,-0.9,7.9,30,129605,58.3,-0.4,7.7,231
6/1/2015,Bury,E08000002,131416,59.1,,1.2,5.8,,274,225875,58.9,0.9,6.5,143023,58.2,1.2,6,108190,59,1.5,5.5,83869,64.4,0.9,5,127787,59.8,1.3,5.8,77,132620,58.9,1.2,5.9,197,115948,59.2,1.4,5.8,154628,59.1,1.2,5.9,166871,60.2,0,4.9,31,131303,59.1,1.3,5.9,243
7/1/2015,Bury,E08000002,132040,59.4,,0.5,4.6,,260,226488,59,0.3,5.1,143860,58.6,0.6,4.9,108707,59.3,0.5,4.2,84256,64.7,0.5,4,128390,60.1,0.5,4.5,86,133251,59.1,0.5,4.6,174,116504,59.5,0.5,4.5,155358,59.4,0.5,4.6,166778,60.2,-0.1,3.6,10,131963,59.4,0.5,4.6,250
8/1/2015,Bury,E08000002,134385,60.4,,1.8,4.5,,286,230715,60.1,1.9,4.9,146366,59.6,1.7,4.8,110677,60.3,1.8,4.2,85528,65.6,1.5,4,130694,61.1,1.8,4.5,88,135606,60.2,1.8,4.6,197,118555,60.6,1.8,4.5,158131,60.4,1.8,4.6,169011,61,1.3,4.1,14,134336,60.5,1.8,4.5,272
9/1/2015,Bury,E08000002,134295,60.4,,-0.1,3.7,,277,231545,60.3,0.4,4.5,146147,59.5,-0.1,4,110401,60.2,-0.2,3.2,85598,65.7,0.1,3.4,130635,61.1,0,3.6,74,135502,60.1,-0.1,3.8,203,118353,60.5,-0.2,3.6,158118,60.4,0,3.8,169329,61.1,0.2,4.3,20,134228,60.4,-0.1,3.7,257
10/1/2015,Bury,E08000002,134831,60.6,,0.4,4.7,,296,233175,60.8,0.7,5.6,146756,59.7,0.4,4.9,110713,60.4,0.3,4.1,85634,65.7,0,3.7,131132,61.3,0.4,4.5,94,136054,60.4,0.4,4.7,202,118764,60.7,0.3,4.5,158796,60.7,0.4,4.8,170364,61.4,0.6,5.5,18,134749,60.6,0.4,4.6,278
11/1/2015,Bury,E08000002,134980,60.7,,0.1,5.3,,290,233708,60.9,0.2,6.2,147042,59.9,0.2,5.5,110677,60.3,0,4.8,85699,65.8,0.1,4.1,131260,61.4,0.1,5.1,82,136213,60.5,0.1,5.3,207,118832,60.7,0.1,5,159022,60.8,0.1,5.4,170815,61.6,0.3,6.2,19,134887,60.7,0.1,5.2,271
12/1/2015,Bury,E08000002,134470,60.5,,-0.4,5.9,,272,232672,60.6,-0.4,6.6,146557,59.7,-0.3,6.2,110322,60.1,-0.3,5.7,85071,65.3,-0.7,4.2,130730,61.1,-0.4,5.8,78,135714,60.2,-0.4,6,193,118437,60.5,-0.3,5.8,158378,60.5,-0.4,6,171767,62,0.6,7.2,16,134312,60.4,-0.4,5.8,256
1/1/2016,Bury,E08000002,135272,60.8,,0.6,5.5,,205,233758,60.9,0.5,5.9,147580,60.1,0.7,5.8,110917,60.5,0.5,5.3,85688,65.8,0.7,3.9,131517,61.5,0.6,5.4,70,136520,60.6,0.6,5.6,134,119139,60.9,0.6,5.4,159326,60.9,0.6,5.6,172994,62.4,0.7,6.2,5,135104,60.8,0.6,5.5,200
2/1/2016,Bury,E08000002,135411,60.9,,0.1,5.6,,233,233945,61,0.1,6.1,147648,60.1,0,6,111134,60.6,0.2,5.3,85677,65.8,0,3.7,131677,61.6,0.1,5.5,65,136648,60.7,0.1,5.6,166,119343,61,0.2,5.5,159427,60.9,0.1,5.6,172942,62.4,0,5.1,6,135252,60.9,0.1,5.6,227
3/1/2016,Bury,E08000002,135447,60.9,,0,4.3,,379,234208,61,0.1,4.6,147740,60.1,0.1,4.6,110990,60.5,-0.1,4,86007,66,0.4,2.9,131749,61.6,0.1,4.2,150,136667,60.7,0,4.3,229,119317,61,0,4.2,159513,60.9,0.1,4.3,170202,61.4,-1.6,1.6,21,135404,60.9,0.1,4.4,358
4/1/2016,Bury,E08000002,136143,61.2,,0.5,4.4,,194,235026,61.3,0.3,4.5,148305,60.4,0.4,4.6,111849,61,0.8,4.4,86310,66.3,0.4,3.1,132401,61.9,0.5,4.4,44,137381,61,0.5,4.4,150,120089,61.4,0.6,4.5,160211,61.2,0.4,4.3,172772,62.3,1.5,2.6,14,136031,61.2,0.5,4.5,180
5/1/2016,Bury,E08000002,137773,62,,1.2,6.1,,208,237142,61.8,0.9,6,150018,61.1,1.2,6.1,113352,61.8,1.3,6.4,87624,67.3,1.5,5.4,133945,62.6,1.2,6.1,59,139046,61.7,1.2,6.1,149,121636,62.1,1.3,6.3,162047,61.9,1.1,6,178414,64.3,3.3,6.9,11,137516,61.9,1.1,6.1,197
6/1/2016,Bury,E08000002,139767,62.9,,1.4,6.4,,238,239951,62.5,1.2,6.2,152017,61.9,1.3,6.3,115321,62.9,1.7,6.6,88771,68.1,1.3,5.8,135876,63.6,1.4,6.3,76,141061,62.6,1.4,6.4,162,123574,63.1,1.6,6.6,164255,62.8,1.4,6.2,183634,66.2,2.9,10,34,139395,62.7,1.4,6.2,204
7/1/2016,Bury,E08000002,139024,62.5,,-0.5,5.3,,302,238780,62.2,-0.5,5.4,151114,61.5,-0.6,5,114686,62.5,-0.6,5.5,88558,68,-0.2,5.1,135217,63.2,-0.5,5.3,95,140282,62.3,-0.6,5.3,207,122879,62.8,-0.6,5.5,163412,62.4,-0.5,5.2,181241,65.4,-1.3,8.7,16,138712,62.4,-0.5,5.1,286
8/1/2016,Bury,E08000002,141196,63.5,,1.6,5.1,,306,243100,63.4,1.8,5.4,153478,62.5,1.6,4.9,116344,63.4,1.4,5.1,89837,69,1.4,5,137350,64.2,1.6,5.1,109,142464,63.2,1.6,5.1,197,124718,63.7,1.5,5.2,166026,63.4,1.6,5,181394,65.4,0.1,7.3,20,140987,63.4,1.6,5,286
9/1/2016,Bury,E08000002,141330,63.6,,0.1,5.2,,302,243621,63.5,0.2,5.2,153854,62.6,0.2,5.3,116204,63.3,-0.1,5.3,89905,69,0.1,5,137434,64.3,0.1,5.2,91,142621,63.3,0.1,5.3,211,124705,63.7,0,5.4,166285,63.5,0.2,5.2,181279,65.4,-0.1,7.1,11,141132,63.5,0.1,5.1,291
10/1/2016,Bury,E08000002,142139,63.9,,0.6,5.4,,269,245907,64.1,0.9,5.5,154922,63.1,0.7,5.6,116442,63.5,0.2,5.2,90604,69.5,0.8,5.8,138194,64.6,0.6,5.4,72,143449,63.7,0.6,5.4,197,125261,64,0.4,5.5,167357,63.9,0.6,5.4,183562,66.2,1.3,7.7,13,141889,63.9,0.5,5.3,256
11/1/2016,Bury,E08000002,140189,63.1,,-1.4,3.9,,288,243695,63.5,-0.9,4.3,152959,62.3,-1.3,4,114392,62.4,-1.8,3.4,89453,68.7,-1.3,4.4,136281,63.7,-1.4,3.8,93,141490,62.8,-1.4,3.9,195,123368,63,-1.5,3.8,165196,63.1,-1.3,3.9,182625,65.9,-0.5,6.9,24,139879,63,-1.4,3.7,264
12/1/2016,Bury,E08000002,141436,63.6,,0.9,5.2,,272,246412,64.2,1.1,5.9,154229,62.8,0.8,5.2,115279,62.8,0.8,4.5,90467,69.4,1.1,6.3,137494,64.3,0.9,5.2,78,142748,63.4,0.9,5.2,194,124455,63.6,0.9,5.1,166672,63.7,0.9,5.2,185220,66.8,1.4,7.8,36,141084,63.5,0.9,5,236
1/1/2017,Bury,E08000002,142175,63.9,,0.5,5.1,,202,248116,64.7,0.7,6.1,155075,63.1,0.5,5.1,115783,63.1,0.4,4.4,90783,69.7,0.3,5.9,138130,64.6,0.5,5,62,143534,63.7,0.6,5.1,140,125065,63.9,0.5,5,167575,64,0.5,5.2,187523,67.6,1.2,8.4,10,141769,63.8,0.5,4.9,192
2/1/2017,Bury,E08000002,145524,65.5,,2.4,7.5,,233,253372,66,2.1,8.3,158496,64.5,2.2,7.3,118640,64.7,2.5,6.8,93497,71.8,3,9.1,141459,66.2,2.4,7.4,69,146877,65.2,2.3,7.5,164,128150,65.5,2.5,7.4,171369,65.5,2.3,7.5,192264,69.3,2.5,11.2,14,145076,65.3,2.3,7.3,219
3/1/2017,Bury,E08000002,143405,64.5,,-1.5,5.9,,258,249775,65.1,-1.4,6.6,156232,63.6,-1.4,5.7,116814,63.7,-1.5,5.2,92217,70.8,-1.4,7.2,139403,65.2,-1.5,5.8,69,144737,64.2,-1.5,5.9,189,126259,64.5,-1.5,5.8,168868,64.5,-1.5,5.9,190472,68.7,-0.9,11.9,4,142916,64.3,-1.5,5.5,254
4/1/2017,Bury,E08000002,144857,65.2,,1,6.4,,191,251796,65.6,0.8,7.1,157555,64.1,0.8,6.2,118201,64.4,1.2,5.7,93518,71.8,1.4,8.4,140900,65.9,1.1,6.4,60,146161,64.9,1,6.4,130,127667,65.2,1.1,6.3,170444,65.1,0.9,6.4,191187,69,0.4,10.7,13,144389,65,1,6.1,178
5/1/2017,Bury,E08000002,147746,66.5,,2,7.2,,233,256124,66.8,1.7,8,160944,65.5,2.2,7.3,120530,65.7,2,6.3,95456,73.3,2.1,8.9,143717,67.2,2,7.3,88,149073,66.2,2,7.2,145,130279,66.6,2,7.1,173777,66.4,2,7.2,194859,70.3,1.9,9.2,9,147271,66.3,2,7.1,224
6/1/2017,Bury,E08000002,151845,68.3,,2.8,8.6,,301,262224,68.3,2.4,9.3,165394,67.3,2.8,8.8,124078,67.6,2.9,7.6,98312,75.5,3,10.7,147731,69.1,2.8,8.7,94,153197,68,2.8,8.6,207,133984,68.5,2.8,8.4,178506,68.2,2.7,8.7,198421,71.6,1.8,8.1,9,151397,68.1,2.8,8.6,292
7/1/2017,Bury,E08000002,154050,69.3,,1.5,10.8,,251,265525,69.2,1.3,11.2,167954,68.4,1.5,11.1,125825,68.6,1.4,9.7,99957,76.7,1.7,12.9,149926,70.1,1.5,10.9,66,155398,69,1.4,10.8,185,135940,69.5,1.5,10.6,181087,69.2,1.4,10.8,200614,72.4,1.1,10.7,8,153610,69.1,1.5,10.7,243
8/1/2017,Bury,E08000002,153591,69.1,,-0.3,8.8,,295,264671,69,-0.3,8.9,167230,68.1,-0.4,9,125706,68.5,-0.1,8,99409,76.3,-0.5,10.7,149416,69.9,-0.3,8.8,89,154965,68.8,-0.3,8.8,206,135453,69.2,-0.4,8.6,180632,69,-0.3,8.8,198153,71.5,-1.2,9.2,6,153193,68.9,-0.3,8.7,289
9/1/2017,Bury,E08000002,155491,69.9,,1.2,10,,283,268787,70.1,1.6,10.3,169275,68.9,1.2,10,127151,69.3,1.1,9.4,100354,77,1,11.6,151198,70.7,1.2,10,76,156912,69.6,1.3,10,207,137018,70,1.2,9.9,182978,69.9,1.3,10,201088,72.5,1.5,10.9,8,155077,69.8,1.2,9.9,275
10/1/2017,Bury,E08000002,156697,70.5,,0.8,10.2,,285,271491,70.8,1,10.4,170685,69.5,0.8,10.2,128086,69.8,0.7,10,100550,77.2,0.2,11,152276,71.2,0.7,10.2,67,158175,70.2,0.8,10.3,218,137974,70.5,0.7,10.1,184508,70.5,0.8,10.2,203020,73.2,1,10.6,11,156272,70.3,0.8,10.1,274
11/1/2017,Bury,E08000002,154172,69.3,,-1.6,10,,284,267576,69.7,-1.4,9.8,168203,68.5,-1.5,10,125771,68.6,-1.8,9.9,98716,75.8,-1.8,10.4,149812,70.1,-1.6,9.9,72,155630,69.1,-1.6,10,212,135719,69.3,-1.6,10,181566,69.4,-1.6,9.9,200206,72.2,-1.4,9.6,11,153743,69.2,-1.6,9.9,273
12/1/2017,Bury,E08000002,154306,69.4,,0.1,9.1,,268,267232,69.6,-0.1,8.4,168534,68.6,0.2,9.3,125910,68.6,0.1,9.2,98741,75.8,0,9.1,149991,70.2,0.1,9.1,71,155743,69.1,0.1,9.1,197,135909,69.4,0.1,9.2,181650,69.4,0,9,200245,72.2,0,8.1,11,153880,69.3,0.1,9.1,257
1/1/2018,Bury,E08000002,151793,68.3,,-1.6,6.8,,206,262996,68.5,-1.6,6,166072,67.6,-1.5,7.1,123643,67.4,-1.8,6.8,97074,74.5,-1.7,6.9,147500,69,-1.7,6.8,62,153230,68,-1.6,6.8,144,133651,68.3,-1.7,6.9,178738,68.3,-1.6,6.7,198283,71.5,-1,5.7,5,151347,68.1,-1.6,6.8,201
2/1/2018,Bury,E08000002,152247,68.5,,0.3,4.6,,204,264503,68.9,0.6,4.4,166503,67.8,0.3,5.1,124031,67.6,0.3,4.5,96856,74.3,-0.2,3.6,147827,69.1,0.2,4.5,60,153743,68.2,0.3,4.7,144,134038,68.5,0.3,4.6,179260,68.5,0.3,4.6,202916,73.2,2.3,5.5,10,151684,68.3,0.2,4.6,194
3/1/2018,Bury,E08000002,150867,67.9,,-0.9,5.2,,249,262830,68.5,-0.6,5.2,165172,67.2,-0.8,5.7,122872,67,-0.9,5.2,95149,73,-1.8,3.2,146465,68.5,-0.9,5.1,60,152363,67.6,-0.9,5.3,189,132717,67.8,-1,5.1,177727,67.9,-0.9,5.2,200913,72.5,-1,5.5,17,150346,67.7,-0.9,5.2,232
4/1/2018,Bury,E08000002,152031,68.4,,0.8,5,,219,264509,68.9,0.6,5,166299,67.7,0.7,5.5,124229,67.7,1.1,5.1,95274,73.1,0.1,1.9,147614,69,0.8,4.8,62,153530,68.1,0.8,5,157,133828,68.4,0.8,4.8,178989,68.4,0.7,5,201662,72.7,0.4,5.5,15,151536,68.2,0.8,5,204
5/1/2018,Bury,E08000002,153305,69,,0.8,3.8,,235,266084,69.3,0.6,3.9,167946,68.4,1,4.4,125433,68.4,1,4.1,95583,73.4,0.3,0.1,148917,69.7,0.9,3.6,61,154787,68.7,0.8,3.8,174,134908,68.9,0.8,3.6,180541,69,0.9,3.9,199108,71.8,-1.3,2.2,12,152969,68.8,0.9,3.9,223
6/1/2018,Bury,E08000002,155325,69.9,,1.3,2.3,,256,269068,70.1,1.1,2.6,170304,69.3,1.4,3,127042,69.3,1.3,2.4,97067,74.5,1.6,-1.3,150859,70.6,1.3,2.1,62,156837,69.6,1.3,2.4,194,136685,69.8,1.3,2,182923,69.9,1.3,2.5,201676,72.7,1.3,1.6,13,154987,69.8,1.3,2.4,243
7/1/2018,Bury,E08000002,157455,70.8,,1.4,2.2,,277,273154,71.2,1.5,2.9,172686,70.3,1.4,2.8,128646,70.1,1.3,2.2,98398,75.5,1.4,-1.6,152885,71.5,1.3,2,75,159006,70.6,1.4,2.3,202,138465,70.7,1.3,1.9,185549,70.9,1.4,2.5,204106,73.6,1.2,1.7,15,157125,70.7,1.4,2.3,262
8/1/2018,Bury,E08000002,158372,71.2,,0.6,3.1,,294,274887,71.6,0.6,3.9,173735,70.7,0.6,3.9,129276,70.5,0.5,2.8,99114,76.1,0.7,-0.3,153685,71.9,0.5,2.9,62,159971,71,0.6,3.2,232,139257,71.2,0.6,2.8,186646,71.3,0.6,3.3,207216,74.7,1.5,4.6,4,157965,71.1,0.5,3.1,290
9/1/2018,Bury,E08000002,161554,72.7,,2,3.9,,251,280921,73.2,2.2,4.5,177169,72.1,2,4.7,131878,71.9,2,3.7,100826,77.4,1.7,0.5,156715,73.3,2,3.6,62,163211,72.4,2,4,189,142008,72.6,2,3.6,190455,72.8,2,4.1,211534,76.3,2.1,5.2,9,161133,72.5,2,3.9,242
10/1/2018,Bury,E08000002,162404,73,,0.5,3.6,,275,282593,73.7,0.6,4.1,178188,72.5,0.6,4.4,132438,72.2,0.4,3.4,101421,77.8,0.6,0.9,157598,73.7,0.6,3.5,70,164044,72.8,0.5,3.7,205,142784,73,0.5,3.5,191422,73.1,0.5,3.7,213312,76.9,0.8,5.1,5,161955,72.9,0.5,3.6,270
11/1/2018,Bury,E08000002,163824,73.7,,0.9,6.3,,265,285584,74.4,1.1,6.7,179838,73.2,0.9,6.9,133533,72.8,0.8,6.2,101922,78.2,0.5,3.2,158984,74.4,0.9,6.1,70,165475,73.4,0.9,6.3,195,143950,73.5,0.8,6.1,193199,73.8,0.9,6.4,213075,76.8,-0.1,6.4,14,163454,73.6,0.9,6.3,251
12/1/2018,Bury,E08000002,163250,73.4,,-0.4,5.8,,249,284223,74.1,-0.5,6.4,179226,73,-0.3,6.3,133073,72.5,-0.3,5.7,101769,78.1,-0.1,3.1,158495,74.1,-0.3,5.7,57,164865,73.2,-0.4,5.9,192,143531,73.3,-0.3,5.6,192415,73.5,-0.4,5.9,212392,76.6,-0.3,6.1,9,162878,73.3,-0.4,5.8,240
1/1/2019,Bury,E08000002,163356,73.5,,0.1,7.6,,192,284956,74.3,0.3,8.3,179540,73.1,0.2,8.1,132931,72.5,-0.1,7.5,101686,78.1,-0.1,4.8,158438,74.1,0,7.4,53,165042,73.3,0.1,7.7,139,143504,73.3,0,7.4,192690,73.6,0.1,7.8,213035,76.8,0.3,7.4,5,162964,73.3,0.1,7.7,187
2/1/2019,Bury,E08000002,164700,74.1,,0.8,8.2,,231,287470,74.9,0.9,8.7,180928,73.6,0.8,8.7,133926,73,0.7,8,102832,78.9,1.1,6.2,159680,74.7,0.8,8,52,166431,73.9,0.8,8.3,179,144728,73.9,0.9,8,194179,74.2,0.8,8.3,220067,79.4,3.3,8.5,19,164127,73.9,0.7,8.2,212
3/1/2019,Bury,E08000002,163789,73.7,,-0.6,8.6,,216,286255,74.6,-0.4,8.9,180218,73.4,-0.4,9.1,132962,72.5,-0.7,8.2,101951,78.3,-0.9,7.1,158562,74.2,-0.7,8.3,59,165612,73.5,-0.5,8.7,156,143838,73.5,-0.6,8.4,193179,73.8,-0.5,8.7,221582,79.9,0.7,10.3,12,163122,73.4,-0.6,8.5,204
4/1/2019,Bury,E08000002,163653,73.6,,-0.1,7.6,,236,285123,74.3,-0.4,7.8,180006,73.3,-0.1,8.2,133185,72.6,0.2,7.2,101580,78,-0.4,6.6,158383,74.1,-0.1,7.3,65,165493,73.5,-0.1,7.8,170,143851,73.5,0,7.5,192808,73.7,-0.2,7.7,222729,80.3,0.5,10.4,5,162948,73.3,-0.1,7.5,231
5/1/2019,Bury,E08000002,163241,73.4,,-0.3,6.5,,227,283590,73.9,-0.5,6.6,179661,73.1,-0.2,7,133048,72.5,-0.1,6.1,101031,77.5,-0.5,5.7,157929,73.9,-0.3,6.1,59,165096,73.3,-0.2,6.7,168,143509,73.3,-0.2,6.4,192291,73.5,-0.3,6.5,219560,79.2,-1.4,10.3,2,162612,73.2,-0.2,6.3,225
6/1/2019,Bury,E08000002,164252,73.9,,0.6,5.7,,215,284793,74.2,0.4,5.8,180701,73.6,0.6,6.1,134009,73.1,0.7,5.5,101790,78.1,0.8,4.9,158999,74.4,0.7,5.4,43,166086,73.7,0.6,5.9,172,144400,73.8,0.6,5.6,193479,73.9,0.6,5.8,218686,78.9,-0.4,8.4,5,163685,73.7,0.7,5.6,210
7/1/2019,Bury,E08000002,165344,74.4,,0.7,5,,254,286575,74.7,0.6,4.9,181815,74,0.6,5.3,134917,73.6,0.7,4.9,102697,78.8,0.9,4.4,160065,74.9,0.7,4.7,59,167187,74.2,0.7,5.1,194,145382,74.3,0.7,5,194731,74.4,0.6,4.9,220333,79.5,0.8,8,11,164768,74.2,0.7,4.9,243
8/1/2019,Bury,E08000002,166438,74.9,,0.7,5.1,,298,288448,75.2,0.7,4.9,182941,74.5,0.6,5.3,135952,74.1,0.8,5.2,103111,79.1,0.4,4,161087,75.3,0.6,4.8,83,168306,74.7,0.7,5.2,213,146295,74.7,0.6,5.1,196097,74.9,0.7,5.1,220988,79.7,0.3,6.6,16,165881,74.7,0.7,5,282
9/1/2019,Bury,E08000002,167841,75.5,,0.8,3.9,,210,290956,75.8,0.9,3.6,184115,74.9,0.6,3.9,137346,74.9,1,4.1,103973,79.8,0.8,3.1,162409,76,0.8,3.6,58,169737,75.3,0.9,4,150,147564,75.4,0.9,3.9,197692,75.5,0.8,3.8,224587,81,1.6,6.2,9,167229,75.3,0.8,3.8,201
10/1/2019,Bury,E08000002,167179,75.2,,-0.4,2.9,,253,289671,75.5,-0.4,2.5,183780,74.8,-0.2,3.1,136625,74.5,-0.5,3.2,103348,79.3,-0.6,1.9,161726,75.6,-0.4,2.6,64,169084,75,-0.4,3.1,186,146899,75.1,-0.5,2.9,197046,75.3,-0.3,2.9,222746,80.3,-0.8,4.4,8,166597,75,-0.4,2.9,245
11/1/2019,Bury,E08000002,167721,75.4,,0.3,2.4,,260,291008,75.8,0.5,1.9,184787,75.2,0.5,2.8,136690,74.5,0,2.4,103665,79.6,0.3,1.7,162285,75.9,0.3,2.1,57,169620,75.3,0.3,2.5,201,147335,75.3,0.3,2.4,197749,75.6,0.4,2.4,221448,79.9,-0.6,3.9,12,167197,75.2,0.4,2.3,248
12/1/2019,Bury,E08000002,168541,75.8,,0.5,3.2,,221,292423,76.2,0.5,2.9,185977,75.7,0.6,3.8,137229,74.8,0.4,3.1,103926,79.8,0.3,2.1,163126,76.3,0.5,2.9,46,170431,75.6,0.5,3.4,171,148103,75.7,0.5,3.2,198638,75.9,0.4,3.2,219970,79.3,-0.7,3.6,7,168089,75.6,0.5,3.2,214
1/1/2020,Bury,E08000002,169051,76,,0.3,3.5,,188,293739,76.6,0.5,3.1,186568,75.9,0.3,3.9,137649,75,0.3,3.5,103852,79.7,-0.1,2.1,163485,76.5,0.2,3.2,46,170996,75.9,0.3,3.6,139,148532,75.9,0.3,3.5,199270,76.1,0.3,3.4,222306,80.2,1.1,4.4,6,168551,75.9,0.3,3.4,182
2/1/2020,Bury,E08000002,169314,76.2,,0.2,2.8,,170,294277,76.7,0.2,2.4,186782,76,0.1,3.2,138012,75.2,0.3,3.1,103658,79.6,-0.2,0.8,163578,76.5,0.1,2.4,41,171321,76,0.2,2.9,127,148826,76,0.2,2.8,199499,76.2,0.1,2.7,224576,81,1,2,5,168760,75.9,0.1,2.8,165
3/1/2020,Bury,E08000002,168335,75.7,,-0.6,2.8,,217,292940,76.3,-0.5,2.3,185913,75.7,-0.5,3.2,137082,74.7,-0.7,3.1,102743,78.9,-0.9,0.8,162398,76,-0.7,2.4,54,170417,75.6,-0.5,2.9,152,147879,75.6,-0.6,2.8,198501,75.8,-0.5,2.8,226280,81.6,0.8,2.1,13,167698,75.5,-0.6,2.8,204
4/1/2020,Bury,E08000002,166731,75,,-1,1.9,,98,290608,75.7,-0.8,1.9,183989,74.9,-1,2.2,135942,74.1,-0.8,2.1,101243,77.7,-1.5,-0.3,160825,75.2,-1,1.5,25,168802,74.9,-0.9,2,72,146478,74.8,-0.9,1.8,196599,75.1,-1,2,224432,80.9,-0.8,0.8,2,166091,74.7,-1,1.9,96
5/1/2020,Bury,E08000002,166646,75,,-0.1,2.1,,105,290670,75.8,0,2.5,184121,74.9,0.1,2.5,135645,73.9,-0.2,2,101256,77.7,0,0.2,160713,75.2,-0.1,1.8,27,168727,74.9,0,2.2,77,146353,74.8,-0.1,2,196565,75.1,0,2.2,227655,82.1,1.4,3.7,1,165906,74.7,-0.1,2,104
6/1/2020,Bury,E08000002,169134,76.1,,1.5,3,,132,294807,76.8,1.4,3.5,187094,76.2,1.6,3.5,137700,75.1,1.5,2.8,102310,78.5,1,0.5,163112,76.3,1.5,2.6,33,171246,76,1.5,3.1,96,148525,75.9,1.5,2.9,199516,76.2,1.5,3.1,228215,82.3,0.2,4.4,4,168469,75.8,1.5,2.9,128
7/1/2020,Bury,E08000002,175197,78.8,,3.6,6,,182,304709,79.4,3.4,6.3,193988,79,3.7,6.7,142540,77.7,3.5,5.7,106350,81.6,3.9,3.6,168980,79,3.6,5.6,45,177377,78.7,3.6,6.1,137,153839,78.6,3.6,5.8,206682,79,3.6,6.1,234326,84.5,2.7,6.4,5,174571,78.6,3.6,5.9,177
8/1/2020,Bury,E08000002,177752,80,,1.5,6.8,,184,309593,80.7,1.6,7.3,196937,80.2,1.5,7.7,144731,78.9,1.5,6.5,106958,82.1,0.6,3.7,171250,80.1,1.3,6.3,46,180033,79.9,1.5,7,137,155933,79.7,1.4,6.6,209893,80.2,1.6,7,235266,84.9,0.4,6.5,5,177191,79.7,1.5,6.8,179
9/1/2020,Bury,E08000002,177208,79.7,,-0.3,5.6,,189,309725,80.7,0,6.5,196247,79.9,-0.4,6.6,144241,78.6,-0.3,5,106185,81.5,-0.7,2.1,170574,79.8,-0.4,5,44,179536,79.7,-0.3,5.8,143,155268,79.3,-0.4,5.2,209496,80,-0.2,6,235615,85,0.1,4.9,6,176615,79.5,-0.3,5.6,183
10/1/2020,Bury,E08000002,176460,79.4,,-0.4,5.6,,227,309441,80.6,-0.1,6.8,195403,79.5,-0.4,6.3,143669,78.3,-0.4,5.2,104908,80.5,-1.2,1.5,169817,79.4,-0.4,5,57,178790,79.4,-0.4,5.7,166,154473,78.9,-0.5,5.2,208794,79.8,-0.3,6,232218,83.8,-1.4,4.3,5,175943,79.2,-0.4,5.6,222
11/1/2020,Bury,E08000002,179480,80.7,,1.7,7,,272,314957,82.1,1.8,8.2,198467,80.8,1.6,7.4,146255,79.7,1.8,7,106776,82,1.8,3,172867,80.9,1.8,6.5,84,181800,80.7,1.7,7.2,186,157112,80.3,1.7,6.6,212374,81.1,1.7,7.4,233003,84,0.3,5.2,2,179054,80.6,1.8,7.1,270
12/1/2020,Bury,E08000002,183552,82.6,,2.3,8.9,,255,321874,83.9,2.2,10.1,202740,82.5,2.2,9,149850,81.7,2.5,9.2,109009,83.7,2.1,4.9,176820,82.7,2.3,8.4,60,185913,82.5,2.3,9.1,192,160722,82.1,2.3,8.5,217132,83,2.2,9.3,236107,85.2,1.3,7.3,5,183184,82.4,2.3,9,250
1/1/2021,Bury,E08000002,187672,84.4,,2.2,11,,216,326884,85.2,1.6,11.3,207200,84.3,2.2,11.1,153480,83.7,2.4,11.5,112444,86.3,3.2,8.3,180940,84.6,2.3,10.7,52,190033,84.3,2.2,11.1,164,164550,84.1,2.4,10.8,221717,84.7,2.1,11.3,239361,86.3,1.4,7.7,8,187360,84.3,2.3,11.2,208
2/1/2021,Bury,E08000002,188425,84.8,,0.4,11.3,,275,325441,84.8,-0.4,10.6,207733,84.6,0.3,11.2,154564,84.3,0.7,12,114133,87.6,1.5,10.1,181755,85,0.5,11.1,63,190762,84.7,0.4,11.3,211,165571,84.6,0.6,11.3,222120,84.9,0.2,11.3,240381,86.7,0.4,7,11,188114,84.7,0.4,11.5,264
3/1/2021,Bury,E08000002,191649,86.2,,1.7,13.8,,353,328224,85.5,0.9,12,211054,85.9,1.6,13.5,157558,85.9,1.9,14.9,117589,90.3,3,14.4,184970,86.5,1.8,13.9,101,193987,86.1,1.7,13.8,252,168709,86.2,1.9,14.1,225508,86.2,1.5,13.6,245491,88.5,2.1,8.5,12,191310,86.1,1.7,14.1,341
4/1/2021,Bury,E08000002,193394,87,,0.9,16,,261,330949,86.3,0.8,13.9,212485,86.5,0.7,15.5,159313,86.9,1.1,17.2,118983,91.3,1.2,17.5,186617,87.3,0.9,16,81,195765,86.9,0.9,16,178,170433,87.1,1,16.4,227295,86.8,0.8,15.6,250585,90.4,2.1,11.7,14,192975,86.8,0.9,16.2,247
5/1/2021,Bury,E08000002,195548,88,,1.1,17.3,,262,335101,87.3,1.3,15.3,214729,87.4,1.1,16.6,161149,87.9,1.2,18.8,120057,92.2,0.9,18.6,188712,88.3,1.1,17.4,59,197940,87.9,1.1,17.3,203,172335,88.1,1.1,17.8,229821,87.8,1.1,16.9,253229,91.3,1.1,11.2,11,195128,87.8,1.1,17.6,251
6/1/2021,Bury,E08000002,199063,89.5,,1.8,17.7,,434,340283,88.7,1.5,15.4,218145,88.8,1.6,16.6,164630,89.7,2.2,19.6,122030,93.7,1.6,19.3,192158,89.9,1.8,17.8,99,201482,89.4,1.8,17.7,334,175600,89.7,1.9,18.2,233719,89.3,1.7,17.1,253607,91.5,0.1,11.1,14,198751,89.4,1.9,18,420
7/1/2021,Bury,E08000002,197644,88.9,,-0.7,12.8,,214,338019,88.1,-0.7,10.9,216729,88.2,-0.6,11.7,163358,89.1,-0.8,14.6,121026,92.9,-0.8,13.8,190820,89.3,-0.7,12.9,57,200035,88.8,-0.7,12.8,157,174398,89.1,-0.7,13.4,231982,88.6,-0.7,12.2,252360,91,-0.5,7.7,2,197319,88.8,-0.7,13,212
8/1/2021,Bury,E08000002,200176,90,,1.3,12.6,,236,343077,89.4,1.5,10.8,219839,89.5,1.4,11.6,165257,90.1,1.2,14.2,121881,93.6,0.7,14,193162,90.3,1.2,12.8,62,202630,89.9,1.3,12.6,172,176543,90.2,1.2,13.2,235079,89.8,1.3,12,253334,91.4,0.4,7.7,14,199909,90,1.3,12.8,222
9/1/2021,Bury,E08000002,201778,90.8,,0.8,13.9,,400,346462,90.3,1,11.9,221864,90.3,0.9,13.1,166372,90.7,0.7,15.3,122409,94,0.4,15.3,194618,91,0.8,14.1,119,204281,90.7,0.8,13.8,276,177946,90.9,0.8,14.6,236975,90.5,0.8,13.1,255675,92.2,0.9,8.5,12,201500,90.7,0.8,14.1,388
10/1/2021,Bury,E08000002,205588,92.5,,1.9,16.5,,166,355866,92.7,2.7,15,226330,92.1,2,15.8,168942,92.1,1.5,17.6,123836,95.1,1.2,18,198237,92.7,1.9,16.7,42,208155,92.4,1.9,16.4,123,180906,92.4,1.7,17.1,242015,92.5,2.1,15.9,255423,92.1,-0.1,10,7,205442,92.5,2,16.8,159
11/1/2021,Bury,E08000002,203637,91.6,,-0.9,13.5,,206,353415,92.1,-0.7,12.2,224354,91.3,-0.9,13,167075,91.1,-1.1,14.2,122437,94,-1.1,14.7,196321,91.8,-1,13.6,52,206191,91.5,-0.9,13.4,154,179040,91.5,-1,14,239931,91.7,-0.9,13,253971,91.6,-0.6,9,6,203466,91.6,-1,13.6,200
12/1/2021,Bury,E08000002,201810,90.8,,-0.9,9.9,,264,352156,91.8,-0.4,9.4,222571,90.6,-0.8,9.8,165199,90.1,-1.1,10.2,120599,92.6,-1.5,10.6,194540,91,-0.9,10,68,204348,90.7,-0.9,9.9,195,177188,90.5,-1,10.2,238124,91,-0.8,9.7,250051,90.2,-1.5,5.9,15,201687,90.8,-0.9,10.1,249
1/1/2022,Bury,E08000002,203518,91.5,,0.8,8.4,,182,353279,92.1,0.3,8.1,224624,91.4,0.9,8.4,166988,91,1.1,8.8,121305,93.1,0.6,7.9,196057,91.7,0.8,8.4,34,206118,91.5,0.9,8.5,147,178849,91.4,0.9,8.7,239910,91.7,0.7,8.2,251587,90.7,0.6,5.1,7,203410,91.5,0.9,8.6,175
2/1/2022,Bury,E08000002,205933,92.6,,1.2,9.3,,227,356638,93,1,9.6,227206,92.5,1.1,9.4,169154,92.2,1.3,9.4,123161,94.5,1.5,7.9,198481,92.8,1.2,9.2,62,208528,92.6,1.2,9.3,165,181167,92.6,1.3,9.4,242522,92.7,1.1,9.2,255681,92.2,1.6,6.4,6,205852,92.6,1.2,9.4,221
3/1/2022,Bury,E08000002,206010,92.7,,0,7.5,,255,356962,93,0.1,8.8,227730,92.7,0.2,7.9,168926,92.1,-0.1,7.2,122998,94.4,-0.1,4.6,198495,92.8,0,7.3,64,208624,92.6,0,7.5,190,181220,92.6,0,7.4,242645,92.7,0.1,7.6,259400,93.6,1.5,5.7,9,205876,92.7,0,7.6,246
4/1/2022,Bury,E08000002,210059,94.5,,2,8.6,,280,363623,94.8,1.9,9.9,231893,94.4,1.8,9.1,172631,94.1,2.2,8.4,125243,96.1,1.8,5.3,202396,94.7,2,8.5,80,212726,94.4,2,8.7,195,184872,94.5,2,8.5,247322,94.5,1.9,8.8,264871,95.5,2.1,5.7,26,209920,94.5,2,8.8,254
5/1/2022,Bury,E08000002,213154,95.9,,1.5,9,,199,368468,96,1.3,10,235408,95.8,1.5,9.6,175442,95.6,1.6,8.9,126284,96.9,0.8,5.2,205212,96,1.4,8.7,49,215920,95.8,1.5,9.1,147,187599,95.9,1.5,8.9,250963,95.9,1.5,9.2,265914,95.9,0.4,5,8,213035,95.9,1.5,9.2,191
6/1/2022,Bury,E08000002,216526,97.4,,1.6,8.8,,246,373550,97.4,1.4,9.8,239032,97.3,1.5,9.6,178485,97.3,1.7,8.4,128353,98.5,1.6,5.2,208427,97.5,1.6,8.5,61,219345,97.4,1.6,8.9,183,190646,97.4,1.6,8.6,254850,97.4,1.5,9,267256,96.4,0.5,5.4,8,216426,97.4,1.6,8.9,238
7/1/2022,Bury,E08000002,216557,97.4,,0,9.6,,233,372780,97.2,-0.2,10.3,239411,97.5,0.2,10.5,178591,97.4,0.1,9.3,127936,98.2,-0.3,5.7,208330,97.4,0,9.2,53,219423,97.4,0,9.7,177,190700,97.4,0,9.3,254860,97.4,0,9.9,266183,96,-0.4,5.5,16,216465,97.4,0,9.7,217
8/1/2022,Bury,E08000002,219300,98.6,,1.3,9.6,,276,377010,98.3,1.1,9.9,242357,98.7,1.2,10.2,181189,98.8,1.5,9.6,129043,99.1,0.9,5.9,210858,98.6,1.2,9.2,77,222242,98.6,1.3,9.7,198,193112,98.7,1.3,9.4,258092,98.6,1.3,9.8,268902,97,1,6.1,7,219213,98.7,1.3,9.7,269
9/1/2022,Bury,E08000002,223693,100.6,,2,10.9,,223,384326,100.2,1.9,10.9,247156,100.6,2,11.4,185115,100.9,2.2,11.3,130879,100.5,1.4,6.9,214977,100.6,2,10.5,55,226731,100.6,2,11,166,196989,100.6,2,10.7,263252,100.6,2,11.1,273359,98.6,1.7,6.9,7,223611,100.6,2,11,216
10/1/2022,Bury,E08000002,226702,102,,1.3,10.3,,248,390499,101.8,1.6,9.7,250318,101.9,1.3,10.6,187452,102.2,1.3,11,132610,101.8,1.3,7.1,218001,102,1.4,10,74,229734,102,1.3,10.4,173,199580,102,1.3,10.3,266855,102,1.4,10.3,276232,99.6,1.1,8.1,7,226625,102,1.3,10.3,241
11/1/2022,Bury,E08000002,227735,102.4,,0.5,11.8,,260,393064,102.4,0.7,11.2,251360,102.3,0.4,12,188153,102.6,0.4,12.6,133233,102.3,0.5,8.8,219066,102.5,0.5,11.6,58,230756,102.4,0.4,11.9,196,200485,102.4,0.5,12,268076,102.4,0.5,11.7,278720,100.5,0.9,9.7,15,227649,102.5,0.5,11.9,245
12/1/2022,Bury,E08000002,226493,101.9,,-0.5,12.2,,195,390709,101.8,-0.6,10.9,249980,101.8,-0.5,12.3,187103,102,-0.6,13.3,132861,102,-0.3,10.2,217961,101.9,-0.5,12,49,229464,101.8,-0.6,12.3,139,199483,101.9,-0.5,12.6,266518,101.8,-0.6,11.9,277590,100.1,-0.4,11,10,226403,101.9,-0.5,12.3,185
1/1/2023,Bury,E08000002,222326,100,,-1.8,9.2,,155,383686,100,-1.8,8.6,245665,100,-1.7,9.4,183434,100,-2,9.8,130279,100,-1.9,7.4,213799,100,-1.9,9,43,225298,100,-1.8,9.3,107,195720,100,-1.9,9.4,261712,100,-1.8,9.1,277264,100,-0.1,10.2,5,222203,100,-1.9,9.2,150
2/1/2023,Bury,E08000002,218999,98.5,,-1.5,6.3,,174,378992,98.8,-1.2,6.3,242174,98.6,-1.4,6.6,180233,98.3,-1.7,6.5,128358,98.5,-1.5,4.2,210564,98.5,-1.5,6.1,49,221938,98.5,-1.5,6.4,121,192637,98.4,-1.6,6.3,257960,98.6,-1.4,6.4,276119,99.6,-0.4,8,9,218855,98.5,-1.5,6.3,165
3/1/2023,Bury,E08000002,215922,97.1,,-1.4,4.8,,195,375578,97.9,-0.9,5.2,239216,97.4,-1.2,5,176898,96.4,-1.9,4.7,126258,96.9,-1.6,2.6,207574,97.1,-1.4,4.6,57,218832,97.1,-1.4,4.9,134,189638,96.9,-1.6,4.6,254658,97.3,-1.3,5,279129,100.7,1.1,7.6,7,215741,97.1,-1.4,4.8,188
4/1/2023,Bury,E08000002,217804,98,,0.9,3.7,,163,379422,98.9,1,4.3,241395,98.3,0.9,4.1,178218,97.2,0.7,3.2,127426,97.8,0.9,1.7,209446,98,0.9,3.5,68,220716,98,0.9,3.8,91,191216,97.7,0.8,3.4,257006,98.2,0.9,3.9,284655,102.7,2,7.5,8,217614,97.9,0.9,3.7,155
5/1/2023,Bury,E08000002,220903,99.4,,1.4,3.6,,150,384218,100.1,1.3,4.3,245100,99.8,1.5,4.1,180619,98.5,1.3,3,129442,99.4,1.6,2.5,212477,99.4,1.4,3.5,40,223839,99.4,1.4,3.7,106,193913,99.1,1.4,3.4,260703,99.6,1.4,3.9,290458,104.8,2,9.2,2,220706,99.3,1.4,3.6,148
6/1/2023,Bury,E08000002,223746,100.6,,1.3,3.3,,196,387853,101.1,0.9,3.8,247887,100.9,1.1,3.7,183561,100.1,1.6,2.8,130949,100.5,1.2,2,215136,100.6,1.3,3.2,53,226747,100.6,1.3,3.4,135,196493,100.4,1.3,3.1,263916,100.8,1.2,3.6,289913,104.6,-0.2,8.5,9,223558,100.6,1.3,3.3,187
7/1/2023,Bury,E08000002,225718,101.5,,0.9,4.2,,180,389837,101.6,0.5,4.6,250146,101.8,0.9,4.5,185593,101.2,1.1,3.9,131767,101.1,0.6,3,216883,101.4,0.8,4.1,57,228799,101.6,0.9,4.3,115,198291,101.3,0.9,4,266128,101.7,0.8,4.4,291273,105.1,0.5,9.4,9,225531,101.5,0.9,4.2,171
8/1/2023,Bury,E08000002,223978,100.7,,-0.8,2.1,,202,386301,100.7,-0.9,2.5,247994,100.9,-0.9,2.3,184692,100.7,-0.5,1.9,130147,99.9,-1.2,0.9,215058,100.6,-0.8,2,56,227090,100.8,-0.7,2.2,143,196818,100.6,-0.7,1.9,263981,100.9,-0.8,2.3,286431,103.3,-1.7,6.5,4,223799,100.7,-0.8,2.1,198
9/1/2023,Bury,E08000002,221504,99.6,,-1.1,-1,,164,382063,99.6,-1.1,-0.6,245281,99.8,-1.1,-0.8,182765,99.6,-1,-1.3,128384,98.5,-1.4,-1.9,212634,99.5,-1.1,-1.1,38,224599,99.7,-1.1,-0.9,123,194664,99.5,-1.1,-1.2,261033,99.7,-1.1,-0.8,284136,102.5,-0.8,3.9,5,221325,99.6,-1.1,-1,159
10/1/2023,Bury,E08000002,219187,98.6,,-1,-3.3,,156,377672,98.4,-1.1,-3.3,242410,98.7,-1.2,-3.2,180976,98.7,-1,-3.5,127459,97.8,-0.7,-3.9,210475,98.4,-1,-3.5,43,222225,98.6,-1.1,-3.3,107,192750,98.5,-1,-3.4,258092,98.6,-1.1,-3.3,281389,101.5,-1,1.9,8,219008,98.6,-1,-3.4,148
11/1/2023,Bury,E08000002,218875,98.4,,-0.1,-3.9,,202,377594,98.4,0,-3.9,242165,98.6,-0.1,-3.7,180476,98.4,-0.3,-4.1,127438,97.8,0,-4.3,210334,98.4,-0.1,-4,67,221852,98.5,-0.2,-3.9,132,192438,98.3,-0.2,-4,257788,98.5,-0.1,-3.8,285307,102.9,1.4,2.4,7,218686,98.4,-0.1,-3.9,195
12/1/2023,Bury,E08000002,222248,100,,1.5,-1.9,,149,382749,99.8,1.4,-2,245945,100.1,1.6,-1.6,183171,99.9,1.5,-2.1,129891,99.7,1.9,-2.2,213635,99.9,1.6,-2,42,225251,100,1.5,-1.8,105,195482,99.9,1.6,-2,261630,100,1.5,-1.8,290399,104.7,1.8,4.6,8,222055,99.9,1.5,-1.9,141
1/1/2024,Bury,E08000002,222363,100,,0.1,0,,163,383715,100,0.3,0,246141,100.2,0.1,0.2,183144,99.8,0,-0.2,129717,99.6,-0.1,-0.4,213713,100,0,0,54,225379,100,0.1,0,105,195492,99.9,0,-0.1,261919,100.1,0.1,0.1,290612,104.8,0.1,4.8,17,222169,100,0.1,0,146
2/1/2024,Bury,E08000002,222935,100.3,,0.3,1.8,,164,383001,99.8,-0.2,1.1,246638,100.4,0.2,1.8,184053,100.3,0.5,2.1,130134,99.9,0.3,1.4,214210,100.2,0.2,1.7,43,225972,100.3,0.3,1.8,117,196217,100.3,0.4,1.9,262202,100.2,0.1,1.6,289354,104.4,-0.4,4.8,1,222746,100.2,0.3,1.8,163
3/1/2024,Bury,E08000002,220578,99.2,,-1.1,2.2,,166,378512,98.7,-1.2,0.8,243841,99.3,-1.1,1.9,182211,99.3,-1,3,129054,99.1,-0.8,2.2,211966,99.1,-1,2.1,40,223568,99.2,-1.1,2.2,121,194134,99.2,-1.1,2.4,259434,99.1,-1.1,1.9,288621,104.1,-0.3,3.4,12,220385,99.2,-1.1,2.2,154
4/1/2024,Bury,E08000002,219215,98.6,,-0.6,0.6,,156,374668,97.6,-1,-1.3,242132,98.6,-0.7,0.3,181323,98.8,-0.5,1.7,128825,98.9,-0.2,1.1,210684,98.5,-0.6,0.6,45,222176,98.6,-0.6,0.7,106,193085,98.7,-0.5,1,257564,98.4,-0.7,0.2,285465,103,-1.1,0.3,3,219028,98.6,-0.6,0.6,153
5/1/2024,Bury,E08000002,221794,99.8,,1.2,0.4,,230,378681,98.7,1.1,-1.4,245031,99.7,1.2,0,183352,100,1.1,1.5,130710,100.3,1.5,1,213117,99.7,1.2,0.3,57,224809,99.8,1.2,0.4,164,195378,99.8,1.2,0.8,260558,99.6,1.2,-0.1,287679,103.8,0.8,-1,7,221609,99.7,1.2,0.4,223
6/1/2024,Bury,E08000002,221554,99.7,,-0.1,-1,,186,377641,98.4,-0.3,-2.6,244630,99.6,-0.2,-1.3,183459,100,0.1,-0.1,130408,100.1,-0.2,-0.4,212879,99.6,-0.1,-1,36,224568,99.7,-0.1,-1,144,195314,99.8,0,-0.6,260016,99.4,-0.2,-1.5,283282,102.2,-1.5,-2.3,17,221382,99.6,-0.1,-1,169
7/1/2024,Bury,E08000002,224284,100.9,,1.2,-0.6,,236,382020,99.6,1.2,-2,247747,100.8,1.3,-1,186039,101.4,1.4,0.2,131231,100.7,0.6,-0.4,215394,100.7,1.2,-0.7,66,227381,100.9,1.3,-0.6,162,197743,101,1.2,-0.3,263179,100.6,1.2,-1.1,286040,103.2,1,-1.8,2,224112,100.9,1.2,-0.6,234
8/1/2024,Bury,E08000002,223712,100.6,,-0.3,-0.1,,255,381218,99.4,-0.2,-1.3,246943,100.5,-0.3,-0.4,185971,101.4,0,0.7,130145,99.9,-0.8,0,214734,100.4,-0.3,-0.2,76,226848,100.7,-0.2,-0.1,169,197221,100.8,-0.3,0.2,262539,100.3,-0.2,-0.5,283719,102.3,-0.8,-0.9,18,223546,100.6,-0.3,-0.1,237
9/1/2024,Bury,E08000002,229426,103.2,,2.6,3.6,,198,392315,102.2,2.9,2.7,253594,103.2,2.7,3.4,190544,103.9,2.5,4.3,132598,101.8,1.9,3.3,220139,103,2.5,3.5,38,232676,103.3,2.6,3.6,147,202129,103.3,2.5,3.8,269475,103,2.6,3.2,291922,105.3,2.9,2.7,14,229253,103.2,2.6,3.6,184
10/1/2024,Bury,E08000002,232564,104.6,,1.4,6.1,,246,398797,103.9,1.7,5.6,256775,104.5,1.3,5.9,193017,105.2,1.3,6.7,134628,103.3,1.5,5.6,223383,104.5,1.5,6.1,61,235760,104.6,1.3,6.1,172,204867,104.7,1.4,6.3,273207,104.4,1.4,5.9,296729,107,1.6,5.5,3,232386,104.6,1.4,6.1,243
11/1/2024,Bury,E08000002,235140,105.8,,1.1,7.4,,204,403683,105.2,1.2,6.9,260073,105.9,1.3,7.4,194857,106.2,1,8,135809,104.2,0.9,6.6,225938,105.7,1.1,7.4,49,238338,105.8,1.1,7.4,144,207177,105.9,1.1,7.7,276162,105.5,1.1,7.1,300167,108.3,1.2,5.2,6,234959,105.7,1.1,7.4,198
12/1/2024,Bury,E08000002,232098,104.4,,-1.3,4.4,,194,398799,103.9,-1.2,4.2,256633,104.5,-1.3,4.3,192425,104.9,-1.2,5.1,133796,102.7,-1.5,3,223007,104.3,-1.3,4.4,39,235257,104.4,-1.3,4.4,143,204549,104.5,-1.3,4.6,272494,104.1,-1.3,4.2,297265,107.2,-1,2.4,10,231916,104.4,-1.3,4.4,184
1/1/2025,Bury,E08000002,229046,103,,-1.3,3,,175,394034,102.7,-1.2,2.7,253820,103.3,-1.1,3.1,189759,103.4,-1.4,3.6,131168,100.7,-2,1.1,219849,102.8,-1.4,2.9,36,232258,103.1,-1.3,3.1,131,201845,103.1,-1.3,3.2,268936,102.8,-1.3,2.7,295390,106.5,-0.6,1.6,1,228860,103,-1.3,3,174
2/1/2025,Bury,E08000002,229217,103.1,,0.1,2.8,,179,394526,102.8,0.1,3,253802,103.3,0,2.9,190014,103.6,0.1,3.2,131390,100.9,0.2,1,219930,102.9,0,2.7,46,232467,103.2,0.1,2.9,124,201994,103.2,0.1,2.9,269135,102.8,0.1,2.6,298456,107.6,1,3.1,,229051,103.1,0.1,2.8,179
3/1/2025,Bury,E08000002,232378,104.5,,1.4,5.3,,381,396720,103.4,0.6,4.8,257188,104.7,1.3,5.5,193096,105.3,1.6,6,134595,103.3,2.4,4.3,222929,104.3,1.4,5.2,90,235690,104.6,1.4,5.4,269,205094,104.8,1.5,5.6,272267,104,1.2,4.9,303381,109.4,1.7,5.1,5,232277,104.5,1.4,5.4,376
4/1/2025,Bury,E08000002,231446,104.1,,-0.4,5.6,,96,397541,103.6,0.2,6.1,256638,104.5,-0.2,6,191627,104.5,-0.8,5.7,133306,102.3,-1,3.5,221978,103.8,-0.4,5.4,12,234766,104.2,-0.4,5.7,72,203929,104.2,-0.6,5.6,271810,103.9,-0.2,5.5,304933,110,0.5,6.8,2,231250,104.1,-0.4,5.6,94
5/1/2025,Bury,E08000002,231405,104.1,,0,4.3,,179,398669,103.9,0.3,5.3,256923,104.6,0.1,4.9,191360,104.3,-0.1,4.4,132384,101.6,-0.7,1.3,221755,103.7,-0.1,4.1,41,234792,104.2,0,4.4,122,203709,104.1,-0.1,4.3,272100,104,0.1,4.4,306188,110.4,0.4,6.4,1,231163,104,0,4.3,178
6/1/2025,Bury,E08000002,230441,103.7,,-0.4,4,,204,399748,104.2,0.3,5.9,256491,104.4,-0.2,4.8,190022,103.6,-0.7,3.6,129995,99.8,-1.8,-0.3,220701,103.2,-0.5,3.7,33,233864,103.8,-0.4,4.1,148,202494,103.5,-0.6,3.7,271639,103.8,-0.2,4.5,305270,110.1,-0.3,7.7,21,230189,103.6,-0.4,4,183
7/1/2025,Bury,E08000002,234845,105.6,,1.9,4.7,,193,404420,105.4,1.2,5.9,261119,106.3,1.8,5.4,194499,106,2.4,4.5,132755,101.9,2.1,1.2,224835,105.2,1.9,4.4,33,238364,105.8,1.9,4.8,131,206737,105.6,2.1,4.5,276137,105.5,1.7,4.9,307148,110.8,0.6,7.3,,234723,105.6,2,4.7,193
8/1/2025,Bury,E08000002,235895,106.1,,0.4,5.4,,185,405221,105.6,0.2,6.3,262616,106.9,0.6,6.3,195490,106.6,0.5,5.1,133013,102.1,0.2,2.2,225854,105.6,0.5,5.2,31,239424,106.3,0.4,5.5,132,207760,106.2,0.5,5.3,277190,105.9,0.4,5.6,308444,111.2,0.4,8.7,,235775,106.1,0.4,5.5,185
9/1/2025,Bury,E08000002,237460,106.8,,0.7,3.5,,170,408435,106.5,0.8,4.1,264517,107.7,0.7,4.3,196817,107.3,0.7,3.3,133120,102.2,0.1,0.4,227284,106.3,0.6,3.2,41,241038,107,0.7,3.6,93,209072,106.8,0.6,3.4,279152,106.7,0.7,3.6,311946,112.5,1.1,6.9,,237289,106.8,0.6,3.5,170
10/1/2025,Bury,E08000002,239000,107.5,,0.6,2.8,,208,411276,107.2,0.7,3.1,266479,108.5,0.7,3.8,198044,108,0.6,2.6,133470,102.4,0.3,-0.9,228730,107,0.6,2.4,32,242613,107.7,0.7,2.9,108,210412,107.5,0.6,2.7,280993,107.4,0.7,2.8,319578,115.3,2.4,7.7,,238636,107.4,0.6,2.7,208
11/1/2025,Bury,E08000002,238192,107.1,,-0.3,1.3,,138,409909,106.8,-0.3,1.5,265382,108,-0.4,2,197609,107.7,-0.2,1.4,132777,101.9,-0.5,-2.2,228013,106.6,-0.3,0.9,17,241771,107.3,-0.3,1.4,52,209732,107.2,-0.3,1.2,279983,107,-0.4,1.4,325540,117.4,1.9,8.5,,237593,106.9,-0.4,1.1,138
12/1/2025,Bury,E08000002,239367,107.7,,0.5,3.1,,156,410596,107,0.2,3,266583,108.5,0.5,3.9,198972,108.5,0.7,3.4,133528,102.5,0.6,-0.2,229086,107.1,0.5,2.7,15,242983,107.8,0.5,3.3,79,211020,107.8,0.6,3.2,280899,107.3,0.3,3.1,327938,118.3,0.7,10.3,,238738,107.4,0.5,2.9,156
1/1/2026,Bury,E08000002,240810,108.3,,0.6,5.1,,,411664,107.3,0.3,4.5,268216,109.2,0.6,5.7,200605,109.4,0.8,5.7,134072,102.9,0.4,2.2,230433,107.8,0.6,4.8,,244460,108.5,0.6,5.3,,212463,108.6,0.7,5.3,282277,107.9,0.5,5,,,,,,,,,,
2/1/2026,Bury,E08000002,241434,108.6,,0.3,5.3,,,412641,107.5,0.2,4.6,269238,109.6,0.4,6.1,200982,109.6,0.2,5.8,134095,102.9,0,2.1,230954,108,0.2,5,,245124,108.8,0.3,5.4,,213080,108.9,0.3,5.5,282836,108.1,0.2,5.1,,,,,,,,,,
1/1/1995,Greater Manchester,E11000001,38280,17.5,,,,,2129,74376,19,,,42136,17,,,30844,17,,,30447,19.1,,,,,,,,,,,,,,,,,,,,,38786,18,,,253,37972,17.3,,,1876
2/1/1995,Greater Manchester,E11000001,38381,17.5,,0.3,,,2176,74034,18.9,-0.5,,42377,17.1,0.6,,30946,17.1,0.3,,30309,19,-0.5,,,,,,,,,,,,,,,,,,,,39189,18.1,1,,314,38025,17.4,0.1,,1862
3/1/1995,Greater Manchester,E11000001,38524,17.6,,0.4,,,3127,74185,19,0.2,,42499,17.2,0.3,,31104,17.2,0.5,,30427,19.1,0.4,,,,,,,,,,,,,,,,,,,,39406,18.2,0.6,,439,38156,17.4,0.3,,2688
4/1/1995,Greater Manchester,E11000001,38812,17.7,,0.7,,,2359,74541,19.1,0.5,,42816,17.3,0.7,,31376,17.3,0.9,,30585,19.2,0.5,,,,,,,,,,,,,,,,,,,,39694,18.4,0.7,,336,38443,17.6,0.8,,2023
5/1/1995,Greater Manchester,E11000001,38920,17.8,,0.3,,,2686,74641,19.1,0.1,,42886,17.3,0.2,,31512,17.4,0.4,,30672,19.3,0.3,,,,,,,,,,,,,,,,,,,,39641,18.4,-0.1,,351,38575,17.6,0.3,,2335
6/1/1995,Greater Manchester,E11000001,38965,17.8,,0.1,,,3323,74684,19.1,0.1,,43029,17.4,0.3,,31470,17.4,-0.1,,30869,19.4,0.6,,,,,,,,,,,,,,,,,,,,39682,18.4,0.1,,552,38619,17.6,0.1,,2771
7/1/1995,Greater Manchester,E11000001,38691,17.7,,-0.7,,,2791,74274,19,-0.5,,42770,17.3,-0.6,,31212,17.2,-0.8,,30586,19.2,-0.9,,,,,,,,,,,,,,,,,,,,39385,18.2,-0.7,,358,38350,17.5,-0.7,,2433
8/1/1995,Greater Manchester,E11000001,38515,17.6,,-0.5,,,2786,74448,19.1,0.2,,42626,17.2,-0.3,,30972,17.1,-0.8,,30371,19.1,-0.7,,,,,,,,,,,,,,,,,,,,39202,18.2,-0.5,,349,38177,17.4,-0.5,,2437
9/1/1995,Greater Manchester,E11000001,38223,17.5,,-0.8,,,2916,74176,19,-0.4,,42255,17.1,-0.9,,30770,17,-0.7,,29818,18.7,-1.8,,,,,,,,,,,,,,,,,,,,38622,17.9,-1.5,,425,37932,17.3,-0.6,,2491
10/1/1995,Greater Manchester,E11000001,37884,17.3,,-0.9,,,2711,73924,18.9,-0.3,,42008,17,-0.6,,30352,16.8,-1.4,,29564,18.6,-0.9,,,,,,,,,,,,,,,,,,,,38444,17.8,-0.5,,347,37569,17.2,-1,,2364
11/1/1995,Greater Manchester,E11000001,37751,17.3,,-0.3,,,2925,73733,18.9,-0.3,,41909,16.9,-0.2,,30181,16.7,-0.6,,29636,18.6,0.2,,,,,,,,,,,,,,,,,,,,38466,17.8,0.1,,363,37414,17.1,-0.4,,2562
12/1/1995,Greater Manchester,E11000001,37571,17.2,,-0.5,,,3329,73314,18.8,-0.6,,41763,16.9,-0.3,,29994,16.6,-0.6,,29627,18.6,0,,,,,,,,,,,,,,,,,,,,38710,17.9,0.6,,547,37169,17,-0.7,,2782
1/1/1996,Greater Manchester,E11000001,37496,17.1,,-0.2,-2,,2156,73325,18.8,0,-1.4,41644,16.8,-0.3,-1.2,29941,16.5,-0.2,-2.9,29521,18.5,-0.4,-3,,,,,,,,,,,,,,,,,,,39035,18.1,0.8,0.6,259,37034,16.9,-0.4,-2.5,1897
2/1/1996,Greater Manchester,E11000001,37382,17.1,,-0.3,-2.6,,2273,73165,18.7,-0.2,-1.2,41561,16.8,-0.2,-1.9,29838,16.5,-0.3,-3.6,29261,18.4,-0.9,-3.5,,,,,,,,,,,,,,,,,,,39309,18.2,0.7,0.3,305,36864,16.8,-0.5,-3.1,1968
3/1/1996,Greater Manchester,E11000001,37354,17.1,,-0.1,-3,,3245,73507,18.8,0.5,-0.9,41611,16.8,0.1,-2.1,29727,16.4,-0.4,-4.4,29091,18.3,-0.6,-4.4,,,,,,,,,,,,,,,,,,,39477,18.3,0.4,0.2,463,36805,16.8,-0.2,-3.5,2782
4/1/1996,Greater Manchester,E11000001,37549,17.2,,0.5,-3.3,,2701,73605,18.8,0.1,-1.3,41758,16.9,0.4,-2.5,29970,16.5,0.8,-4.5,29254,18.4,0.6,-4.4,,,,,,,,,,,,,,,,,,,39581,18.3,0.3,-0.3,353,37012,16.9,0.6,-3.7,2348
5/1/1996,Greater Manchester,E11000001,37917,17.3,,1,-2.6,,3145,73965,18.9,0.5,-0.9,42055,17,0.7,-1.9,30385,16.8,1.4,-3.6,29579,18.6,1.1,-3.6,,,,,,,,,,,,,,,,,,,39538,18.3,-0.1,-0.3,407,37435,17.1,1.1,-3,2738
6/1/1996,Greater Manchester,E11000001,38323,17.5,,1.1,-1.6,,3227,74387,19,0.6,-0.4,42406,17.1,0.8,-1.4,30794,17,1.3,-2.1,30151,18.9,1.9,-2.3,,,,,,,,,,,,,,,,,,,39848,18.5,0.8,0.4,531,37852,17.3,1.1,-2,2696
7/1/1996,Greater Manchester,E11000001,38611,17.6,,0.8,-0.2,,3326,75009,19.2,0.8,1,42768,17.3,0.9,0,30989,17.1,0.6,-0.7,30369,19.1,0.7,-0.7,,,,,,,,,,,,,,,,,,,39975,18.5,0.3,1.5,394,38161,17.4,0.8,-0.5,2932
8/1/1996,Greater Manchester,E11000001,38702,17.7,,0.2,0.5,,3609,75749,19.4,1,1.7,42875,17.3,0.2,0.6,30987,17.1,0,0.1,30342,19.1,-0.1,-0.1,,,,,,,,,,,,,,,,,,,40155,18.6,0.5,2.4,376,38238,17.5,0.2,0.2,3233
9/1/1996,Greater Manchester,E11000001,38886,17.8,,0.5,1.7,,3233,76596,19.6,1.1,3.3,43068,17.4,0.5,1.9,31112,17.2,0.4,1.1,30187,19,-0.5,1.2,,,,,,,,,,,,,,,,,,,40139,18.6,0,3.9,379,38448,17.6,0.6,1.4,2854
10/1/1996,Greater Manchester,E11000001,39009,17.8,,0.3,3,,3606,77191,19.8,0.8,4.4,43272,17.5,0.5,3,31144,17.2,0.1,2.6,30092,18.9,-0.3,1.8,,,,,,,,,,,,,,,,,,,40278,18.7,0.3,4.8,429,38569,17.6,0.3,2.7,3177
11/1/1996,Greater Manchester,E11000001,38843,17.8,,-0.4,2.9,,3722,76780,19.7,-0.5,4.1,43124,17.4,-0.3,2.9,30995,17.1,-0.5,2.7,29992,18.8,-0.3,1.2,,,,,,,,,,,,,,,,,,,40093,18.6,-0.5,4.2,481,38407,17.5,-0.4,2.7,3241
12/1/1996,Greater Manchester,E11000001,38930,17.8,,0.2,3.6,,3641,76594,19.6,-0.2,4.5,43304,17.5,0.4,3.7,31054,17.1,0.2,3.5,30123,18.9,0.4,1.7,,,,,,,,,,,,,,,,,,,40164,18.6,0.2,3.8,552,38495,17.6,0.2,3.6,3089
1/1/1997,Greater Manchester,E11000001,38910,17.8,,0,3.8,,2812,76436,19.6,-0.2,4.2,43224,17.5,-0.2,3.8,31102,17.2,0.2,3.9,30054,18.9,-0.2,1.8,,,,,,,,,,,,,,,,,,,39911,18.5,-0.6,2.2,290,38509,17.6,0,4,2522
2/1/1997,Greater Manchester,E11000001,39214,17.9,,0.8,4.9,,2826,77206,19.8,1,5.5,43588,17.6,0.8,4.9,31297,17.3,0.6,4.9,30316,19,0.9,3.6,,,,,,,,,,,,,,,,,,,40230,18.6,0.8,2.3,350,38811,17.7,0.8,5.3,2476
3/1/1997,Greater Manchester,E11000001,39178,17.9,,-0.1,4.9,,3165,77417,19.8,0.3,5.3,43477,17.6,-0.3,4.5,31282,17.3,-0.1,5.2,30249,19,-0.2,4,,,,,,,,,,,,,,,,,,,40291,18.7,0.2,2.1,388,38767,17.7,-0.1,5.3,2777
4/1/1997,Greater Manchester,E11000001,39223,17.9,,0.1,4.5,,3116,77370,19.8,-0.1,5.1,43559,17.6,0.2,4.3,31313,17.3,0.1,4.5,30311,19,0.2,3.6,,,,,,,,,,,,,,,,,,,40340,18.7,0.1,1.9,355,38810,17.7,0.1,4.9,2761
5/1/1997,Greater Manchester,E11000001,39676,18.1,,1.2,4.6,,3773,78085,20,0.9,5.6,44099,17.8,1.2,4.9,31715,17.5,1.3,4.4,30429,19.1,0.4,2.9,,,,,,,,,,,,,,,,,,,40638,18.8,0.7,2.8,452,39280,17.9,1.2,4.9,3321
6/1/1997,Greater Manchester,E11000001,40109,18.3,,1.1,4.7,,3799,79033,20.2,1.2,6.2,44628,18,1.2,5.2,32045,17.7,1,4.1,30553,19.2,0.4,1.3,,,,,,,,,,,,,,,,,,,40747,18.9,0.3,2.3,548,39749,18.2,1.2,5,3251
7/1/1997,Greater Manchester,E11000001,40629,18.6,,1.3,5.2,,3956,80238,20.5,1.5,7,45187,18.3,1.3,5.7,32472,17.9,1.3,4.8,30778,19.3,0.7,1.3,,,,,,,,,,,,,,,,,,,41151,19.1,1,2.9,418,40281,18.4,1.3,5.6,3538
8/1/1997,Greater Manchester,E11000001,40641,18.6,,0,5,,3928,80529,20.6,0.4,6.3,45193,18.3,0,5.4,32452,17.9,-0.1,4.7,30734,19.3,-0.1,1.3,,,,,,,,,,,,,,,,,,,40954,19,-0.5,2,362,40320,18.4,0.1,5.4,3566
9/1/1997,Greater Manchester,E11000001,40739,18.6,,0.2,4.8,,3662,80779,20.7,0.3,5.5,45314,18.3,0.3,5.2,32508,17.9,0.2,4.5,30838,19.4,0.3,2.2,,,,,,,,,,,,,,,,,,,41129,19,0.4,2.5,401,40407,18.5,0.2,5.1,3261
10/1/1997,Greater Manchester,E11000001,40694,18.6,,-0.1,4.3,,4073,80784,20.7,0,4.7,45317,18.3,0,4.7,32424,17.9,-0.3,4.1,30795,19.3,-0.1,2.3,,,,,,,,,,,,,,,,,,,41139,19,0,2.1,413,40355,18.4,-0.1,4.6,3660
11/1/1997,Greater Manchester,E11000001,40636,18.6,,-0.1,4.6,,3502,80727,20.7,-0.1,5.1,45287,18.3,-0.1,5,32339,17.9,-0.3,4.3,30798,19.3,0,2.7,,,,,,,,,,,,,,,,,,,41128,19,0,2.6,401,40291,18.4,-0.2,4.9,3101
12/1/1997,Greater Manchester,E11000001,40420,18.5,,-0.5,3.8,,3889,80404,20.6,-0.4,5,45137,18.3,-0.3,4.2,32108,17.7,-0.7,3.4,30526,19.2,-0.9,1.3,,,,,,,,,,,,,,,,,,,41003,19,-0.3,2.1,525,40065,18.3,-0.6,4.1,3364
1/1/1998,Greater Manchester,E11000001,40525,18.5,,0.3,4.2,,2546,80862,20.7,0.6,5.8,45205,18.3,0.2,4.6,32165,17.8,0.2,3.4,30740,19.3,0.7,2.3,,,,,,,,,,,,,,,,,,,41313,19.1,0.8,3.5,249,40145,18.3,0.2,4.2,2297
2/1/1998,Greater Manchester,E11000001,40601,18.6,,0.2,3.5,,2727,80886,20.7,0,4.8,45320,18.3,0.3,4,32190,17.8,0.1,2.9,31020,19.5,0.9,2.3,,,,,,,,,,,,,,,,,,,41873,19.4,1.4,4.1,301,40161,18.3,0,3.5,2426
3/1/1998,Greater Manchester,E11000001,40684,18.6,,0.2,3.8,,3282,80999,20.7,0.1,4.6,45406,18.4,0.2,4.4,32255,17.8,0.2,3.1,31165,19.6,0.5,3,,,,,,,,,,,,,,,,,,,42141,19.5,0.6,4.6,369,40221,18.4,0.1,3.8,2913
4/1/1998,Greater Manchester,E11000001,41220,18.8,,1.3,5.1,,3302,81490,20.9,0.6,5.3,46061,18.6,1.4,5.7,32726,18.1,1.5,4.5,31633,19.9,1.5,4.4,,,,,,,,,,,,,,,,,,,42635,19.7,1.2,5.7,348,40758,18.6,1.3,5,2954
5/1/1998,Greater Manchester,E11000001,41874,19.1,,1.6,5.5,,3503,82491,21.1,1.2,5.6,46727,18.9,1.4,6,33362,18.4,1.9,5.2,31979,20.1,1.1,5.1,,,,,,,,,,,,,,,,,,,42943,19.9,0.7,5.7,384,41449,18.9,1.7,5.5,3119
6/1/1998,Greater Manchester,E11000001,42409,19.4,,1.3,5.7,,3736,83380,21.3,1.1,5.5,47284,19.1,1.2,6,33802,18.7,1.3,5.5,32629,20.5,2,6.8,,,,,,,,,,,,,,,,,,,43233,20,0.7,6.1,522,42008,19.2,1.3,5.7,3214
7/1/1998,Greater Manchester,E11000001,42678,19.5,,0.6,5,,4144,84025,21.5,0.8,4.7,47591,19.2,0.6,5.3,33975,18.8,0.5,4.6,32955,20.7,1,7.1,,,,,,,,,,,,,,,,,,,43377,20.1,0.3,5.4,428,42291,19.3,0.7,5,3716
8/1/1998,Greater Manchester,E11000001,42631,19.5,,-0.1,4.9,,3592,84202,21.6,0.2,4.6,47524,19.2,-0.1,5.2,33866,18.7,-0.3,4.4,33154,20.8,0.6,7.9,,,,,,,,,,,,,,,,,,,43436,20.1,0.1,6.1,339,42231,19.3,-0.1,4.7,3253
9/1/1998,Greater Manchester,E11000001,42522,19.4,,-0.3,4.4,,3611,84269,21.6,0.1,4.3,47397,19.2,-0.3,4.6,33762,18.6,-0.3,3.9,32909,20.7,-0.7,6.7,,,,,,,,,,,,,,,,,,,43123,20,-0.7,4.8,403,42147,19.3,-0.2,4.3,3208
10/1/1998,Greater Manchester,E11000001,42285,19.3,,-0.6,3.9,,3708,84066,21.5,-0.2,4.1,47123,19.1,-0.6,4,33526,18.5,-0.7,3.4,32798,20.6,-0.3,6.5,,,,,,,,,,,,,,,,,,,42956,19.9,-0.4,4.4,406,41904,19.1,-0.6,3.8,3302
11/1/1998,Greater Manchester,E11000001,42096,19.2,,-0.4,3.6,,3521,83979,21.5,-0.1,4,46998,19,-0.3,3.8,33290,18.4,-0.7,2.9,32536,20.4,-0.8,5.6,,,,,,,,,,,,,,,,,,,42788,19.8,-0.4,4,372,41713,19.1,-0.5,3.5,3149
12/1/1998,Greater Manchester,E11000001,42267,19.3,,0.4,4.6,,3726,83774,21.4,-0.2,4.2,47233,19.1,0.5,4.6,33418,18.4,0.4,4.1,33100,20.8,1.7,8.4,,,,,,,,,,,,,,,,,,,43465,20.1,1.6,6,447,41823,19.1,0.3,4.4,3279
1/1/1999,Greater Manchester,E11000001,41951,19.2,,-0.7,3.5,,2615,83187,21.3,-0.7,2.9,46925,19,-0.7,3.8,33129,18.3,-0.9,3,32876,20.6,-0.7,6.9,,,,,,,,,,,,,,,,,,,43273,20,-0.4,4.7,300,41495,19,-0.8,3.4,2315
2/1/1999,Greater Manchester,E11000001,41651,19,,-0.7,2.6,,2865,82718,21.2,-0.6,2.3,46635,18.9,-0.6,2.9,32856,18.1,-0.8,2.1,32563,20.5,-1,5,,,,,,,,,,,,,,,,,,,42909,19.9,-0.8,2.5,285,41203,18.8,-0.7,2.6,2580
3/1/1999,Greater Manchester,E11000001,41344,18.9,,-0.7,1.6,,3627,82691,21.2,0,2.1,46332,18.7,-0.7,2,32529,18,-1,0.9,32099,20.2,-1.4,3,,,,,,,,,,,,,,,,,,,42331,19.6,-1.3,0.5,378,40930,18.7,-0.7,1.8,3249
4/1/1999,Greater Manchester,E11000001,41982,19.2,,1.5,1.8,,3673,83638,21.4,1.1,2.6,47021,19,1.5,2.1,33138,18.3,1.9,1.3,32406,20.4,1,2.4,,,,,,,,,,,,,,,,,,,42697,19.8,0.9,0.1,421,41593,19,1.6,2,3252
5/1/1999,Greater Manchester,E11000001,42831,19.6,,2,2.3,,3758,84963,21.7,1.6,3,47953,19.4,2,2.6,33866,18.7,2.2,1.5,33157,20.8,2.3,3.7,,,,,,,,,,,,,,,,,,,43474,20.1,1.8,1.2,420,42445,19.4,2,2.4,3338
6/1/1999,Greater Manchester,E11000001,43402,19.8,,1.3,2.3,,4035,86026,22,1.3,3.2,48546,19.6,1.2,2.7,34369,19,1.5,1.7,33548,21.1,1.2,2.8,,,,,,,,,,,,,,,,,,,43970,20.4,1.1,1.7,493,43020,19.7,1.4,2.4,3542
7/1/1999,Greater Manchester,E11000001,43809,20,,0.9,2.6,,4917,87034,22.3,1.2,3.6,49001,19.8,0.9,3,34608,19.1,0.7,1.9,34127,21.4,1.7,3.6,,,,,,,,,,,,,,,,,,,44360,20.5,0.9,2.3,491,43426,19.8,0.9,2.7,4426
8/1/1999,Greater Manchester,E11000001,44226,20.2,,1,3.7,,4333,87942,22.5,1,4.4,49367,20,0.7,3.9,34980,19.3,1.1,3.3,34515,21.7,1.1,4.1,,,,,,,,,,,,,,,,,,,44559,20.6,0.4,2.6,409,43865,20,1,3.9,3924
9/1/1999,Greater Manchester,E11000001,44731,20.4,,1.1,5.2,,3975,89007,22.8,1.2,5.6,49838,20.2,1,5.1,35401,19.5,1.2,4.9,35076,22,1.6,6.6,,,,,,,,,,,,,,,,,,,44887,20.8,0.7,4.1,431,44387,20.3,1.2,5.3,3544
10/1/1999,Greater Manchester,E11000001,44838,20.5,,0.2,6,,4420,89642,22.9,0.7,6.6,50033,20.2,0.4,6.2,35387,19.5,0,5.5,35036,22,-0.1,6.8,,,,,,,,,,,,,,,,,,,44942,20.8,0.1,4.6,411,44498,20.3,0.3,6.2,4009
11/1/1999,Greater Manchester,E11000001,44837,20.5,,0,6.5,,4287,89968,23,0.4,7.1,50114,20.3,0.2,6.6,35313,19.5,-0.2,6.1,34833,21.9,-0.6,7.1,,,,,,,,,,,,,,,,,,,44816,20.8,-0.3,4.7,412,44512,20.3,0,6.7,3875
12/1/1999,Greater Manchester,E11000001,45092,20.6,,0.6,6.7,,4435,90486,23.2,0.6,8,50483,20.4,0.7,6.9,35463,19.6,0.4,6.1,35002,22,0.5,5.7,,,,,,,,,,,,,,,,,,,45336,21,1.2,4.3,471,44735,20.4,0.5,7,3964
1/1/2000,Greater Manchester,E11000001,44783,20.5,,-0.7,6.8,,2843,90031,23,-0.5,8.2,50166,20.3,-0.6,6.9,35193,19.4,-0.8,6.2,34660,21.8,-1,5.4,,,,,,,,,,,,,,,,,,,45014,20.8,-0.7,4,260,44430,20.3,-0.7,7.1,2583
2/1/2000,Greater Manchester,E11000001,44645,20.4,,-0.3,7.2,,3174,89697,23,-0.4,8.4,50041,20.2,-0.2,7.3,34992,19.3,-0.6,6.5,34931,21.9,0.8,7.3,,,,,,,,,,,,,,,,,,,45172,20.9,0.4,5.3,310,44259,20.2,-0.4,7.4,2864
3/1/2000,Greater Manchester,E11000001,44700,20.4,,0.1,8.1,,4154,89884,23,0.2,8.7,50244,20.3,0.4,8.4,34935,19.3,-0.2,7.4,34888,21.9,-0.1,8.7,,,,,,,,,,,,,,,,,,,44917,20.8,-0.6,6.1,496,44349,20.3,0.2,8.4,3658
4/1/2000,Greater Manchester,E11000001,45641,20.9,,2.1,8.7,,3799,91272,23.4,1.5,9.1,51259,20.7,2,9,35701,19.7,2.2,7.7,35974,22.6,3.1,11,,,,,,,,,,,,,,,,,,,45784,21.2,1.9,7.2,382,45291,20.7,2.1,8.9,3417
5/1/2000,Greater Manchester,E11000001,46323,21.2,,1.5,8.2,,4086,92281,23.6,1.1,8.6,52104,21.1,1.6,8.7,36215,20,1.4,6.9,36637,23,1.8,10.5,,,,,,,,,,,,,,,,,,,46239,21.4,1,6.4,391,45994,21,1.6,8.4,3695
6/1/2000,Greater Manchester,E11000001,46891,21.4,,1.2,8,,4596,93164,23.8,1,8.3,52746,21.3,1.2,8.7,36629,20.2,1.1,6.6,37420,23.5,2.1,11.5,,,,,,,,,,,,,,,,,,,46754,21.6,1.1,6.3,585,46564,21.3,1.2,8.2,4011
7/1/2000,Greater Manchester,E11000001,47264,21.6,,0.8,7.9,,4446,94359,24.2,1.3,8.4,53272,21.5,1,8.7,36802,20.3,0.5,6.3,37649,23.6,0.6,10.3,,,,,,,,,,,,,,,,,,,47058,21.8,0.6,6.1,425,46941,21.4,0.8,8.1,4021
8/1/2000,Greater Manchester,E11000001,48059,22,,1.7,8.7,,4383,96523,24.7,2.3,9.8,54267,21.9,1.9,9.9,37225,20.5,1.2,6.4,38562,24.2,2.4,11.7,,,,,,,,,,,,,,,,,,,48062,22.3,2.1,7.9,445,47707,21.8,1.6,8.8,3938
9/1/2000,Greater Manchester,E11000001,48444,22.1,,0.8,8.3,,4266,97908,25.1,1.4,10,54679,22.1,0.8,9.7,37420,20.7,0.5,5.7,39036,24.5,1.2,11.3,,,,,,,,,,,,,,,,,,,48541,22.5,1,8.1,443,48079,22,0.8,8.3,3823
10/1/2000,Greater Manchester,E11000001,48569,22.2,,0.3,8.3,,4000,98369,25.2,0.5,9.7,54938,22.2,0.5,9.8,37388,20.6,-0.1,5.7,39288,24.7,0.6,12.1,,,,,,,,,,,,,,,,,,,48845,22.6,0.6,8.7,385,48183,22,0.2,8.3,3615
11/1/2000,Greater Manchester,E11000001,48450,22.1,,-0.2,8.1,,3839,98635,25.2,0.3,9.6,54753,22.1,-0.3,9.3,37298,20.6,-0.2,5.6,38949,24.5,-0.9,11.8,,,,,,,,,,,,,,,,,,,48810,22.6,-0.1,8.9,322,48055,22,-0.3,8,3517
12/1/2000,Greater Manchester,E11000001,48940,22.4,,1,8.5,,4168,99400,25.4,0.8,9.9,55380,22.4,1.1,9.7,37618,20.8,0.9,6.1,39604,24.9,1.7,13.1,,,,,,,,,,,,,,,,,,,49711,23,1.8,9.7,547,48495,22.2,0.9,8.4,3621
1/1/2001,Greater Manchester,E11000001,49084,22.4,,0.3,9.6,,2938,99880,25.6,0.5,10.9,55468,22.4,0.2,10.6,37752,20.8,0.4,7.3,39694,24.9,0.2,14.5,,,,,,,,,,,,,,,,,,,50218,23.3,1,11.6,218,48598,22.2,0.2,9.4,2720
2/1/2001,Greater Manchester,E11000001,49146,22.5,,0.1,10.1,,3009,99419,25.4,-0.5,10.8,55515,22.4,0.1,10.9,37831,20.9,0.2,8.1,40046,25.2,0.9,14.6,,,,,,,,,,,,,,,,,,,50898,23.6,1.4,12.7,283,48598,22.2,0,9.8,2726
3/1/2001,Greater Manchester,E11000001,48839,22.3,,-0.6,9.3,,4073,98934,25.3,-0.5,10.1,55173,22.3,-0.6,9.8,37608,20.8,-0.6,7.7,39537,24.8,-1.3,13.3,,,,,,,,,,,,,,,,,,,50537,23.4,-0.7,12.5,448,48297,22.1,-0.6,8.9,3625
4/1/2001,Greater Manchester,E11000001,49533,22.6,,1.4,8.5,,3908,99857,25.6,0.9,9.4,55801,22.6,1.1,8.9,38260,21.1,1.7,7.2,40294,25.3,1.9,12,,,,,,,,,,,,,,,,,,,51245,23.7,1.4,11.9,334,48984,22.4,1.4,8.2,3574
5/1/2001,Greater Manchester,E11000001,50257,23,,1.5,8.5,,4274,100805,25.8,0.9,9.2,56631,22.9,1.5,8.7,38869,21.5,1.6,7.3,40934,25.7,1.6,11.7,,,,,,,,,,,,,,,,,,,51304,23.8,0.1,11,371,49767,22.7,1.6,8.2,3903
6/1/2001,Greater Manchester,E11000001,51499,23.5,,2.5,9.8,,4739,103199,26.4,2.4,10.8,57982,23.4,2.4,9.9,39864,22,2.6,8.8,41981,26.4,2.6,12.2,,,,,,,,,,,,,,,,,,,52578,24.3,2.5,12.5,566,50996,23.3,2.5,9.5,4173
7/1/2001,Greater Manchester,E11000001,52234,23.9,,1.4,10.5,,4918,104719,26.8,1.5,11,58941,23.8,1.7,10.6,40333,22.3,1.2,9.6,42653,26.8,1.6,13.3,,,,,,,,,,,,,,,,,,,53226,24.6,1.2,13.1,470,51733,23.6,1.4,10.2,4448
8/1/2001,Greater Manchester,E11000001,53122,24.3,,1.7,10.5,,5528,107121,27.4,2.3,11,59858,24.2,1.6,10.3,40959,22.6,1.6,10,43523,27.3,2,12.9,,,,,,,,,,,,,,,,,,,54488,25.2,2.4,13.4,455,52579,24,1.6,10.2,5073
9/1/2001,Greater Manchester,E11000001,53707,24.5,,1.1,10.9,,4240,108665,27.8,1.4,11,60367,24.4,0.8,10.4,41394,22.9,1.1,10.6,44299,27.8,1.8,13.5,,,,,,,,,,,,,,,,,,,55487,25.7,1.8,14.3,337,53120,24.3,1,10.5,3903
10/1/2001,Greater Manchester,E11000001,54049,24.7,,0.6,11.3,,4773,109537,28,0.8,11.4,60807,24.6,0.7,10.7,41584,23,0.5,11.2,44669,28.1,0.8,13.7,,,,,,,,,,,,,,,,,,,56142,26,1.2,14.9,383,53429,24.4,0.6,10.9,4390
11/1/2001,Greater Manchester,E11000001,54162,24.8,,0.2,11.8,,5163,109841,28.1,0.3,11.4,61056,24.7,0.4,11.5,41615,23,0.1,11.6,44626,28,-0.1,14.6,,,,,,,,,,,,,,,,,,,56285,26.1,0.3,15.3,444,53538,24.5,0.2,11.4,4719
12/1/2001,Greater Manchester,E11000001,54398,24.9,,0.4,11.2,,4285,110025,28.2,0.2,10.7,61561,24.9,0.8,11.2,41659,23,0.1,10.7,44999,28.3,0.8,13.6,,,,,,,,,,,,,,,,,,,56530,26.2,0.4,13.7,505,53771,24.6,0.4,10.9,3780
1/1/2002,Greater Manchester,E11000001,54411,24.9,,0,10.9,,3299,110199,28.2,0.2,10.3,61605,24.9,0.1,11.1,41613,23,-0.1,10.2,45116,28.3,0.3,13.7,,,,,,,,,,,,,,,,,,,56606,26.2,0.1,12.7,281,53778,24.6,0,10.7,3018
2/1/2002,Greater Manchester,E11000001,54667,25,,0.5,11.2,,3859,110768,28.3,0.5,11.4,61787,25,0.3,11.3,41833,23.1,0.5,10.6,45491,28.6,0.8,13.6,,,,,,,,,,,,,,,,,,,57421,26.6,1.4,12.8,372,53979,24.7,0.4,11.1,3487
3/1/2002,Greater Manchester,E11000001,55096,25.2,,0.8,12.8,,4731,111536,28.5,0.7,12.7,62236,25.2,0.7,12.8,42226,23.3,0.9,12.3,45701,28.7,0.5,15.6,,,,,,,,,,,,,,,,,,,57758,26.7,0.6,14.3,462,54414,24.9,0.8,12.7,4269
4/1/2002,Greater Manchester,E11000001,56304,25.7,,2.2,13.7,,4452,113178,29,1.5,13.3,63477,25.7,2,13.8,43227,23.9,2.4,13,47230,29.7,3.3,17.2,,,,,,,,,,,,,,,,,,,59220,27.4,2.5,15.6,456,55588,25.4,2.2,13.5,3996
5/1/2002,Greater Manchester,E11000001,57852,26.4,,2.7,15.1,,6250,115695,29.6,2.2,14.8,65337,26.4,2.9,15.4,44420,24.5,2.8,14.3,48561,30.5,2.8,18.6,,,,,,,,,,,,,,,,,,,60196,27.9,1.6,17.3,649,57178,26.1,2.9,14.9,5601
6/1/2002,Greater Manchester,E11000001,59369,27.1,,2.6,15.3,,4736,118481,30.3,2.4,14.8,66915,27.1,2.4,15.4,45640,25.2,2.7,14.5,50144,31.5,3.3,19.4,,,,,,,,,,,,,,,,,,,61891,28.7,2.8,17.7,664,58667,26.8,2.6,15,4072
7/1/2002,Greater Manchester,E11000001,60979,27.9,,2.7,16.7,,5821,121938,31.2,2.9,16.4,68720,27.8,2.7,16.6,46936,25.9,2.8,16.4,51053,32.1,1.8,19.7,,,,,,,,,,,,,,,,,,,62926,29.1,1.7,18.2,536,60319,27.6,2.8,16.6,5285
8/1/2002,Greater Manchester,E11000001,62716,28.7,,2.8,18.1,,6047,125268,32.1,2.7,16.9,70604,28.5,2.7,18,48293,26.7,2.9,17.9,52736,33.1,3.3,21.2,,,,,,,,,,,,,,,,,,,64688,30,2.8,18.7,500,62040,28.3,2.9,18,5547
9/1/2002,Greater Manchester,E11000001,63538,29,,1.3,18.3,,5102,127065,32.5,1.4,16.9,71698,29,1.5,18.8,48852,27,1.2,18,53177,33.4,0.8,20,,,,,,,,,,,,,,,,,,,64732,30,0.1,16.7,471,62931,28.7,1.4,18.5,4631
10/1/2002,Greater Manchester,E11000001,64215,29.4,,1.1,18.8,,5280,128195,32.8,0.9,17,72635,29.4,1.3,19.5,49278,27.2,0.9,18.5,53861,33.8,1.3,20.6,,,,,,,,,,,,,,,,,,,65398,30.3,1,16.5,522,63604,29.1,1.1,19,4758
11/1/2002,Greater Manchester,E11000001,64816,29.6,,0.9,19.7,,5787,129471,33.1,1,17.9,73306,29.6,0.9,20.1,49712,27.4,0.9,19.5,54484,34.2,1.2,22.1,,,,,,,,,,,,,,,,,,,65819,30.5,0.6,16.9,569,64218,29.3,1,19.9,5218
12/1/2002,Greater Manchester,E11000001,65728,30,,1.4,20.8,,5181,130957,33.5,1.1,19,74405,30.1,1.5,20.9,50416,27.8,1.4,21,55261,34.7,1.4,22.8,,,,,,,,,,,,,,,,,,,66925,31,1.7,18.4,666,65104,29.7,1.4,21.1,4515
1/1/2003,Greater Manchester,E11000001,66334,30.3,,0.9,21.9,,4030,132159,33.8,0.9,19.9,74966,30.3,0.8,21.7,50986,28.1,1.1,22.5,55601,34.9,0.6,23.2,,,,,,,,,,,,,,,,,,,67065,31.1,0.2,18.5,338,65751,30,1,22.3,3692
2/1/2003,Greater Manchester,E11000001,66740,30.5,,0.6,22.1,,4055,132809,34,0.5,19.9,75557,30.6,0.8,22.3,51321,28.3,0.7,22.7,55527,34.9,-0.1,22.1,,,,,,,,,,,,,,,,,,,67456,31.2,0.6,17.5,413,66156,30.2,0.6,22.6,3642
3/1/2003,Greater Manchester,E11000001,67400,30.8,,1,22.3,,4321,134451,34.4,1.2,20.5,76293,30.8,1,22.6,51831,28.6,1,22.7,55870,35.1,0.6,22.2,,,,,,,,,,,,,,,,,,,68215,31.6,1.1,18.1,415,66801,30.5,1,22.8,3906
4/1/2003,Greater Manchester,E11000001,68599,31.4,,1.8,21.8,,4495,136949,35.1,1.9,21,77886,31.5,2.1,22.7,52668,29.1,1.6,21.8,56515,35.5,1.2,19.7,,,,,,,,,,,,,,,,,,,69515,32.2,1.9,17.4,372,67980,31.1,1.8,22.3,4123
5/1/2003,Greater Manchester,E11000001,70631,32.3,,3,22.1,,5146,140618,36,2.7,21.5,80261,32.5,3,22.8,54242,29.9,3,22.1,58180,36.5,2.9,19.8,,,,,,,,,,,,,,,,,,,71326,33,2.6,18.5,470,70018,32,3,22.5,4676
6/1/2003,Greater Manchester,E11000001,72886,33.3,,3.2,22.8,,4838,144208,36.9,2.6,21.7,82674,33.4,3,23.6,56104,31,3.4,22.9,60443,38,3.9,20.5,,,,,,,,,,,,,,,,,,,73822,34.2,3.5,19.3,680,72232,33,3.2,23.1,4158
7/1/2003,Greater Manchester,E11000001,75684,34.6,,3.8,24.1,,5198,148411,38,2.9,21.7,85747,34.7,3.7,24.8,58397,32.2,4.1,24.4,63280,39.7,4.7,23.9,,,,,,,,,,,,,,,,,,,76968,35.6,4.3,22.3,388,74975,34.2,3.8,24.3,4810
8/1/2003,Greater Manchester,E11000001,77306,35.3,,2.1,23.3,,5656,151006,38.6,1.7,20.5,87500,35.4,2,23.9,59794,33,2.4,23.8,64555,40.5,2,22.4,,,,,,,,,,,,,,,,,,,78512,36.4,2,21.4,468,76592,35,2.2,23.5,5188
9/1/2003,Greater Manchester,E11000001,78864,36,,2,24.1,,5355,153559,39.3,1.7,20.9,89321,36.1,2.1,24.6,61107,33.7,2.2,25.1,65465,41.1,1.4,23.1,,,,,,,,,,,,,,,,,,,79430,36.8,1.2,22.7,475,78201,35.7,2.1,24.3,4880
10/1/2003,Greater Manchester,E11000001,79778,36.5,,1.2,24.2,,6091,155175,39.7,1.1,21,90261,36.5,1.1,24.3,61937,34.2,1.4,25.7,66003,41.5,0.8,22.5,,,,,,,,,,,,,,,,,,,80020,37.1,0.7,22.4,598,79140,36.2,1.2,24.4,5493
11/1/2003,Greater Manchester,E11000001,81158,37.1,,1.7,25.2,,5713,157548,40.3,1.5,21.7,91796,37.1,1.7,25.2,63063,34.8,1.8,26.9,67166,42.2,1.8,23.3,,,,,,,,,,,,,,,,,,,81415,37.7,1.7,23.7,576,80507,36.8,1.7,25.4,5137
12/1/2003,Greater Manchester,E11000001,82951,37.9,,2.2,26.2,,6046,159129,40.7,1,21.5,93665,37.9,2,25.9,64681,35.7,2.6,28.3,69359,43.6,3.3,25.5,,,,,,,,,,,,,,,,,,,83401,38.6,2.4,24.6,924,82267,37.6,2.2,26.4,5122
1/1/2004,Greater Manchester,E11000001,84276,38.5,,1.6,27,,4294,161324,41.3,1.4,22.1,95031,38.4,1.5,26.8,65807,36.3,1.7,29.1,70640,44.4,1.8,27,,,,,,,,,,,,,,,,,,,84954,39.3,1.9,26.7,318,83560,38.2,1.6,27.1,3976
2/1/2004,Greater Manchester,E11000001,84721,38.7,,0.5,26.9,,4422,162190,41.5,0.5,22.1,95491,38.6,0.5,26.4,66359,36.6,0.8,29.3,70521,44.3,-0.2,27,,,,,,,,,,,,,,,,,,,85267,39.5,0.4,26.4,352,84022,38.4,0.6,27,4070
3/1/2004,Greater Manchester,E11000001,84994,38.9,,0.3,26.1,,5277,163283,41.8,0.7,21.4,95663,38.7,0.2,25.4,66602,36.8,0.4,28.5,70300,44.2,-0.3,25.8,,,,,,,,,,,,,,,,,,,85754,39.7,0.6,25.7,565,84269,38.5,0.3,26.2,4712
4/1/2004,Greater Manchester,E11000001,87261,39.9,,2.7,27.2,,6040,165820,42.4,1.6,21.1,98079,39.7,2.5,25.9,68841,38,3.4,30.7,71546,44.9,1.8,26.6,,,,,,,,,,,,,,,,,,,87004,40.3,1.5,25.2,639,86648,39.6,2.8,27.5,5401
5/1/2004,Greater Manchester,E11000001,90238,41.2,,3.4,27.8,,5154,168815,43.2,1.8,20.1,101002,40.8,3,25.8,71605,39.5,4,32,74293,46.7,3.8,27.7,,,,,,,,,,,,,,,,,,,89731,41.5,3.1,25.8,512,89635,40.9,3.4,28,4642
6/1/2004,Greater Manchester,E11000001,94225,43.1,,4.4,29.3,,6054,174648,44.7,3.5,21.1,105244,42.6,4.2,27.3,75127,41.5,4.9,33.9,77363,48.6,4.1,28,,,,,,,,,,,,,,,,,,,93348,43.2,4,26.5,724,93638,42.8,4.5,29.6,5330
7/1/2004,Greater Manchester,E11000001,97332,44.5,,3.3,28.6,,6332,179251,45.9,2.6,20.8,108605,43.9,3.2,26.7,77774,42.9,3.5,33.2,79974,50.2,3.4,26.4,,,,,,,,,,,,,,,,,,,96131,44.5,3,24.9,570,96764,44.2,3.3,29.1,5762
8/1/2004,Greater Manchester,E11000001,100623,46,,3.4,30.2,,5640,185860,47.6,3.7,23.1,112269,45.4,3.4,28.3,80463,44.4,3.5,34.6,82301,51.7,2.9,27.5,,,,,,,,,,,,,,,,,,,98717,45.7,2.7,25.7,496,100121,45.7,3.5,30.7,5144
9/1/2004,Greater Manchester,E11000001,102812,47,,2.2,30.4,,4818,190120,48.7,2.3,23.8,114621,46.3,2.1,28.3,82283,45.4,2.3,34.7,83935,52.7,2,28.2,,,,,,,,,,,,,,,,,,,100473,46.5,1.8,26.5,608,102348,46.8,2.2,30.9,4210
10/1/2004,Greater Manchester,E11000001,103788,47.4,,0.9,30.1,,4634,192724,49.3,1.4,24.2,115585,46.7,0.8,28.1,83022,45.8,0.9,34,84772,53.2,1,28.4,,,,,,,,,,,,,,,,,,,101942,47.2,1.5,27.4,510,103254,47.2,0.9,30.5,4124
11/1/2004,Greater Manchester,E11000001,104340,47.7,,0.5,28.6,,4345,193313,49.5,0.3,22.7,115996,46.9,0.4,26.4,83546,46.1,0.6,32.5,85449,53.7,0.8,27.2,,,,,,,,,,,,,,,,,,,103054,47.7,1.1,26.6,634,103729,47.4,0.5,28.8,3711
12/1/2004,Greater Manchester,E11000001,105123,48.1,,0.8,26.7,,4262,194047,49.7,0.4,21.9,116615,47.2,0.5,24.5,84353,46.6,1,30.4,86196,54.1,0.9,24.3,,,,,,,,,,,,,,,,,,,104433,48.4,1.3,25.2,827,104431,47.7,0.7,26.9,3435
1/1/2005,Greater Manchester,E11000001,105090,48,,0,24.7,,2919,194981,49.9,0.5,20.9,116476,47.1,-0.1,22.6,84427,46.6,0.1,28.3,85660,53.8,-0.6,21.3,,,,,,,,,,,,,,,,,,,104714,48.5,0.3,23.3,373,104359,47.7,-0.1,24.9,2546
2/1/2005,Greater Manchester,E11000001,104924,48,,-0.2,23.8,,2965,194667,49.8,-0.2,20,116328,47,-0.1,21.8,84251,46.5,-0.2,27,85419,53.6,-0.3,21.1,,,,,,,,,,,,,,,,,,,105366,48.8,0.6,23.6,369,104061,47.5,-0.3,23.8,2596
3/1/2005,Greater Manchester,E11000001,105123,48.1,,0.2,23.7,,3593,194635,49.8,0,19.2,116523,47.1,0.2,21.8,84295,46.5,0.1,26.6,85726,53.8,0.4,21.9,,,,,,,,,,,,,,,,,,,106420,49.3,1,24.1,615,104095,47.6,0,23.5,2978
4/1/2005,Greater Manchester,E11000001,106322,48.6,,1.1,21.8,,4105,194514,49.8,-0.1,17.3,117695,47.6,1,20,85317,47.1,1.2,23.9,87336,54.9,1.9,22.1,,,,,,,,,,,,,,,,,,,108790,50.4,2.2,25,539,105085,48,1,21.3,3566
5/1/2005,Greater Manchester,E11000001,108744,49.7,,2.3,20.5,,3980,197420,50.5,1.5,16.9,119943,48.5,1.9,18.8,87441,48.3,2.5,22.1,89817,56.4,2.8,20.9,,,,,,,,,,,,,,,,,,,111760,51.7,2.7,24.5,518,107397,49.1,2.2,19.8,3462
6/1/2005,Greater Manchester,E11000001,110953,50.7,,2,17.8,,4622,199300,51,1,14.1,122036,49.3,1.7,16,89664,49.5,2.5,19.3,91548,57.5,1.9,18.3,,,,,,,,,,,,,,,,,,,113726,52.7,1.8,21.8,894,109629,50.1,2.1,17.1,3728
7/1/2005,Greater Manchester,E11000001,113390,51.8,,2.2,16.5,,4601,202692,51.9,1.7,13.1,124615,50.4,2.1,14.7,91802,50.7,2.4,18,93536,58.7,2.2,17,,,,,,,,,,,,,,,,,,,115793,53.6,1.8,20.5,508,112109,51.2,2.3,15.9,4093
8/1/2005,Greater Manchester,E11000001,115318,52.7,,1.7,14.6,,4380,205736,52.7,1.5,10.7,126550,51.2,1.6,12.7,93572,51.7,1.9,16.3,94958,59.6,1.5,15.4,,,,,,,,,,,,,,,,,,,117493,54.4,1.5,19,495,114061,52.1,1.7,13.9,3885
9/1/2005,Greater Manchester,E11000001,115850,53,,0.5,12.7,,4783,207429,53.1,0.8,9.1,126946,51.3,0.3,10.8,94215,52,0.7,14.5,94924,59.6,0,13.1,,,,,,,,,,,,,,,,,,,117720,54.5,0.2,17.2,737,114639,52.4,0.5,12,4046
10/1/2005,Greater Manchester,E11000001,116110,53.1,,0.2,11.9,,4057,207327,53.1,0,7.6,126726,51.2,-0.2,9.6,94630,52.2,0.4,14,95428,59.9,0.5,12.6,,,,,,,,,,,,,,,,,,,118344,54.8,0.5,16.1,569,114836,52.5,0.2,11.2,3488
11/1/2005,Greater Manchester,E11000001,115531,52.8,,-0.5,10.7,,4205,205862,52.7,-0.7,6.5,126063,51,-0.5,8.7,94273,52,-0.4,12.8,94830,59.6,-0.6,11,,,,,,,,,,,,,,,,,,,117969,54.6,-0.3,14.5,569,114227,52.2,-0.5,10.1,3636
12/1/2005,Greater Manchester,E11000001,116288,53.2,,0.7,10.6,,5158,205841,52.7,0,6.1,126638,51.2,0.5,8.6,94852,52.4,0.6,12.4,96228,60.4,1.5,11.6,,,,,,,,,,,,,,,,,,,119474,55.3,1.3,14.4,1182,114854,52.5,0.5,10,3976
1/1/2006,Greater Manchester,E11000001,116788,53.4,,0.4,11.1,,3539,206712,52.9,0.4,6,127018,51.4,0.3,9.1,95456,52.7,0.6,13.1,96383,60.5,0.2,12.5,,,,,,,,,,,,,,,,,,,119880,55.5,0.3,14.5,571,115366,52.7,0.4,10.5,2968
2/1/2006,Greater Manchester,E11000001,117472,53.7,,0.6,12,,3781,206549,52.9,-0.1,6.1,127353,51.5,0.3,9.5,96057,53,0.6,14,97697,61.4,1.4,14.4,,,,,,,,,,,,,,,,,,,121376,56.2,1.2,15.2,632,115897,52.9,0.5,11.4,3149
3/1/2006,Greater Manchester,E11000001,117238,53.6,,-0.2,11.5,,5147,206833,52.9,0.1,6.3,127331,51.5,0,9.3,95851,52.9,-0.2,13.7,97041,60.9,-0.7,13.2,,,,,,,,,,,,,,,,,,,120977,56,-0.3,13.7,1055,115687,52.8,-0.2,11.1,4092
4/1/2006,Greater Manchester,E11000001,118138,54,,0.8,11.1,,4442,207362,53.1,0.3,6.6,128354,51.9,0.8,9.1,96687,53.4,0.9,13.3,97811,61.4,0.8,12,,,,,,,,,,,,,,,,,,,122071,56.5,0.9,12.2,766,116545,53.2,0.7,10.9,3676
5/1/2006,Greater Manchester,E11000001,119475,54.6,,1.1,9.9,,4978,209782,53.7,1.2,6.3,129940,52.5,1.2,8.3,97948,54.1,1.3,12,98376,61.8,0.6,9.5,,,,,,,,,,,,,,,,,,,122703,56.8,0.5,9.8,807,117999,53.9,1.2,9.9,4171
6/1/2006,Greater Manchester,E11000001,121595,55.6,,1.8,9.6,,6054,212417,54.4,1.3,6.6,132168,53.4,1.7,8.3,99907,55.2,2,11.4,100056,62.8,1.7,9.3,,,,,,,,,,,,,,,,,,,124460,57.6,1.4,9.4,1223,120170,54.9,1.8,9.6,4831
7/1/2006,Greater Manchester,E11000001,123098,56.3,,1.2,8.6,,5178,214929,55,1.2,6,133673,54.1,1.1,7.3,101378,56,1.5,10.4,100993,63.4,0.9,8,,,,,,,,,,,,,,,,,,,125238,58,0.6,8.2,722,121795,55.6,1.4,8.6,4456
8/1/2006,Greater Manchester,E11000001,124273,56.8,,1,7.8,,5376,217320,55.6,1.1,5.6,134994,54.6,1,6.7,102583,56.6,1.2,9.6,101315,63.6,0.3,6.7,,,,,,,,,,,,,,,,,,,125223,58,0,6.6,679,123181,56.3,1.1,8,4697
9/1/2006,Greater Manchester,E11000001,125586,57.4,,1.1,8.4,,5474,219659,56.2,1.1,5.9,136257,55.1,0.9,7.3,103728,57.3,1.1,10.1,102448,64.3,1.1,7.9,,,,,,,,,,,,,,,,,,,126431,58.5,1,7.4,756,124504,56.9,1.1,8.6,4718
10/1/2006,Greater Manchester,E11000001,126039,57.6,,0.4,8.6,,5246,220609,56.5,0.4,6.4,136765,55.3,0.4,7.9,103992,57.4,0.3,9.9,102983,64.7,0.5,7.9,,,,,,,,,,,,,,,,,,,126959,58.8,0.4,7.3,696,124940,57.1,0.4,8.8,4550
11/1/2006,Greater Manchester,E11000001,126590,57.9,,0.4,9.6,,5657,220827,56.5,0.1,7.3,137281,55.5,0.4,8.9,104454,57.7,0.4,10.8,103717,65.1,0.7,9.4,,,,,,,,,,,,,,,,,,,127797,59.2,0.7,8.3,825,125432,57.3,0.4,9.8,4832
12/1/2006,Greater Manchester,E11000001,127451,58.3,,0.7,9.6,,6137,221432,56.7,0.3,7.6,138070,55.8,0.6,9,105470,58.2,1,11.2,104217,65.5,0.5,8.3,,,,,,,,,,,,,,,,,,,128319,59.4,0.4,7.4,1271,126350,57.7,0.7,10,4866
1/1/2007,Greater Manchester,E11000001,127998,58.5,,0.4,9.6,,4142,222697,57,0.6,7.7,138682,56.1,0.4,9.2,106074,58.6,0.6,11.1,104246,65.5,0,8.2,,,,,,,,,,,,,,,,,,,128586,59.5,0.2,7.3,525,126945,58,0.5,10,3617
2/1/2007,Greater Manchester,E11000001,129041,59,,0.8,9.8,,4450,224086,57.4,0.6,8.5,139577,56.4,0.6,9.6,106786,59,0.7,11.2,105781,66.4,1.5,8.3,,,,,,,,,,,,,,,,,,,130243,60.3,1.3,7.3,510,127899,58.4,0.8,10.4,3940
3/1/2007,Greater Manchester,E11000001,128405,58.7,,-0.5,9.5,,5350,224526,57.5,0.2,8.6,139198,56.3,-0.3,9.3,106244,58.7,-0.5,10.8,104507,65.6,-1.2,7.7,,,,,,,,,,,,,,,,,,,128753,59.6,-1.1,6.4,695,127395,58.2,-0.4,10.1,4655
4/1/2007,Greater Manchester,E11000001,129556,59.2,,0.9,9.7,,4647,225124,57.6,0.3,8.6,140253,56.7,0.8,9.3,107368,59.3,1.1,11,105690,66.4,1.1,8.1,,,,,,,,,,,,,,,,,,,129464,59.9,0.6,6.1,598,128598,58.7,0.9,10.3,4049
5/1/2007,Greater Manchester,E11000001,130339,59.6,,0.6,9.1,,5085,226031,57.9,0.4,7.7,140988,57,0.5,8.5,108399,59.8,1,10.7,105806,66.5,0.1,7.6,,,,,,,,,,,,,,,,,,,129925,60.2,0.4,5.9,558,129419,59.1,0.6,9.7,4527
6/1/2007,Greater Manchester,E11000001,132559,60.6,,1.7,9,,6117,228624,58.5,1.1,7.6,143008,57.8,1.4,8.2,110330,60.9,1.8,10.4,108207,68,2.3,8.1,,,,,,,,,,,,,,,,,,,132563,61.4,2,6.5,1041,131564,60.1,1.7,9.5,5076
7/1/2007,Greater Manchester,E11000001,133985,61.2,,1.1,8.8,,5591,231567,59.3,1.3,7.7,144414,58.4,1,8,111443,61.5,1,9.9,109548,68.8,1.2,8.5,,,,,,,,,,,,,,,,,,,134777,62.4,1.7,7.6,570,132872,60.7,1,9.1,5021
8/1/2007,Greater Manchester,E11000001,135081,61.7,,0.8,8.7,,5982,234401,60,1.2,7.9,145807,59,1,8,112402,62.1,0.9,9.6,109859,69,0.3,8.4,,,,,,,,,,,,,,,,,,,134622,62.3,-0.1,7.5,515,134132,61.3,0.9,8.9,5467
9/1/2007,Greater Manchester,E11000001,135249,61.8,,0.1,7.7,,5118,235290,60.2,0.4,7.1,145984,59,0.1,7.1,112490,62.1,0.1,8.4,109947,69.1,0.1,7.3,,,,,,,,,,,,,,,,,,,134551,62.3,-0.1,6.4,596,134331,61.4,0.1,7.9,4522
10/1/2007,Greater Manchester,E11000001,135590,62,,0.3,7.6,,5013,237342,60.7,0.9,7.6,146390,59.2,0.3,7,112807,62.3,0.3,8.5,109739,68.9,-0.2,6.6,,,,,,,,,,,,,,,,,,,133929,62,-0.5,5.5,657,134802,61.6,0.4,7.9,4356
11/1/2007,Greater Manchester,E11000001,135403,61.9,,-0.1,7,,5159,237617,60.8,0.1,7.6,146131,59.1,-0.2,6.4,112570,62.1,-0.2,7.8,109661,68.9,-0.1,5.7,,,,,,,,,,,,,,,,,,,134190,62.1,0.2,5,573,134554,61.5,-0.2,7.3,4586
12/1/2007,Greater Manchester,E11000001,136299,62.3,,0.7,6.9,,4259,238951,61.2,0.6,7.9,147034,59.5,0.6,6.5,113377,62.6,0.7,7.5,110403,69.3,0.7,5.9,,,,,,,,,,,,,,,,,,,135413,62.7,0.9,5.5,699,135399,61.9,0.6,7.2,3560
1/1/2008,Greater Manchester,E11000001,135691,62,,-0.4,6,,2901,237555,60.8,-0.6,6.7,146375,59.2,-0.4,5.5,112766,62.3,-0.5,6.3,110207,69.2,-0.2,5.7,,,,,,,,,,,,,,,,,,,135227,62.6,-0.1,5.2,381,134737,61.6,-0.5,6.1,2520
2/1/2008,Greater Manchester,E11000001,135051,61.7,,-0.5,4.7,,3192,236641,60.6,-0.4,5.6,145719,58.9,-0.4,4.4,112160,61.9,-0.5,5,109738,68.9,-0.4,3.7,,,,,,,,,,,,,,,,,,,135650,62.8,0.3,4.2,365,133930,61.2,-0.6,4.7,2827
3/1/2008,Greater Manchester,E11000001,132448,60.5,,-1.9,3.1,,2979,233549,59.8,-1.3,4,143442,58,-1.6,3,109813,60.6,-2.1,3.4,106985,67.2,-2.5,2.4,,,,,,,,,,,,,,,,,,,133082,61.6,-1.9,3.4,438,131339,60,-1.9,3.1,2541
4/1/2008,Greater Manchester,E11000001,131401,60.1,,-0.8,1.4,,3148,232285,59.5,-0.5,3.2,142341,57.6,-0.8,1.5,109042,60.2,-0.7,1.6,105740,66.4,-1.2,0,,,,,,,,,,,,,,,,,,,132504,61.4,-0.4,2.3,516,130219,59.5,-0.9,1.3,2632
5/1/2008,Greater Manchester,E11000001,130731,59.8,,-0.5,0.3,,2976,231290,59.2,-0.4,2.3,141908,57.4,-0.3,0.7,108449,59.9,-0.5,0,104887,65.9,-0.8,-0.9,,,,,,,,,,,,,,,,,,,131041,60.7,-1.1,0.9,352,129690,59.2,-0.4,0.2,2624
6/1/2008,Greater Manchester,E11000001,131084,59.9,,0.3,-1.1,,2632,231085,59.1,-0.1,1.1,142075,57.4,0.1,-0.7,108861,60.1,0.4,-1.3,105390,66.2,0.5,-2.6,,,,,,,,,,,,,,,,,,,131360,60.8,0.2,-0.9,403,130045,59.4,0.3,-1.2,2229
7/1/2008,Greater Manchester,E11000001,129894,59.4,,-0.9,-3.1,,2588,228861,58.6,-1,-1.2,141125,57.1,-0.7,-2.3,107700,59.5,-1.1,-3.4,104429,65.6,-0.9,-4.7,,,,,,,,,,,,,,,,,,,129529,60,-1.4,-3.9,357,128974,58.9,-0.8,-2.9,2231
8/1/2008,Greater Manchester,E11000001,128744,58.8,,-0.9,-4.7,,2112,226628,58,-1,-3.3,139657,56.5,-1,-4.2,106890,59,-0.8,-4.9,103516,65,-0.9,-5.8,,,,,,,,,,,,,,,,,,,127777,59.2,-1.4,-5.1,245,127937,58.4,-0.8,-4.6,1867
9/1/2008,Greater Manchester,E11000001,126160,57.7,,-2,-6.7,,1934,224348,57.4,-1,-4.7,136802,55.3,-2,-6.3,104512,57.7,-2.2,-7.1,101394,63.7,-2,-7.8,,,,,,,,,,,,,,,,,,,124943,57.9,-2.2,-7.1,285,125416,57.3,-2,-6.6,1649
10/1/2008,Greater Manchester,E11000001,124024,56.7,,-1.7,-8.5,,1991,221041,56.6,-1.5,-6.9,134406,54.3,-1.8,-8.2,102676,56.7,-1.8,-9,99782,62.7,-1.6,-9.1,,,,,,,,,,,,,,,,,,,122828,56.9,-1.7,-8.3,296,123292,56.3,-1.7,-8.5,1695
11/1/2008,Greater Manchester,E11000001,120941,55.3,,-2.5,-10.7,,1720,216098,55.3,-2.2,-9.1,131165,53,-2.4,-10.2,99908,55.2,-2.7,-11.2,97492,61.2,-2.3,-11.1,,,,,,,,,,,,,,,,,,,120446,55.8,-1.9,-10.2,310,120111,54.9,-2.6,-10.7,1410
12/1/2008,Greater Manchester,E11000001,119156,54.5,,-1.5,-12.6,,1864,211821,54.2,-2,-11.4,129367,52.3,-1.4,-12,98764,54.5,-1.1,-12.9,95490,60,-2.1,-13.5,,,,,,,,,,,,,,,,,,,118093,54.7,-2,-12.8,444,118439,54.1,-1.4,-12.5,1420
1/1/2009,Greater Manchester,E11000001,116272,53.1,,-2.4,-14.3,,1155,207771,53.2,-1.9,-12.5,126221,51,-2.4,-13.8,96189,53.1,-2.6,-14.7,93305,58.6,-2.3,-15.3,,,,,,,,,,,,,,,,,,,115683,53.6,-2,-14.5,145,115495,52.8,-2.5,-14.3,1010
2/1/2009,Greater Manchester,E11000001,114335,52.3,,-1.7,-15.3,,1169,204238,52.3,-1.7,-13.7,124151,50.2,-1.6,-14.8,94567,52.2,-1.7,-15.7,91910,57.7,-1.5,-16.2,,,,,,,,,,,,,,,,,,,114046,52.8,-1.4,-15.9,226,113524,51.9,-1.7,-15.2,943
3/1/2009,Greater Manchester,E11000001,111667,51,,-2.3,-15.7,,1600,199427,51,-2.4,-14.6,121185,49,-2.4,-15.5,91894,50.7,-2.8,-16.3,91001,57.2,-1,-14.9,,,,,,,,,,,,,,,,,,,113105,52.4,-0.8,-15,300,110599,50.5,-2.6,-15.8,1300
4/1/2009,Greater Manchester,E11000001,111762,51.1,,0.1,-14.9,,1561,198174,50.7,-0.6,-14.7,121351,49.1,0.1,-14.7,92218,50.9,0.4,-15.4,90972,57.1,0,-14,,,,,,,,,,,,,,,,,,,113192,52.4,0.1,-14.6,214,110696,50.6,0.1,-15,1347
5/1/2009,Greater Manchester,E11000001,112201,51.3,,0.4,-14.2,,1797,198440,50.8,0.1,-14.2,121970,49.3,0.5,-14,92653,51.1,0.5,-14.6,91124,57.2,0.2,-13.1,,,,,,,,,,,,,,,,,,,113085,52.4,-0.1,-13.7,201,111207,50.8,0.5,-14.3,1596
6/1/2009,Greater Manchester,E11000001,113944,52.1,,1.6,-13.1,,2168,201113,51.5,1.3,-13,124045,50.2,1.7,-12.7,94373,52.1,1.9,-13.3,91789,57.7,0.7,-12.9,,,,,,,,,,,,,,,,,,,113412,52.5,0.3,-13.7,344,113136,51.7,1.7,-13,1824
7/1/2009,Greater Manchester,E11000001,115022,52.6,,0.9,-11.4,,2510,202996,52,0.9,-11.3,125450,50.7,1.1,-11.1,95396,52.7,1.1,-11.4,92008,57.8,0.2,-11.9,,,,,,,,,,,,,,,,,,,113445,52.5,0,-12.4,317,114354,52.2,1.1,-11.3,2193
8/1/2009,Greater Manchester,E11000001,115538,52.8,,0.4,-10.3,,2183,204819,52.4,0.9,-9.6,126137,51,0.5,-9.7,95876,52.9,0.5,-10.3,91770,57.6,-0.3,-11.3,,,,,,,,,,,,,,,,,,,113041,52.3,-0.4,-11.5,239,114998,52.5,0.6,-10.1,1944
9/1/2009,Greater Manchester,E11000001,116094,53.1,,0.5,-8,,2178,206172,52.8,0.7,-8.1,126819,51.3,0.5,-7.3,96361,53.2,0.5,-7.8,91904,57.7,0.1,-9.4,,,,,,,,,,,,,,,,,,,113512,52.6,0.4,-9.1,246,115562,52.8,0.5,-7.9,1932
10/1/2009,Greater Manchester,E11000001,116171,53.1,,0.1,-6.3,,2484,207118,53,0.5,-6.3,127209,51.4,0.3,-5.4,96372,53.2,0,-6.1,91296,57.3,-0.7,-8.5,,,,,,,,,,,,,,,,,,,112764,52.2,-0.7,-8.2,238,115759,52.9,0.2,-6.1,2246
11/1/2009,Greater Manchester,E11000001,116946,53.5,,0.7,-3.3,,2566,208811,53.4,0.8,-3.4,128080,51.8,0.7,-2.4,97172,53.6,0.8,-2.7,91433,57.4,0.1,-6.2,,,,,,,,,,,,,,,,,,,113175,52.4,0.4,-6,303,116581,53.3,0.7,-2.9,2263
12/1/2009,Greater Manchester,E11000001,118260,54.1,,1.1,-0.8,,3096,209968,53.7,0.6,-0.9,129621,52.4,1.2,0.2,98662,54.5,1.5,-0.1,91911,57.7,0.5,-3.7,,,,,,,,,,,,,,,,,,,113652,52.6,0.4,-3.8,355,118007,53.9,1.2,-0.4,2741
1/1/2010,Greater Manchester,E11000001,117918,53.9,,-0.3,1.4,,1355,210414,53.9,0.2,1.3,129522,52.4,-0.1,2.6,98319,54.3,-0.3,2.2,90969,57.1,-1,-2.5,,,,,,,,,,,,,,,,,,,111755,51.7,-1.7,-3.4,155,117904,53.9,-0.1,2.1,1200
2/1/2010,Greater Manchester,E11000001,117427,53.7,,-0.4,2.7,,1789,209865,53.7,-0.3,2.8,129406,52.3,-0.1,4.2,97766,54,-0.6,3.4,90138,56.6,-0.9,-1.9,,,,,,,,,,,,,,,,,,,111096,51.4,-0.6,-2.6,195,117488,53.7,-0.4,3.5,1594
3/1/2010,Greater Manchester,E11000001,115796,52.9,,-1.4,3.7,,2204,209375,53.6,-0.2,5,127903,51.7,-1.2,5.5,95709,52.8,-2.1,4.2,89102,56,-1.1,-2.1,,,,,,,,,,,,,,,,,,,109725,50.8,-1.2,-3,373,115893,52.9,-1.4,4.8,1831
4/1/2010,Greater Manchester,E11000001,116127,53.1,,0.3,3.9,,2107,208181,53.3,-0.6,5,128133,51.8,0.2,5.6,95943,53,0.2,4,90398,56.8,1.5,-0.6,,,,,,,,,,,,,,,,,,,111623,51.7,1.7,-1.4,222,116033,53,0.1,4.8,1885
5/1/2010,Greater Manchester,E11000001,117277,53.6,,1,4.5,,2123,210375,53.8,1.1,6,129383,52.3,1,6.1,96816,53.4,0.9,4.5,91447,57.4,1.2,0.4,,,,,,,,,,,,,,,,,,,112190,51.9,0.5,-0.8,294,117245,53.6,1,5.4,1829
6/1/2010,Greater Manchester,E11000001,118475,54.2,,1,4,,2350,211746,54.2,0.7,5.3,130646,52.8,1,5.3,98284,54.3,1.5,4.1,91668,57.6,0.2,-0.1,,,,,,,,,,,,,,,,,,,112456,52.1,0.2,-0.8,295,118548,54.2,1.1,4.8,2055
7/1/2010,Greater Manchester,E11000001,118994,54.4,,0.4,3.5,,2688,214320,54.9,1.2,5.6,131245,53.1,0.5,4.6,98874,54.6,0.6,3.6,90993,57.2,-0.7,-1.1,,,,,,,,,,,,,,,,,,,111608,51.7,-0.8,-1.6,173,119229,54.5,0.6,4.3,2515
8/1/2010,Greater Manchester,E11000001,119262,54.5,,0.2,3.2,,2370,214789,55,0.2,4.9,131681,53.2,0.3,4.4,99048,54.7,0.2,3.3,91083,57.2,0.1,-0.7,,,,,,,,,,,,,,,,,,,112017,51.9,0.4,-0.9,183,119478,54.6,0.2,3.9,2187
9/1/2010,Greater Manchester,E11000001,118561,54.2,,-0.6,2.1,,2232,214733,55,0,4.2,130939,52.9,-0.6,3.2,98257,54.2,-0.8,2,90497,56.8,-0.6,-1.5,,,,,,,,,,,,,,,,,,,111798,51.8,-0.2,-1.5,300,118724,54.2,-0.6,2.7,1932
10/1/2010,Greater Manchester,E11000001,118485,54.2,,-0.1,2,,2321,214188,54.8,-0.3,3.4,130821,52.9,-0.1,2.8,97986,54.1,-0.3,1.7,91140,57.2,0.7,-0.2,,,,,,,,,,,,,,,,,,,113503,52.6,1.5,0.7,179,118435,54.1,-0.2,2.3,2142
11/1/2010,Greater Manchester,E11000001,117302,53.6,,-1,0.3,,2201,213160,54.6,-0.5,2.1,129569,52.4,-1,1.2,96784,53.4,-1.2,-0.4,90225,56.7,-1,-1.3,,,,,,,,,,,,,,,,,,,112442,52.1,-0.9,-0.6,170,117244,53.6,-1,0.6,2031
12/1/2010,Greater Manchester,E11000001,116457,53.2,,-0.7,-1.5,,2303,211483,54.1,-0.8,0.7,128871,52.1,-0.5,-0.6,95828,52.9,-1,-2.9,89846,56.4,-0.4,-2.2,,,,,,,,,,,,,,,,,,,112321,52,-0.1,-1.2,237,116318,53.1,-0.8,-1.4,2066
1/1/2011,Greater Manchester,E11000001,115434,52.8,,-0.9,-2.1,,1566,210866,54,-0.3,0.2,127782,51.7,-0.8,-1.3,94809,52.3,-1.1,-3.6,88912,55.8,-1,-2.3,,,,,,,,,,,,,,,,,,,111557,51.7,-0.7,-0.2,166,115271,52.7,-0.9,-2.2,1400
2/1/2011,Greater Manchester,E11000001,114810,52.5,,-0.5,-2.2,,1602,209621,53.7,-0.6,-0.1,126693,51.2,-0.9,-2.1,94337,52.1,-0.5,-3.5,89086,56,0.2,-1.2,,,,,,,,,,,,,,,,,,,112507,52.1,0.9,1.3,150,114475,52.3,-0.7,-2.6,1452
3/1/2011,Greater Manchester,E11000001,113934,52.1,,-0.8,-1.6,,2046,209646,53.7,0,0.1,125709,50.8,-0.8,-1.7,93455,51.6,-0.9,-2.4,88169,55.4,-1,-1,,,,,,,,,,,,,,,,,,,111839,51.8,-0.6,1.9,251,113584,51.9,-0.8,-2,1795
4/1/2011,Greater Manchester,E11000001,113584,51.9,,-0.3,-2.2,,2120,208804,53.4,-0.4,0.3,125186,50.6,-0.4,-2.3,93243,51.5,-0.2,-2.8,88044,55.3,-0.1,-2.6,,,,,,,,,,,,,,,,,,,111737,51.7,-0.1,0.1,240,113211,51.7,-0.3,-2.4,1880
5/1/2011,Greater Manchester,E11000001,113721,52,,0.1,-3,,2009,208040,53.2,-0.4,-1.1,125444,50.7,0.2,-3,93287,51.5,0,-3.6,88562,55.6,0.6,-3.2,,,,,,,,,,,,,,,,,,,112116,51.9,0.3,-0.1,138,113323,51.8,0.1,-3.3,1871
6/1/2011,Greater Manchester,E11000001,114111,52.2,,0.3,-3.7,,2217,206479,52.8,-0.8,-2.5,125909,50.9,0.4,-3.6,93714,51.7,0.5,-4.6,89500,56.2,1.1,-2.4,,,,,,,,,,,,,,,,,,,112353,52,0.2,-0.1,275,113727,52,0.4,-4.1,1942
7/1/2011,Greater Manchester,E11000001,114325,52.3,,0.2,-3.9,,2396,205579,52.6,-0.4,-4.1,126166,51,0.2,-3.9,93840,51.8,0.1,-5.1,90307,56.7,0.9,-0.8,,,,,,,,,,,,,,,,,,,112861,52.3,0.5,1.1,157,113911,52,0.2,-4.5,2239
8/1/2011,Greater Manchester,E11000001,114564,52.4,,0.2,-3.9,,2297,206585,52.9,0.5,-3.8,126730,51.2,0.4,-3.8,94088,51.9,0.3,-5,89565,56.3,-0.8,-1.7,,,,,,,,,,,,,,,,,,,112119,51.9,-0.7,0.1,127,114245,52.2,0.3,-4.4,2170
9/1/2011,Greater Manchester,E11000001,115340,52.7,,0.7,-2.7,,2470,209097,53.5,1.2,-2.6,127488,51.5,0.6,-2.6,94801,52.3,0.8,-3.5,89690,56.3,0.1,-0.9,,,,,,,,,,,,,,,,,,,112536,52.1,0.4,0.7,194,115052,52.6,0.7,-3.1,2276
10/1/2011,Greater Manchester,E11000001,115095,52.6,,-0.2,-2.9,,2233,210378,53.8,0.6,-1.8,127612,51.6,0.1,-2.5,94506,52.2,-0.3,-3.6,88281,55.4,-1.6,-3.1,,,,,,,,,,,,,,,,,,,111452,51.6,-1,-1.8,139,114892,52.5,-0.1,-3,2094
11/1/2011,Greater Manchester,E11000001,114141,52.2,,-0.8,-2.7,,2327,209169,53.5,-0.6,-1.9,126550,51.2,-0.8,-2.3,93581,51.7,-1,-3.3,87680,55.1,-0.7,-2.8,,,,,,,,,,,,,,,,,,,110843,51.3,-0.5,-1.4,234,113909,52,-0.9,-2.8,2093
12/1/2011,Greater Manchester,E11000001,113641,51.9,,-0.4,-2.4,,2570,207599,53.1,-0.8,-1.8,126197,51,-0.3,-2.1,93139,51.4,-0.5,-2.8,87284,54.8,-0.5,-2.9,,,,,,,,,,,,,,,,,,,110650,51.2,-0.2,-1.5,335,113380,51.8,-0.5,-2.5,2235
1/1/2012,Greater Manchester,E11000001,112819,51.6,,-0.7,-2.3,,1666,204825,52.4,-1.3,-2.9,125273,50.7,-0.7,-2,92542,51.1,-0.6,-2.4,87012,54.7,-0.3,-2.1,107424,51.6,,,483,112208,50.4,,,1183,97744,50.7,,,134330,50.8,,,109949,50.9,-0.6,-1.4,94,112550,51.4,-0.7,-2.4,1572
2/1/2012,Greater Manchester,E11000001,112750,51.5,,-0.1,-1.8,,1801,204099,52.2,-0.4,-2.6,125196,50.6,-0.1,-1.2,92681,51.2,0.1,-1.8,86744,54.5,-0.3,-2.6,108308,52,0.8,,494,113199,50.9,0.9,,1306,98687,51.2,1,,135392,51.2,0.8,,109368,50.6,-0.5,-2.8,120,112532,51.4,0,-1.7,1681
3/1/2012,Greater Manchester,E11000001,112424,51.4,,-0.3,-1.3,,2356,202472,51.8,-0.8,-3.4,124750,50.4,-0.4,-0.8,92622,51.1,-0.1,-0.9,86674,54.4,-0.1,-1.7,108831,52.3,0.5,,643,113646,51.1,0.4,,1713,99284,51.5,0.6,,135768,51.4,0.3,,109148,50.5,-0.2,-2.4,270,112197,51.3,-0.3,-1.2,2086
4/1/2012,Greater Manchester,E11000001,113290,51.8,,0.8,-0.3,,1778,203964,52.2,0.7,-2.3,125653,50.8,0.7,0.4,93263,51.5,0.7,0,87696,55.1,1.2,-0.4,109640,52.7,0.7,,502,114533,51.5,0.8,,1276,100088,51.9,0.8,,136771,51.7,0.7,,110119,51,0.9,-1.4,158,113047,51.6,0.8,-0.1,1620
5/1/2012,Greater Manchester,E11000001,113556,51.9,,0.2,-0.1,,1920,204531,52.3,0.3,-1.7,125982,50.9,0.3,0.4,93479,51.6,0.2,0.2,87793,55.1,0.1,-0.9,109963,52.8,0.3,,531,114775,51.6,0.2,,1389,100288,52,0.2,,137130,51.9,0.3,,110447,51.1,0.3,-1.5,184,113306,51.8,0.2,0,1736
6/1/2012,Greater Manchester,E11000001,114617,52.4,,0.9,0.4,,2193,206424,52.8,0.9,0,127067,51.4,0.9,0.9,94465,52.1,1.1,0.8,88507,55.6,0.8,-1.1,110945,53.3,0.9,,578,115866,52.1,1,,1615,101133,52.5,0.8,,138508,52.4,1,,110957,51.4,0.5,-1.2,368,114418,52.3,1,0.6,1825
7/1/2012,Greater Manchester,E11000001,114994,52.6,,0.3,0.6,,2300,206981,53,0.3,0.7,127411,51.5,0.3,1,94990,52.4,0.6,1.2,88428,55.5,-0.1,-2.1,111327,53.5,0.3,,700,116240,52.2,0.3,,1600,101454,52.6,0.3,,138975,52.6,0.3,,110117,51,-0.8,-2.4,165,114918,52.5,0.4,0.9,2135
8/1/2012,Greater Manchester,E11000001,115766,52.9,,0.7,1,,2437,207502,53.1,0.3,0.4,128157,51.8,0.6,1.1,95894,52.9,1,1.9,88984,55.9,0.6,-0.6,112044,53.8,0.6,,700,117034,52.6,0.7,,1737,102206,53,0.7,,139835,52.9,0.6,,110088,51,0,-1.8,178,115770,52.9,0.7,1.3,2259
9/1/2012,Greater Manchester,E11000001,115255,52.7,,-0.4,-0.1,,2015,207557,53.1,0,-0.7,127640,51.6,-0.4,0.1,95290,52.6,-0.6,0.5,88462,55.6,-0.6,-1.4,111530,53.6,-0.5,,594,116525,52.4,-0.4,,1421,101667,52.7,-0.5,,139309,52.7,-0.4,,109211,50.6,-0.8,-3,188,115299,52.7,-0.4,0.2,1827
10/1/2012,Greater Manchester,E11000001,115132,52.6,,-0.1,0,,2276,207492,53.1,0,-1.4,127623,51.6,0,0,95085,52.5,-0.2,0.6,88321,55.5,-0.2,0,111374,53.5,-0.1,,699,116416,52.3,-0.1,,1577,101541,52.7,-0.1,,139180,52.7,-0.1,,110248,51,0.9,-1.1,163,115057,52.6,-0.2,0.1,2113
11/1/2012,Greater Manchester,E11000001,114782,52.5,,-0.3,0.6,,2502,207739,53.2,0.1,-0.7,127342,51.5,-0.2,0.6,94635,52.2,-0.5,1.1,87812,55.2,-0.6,0.2,111006,53.3,-0.3,,721,116074,52.2,-0.3,,1781,101160,52.5,-0.4,,138833,52.5,-0.2,,110956,51.4,0.6,0.1,213,114600,52.4,-0.4,0.6,2289
12/1/2012,Greater Manchester,E11000001,114365,52.3,,-0.4,0.6,,2088,207365,53.1,-0.2,-0.1,126947,51.3,-0.3,0.6,94307,52.1,-0.3,1.3,87113,54.7,-0.8,-0.2,110575,53.1,-0.4,,567,115664,52,-0.4,,1521,100783,52.3,-0.4,,138339,52.3,-0.4,,111656,51.7,0.6,0.9,275,114071,52.1,-0.5,0.6,1813
1/1/2013,Greater Manchester,E11000001,113309,51.8,,-0.9,0.4,,1634,205683,52.6,-0.8,0.4,126064,51,-0.7,0.6,93204,51.5,-1.2,0.7,86230,54.2,-1,-0.9,109465,52.6,-1,1.9,492,114633,51.5,-0.9,2.2,1142,99777,51.8,-1,2.1,137141,51.9,-0.9,2.1,110076,51,-1.4,0.1,77,113074,51.7,-0.9,0.5,1557
2/1/2013,Greater Manchester,E11000001,112825,51.6,,-0.4,0.1,,1811,205006,52.5,-0.3,0.4,125658,50.8,-0.3,0.4,92717,51.2,-0.5,0,85760,53.9,-0.5,-1.1,108950,52.3,-0.5,0.6,502,114161,51.3,-0.4,0.8,1309,99338,51.5,-0.4,0.7,136571,51.7,-0.4,0.9,108888,50.4,-1.1,-0.4,122,112663,51.5,-0.4,0.1,1689
3/1/2013,Greater Manchester,E11000001,112906,51.6,,0.1,0.4,,2119,205726,52.7,0.4,1.6,125847,50.9,0.2,0.9,92635,51.1,-0.1,0,85742,53.9,0,-1.1,108949,52.3,0,0.1,662,114275,51.3,0.1,0.6,1457,99431,51.6,0.1,0.1,136651,51.7,0.1,0.7,108961,50.5,0.1,-0.2,232,112752,51.5,0.1,0.5,1887
4/1/2013,Greater Manchester,E11000001,113965,52.1,,0.9,0.6,,2070,207913,53.2,1.1,1.9,126764,51.3,0.7,0.9,93803,51.8,1.3,0.6,86170,54.1,0.5,-1.7,109964,52.8,0.9,0.3,650,115349,51.8,0.9,0.7,1420,100470,52.1,1,0.4,137824,52.1,0.9,0.8,110719,51.3,1.6,0.5,171,113739,52,0.9,0.6,1899
5/1/2013,Greater Manchester,E11000001,114453,52.3,,0.4,0.8,,2587,208323,53.3,0.2,1.9,127199,51.4,0.3,1,94172,52,0.4,0.7,87049,54.7,1,-0.8,110400,53,0.4,0.4,739,115859,52.1,0.4,0.9,1848,100909,52.3,0.4,0.6,138405,52.4,0.4,0.9,111938,51.8,1.1,1.3,214,114156,52.1,0.4,0.7,2373
6/1/2013,Greater Manchester,E11000001,115039,52.6,,0.5,0.4,,2561,208100,53.3,-0.1,0.8,127906,51.7,0.6,0.7,94855,52.4,0.7,0.4,87532,55,0.6,-1.1,110981,53.3,0.5,0,745,116446,52.3,0.5,0.5,1814,101463,52.6,0.5,0.3,139076,52.6,0.5,0.4,111698,51.7,-0.2,0.7,361,114817,52.5,0.6,0.3,2200
7/1/2013,Greater Manchester,E11000001,115819,52.9,,0.7,0.7,,2756,208891,53.5,0.4,0.9,128689,52,0.6,1,95571,52.8,0.8,0.6,88399,55.5,1,0,111794,53.7,0.7,0.4,862,117208,52.7,0.7,0.8,1894,102115,53,0.6,0.7,140056,53,0.7,0.8,111666,51.7,0,1.4,158,115671,52.8,0.7,0.7,2598
8/1/2013,Greater Manchester,E11000001,116465,53.2,,0.6,0.6,,3137,209858,53.7,0.5,1.1,129443,52.3,0.6,1,96232,53.1,0.7,0.4,88609,55.7,0.2,-0.4,112410,54,0.6,0.3,938,117865,53,0.6,0.7,2199,102688,53.3,0.6,0.5,140833,53.3,0.6,0.7,111733,51.7,0.1,1.5,242,116369,53.2,0.6,0.5,2895
9/1/2013,Greater Manchester,E11000001,117132,53.5,,0.6,1.6,,2586,212119,54.3,1.1,2.2,130110,52.6,0.5,1.9,96584,53.3,0.4,1.4,89222,56,0.7,0.9,113038,54.3,0.6,1.4,769,118547,53.3,0.6,1.7,1817,103245,53.5,0.5,1.6,141672,53.6,0.6,1.7,113096,52.4,1.2,3.6,263,116967,53.4,0.5,1.4,2323
10/1/2013,Greater Manchester,E11000001,117316,53.6,,0.2,1.9,,2996,213189,54.6,0.5,2.7,130471,52.8,0.3,2.2,96438,53.2,-0.2,1.4,89451,56.2,0.3,1.3,113154,54.3,0.1,1.6,893,118762,53.4,0.2,2,2103,103353,53.6,0.1,1.8,141951,53.7,0.2,2,114022,52.8,0.8,3.4,265,117080,53.5,0.1,1.8,2731
11/1/2013,Greater Manchester,E11000001,117199,53.6,,-0.1,2.1,,3347,213583,54.7,0.2,2.8,130480,52.8,0,2.5,96186,53.1,-0.3,1.6,89189,56,-0.3,1.6,113026,54.3,-0.1,1.8,1059,118649,53.3,-0.1,2.2,2288,103247,53.6,-0.1,2.1,141810,53.7,-0.1,2.1,114448,53,0.4,3.1,239,116911,53.4,-0.1,2,3108
12/1/2013,Greater Manchester,E11000001,117478,53.7,,0.2,2.7,,3090,213103,54.5,-0.2,2.8,130992,53,0.4,3.2,96477,53.3,0.3,2.3,89365,56.1,0.2,2.6,113308,54.4,0.2,2.5,956,118926,53.4,0.2,2.8,2133,103556,53.7,0.3,2.8,142085,53.8,0.2,2.7,115030,53.3,0.5,3,352,117161,53.5,0.2,2.7,2738
1/1/2014,Greater Manchester,E11000001,117572,53.7,,0.1,3.8,,2600,212826,54.5,-0.1,3.5,131084,53,0.1,4,96734,53.4,0.3,3.8,89234,56,-0.1,3.5,113458,54.5,0.1,3.6,804,118994,53.5,0.1,3.8,1795,103726,53.8,0.2,4,142109,53.8,0,3.6,114922,53.2,-0.1,4.4,154,117273,53.6,0.1,3.7,2446
2/1/2014,Greater Manchester,E11000001,118628,54.2,,0.9,5.1,,2806,214307,54.8,0.7,4.5,132198,53.5,0.8,5.2,97606,53.9,0.9,5.3,90322,56.7,1.2,5.3,114483,55,0.9,5.1,869,120061,53.9,0.9,5.2,1937,104724,54.3,1,5.4,143315,54.2,0.8,4.9,116678,54,1.5,7.2,210,118261,54,0.8,5,2596
3/1/2014,Greater Manchester,E11000001,118183,54,,-0.4,4.7,,2996,213506,54.6,-0.4,3.8,131773,53.3,-0.3,4.7,97123,53.6,-0.5,4.8,90119,56.6,-0.2,5.1,114037,54.8,-0.4,4.7,956,119619,53.7,-0.4,4.7,2040,104326,54.1,-0.4,4.9,142781,54,-0.4,4.5,116081,53.8,-0.5,6.5,314,117835,53.8,-0.4,4.5,2682
4/1/2014,Greater Manchester,E11000001,119262,54.5,,0.9,4.6,,3061,214875,55,0.6,3.3,132947,53.8,0.9,4.9,98116,54.2,1,4.6,91007,57.2,1,5.6,115011,55.2,0.9,4.6,961,120743,54.3,0.9,4.7,2100,105315,54.6,0.9,4.8,144046,54.5,0.9,4.5,117795,54.5,1.5,6.4,250,118851,54.3,0.9,4.5,2811
5/1/2014,Greater Manchester,E11000001,120000,54.9,,0.6,4.8,,3356,215626,55.2,0.3,3.5,133777,54.1,0.6,5.2,98900,54.6,0.8,5,91422,57.4,0.5,5,115711,55.6,0.6,4.8,1026,121496,54.6,0.6,4.9,2330,106002,55,0.7,5,144900,54.8,0.6,4.7,118382,54.8,0.5,5.8,250,119599,54.6,0.6,4.8,3106
6/1/2014,Greater Manchester,E11000001,122244,55.9,,1.9,6.3,,3335,219348,56.1,1.7,5.4,136233,55.1,1.8,6.5,100880,55.7,2,6.4,93052,58.4,1.8,6.3,117881,56.6,1.9,6.2,1030,123764,55.6,1.9,6.3,2305,108024,56,1.9,6.5,147567,55.8,1.8,6.1,120385,55.7,1.7,7.8,373,121854,55.7,1.9,6.1,2962
7/1/2014,Greater Manchester,E11000001,123484,56.4,,1,6.6,,3429,221173,56.6,0.8,5.9,137584,55.6,1,6.9,101948,56.3,1.1,6.7,94120,59.1,1.1,6.5,119076,57.2,1,6.5,1080,125020,56.2,1,6.7,2349,109175,56.6,1.1,6.9,149006,56.4,1,6.4,121043,56,0.5,8.4,213,123141,56.3,1.1,6.5,3216
8/1/2014,Greater Manchester,E11000001,124877,57.1,,1.1,7.2,,3609,224055,57.3,1.3,6.8,139202,56.3,1.2,7.5,103077,56.9,1.1,7.1,94958,59.6,0.9,7.2,120397,57.8,1.1,7.1,1107,126441,56.8,1.1,7.3,2502,110362,57.2,1.1,7.5,150733,57,1.2,7,121275,56.2,0.2,8.5,235,124634,56.9,1.2,7.1,3374
9/1/2014,Greater Manchester,E11000001,125314,57.3,,0.4,7,,3309,224836,57.5,0.3,6,139558,56.4,0.3,7.3,103448,57.1,0.4,7.1,95478,60,0.5,7,120851,58,0.4,6.9,965,126868,57,0.3,7,2344,110749,57.4,0.4,7.3,151260,57.2,0.3,6.8,121130,56.1,-0.1,7.1,286,125123,57.2,0.4,7,3023
10/1/2014,Greater Manchester,E11000001,125424,57.3,,0.1,6.9,,3704,225304,57.7,0.2,5.7,139764,56.5,0.1,7.1,103366,57.1,-0.1,7.2,95689,60.1,0.2,7,120982,58.1,0.1,6.9,1172,126968,57.1,0.1,6.9,2531,110826,57.5,0.1,7.2,151415,57.3,0.1,6.7,121279,56.2,0.1,6.4,244,125229,57.2,0.1,7,3460
11/1/2014,Greater Manchester,E11000001,124904,57.1,,-0.4,6.6,,3162,224554,57.5,-0.3,5.1,139224,56.3,-0.4,6.7,102731,56.7,-0.6,6.8,95598,60,-0.1,7.2,120510,57.9,-0.4,6.6,1009,126427,56.8,-0.4,6.6,2153,110350,57.2,-0.4,6.9,150804,57.1,-0.4,6.3,121010,56,-0.2,5.7,253,124688,57,-0.4,6.7,2909
12/1/2014,Greater Manchester,E11000001,124656,57,,-0.2,6.1,,3433,224475,57.5,0,5.3,139037,56.2,-0.1,6.1,102356,56.5,-0.4,6.1,95481,60,-0.1,6.8,120234,57.7,-0.2,6.1,1057,126194,56.7,-0.2,6.1,2376,110131,57.1,-0.2,6.3,150505,56.9,-0.2,5.9,121681,56.3,0.6,5.8,422,124357,56.8,-0.3,6.1,3011
1/1/2015,Greater Manchester,E11000001,125132,57.2,,0.4,6.4,,2454,225521,57.7,0.5,6,139685,56.5,0.5,6.6,102592,56.6,0.2,6.1,95918,60.2,0.5,7.5,120657,57.9,0.4,6.3,762,126693,56.9,0.4,6.5,1692,110472,57.3,0.3,6.5,151164,57.2,0.4,6.4,122642,56.8,0.8,6.7,177,124787,57,0.3,6.4,2277
2/1/2015,Greater Manchester,E11000001,125399,57.3,,0.2,5.7,,2736,225659,57.8,0.1,5.3,139778,56.5,0.1,5.7,102857,56.8,0.3,5.4,96478,60.6,0.6,6.8,120949,58.1,0.2,5.6,860,126947,57,0.2,5.7,1875,110663,57.4,0.2,5.7,151532,57.3,0.2,5.7,123932,57.4,1.1,6.2,255,124964,57.1,0.1,5.7,2481
3/1/2015,Greater Manchester,E11000001,125648,57.4,,0.2,6.3,,3155,226702,58,0.5,6.2,140220,56.7,0.3,6.4,102773,56.7,-0.1,5.8,96800,60.8,0.3,7.4,121155,58.2,0.2,6.2,1071,127216,57.2,0.2,6.4,2084,110703,57.4,0,6.1,152027,57.5,0.3,6.5,124401,57.6,0.4,7.2,457,125200,57.2,0.2,6.3,2698
4/1/2015,Greater Manchester,E11000001,125635,57.4,,0,5.3,,2818,227208,58.2,0.2,5.7,140154,56.7,0,5.4,102793,56.7,0,4.8,96586,60.7,-0.2,6.1,121137,58.2,0,5.3,904,127205,57.2,0,5.4,1913,110681,57.4,0,5.1,152021,57.5,0,5.5,124395,57.6,0,5.6,273,125186,57.2,0,5.3,2545
5/1/2015,Greater Manchester,E11000001,126767,57.9,,0.9,5.6,,3330,228951,58.6,0.8,6.2,141649,57.3,1.1,5.9,103609,57.2,0.8,4.8,97467,61.2,0.9,6.6,122161,58.7,0.8,5.6,986,128383,57.7,0.9,5.7,2344,111739,58,1,5.4,153326,58,0.9,5.8,124889,57.8,0.4,5.5,295,126357,57.7,0.9,5.7,3035
6/1/2015,Greater Manchester,E11000001,127971,58.5,,0.9,4.7,,3521,230871,59.1,0.8,5.3,143125,57.9,1,5.1,104914,57.9,1.3,4,97611,61.3,0.1,4.9,123281,59.2,0.9,4.6,1069,129619,58.2,1,4.7,2450,112858,58.5,1,4.5,154718,58.5,0.9,4.8,124453,57.6,-0.3,3.4,386,127669,58.3,1,4.8,3135
7/1/2015,Greater Manchester,E11000001,129402,59.2,,1.1,4.8,,4150,232388,59.5,0.7,5.1,144812,58.6,1.2,5.3,106119,58.6,1.1,4.1,98935,62.1,1.4,5.1,124645,59.9,1.1,4.7,1216,131076,58.9,1.1,4.8,2930,114142,59.2,1.1,4.5,156425,59.2,1.1,5,125270,58,0.7,3.5,308,129136,59,1.1,4.9,3842
8/1/2015,Greater Manchester,E11000001,130580,59.7,,0.9,4.6,,3671,234594,60,0.9,4.7,146107,59.1,0.9,5,107172,59.2,1,4,99646,62.6,0.7,4.9,125767,60.4,0.9,4.5,1098,132275,59.4,0.9,4.6,2569,115165,59.7,0.9,4.4,157865,59.7,0.9,4.7,125723,58.2,0.4,3.7,306,130359,59.6,0.9,4.6,3365
9/1/2015,Greater Manchester,E11000001,131830,60.3,,1,5.2,,3573,237130,60.7,1.1,5.5,147229,59.5,0.8,5.5,107956,59.6,0.7,4.4,101415,63.7,1.8,6.2,126992,61,1,5.1,1015,133532,60,1,5.3,2555,116244,60.3,0.9,5,159403,60.3,1,5.4,127660,59.1,1.5,5.4,295,131556,60.1,0.9,5.1,3278
10/1/2015,Greater Manchester,E11000001,132430,60.5,,0.5,5.6,,4128,239104,61.2,0.8,6.1,148025,59.9,0.5,5.9,108283,59.8,0.3,4.8,101680,63.9,0.3,6.3,127530,61.2,0.4,5.4,1181,134158,60.3,0.5,5.7,2941,116717,60.5,0.4,5.3,160189,60.6,0.5,5.8,127973,59.3,0.2,5.5,330,132174,60.4,0.5,5.5,3798
11/1/2015,Greater Manchester,E11000001,132266,60.5,,-0.1,5.9,,3600,239404,61.3,0.1,6.6,147978,59.8,0,6.3,108013,59.6,-0.2,5.1,101401,63.7,-0.3,6.1,127374,61.2,-0.1,5.7,1045,133992,60.2,-0.1,6,2543,116503,60.4,-0.2,5.6,160068,60.6,-0.1,6.1,128169,59.3,0.2,5.9,230,131986,60.3,-0.1,5.9,3370
12/1/2015,Greater Manchester,E11000001,132100,60.4,,-0.1,6,,3662,238605,61.1,-0.3,6.3,147885,59.8,-0.1,6.4,107971,59.6,0,5.5,101133,63.5,-0.3,5.9,127175,61.1,-0.2,5.8,1013,133842,60.1,-0.1,6.1,2631,116462,60.4,0,5.7,159753,60.4,-0.2,6.1,129053,59.8,0.7,6.1,353,131748,60.2,-0.2,5.9,3309
1/1/2016,Greater Manchester,E11000001,132836,60.7,,0.6,6.2,,2777,239267,61.2,0.3,6.1,148795,60.2,0.6,6.5,108538,59.9,0.5,5.8,101911,64,0.8,6.2,127881,61.4,0.6,6,830,134588,60.5,0.6,6.2,1942,117118,60.7,0.6,6,160635,60.8,0.6,6.3,130204,60.3,0.9,6.2,177,132452,60.5,0.5,6.1,2600
2/1/2016,Greater Manchester,E11000001,133290,60.9,,0.3,6.3,,3176,239895,61.4,0.3,6.3,149289,60.4,0.3,6.8,108916,60.1,0.3,5.9,102342,64.3,0.4,6.1,128301,61.6,0.3,6.1,955,135057,60.7,0.3,6.4,2215,117580,61,0.4,6.2,161117,61,0.3,6.3,130354,60.4,0.1,5.2,183,132926,60.7,0.4,6.4,2993
3/1/2016,Greater Manchester,E11000001,133247,60.9,,0,6,,5638,240099,61.5,0.1,5.9,149189,60.3,-0.1,6.4,108696,60,-0.2,5.8,102676,64.5,0.3,6.1,128301,61.6,0,5.9,2036,134994,60.7,0,6.1,3596,117439,60.9,-0.1,6.1,161177,61,0,6,128227,59.4,-1.6,3.1,319,133028,60.8,0.1,6.3,5319
4/1/2016,Greater Manchester,E11000001,134301,61.4,,0.8,6.9,,2573,241562,61.8,0.6,6.3,150121,60.7,0.6,7.1,109750,60.6,1,6.8,103615,65.1,0.9,7.3,129321,62.1,0.8,6.8,626,136058,61.1,0.8,7,1945,118547,61.5,0.9,7.1,162255,61.4,0.7,6.7,130874,60.6,2.1,5.2,253,133968,61.2,0.7,7,2320
5/1/2016,Greater Manchester,E11000001,136249,62.3,,1.5,7.5,,2759,244162,62.5,1.1,6.6,152157,61.5,1.4,7.4,111390,61.5,1.5,7.5,105599,66.3,1.9,8.3,131217,63,1.5,7.4,716,138022,62,1.4,7.5,2043,120339,62.4,1.5,7.7,164530,62.2,1.4,7.3,135635,62.8,3.6,8.6,189,135718,62,1.3,7.4,2570
6/1/2016,Greater Manchester,E11000001,138761,63.4,,1.8,8.4,,3431,248147,63.5,1.6,7.5,154960,62.7,1.8,8.3,113657,62.7,2,8.3,107295,67.4,1.6,9.9,133640,64.2,1.8,8.4,956,140565,63.2,1.8,8.4,2473,122687,63.6,2,8.7,167423,63.3,1.8,8.2,140054,64.9,3.3,12.5,400,138087,63.1,1.7,8.2,3031
7/1/2016,Greater Manchester,E11000001,139629,63.8,,0.6,7.9,,3987,249677,63.9,0.6,7.4,155853,63,0.6,7.6,114339,63.1,0.6,7.7,108158,67.9,0.8,9.3,134481,64.6,0.6,7.9,1111,141443,63.6,0.6,7.9,2874,123405,64,0.6,8.1,168525,63.8,0.7,7.7,140107,64.9,0,11.8,228,139006,63.5,0.7,7.6,3759
8/1/2016,Greater Manchester,E11000001,140473,64.2,,0.6,7.6,,3685,251572,64.4,0.8,7.2,156776,63.4,0.6,7.3,114937,63.4,0.5,7.2,108882,68.4,0.7,9.3,135294,65,0.6,7.6,1009,142297,63.9,0.6,7.6,2676,124098,64.4,0.6,7.8,169600,64.2,0.6,7.4,139015,64.4,-0.8,10.6,182,139976,63.9,0.7,7.4,3503
9/1/2016,Greater Manchester,E11000001,141223,64.6,,0.5,7.1,,3709,252688,64.7,0.4,6.6,157719,63.8,0.6,7.1,115327,63.7,0.3,6.8,109881,69,0.9,8.3,135935,65.3,0.5,7,1040,143094,64.3,0.6,7.2,2668,124739,64.7,0.5,7.3,170529,64.5,0.5,7,139915,64.8,0.6,9.6,295,140712,64.3,0.5,7,3414
10/1/2016,Greater Manchester,E11000001,141391,64.6,,0.1,6.8,,3544,254115,65,0.6,6.3,158156,64,0.3,6.8,114994,63.5,-0.3,6.2,110200,69.2,0.3,8.4,136089,65.4,0.1,6.7,1038,143268,64.4,0.1,6.8,2502,124773,64.7,0,6.9,170857,64.6,0.2,6.7,140726,65.2,0.6,10,312,140837,64.3,0.1,6.6,3232
11/1/2016,Greater Manchester,E11000001,141839,64.8,,0.3,7.2,,3761,255842,65.5,0.7,6.9,158753,64.2,0.4,7.3,114921,63.4,-0.1,6.4,110988,69.7,0.7,9.5,136488,65.5,0.3,7.2,1098,143737,64.6,0.3,7.3,2663,125106,64.9,0.3,7.4,171466,64.9,0.4,7.1,142662,66.1,1.4,11.3,379,141183,64.5,0.2,7,3382
12/1/2016,Greater Manchester,E11000001,142200,65,,0.3,7.6,,3841,256906,65.8,0.4,7.7,158976,64.3,0.1,7.5,115101,63.5,0.2,6.6,111630,70.1,0.6,10.4,136913,65.8,0.3,7.7,1140,144068,64.7,0.2,7.6,2699,125405,65,0.2,7.7,171925,65,0.3,7.6,143758,66.6,0.8,11.4,545,141493,64.6,0.2,7.4,3296
1/1/2017,Greater Manchester,E11000001,142817,65.3,,0.4,7.5,,2714,257964,66,0.4,7.8,159499,64.5,0.3,7.2,115530,63.8,0.4,6.4,112551,70.7,0.8,10.4,137496,66,0.4,7.5,799,144698,65,0.4,7.5,1914,125919,65.3,0.4,7.5,172703,65.3,0.5,7.5,145492,67.4,1.2,11.7,133,142034,64.9,0.4,7.2,2581
2/1/2017,Greater Manchester,E11000001,143088,65.4,,0.2,7.4,,2946,257658,65.9,-0.1,7.4,159442,64.5,0,6.8,115843,63.9,0.3,6.4,113451,71.3,0.8,10.9,137863,66.2,0.3,7.5,826,144929,65.1,0.2,7.3,2119,126269,65.5,0.3,7.4,172875,65.4,0.1,7.3,146575,67.9,0.7,12.4,189,142252,65,0.2,7,2757
3/1/2017,Greater Manchester,E11000001,143079,65.4,,0,7.4,,3620,257510,65.9,-0.1,7.3,159437,64.5,0,6.9,115625,63.8,-0.2,6.4,113964,71.6,0.5,11,137840,66.2,0,7.4,1038,144928,65.1,0,7.4,2578,126253,65.5,0,7.5,172847,65.4,0,7.2,147330,68.2,0.5,14.9,316,142187,65,0,6.9,3304
4/1/2017,Greater Manchester,E11000001,143817,65.7,,0.5,7.1,,2960,258914,66.3,0.5,7.2,160144,64.8,0.4,6.7,116354,64.2,0.6,6,114402,71.9,0.4,10.4,138638,66.6,0.6,7.2,909,145640,65.4,0.5,7,2048,126952,65.8,0.6,7.1,173676,65.7,0.5,7,146865,68,-0.3,12.2,154,142974,65.3,0.6,6.7,2806
5/1/2017,Greater Manchester,E11000001,145058,66.3,,0.9,6.5,,3359,261490,66.9,1,7.1,162033,65.5,1.2,6.5,117259,64.7,0.8,5.3,114672,72,0.2,8.6,139834,67.2,0.9,6.6,1264,146896,66,0.9,6.4,2095,127928,66.4,0.8,6.3,175331,66.3,1,6.6,146997,68.1,0.1,8.4,219,144255,65.9,0.9,6.3,3140
6/1/2017,Greater Manchester,E11000001,147267,67.3,,1.5,6.1,,3968,264409,67.7,1.1,6.6,164445,66.5,1.5,6.1,119187,65.8,1.6,4.9,116630,73.3,1.7,8.7,141971,68.2,1.5,6.2,1257,149130,67,1.5,6.1,2711,129943,67.4,1.6,5.9,177913,67.3,1.5,6.3,148514,68.8,1,6,423,146483,66.9,1.5,6.1,3545
7/1/2017,Greater Manchester,E11000001,148524,67.9,,0.9,6.4,,3641,265325,67.9,0.3,6.3,165863,67.1,0.9,6.4,120222,66.4,0.9,5.1,118125,74.2,1.3,9.2,143172,68.8,0.8,6.5,978,150408,67.6,0.9,6.3,2663,131139,68,0.9,6.3,179319,67.8,0.8,6.4,150162,69.5,1.1,7.2,238,147717,67.5,0.8,6.3,3403
8/1/2017,Greater Manchester,E11000001,150128,68.6,,1.1,6.9,,4044,266946,68.3,0.6,6.1,167209,67.6,0.8,6.7,121726,67.2,1.3,5.9,120160,75.5,1.7,10.4,144665,69.5,1,6.9,1196,152054,68.3,1.1,6.9,2847,132574,68.8,1.1,6.8,181230,68.6,1.1,6.9,151210,70,0.7,8.8,236,149337,68.2,1.1,6.7,3808
9/1/2017,Greater Manchester,E11000001,150802,68.9,,0.4,6.8,,4139,268995,68.8,0.8,6.5,167930,67.9,0.4,6.5,122322,67.5,0.5,6.1,120271,75.5,0.1,9.5,145351,69.8,0.5,6.9,1205,152721,68.6,0.4,6.7,2931,133068,69,0.4,6.7,182175,68.9,0.5,6.8,151745,70.3,0.4,8.5,483,150013,68.5,0.5,6.6,3656
10/1/2017,Greater Manchester,E11000001,151524,69.3,,0.5,7.2,,3823,271022,69.4,0.8,6.7,168838,68.3,0.5,6.8,122862,67.8,0.4,6.8,120478,75.7,0.2,9.3,146037,70.1,0.5,7.3,1124,153457,69,0.5,7.1,2698,133649,69.3,0.4,7.1,183122,69.3,0.5,7.2,152777,70.7,0.7,8.6,411,150719,68.9,0.5,7,3412
11/1/2017,Greater Manchester,E11000001,151413,69.2,,-0.1,6.7,,3839,271055,69.4,0,5.9,168972,68.3,0.1,6.4,122651,67.7,-0.2,6.7,120154,75.5,-0.3,8.3,145929,70.1,-0.1,6.9,1053,153344,68.9,-0.1,6.7,2786,133633,69.3,0,6.8,182879,69.2,-0.1,6.7,152740,70.7,0,7.1,417,150604,68.8,-0.1,6.7,3422
12/1/2017,Greater Manchester,E11000001,151889,69.4,,0.3,6.8,,3777,271340,69.4,0.1,5.6,169750,68.6,0.5,6.8,123026,67.9,0.3,6.9,120410,75.6,0.2,7.9,146337,70.3,0.3,6.9,982,153848,69.1,0.3,6.8,2794,134139,69.6,0.4,7,183343,69.4,0.3,6.6,153726,71.2,0.6,6.9,484,151057,69,0.3,6.8,3293
1/1/2018,Greater Manchester,E11000001,151709,69.3,,-0.1,6.2,,2889,271288,69.4,0,5.2,169820,68.7,0,6.5,122647,67.7,-0.3,6.2,120258,75.5,-0.1,6.8,146047,70.1,-0.2,6.2,822,153715,69.1,-0.1,6.2,2065,133865,69.4,-0.2,6.3,183277,69.3,0,6.1,154830,71.7,0.7,6.4,184,150824,68.9,-0.2,6.2,2705
2/1/2018,Greater Manchester,E11000001,151568,69.3,,-0.1,5.9,,3067,271890,69.6,0.2,5.5,169706,68.6,-0.1,6.4,122435,67.6,-0.2,5.7,119962,75.3,-0.2,5.7,145746,70,-0.2,5.7,834,153643,69,0,6,2232,133629,69.3,-0.2,5.8,183241,69.3,0,6,158751,73.5,2.5,8.3,283,150445,68.7,-0.3,5.8,2784
3/1/2018,Greater Manchester,E11000001,151034,69,,-0.4,5.6,,3536,271377,69.5,-0.2,5.4,169176,68.4,-0.3,6.1,121980,67.3,-0.4,5.5,119347,75,-0.5,4.7,145144,69.7,-0.4,5.3,926,153139,68.8,-0.3,5.7,2608,133050,69,-0.4,5.4,182717,69.1,-0.3,5.7,159058,73.7,0.2,8,394,149898,68.5,-0.4,5.4,3142
4/1/2018,Greater Manchester,E11000001,151561,69.3,,0.3,5.4,,2922,271229,69.4,-0.1,4.8,169560,68.6,0.2,5.9,122738,67.8,0.6,5.5,119851,75.3,0.4,4.8,145611,69.9,0.3,5,861,153690,69.1,0.4,5.5,2059,133640,69.3,0.4,5.3,183164,69.3,0.2,5.5,159749,74,0.4,8.8,259,150409,68.7,0.3,5.2,2663
5/1/2018,Greater Manchester,E11000001,152329,69.6,,0.5,5,,3377,272188,69.7,0.4,4.1,170587,69,0.6,5.3,123646,68.3,0.7,5.4,119771,75.2,-0.1,4.4,146328,70.3,0.5,4.6,865,154478,69.4,0.5,5.2,2511,134317,69.7,0.5,5,184092,69.6,0.5,5,157671,73,-1.3,7.3,330,151406,69.2,0.7,5,3047
6/1/2018,Greater Manchester,E11000001,153760,70.3,,0.9,4.4,,3861,274445,70.2,0.8,3.8,172325,69.7,1,4.8,124809,68.9,0.9,4.7,120816,75.9,0.9,3.6,147716,70.9,0.9,4,960,155924,70.1,0.9,4.6,2897,135583,70.3,0.9,4.3,185816,70.3,0.9,4.4,158266,73.3,0.4,6.6,540,152903,69.8,1,4.4,3321
7/1/2018,Greater Manchester,E11000001,155290,71,,1,4.6,,3590,278337,71.2,1.4,4.9,174258,70.5,1.1,5.1,125967,69.5,0.9,4.8,121360,76.2,0.5,2.7,149112,71.6,0.9,4.1,897,157508,70.8,1,4.7,2689,136764,70.9,0.9,4.3,187920,71.1,1.1,4.8,158710,73.5,0.3,5.7,310,154519,70.6,1.1,4.6,3280
8/1/2018,Greater Manchester,E11000001,156518,71.5,,0.8,4.3,,4184,280637,71.8,0.8,5.1,175699,71,0.8,5.1,126898,70.1,0.7,4.2,122317,76.8,0.8,1.8,150270,72.2,0.8,3.9,1012,158763,71.3,0.8,4.4,3170,137815,71.5,0.8,4,189452,71.7,0.8,4.5,160307,74.2,1,6,368,155712,71.1,0.8,4.3,3816
9/1/2018,Greater Manchester,E11000001,157570,72,,0.7,4.5,,3502,283335,72.5,1,5.3,176968,71.6,0.7,5.4,127691,70.5,0.6,4.4,122783,77.1,0.4,2.1,151175,72.6,0.6,4,955,159878,71.8,0.7,4.7,2542,138581,71.9,0.6,4.1,190970,72.3,0.8,4.8,161600,74.8,0.8,6.5,396,156740,71.6,0.7,4.5,3106
10/1/2018,Greater Manchester,E11000001,158447,72.4,,0.6,4.6,,3935,284860,72.9,0.5,5.1,177945,72,0.6,5.4,128275,70.8,0.5,4.4,123766,77.7,0.8,2.7,152069,73,0.6,4.1,1081,160744,72.2,0.5,4.7,2853,139404,72.3,0.6,4.3,191954,72.6,0.5,4.8,163806,75.8,1.4,7.2,474,157505,72,0.5,4.5,3461
11/1/2018,Greater Manchester,E11000001,159288,72.8,,0.5,5.2,,4049,287094,73.5,0.8,5.9,179023,72.4,0.6,5.9,128842,71.1,0.4,5,124150,78,0.3,3.3,152830,73.4,0.5,4.7,1030,161617,72.6,0.5,5.4,3018,140045,72.6,0.5,4.8,193121,73.1,0.6,5.6,163409,75.7,-0.2,7,390,158447,72.4,0.6,5.2,3659
12/1/2018,Greater Manchester,E11000001,159379,72.9,,0.1,4.9,,3243,286847,73.4,-0.1,5.7,179163,72.4,0.1,5.5,128934,71.2,0.1,4.8,124297,78.1,0.1,3.2,152972,73.5,0.1,4.5,768,161685,72.6,0,5.1,2473,140239,72.7,0.1,4.5,193059,73,0,5.3,163749,75.8,0.2,6.5,367,158517,72.4,0,4.9,2876
1/1/2019,Greater Manchester,E11000001,159100,72.7,,-0.2,4.9,,2617,286834,73.4,0,5.7,178983,72.4,-0.1,5.4,128537,71,-0.3,4.8,124026,77.9,-0.2,3.1,152666,73.3,-0.2,4.5,657,161419,72.5,-0.2,5,1960,139927,72.6,-0.2,4.5,192822,73,-0.1,5.2,163033,75.5,-0.4,5.3,176,158275,72.3,-0.2,4.9,2441
2/1/2019,Greater Manchester,E11000001,158246,72.3,,-0.5,4.4,,3136,285447,73.1,-0.5,5,177909,71.9,-0.6,4.8,127768,70.5,-0.6,4.4,123634,77.7,-0.3,3.1,151924,73,-0.5,4.2,864,160521,72.1,-0.6,4.5,2267,139261,72.2,-0.5,4.2,191629,72.5,-0.6,4.6,165781,76.8,1.7,4.4,359,157108,71.8,-0.7,4.4,2777
3/1/2019,Greater Manchester,E11000001,157655,72.1,,-0.4,4.4,,3229,284478,72.8,-0.3,4.8,177480,71.8,-0.2,4.9,127084,70.2,-0.5,4.2,123190,77.4,-0.4,3.2,151199,72.6,-0.5,4.2,787,159987,71.9,-0.3,4.5,2438,138719,71.9,-0.4,4.3,190916,72.2,-0.4,4.5,166678,77.2,0.5,4.8,327,156388,71.4,-0.5,4.3,2902
4/1/2019,Greater Manchester,E11000001,157928,72.2,,0.2,4.2,,3048,284272,72.8,-0.1,4.8,177864,71.9,0.2,4.9,127624,70.5,0.4,4,122904,77.2,-0.2,2.5,151455,72.7,0.2,4,770,160267,72,0.2,4.3,2268,139013,72.1,0.2,4,191147,72.3,0.1,4.4,167114,77.4,0.3,4.6,312,156645,71.6,0.2,4.1,2736
5/1/2019,Greater Manchester,E11000001,158879,72.6,,0.6,4.3,,3590,285595,73.1,0.5,4.9,179187,72.5,0.7,5,128649,71,0.8,4,122889,77.2,0,2.6,152245,73.1,0.5,4,1026,161278,72.5,0.6,4.4,2552,139784,72.5,0.6,4.1,192419,72.8,0.7,4.5,166058,76.9,-0.6,5.3,530,157778,72.1,0.7,4.2,3060
6/1/2019,Greater Manchester,E11000001,160335,73.3,,0.9,4.3,,3367,288315,73.8,1,5.1,180826,73.1,0.9,4.9,130087,71.8,1.1,4.2,123444,77.5,0.5,2.2,153754,73.8,1,4.1,826,162713,73.1,0.9,4.4,2515,141015,73.1,0.9,4,194277,73.5,1,4.6,165876,76.8,-0.1,4.8,625,159384,72.8,1,4.2,2742
7/1/2019,Greater Manchester,E11000001,161564,73.9,,0.8,4,,3440,290173,74.3,0.6,4.3,182005,73.6,0.7,4.4,131164,72.4,0.8,4.1,124682,78.3,1,2.7,154929,74.4,0.8,3.9,895,163961,73.7,0.8,4.1,2524,142151,73.7,0.8,3.9,195663,74,0.7,4.1,167944,77.8,1.2,5.8,317,160532,73.3,0.7,3.9,3123
8/1/2019,Greater Manchester,E11000001,162411,74.2,,0.5,3.8,,4093,291048,74.5,0.3,3.7,182759,73.9,0.4,4,132036,72.9,0.7,4,125519,78.8,0.7,2.6,155740,74.8,0.5,3.6,1037,164821,74.1,0.5,3.8,3027,142928,74.1,0.5,3.7,196630,74.4,0.5,3.8,168477,78,0.3,5.1,479,161406,73.7,0.5,3.7,3614
9/1/2019,Greater Manchester,E11000001,163086,74.5,,0.4,3.5,,3441,291952,74.7,0.3,3,183137,74.1,0.2,3.5,132806,73.3,0.6,4,126292,79.3,0.6,2.9,156398,75.1,0.4,3.5,868,165503,74.4,0.4,3.5,2529,143537,74.4,0.4,3.6,197419,74.7,0.4,3.4,170101,78.8,1,5.3,458,161991,74,0.4,3.3,2983
10/1/2019,Greater Manchester,E11000001,163362,74.7,,0.2,3.1,,3666,292376,74.8,0.1,2.6,183925,74.4,0.4,3.4,132916,73.4,0.1,3.6,126047,79.2,-0.2,1.8,156583,75.2,0.1,3,893,165814,74.5,0.2,3.2,2713,143731,74.5,0.1,3.1,197846,74.9,0.2,3.1,169590,78.5,-0.3,3.5,378,162339,74.2,0.2,3.1,3288
11/1/2019,Greater Manchester,E11000001,164300,75.1,,0.6,3.1,,3843,294703,75.4,0.8,2.7,185408,75,0.8,3.6,133425,73.7,0.4,3.6,126385,79.4,0.3,1.8,157455,75.6,0.6,3,897,166776,74.9,0.6,3.2,2858,144494,74.9,0.5,3.2,199096,75.3,0.6,3.1,168980,78.2,-0.4,3.4,389,163423,74.7,0.7,3.1,3454
12/1/2019,Greater Manchester,E11000001,164325,75.1,,0,3.1,,3218,295057,75.5,0.1,2.9,185829,75.1,0.2,3.7,133524,73.7,0.1,3.6,125537,78.8,-0.7,1,157413,75.6,0,2.9,741,166827,75,0,3.2,2384,144547,75,0,3.1,199071,75.3,0,3.1,166981,77.3,-1.2,2,459,163641,74.8,0.1,3.2,2759
1/1/2020,Greater Manchester,E11000001,163655,74.8,,-0.4,2.9,,2805,294753,75.4,-0.1,2.8,185162,74.9,-0.4,3.5,132842,73.3,-0.5,3.3,124811,78.4,-0.6,0.6,156656,75.2,-0.5,2.6,706,166192,74.7,-0.4,3,2029,143875,74.6,-0.5,2.8,198414,75.1,-0.3,2.9,167781,77.7,0.5,2.9,327,162838,74.4,-0.5,2.9,2478
2/1/2020,Greater Manchester,E11000001,163301,74.6,,-0.2,3.2,,2898,294716,75.4,0,3.2,184799,74.7,-0.2,3.9,132737,73.3,-0.1,3.9,123885,77.8,-0.7,0.2,156171,75,-0.3,2.8,684,165889,74.5,-0.2,3.3,2137,143534,74.4,-0.2,3.1,198037,74.9,-0.2,3.3,168890,78.2,0.7,1.9,297,162419,74.2,-0.3,3.4,2601
3/1/2020,Greater Manchester,E11000001,164148,75,,0.5,4.1,,2824,296125,75.8,0.5,4.1,185765,75.1,0.5,4.7,133153,73.5,0.3,4.8,125127,78.6,1,1.6,156912,75.4,0.5,3.8,688,166778,74.9,0.5,4.2,2044,144246,74.8,0.5,4,199137,75.3,0.6,4.3,172240,79.8,2,3.3,388,163064,74.5,0.4,4.3,2436
4/1/2020,Greater Manchester,E11000001,163843,74.9,,-0.2,3.7,,1263,297164,76.1,0.4,4.5,185484,75,-0.2,4.3,133138,73.5,0,4.3,123702,77.7,-1.1,0.6,156635,75.2,-0.2,3.4,376,166462,74.8,-0.2,3.9,841,143908,74.6,-0.2,3.5,198886,75.2,-0.1,4,172331,79.8,0.1,3.1,195,162712,74.3,-0.2,3.9,1068
5/1/2020,Greater Manchester,E11000001,163271,74.6,,-0.3,2.8,,1569,296910,76,-0.1,4,185006,74.8,-0.3,3.2,132320,73,-0.6,2.9,123419,77.5,-0.2,0.4,156231,75,-0.3,2.6,405,165828,74.5,-0.4,2.8,1125,143379,74.4,-0.4,2.6,198239,75,-0.3,3,174356,80.7,1.2,5,138,161822,73.9,-0.5,2.6,1431
6/1/2020,Greater Manchester,E11000001,163198,74.6,,0,1.8,,2217,297107,76,0.1,3,185278,74.9,0.1,2.5,132537,73.2,0.2,1.9,122139,76.7,-1,-1.1,155915,74.9,-0.2,1.4,563,165845,74.5,0,1.9,1579,143217,74.3,-0.1,1.6,198319,75,0,2.1,171879,79.6,-1.4,3.6,253,162051,74,0.1,1.7,1964
7/1/2020,Greater Manchester,E11000001,166164,76,,1.8,2.8,,2746,300285,76.9,1.1,3.5,188533,76.2,1.8,3.6,134933,74.5,1.8,2.9,125423,78.8,2.7,0.6,158596,76.2,1.7,2.4,718,168915,75.9,1.9,3,1967,145909,75.7,1.9,2.6,201768,76.3,1.7,3.1,173099,80.2,0.7,3.1,296,165226,75.5,2,2.9,2450
8/1/2020,Greater Manchester,E11000001,169080,77.3,,1.8,4.1,,2715,304228,77.9,1.3,4.5,191850,77.6,1.8,5,137538,75.9,1.9,4.2,127662,80.2,1.8,1.7,160957,77.3,1.5,3.4,644,172037,77.3,1.8,4.4,2015,148449,77,1.7,3.9,205347,77.7,1.8,4.4,173779,80.5,0.4,3.1,289,168414,76.9,1.9,4.3,2426
9/1/2020,Greater Manchester,E11000001,171040,78.2,,1.2,4.9,,2995,308572,79,1.4,5.7,193922,78.4,1.1,5.9,139021,76.7,1.1,4.7,129267,81.2,1.3,2.4,162790,78.2,1.1,4.1,729,174043,78.2,1.2,5.2,2186,150107,77.9,1.1,4.6,207834,78.6,1.2,5.3,177219,82.1,2,4.2,301,170185,77.7,1.1,5.1,2694
10/1/2020,Greater Manchester,E11000001,173081,79.1,,1.2,5.9,,3573,313320,80.2,1.5,7.2,196254,79.4,1.2,6.7,140924,77.8,1.4,6,129871,81.6,0.5,3,164690,79.1,1.2,5.2,869,176135,79.1,1.2,6.2,2618,151792,78.7,1.1,5.6,210498,79.6,1.3,6.4,177584,82.2,0.2,4.7,254,172435,78.8,1.3,6.2,3319
11/1/2020,Greater Manchester,E11000001,175216,80.1,,1.2,6.6,,3551,317540,81.3,1.3,7.7,198384,80.2,1.1,7,142877,78.9,1.4,7.1,131339,82.5,1.1,3.9,166799,80.1,1.3,5.9,889,178279,80.1,1.2,6.9,2558,153616,79.7,1.2,6.3,213178,80.7,1.3,7.1,177807,82.3,0.1,5.2,265,174813,79.9,1.4,7,3286
12/1/2020,Greater Manchester,E11000001,177750,81.3,,1.4,8.2,,3841,321530,82.3,1.3,9,201063,81.3,1.4,8.2,145333,80.2,1.7,8.8,132989,83.5,1.3,5.9,169177,81.2,1.4,7.5,1019,180870,81.3,1.5,8.4,2728,155861,80.8,1.5,7.8,216219,81.8,1.4,8.6,178579,82.7,0.4,6.9,253,177570,81.1,1.6,8.5,3588
1/1/2021,Greater Manchester,E11000001,180689,82.6,,1.7,10.4,,3209,323162,82.7,0.5,9.6,203871,82.4,1.4,10.1,147818,81.6,1.7,11.3,137305,86.2,3.2,10,172278,82.7,1.8,10,911,183749,82.6,1.6,10.6,2297,158740,82.3,1.8,10.3,219277,83,1.4,10.5,181063,83.8,1.4,7.9,328,180566,82.5,1.7,10.9,2881
2/1/2021,Greater Manchester,E11000001,183328,83.8,,1.5,12.3,,4165,324831,83.1,0.5,10.2,206268,83.4,1.2,11.6,150266,83,1.7,13.2,140815,88.4,2.6,13.7,175211,84.1,1.7,12.2,1118,186281,83.7,1.4,12.3,3037,161492,83.8,1.7,12.5,221736,83.9,1.1,12,184983,85.7,2.2,9.5,414,183057,83.6,1.4,12.7,3751
3/1/2021,Greater Manchester,E11000001,186937,85.5,,2,13.9,,5417,327025,83.7,0.7,10.4,209474,84.7,1.6,12.8,153377,84.7,2.1,15.2,146389,91.9,4,17,179111,86,2.2,14.1,1510,189787,85.3,1.9,13.8,3881,165159,85.7,2.3,14.5,225269,85.2,1.6,13.1,190496,88.2,3,10.6,639,186455,85.2,1.9,14.3,4778
4/1/2021,Greater Manchester,E11000001,187653,85.8,,0.4,14.5,,3732,329124,84.2,0.6,10.8,209904,84.9,0.2,13.2,154335,85.2,0.6,15.9,146339,91.9,0,18.3,179848,86.4,0.4,14.8,957,190497,85.6,0.4,14.4,2760,165955,86.1,0.5,15.3,225853,85.4,0.3,13.6,193107,89.4,1.4,12.1,314,186971,85.4,0.3,14.9,3418
5/1/2021,Greater Manchester,E11000001,187907,85.9,,0.1,15.1,,3336,330341,84.5,0.4,11.3,210107,85,0.1,13.6,154723,85.4,0.3,16.9,145903,91.6,-0.3,18.2,180043,86.5,0.1,15.2,853,190771,85.7,0.1,15,2474,166212,86.2,0.2,15.9,226103,85.5,0.1,14.1,193333,89.5,0.1,10.9,339,187228,85.5,0.1,15.7,2997
6/1/2021,Greater Manchester,E11000001,190834,87.2,,1.6,16.9,,6096,335078,85.8,1.4,12.8,213106,86.2,1.4,15,157909,87.2,2.1,19.1,147039,92.4,0.8,20.4,182922,87.8,1.6,17.3,1602,193718,87,1.5,16.8,4471,168856,87.6,1.6,17.9,229532,86.8,1.5,15.7,193177,89.4,-0.1,12.4,517,190482,87,1.7,17.5,5579
7/1/2021,Greater Manchester,E11000001,191438,87.5,,0.3,15.2,,2985,336914,86.2,0.5,12.2,213969,86.5,0.4,13.5,158232,87.4,0.2,17.3,147223,92.5,0.1,17.4,183510,88.1,0.3,15.7,801,194328,87.3,0.3,15,2178,169465,87.9,0.4,16.1,230131,87.1,0.3,14.1,194941,90.3,0.9,12.6,320,190967,87.2,0.3,15.6,2665
8/1/2021,Greater Manchester,E11000001,193922,88.6,,1.3,14.7,,3604,342365,87.6,1.6,12.5,217192,87.8,1.5,13.2,160319,88.5,1.3,16.6,147797,92.8,0.4,15.8,185740,89.2,1.2,15.4,977,196899,88.5,1.3,14.5,2604,171519,89,1.2,15.5,233365,88.3,1.4,13.6,195521,90.5,0.3,12.5,435,193654,88.5,1.4,15,3169
9/1/2021,Greater Manchester,E11000001,194517,88.9,,0.3,13.7,,5611,345223,88.4,0.8,11.9,218368,88.3,0.5,12.6,160677,88.7,0.2,15.6,146820,92.2,-0.7,13.6,186137,89.4,0.2,14.3,1472,197560,88.8,0.3,13.5,4117,171967,89.2,0.3,14.6,234213,88.6,0.4,12.7,196177,90.8,0.3,10.7,475,194242,88.7,0.3,14.1,5136
10/1/2021,Greater Manchester,E11000001,196629,89.9,,1.1,13.6,,2754,350767,89.8,1.6,12,221083,89.4,1.2,12.7,162094,89.5,0.9,15,147759,92.8,0.6,13.8,187881,90.2,0.9,14.1,712,199794,89.8,1.1,13.4,2020,173465,90,0.9,14.3,237383,89.8,1.4,12.8,194494,90.1,-0.9,9.5,366,196749,89.9,1.3,14.1,2388
11/1/2021,Greater Manchester,E11000001,198798,90.9,,1.1,13.5,,3403,354469,90.7,1.1,11.6,223535,90.4,1.1,12.7,163488,90.3,0.9,14.4,150341,94.4,1.7,14.5,189857,91.2,1.1,13.8,1003,202029,90.8,1.1,13.3,2377,175360,91,1.1,14.2,240034,90.8,1.1,12.6,198186,91.8,1.9,11.5,391,198753,90.8,1,13.7,3012
12/1/2021,Greater Manchester,E11000001,199397,91.1,,0.3,12.2,,3600,356407,91.2,0.5,10.8,224392,90.7,0.4,11.6,163655,90.3,0.1,12.6,150820,94.7,0.3,13.4,190242,91.4,0.2,12.5,946,202699,91.1,0.3,12.1,2628,175738,91.1,0.2,12.8,241011,91.2,0.4,11.5,198042,91.7,-0.1,10.9,425,199433,91.1,0.3,12.3,3175
1/1/2022,Greater Manchester,E11000001,202887,92.7,,1.8,12.3,,2745,359574,92,0.9,11.3,228369,92.3,1.8,12,166975,92.2,2,13,153708,96.5,1.9,11.9,193492,92.9,1.7,12.3,763,206273,92.7,1.8,12.3,1969,178996,92.8,1.9,12.8,244919,92.7,1.6,11.7,201198,93.2,1.6,11.1,338,202957,92.7,1.8,12.4,2407
2/1/2022,Greater Manchester,E11000001,203986,93.2,,0.5,11.3,,3098,361108,92.4,0.4,11.2,229490,92.8,0.5,11.3,168116,92.8,0.7,11.9,154319,96.9,0.4,9.6,194649,93.5,0.6,11.1,774,207352,93.2,0.5,11.3,2310,180078,93.4,0.6,11.5,246075,93.1,0.5,11,202938,94,0.9,9.7,271,204111,93.2,0.6,11.5,2827
3/1/2022,Greater Manchester,E11000001,204944,93.7,,0.5,9.6,,3546,363400,93,0.6,11.1,231009,93.4,0.7,10.3,168525,93,0.2,9.9,154734,97.2,0.3,5.7,195513,93.9,0.4,9.2,925,208341,93.6,0.5,9.8,2606,180874,93.8,0.4,9.5,247291,93.6,0.5,9.8,206347,95.5,1.7,8.3,317,204879,93.6,0.4,9.9,3229
4/1/2022,Greater Manchester,E11000001,206864,94.6,,0.9,10.2,,3368,367188,94,1,11.6,232975,94.2,0.9,11,170371,94.1,1.1,10.4,155699,97.8,0.6,6.4,197398,94.8,1,9.8,957,210274,94.5,0.9,10.4,2381,182557,94.7,0.9,10,249622,94.4,0.9,10.5,208186,96.4,0.9,7.8,477,206803,94.5,0.9,10.6,2891
5/1/2022,Greater Manchester,E11000001,209134,95.6,,1.1,11.3,,3085,370588,94.8,0.9,12.2,235814,95.4,1.2,12.2,172471,95.2,1.2,11.5,156636,98.4,0.6,7.4,199386,95.8,1,10.7,796,212643,95.5,1.1,11.5,2264,184506,95.7,1.1,11,252430,95.5,1.1,11.6,208180,96.4,0,7.7,329,209182,95.6,1.2,11.7,2756
6/1/2022,Greater Manchester,E11000001,211191,96.5,,1,10.7,,3127,373736,95.7,0.8,11.5,238127,96.3,1,11.7,174399,96.3,1.1,10.4,157894,99.2,0.8,7.4,201311,96.7,1,10.1,772,214746,96.5,1,10.9,2323,186267,96.6,1,10.3,254978,96.5,1,11.1,208019,96.3,-0.1,7.7,394,211345,96.5,1,11,2733
7/1/2022,Greater Manchester,E11000001,212854,97.3,,0.8,11.2,,3600,376930,96.5,0.9,11.9,240365,97.2,0.9,12.3,176060,97.2,1,11.3,157605,99,-0.2,7.1,202815,97.4,0.7,10.5,927,216466,97.3,0.8,11.4,2634,187688,97.3,0.8,10.8,257045,97.2,0.8,11.7,208506,96.5,0.2,7,306,213066,97.3,0.8,11.6,3294
8/1/2022,Greater Manchester,E11000001,215682,98.6,,1.3,11.2,,3547,382665,97.9,1.5,11.8,243643,98.5,1.4,12.2,178810,98.7,1.6,11.5,158157,99.3,0.4,7,205418,98.6,1.3,10.6,893,219372,98.6,1.3,11.4,2611,190030,98.6,1.2,10.8,260649,98.6,1.4,11.7,209433,97,0.4,7.1,251,215987,98.7,1.4,11.5,3296
9/1/2022,Greater Manchester,E11000001,219969,100.5,,2,13.1,,3617,390133,99.9,2,13,248387,100.4,1.9,13.7,182688,100.9,2.2,13.7,160788,101,1.7,9.5,209473,100.6,2,12.5,958,223742,100.5,2,13.3,2601,193883,100.6,2,12.7,265735,100.5,2,13.5,213852,99,2.1,9,353,220268,100.6,2,13.4,3264
10/1/2022,Greater Manchester,E11000001,221607,101.3,,0.7,12.7,,3398,394488,101,1.1,12.5,250236,101.2,0.7,13.2,183973,101.6,0.7,13.5,161390,101.4,0.4,9.2,211117,101.4,0.8,12.4,801,225381,101.3,0.7,12.8,2563,195247,101.3,0.7,12.6,267816,101.3,0.8,12.8,214547,99.3,0.3,10.3,235,221953,101.4,0.8,12.8,3163
11/1/2022,Greater Manchester,E11000001,222169,101.6,,0.3,11.8,,3468,395775,101.3,0.3,11.7,250732,101.4,0.2,12.2,184371,101.8,0.2,12.8,162069,101.8,0.4,7.8,211699,101.7,0.3,11.5,831,225936,101.5,0.2,11.8,2575,195845,101.6,0.3,11.7,268366,101.5,0.2,11.8,216492,100.2,0.9,9.2,255,222447,101.6,0.2,11.9,3213
12/1/2022,Greater Manchester,E11000001,220470,100.8,,-0.8,10.6,,3235,393071,100.6,-0.7,10.3,248848,100.6,-0.8,10.9,183024,101,-0.7,11.8,160439,100.8,-1,6.4,210036,100.9,-0.8,10.4,778,224223,100.7,-0.8,10.6,2378,194424,100.8,-0.7,10.6,266217,100.7,-0.8,10.5,214229,99.2,-1,8.2,362,220775,100.9,-0.8,10.7,2873
1/1/2023,Greater Manchester,E11000001,218768,100,,-0.8,7.8,,2285,390717,100,-0.6,8.7,247311,100,-0.6,8.3,181146,100,-1,8.5,159216,100,-0.8,3.6,208232,100,-0.9,7.6,591,222555,100,-0.7,7.9,1641,192802,100,-0.8,7.7,264314,100,-0.7,7.9,215963,100,0.8,7.3,153,218906,100,-0.8,7.9,2132
2/1/2023,Greater Manchester,E11000001,216746,99.1,,-0.9,6.3,,2398,388102,99.3,-0.7,7.5,245065,99.1,-0.9,6.8,179028,98.8,-1.2,6.5,157948,99.2,-0.8,2.4,206276,99.1,-0.9,6,693,220508,99.1,-0.9,6.3,1636,190932,99,-1,6,261899,99.1,-0.9,6.4,216733,100.4,0.4,6.8,173,216751,99,-1,6.2,2225
3/1/2023,Greater Manchester,E11000001,214050,97.8,,-1.2,4.4,,2697,385082,98.6,-0.8,6,242416,98,-1.1,4.9,175831,97.1,-1.8,4.3,156339,98.2,-1,1,203700,97.8,-1.2,4.2,805,217765,97.8,-1.2,4.5,1804,188311,97.7,-1.4,4.1,258903,98,-1.1,4.7,219171,101.5,1.1,6.2,206,213812,97.7,-1.4,4.4,2491
4/1/2023,Greater Manchester,E11000001,212722,97.2,,-0.6,2.8,,1920,383181,98.1,-0.5,4.4,240757,97.4,-0.7,3.3,174640,96.4,-0.7,2.5,155617,97.7,-0.5,-0.1,202498,97.2,-0.6,2.6,609,216391,97.2,-0.6,2.9,1261,187156,97.1,-0.6,2.5,257269,97.3,-0.6,3.1,219506,101.6,0.2,5.4,131,212407,97,-0.7,2.7,1789
5/1/2023,Greater Manchester,E11000001,212476,97.1,,-0.1,1.6,,2098,382858,98,-0.1,3.3,240667,97.3,0,2.1,174297,96.2,-0.2,1.1,155413,97.6,-0.1,-0.8,202281,97.1,-0.1,1.5,642,216135,97.1,-0.1,1.6,1372,186878,96.9,-0.1,1.3,257099,97.3,-0.1,1.8,219632,101.7,0.1,5.5,195,212144,96.9,-0.1,1.4,1903
6/1/2023,Greater Manchester,E11000001,214037,97.8,,0.7,1.3,,2459,384239,98.3,0.4,2.8,241976,97.8,0.5,1.6,176267,97.3,1.1,1.1,156317,98.2,0.6,-1,203671,97.8,0.7,1.2,656,217758,97.8,0.8,1.4,1676,188336,97.7,0.8,1.1,258813,97.9,0.7,1.5,218194,101,-0.7,4.9,233,213843,97.7,0.8,1.2,2226
7/1/2023,Greater Manchester,E11000001,216309,98.9,,1.1,1.6,,2403,386276,98.9,0.5,2.5,244567,98.9,1.1,1.7,178339,98.5,1.2,1.3,158233,99.4,1.2,0.4,205755,98.8,1,1.4,692,220099,98.9,1.1,1.7,1641,190372,98.7,1.1,1.4,261487,98.9,1,1.7,220165,101.9,0.9,5.6,89,216129,98.7,1.1,1.4,2314
8/1/2023,Greater Manchester,E11000001,218509,99.9,,1,1.3,,2757,388301,99.4,0.5,1.5,246682,99.7,0.9,1.2,180573,99.7,1.3,1,160178,100.6,1.2,1.3,207740,99.8,1,1.1,765,222378,99.9,1,1.4,1881,192472,99.8,1.1,1.3,263813,99.8,0.9,1.2,222129,102.9,0.9,6.1,240,218340,99.7,1,1.1,2517
9/1/2023,Greater Manchester,E11000001,219711,100.4,,0.5,-0.1,,2634,388988,99.6,0.2,-0.3,247864,100.2,0.5,-0.2,181586,100.2,0.6,-0.6,161759,101.6,1,0.6,208905,100.3,0.6,-0.3,733,223592,100.5,0.5,-0.1,1804,193709,100.5,0.6,-0.1,264900,100.2,0.4,-0.3,224898,104.1,1.2,5.2,204,219468,100.3,0.5,-0.4,2430
10/1/2023,Greater Manchester,E11000001,220172,100.6,,0.2,-0.6,,2620,388025,99.3,-0.2,-1.6,247845,100.2,0,-1,182052,100.5,0.3,-1,163302,102.6,1,1.2,209444,100.6,0.3,-0.8,764,224025,100.7,0.2,-0.6,1745,194387,100.8,0.3,-0.4,264907,100.2,0,-1.1,226764,105,0.8,5.7,228,219866,100.4,0.2,-0.9,2392
11/1/2023,Greater Manchester,E11000001,219258,100.2,,-0.4,-1.3,,2465,387548,99.2,-0.1,-2.1,247121,99.9,-0.3,-1.4,181030,99.9,-0.6,-1.8,162334,102,-0.6,0.2,208673,100.2,-0.4,-1.4,761,223057,100.2,-0.4,-1.3,1586,193528,100.4,-0.4,-1.2,263912,99.8,-0.4,-1.7,227544,105.4,0.3,5.1,197,218874,100,-0.5,-1.6,2268
12/1/2023,Greater Manchester,E11000001,218927,100.1,,-0.2,-0.7,,2322,387620,99.2,0,-1.4,246985,99.9,-0.1,-0.7,180718,99.8,-0.2,-1.3,161608,101.5,-0.4,0.7,208414,100.1,-0.1,-0.8,699,222701,100.1,-0.2,-0.7,1493,193185,100.2,-0.2,-0.6,263617,99.7,-0.1,-1,226620,104.9,-0.4,5.8,190,218571,99.8,-0.1,-1,2132
1/1/2024,Greater Manchester,E11000001,217910,99.6,,-0.5,-0.4,,2050,388150,99.3,0.1,-0.7,246132,99.5,-0.3,-0.5,179878,99.3,-0.5,-0.7,159643,100.3,-1.2,0.3,207433,99.6,-0.5,-0.4,590,221670,99.6,-0.5,-0.4,1351,192040,99.6,-0.6,-0.4,262894,99.5,-0.3,-0.5,224859,104.1,-0.8,4.1,121,217587,99.4,-0.5,-0.6,1929
2/1/2024,Greater Manchester,E11000001,216800,99.1,,-0.5,0,,2176,385101,98.6,-0.8,-0.8,244788,99,-0.5,-0.1,179451,99.1,-0.2,0.2,158350,99.5,-0.8,0.3,206301,99.1,-0.5,0,593,220572,99.1,-0.5,0,1477,191177,99.2,-0.4,0.1,261341,98.9,-0.6,-0.2,223361,103.4,-0.7,3.1,97,216499,98.9,-0.5,-0.1,2079
3/1/2024,Greater Manchester,E11000001,216642,99,,-0.1,1.2,,2553,384754,98.5,-0.1,-0.1,244412,98.8,-0.2,0.8,179290,99,-0.1,2,158703,99.7,0.2,1.5,206170,99,-0.1,1.2,707,220402,99,-0.1,1.2,1690,191014,99.1,-0.1,1.4,261211,98.8,0,0.9,225395,104.4,0.9,2.8,237,216247,98.8,-0.1,1.1,2316
4/1/2024,Greater Manchester,E11000001,217943,99.6,,0.6,2.5,,2207,385455,98.7,0.2,0.6,245660,99.3,0.5,2,180540,99.7,0.7,3.4,160252,100.7,1,3,207331,99.6,0.6,2.4,602,221755,99.6,0.6,2.5,1474,192353,99.8,0.7,2.8,262407,99.3,0.5,2,227033,105.1,0.7,3.4,196,217536,99.4,0.6,2.4,2011
5/1/2024,Greater Manchester,E11000001,221392,101.2,,1.6,4.2,,2934,388574,99.5,0.8,1.5,249033,100.7,1.4,3.5,183155,101.1,1.4,5.1,165302,103.8,3.2,6.4,210584,101.1,1.6,4.1,839,225276,101.2,1.6,4.2,1924,195700,101.5,1.7,4.7,265975,100.6,1.4,3.5,229894,106.5,1.3,4.7,424,221003,101,1.6,4.2,2510
6/1/2024,Greater Manchester,E11000001,223106,102,,0.8,4.2,,2472,390121,99.8,0.4,1.5,250738,101.4,0.7,3.6,185072,102.2,1,5,166443,104.5,0.7,6.5,212188,101.9,0.8,4.2,603,227030,102,0.8,4.3,1697,197382,102.4,0.9,4.8,267711,101.3,0.7,3.4,228124,105.6,-0.8,4.6,229,222839,101.8,0.8,4.2,2243
7/1/2024,Greater Manchester,E11000001,224175,102.5,,0.5,3.6,,3017,390990,100.1,0.2,1.2,251929,101.9,0.5,3,186430,102.9,0.7,4.5,166640,104.7,0.1,5.3,213104,102.3,0.4,3.6,701,228157,102.5,0.5,3.7,2145,198387,102.9,0.5,4.2,268879,101.7,0.4,2.8,228212,105.7,0,3.7,120,223941,102.3,0.5,3.6,2897
8/1/2024,Greater Manchester,E11000001,224636,102.7,,0.2,2.8,,3286,393420,100.7,0.6,1.3,252678,102.2,0.3,2.4,187411,103.5,0.5,3.8,164684,103.4,-1.2,2.8,213499,102.5,0.2,2.8,770,228643,102.7,0.2,2.8,2284,198544,103,0.1,3.2,269914,102.1,0.4,2.3,226908,105.1,-0.6,2.2,222,224464,102.5,0.2,2.8,3064
9/1/2024,Greater Manchester,E11000001,226277,103.4,,0.7,3,,2944,398449,102,1.3,2.4,254968,103.1,0.9,2.9,188551,104.1,0.6,3.8,164839,103.5,0.1,1.9,214992,103.2,0.7,2.9,674,230341,103.5,0.7,3,2071,199800,103.6,0.6,3.1,272264,103,0.9,2.8,230059,106.5,1.4,2.3,309,226051,103.3,0.7,3,2635
10/1/2024,Greater Manchester,E11000001,227665,104.1,,0.6,3.4,,3304,402741,103.1,1.1,3.8,256389,103.7,0.6,3.4,189550,104.6,0.5,4.1,165695,104.1,0.5,1.5,216485,104,0.7,3.4,708,231685,104.1,0.6,3.4,2368,200946,104.2,0.6,3.4,274088,103.7,0.7,3.5,231630,107.3,0.7,2.1,142,227432,103.9,0.6,3.4,3162
11/1/2024,Greater Manchester,E11000001,228680,104.5,,0.4,4.3,,3254,405746,103.8,0.7,4.7,257978,104.3,0.6,4.4,190067,104.9,0.3,5,165963,104.2,0.2,2.2,217505,104.5,0.5,4.2,731,232697,104.6,0.4,4.3,2294,201822,104.7,0.4,4.3,275349,104.2,0.5,4.3,233841,108.3,1,2.8,160,228405,104.3,0.4,4.4,3094
12/1/2024,Greater Manchester,E11000001,228579,104.5,,0,4.4,,2932,405719,103.8,0,4.7,257860,104.3,0,4.4,190187,105,0.1,5.2,165411,103.9,-0.3,2.4,217285,104.3,-0.1,4.3,621,232643,104.5,0,4.5,2093,201822,104.7,0,4.5,275055,104.1,-0.1,4.3,234461,108.6,0.3,3.5,229,228278,104.3,-0.1,4.4,2703
1/1/2025,Greater Manchester,E11000001,228597,104.5,,0,4.9,,2463,406012,103.9,0.1,4.6,258393,104.5,0.2,5,190262,105,0,5.8,164403,103.3,-0.6,3,217061,104.2,-0.1,4.6,556,232755,104.6,0,5,1703,201849,104.7,0,5.1,275054,104.1,0,4.6,237120,109.8,1.1,5.5,141,228206,104.2,0,4.9,2322
2/1/2025,Greater Manchester,E11000001,228603,104.5,,0,5.4,,2812,406405,104,0.1,5.5,258249,104.4,-0.1,5.5,190551,105.2,0.2,6.2,163945,103,-0.3,3.5,216996,104.2,0,5.2,610,232790,104.6,0,5.5,2005,201858,104.7,0,5.6,275044,104.1,0,5.2,239411,110.9,1,7.2,124,228163,104.2,0,5.4,2688
3/1/2025,Greater Manchester,E11000001,231698,105.9,,1.4,6.9,,5397,407825,104.4,0.3,6,261219,105.6,1.2,6.9,193539,106.8,1.6,7.9,167616,105.3,2.2,5.6,220024,105.7,1.4,6.7,1276,235907,106,1.3,7,3637,204978,106.3,1.5,7.3,277929,105.2,1,6.4,244786,113.3,2.2,8.6,461,231201,105.6,1.3,6.9,4936
4/1/2025,Greater Manchester,E11000001,231275,105.7,,-0.2,6.1,,1668,409049,104.7,0.3,6.1,261060,105.6,-0.1,6.3,192490,106.3,-0.5,6.6,167371,105.1,-0.1,4.4,219520,105.4,-0.2,5.9,330,235516,105.8,-0.2,6.2,1156,204408,106,-0.3,6.3,277848,105.1,0,5.9,245407,113.6,0.3,8.1,187,230707,105.4,-0.2,6.1,1481
5/1/2025,Greater Manchester,E11000001,232232,106.2,,0.4,4.9,,2395,411059,105.2,0.5,5.8,262404,106.1,0.5,5.4,193143,106.6,0.3,5.5,167832,105.4,0.3,1.5,220156,105.7,0.3,4.5,494,236594,106.3,0.5,5,1626,205192,106.4,0.4,4.9,279128,105.6,0.5,4.9,246955,114.4,0.6,7.4,135,231624,105.8,0.4,4.8,2260
6/1/2025,Greater Manchester,E11000001,230540,105.4,,-0.7,3.3,,2620,412094,105.5,0.3,5.6,261509,105.7,-0.3,4.3,191498,105.7,-0.9,3.5,164190,103.1,-2.2,-1.3,218296,104.8,-0.8,2.9,460,234968,105.6,-0.7,3.5,1790,203244,105.4,-0.9,3,278060,105.2,-0.4,3.9,243760,112.9,-1.3,6.8,159,230035,105.1,-0.7,3.2,2461
7/1/2025,Greater Manchester,E11000001,232228,106.2,,0.7,3.6,,2736,412104,105.5,0,5.4,263281,106.5,0.7,4.5,193848,107,1.2,4,165046,103.7,0.5,-0.9,219855,105.6,0.7,3.2,481,236703,106.4,0.7,3.7,1827,204984,106.3,0.9,3.3,279553,105.8,0.5,4,243398,112.7,-0.1,6.6,41,231868,105.9,0.8,3.5,2695
8/1/2025,Greater Manchester,E11000001,233986,107,,0.8,4.2,,2711,414724,106.1,0.6,5.4,265769,107.5,0.9,5.2,195582,108,0.9,4.4,165376,103.9,0.2,0.4,221478,106.4,0.7,3.7,477,238511,107.2,0.8,4.3,1732,206521,107.1,0.7,4,281700,106.6,0.8,4.4,244399,113.2,0.4,7.7,22,233681,106.7,0.8,4.1,2689
9/1/2025,Greater Manchester,E11000001,235381,107.6,,0.6,4,,2490,417647,106.9,0.7,4.8,267567,108.2,0.7,4.9,196930,108.7,0.7,4.4,165634,104,0.2,0.5,222725,107,0.6,3.6,431,239961,107.8,0.6,4.2,1520,207691,107.7,0.6,3.9,283514,107.3,0.6,4.1,246209,114,0.7,7,14,235050,107.4,0.6,4,2476
10/1/2025,Greater Manchester,E11000001,236801,108.2,,0.6,4,,2737,420510,107.6,0.7,4.4,269388,108.9,0.7,5.1,198093,109.4,0.6,4.5,166279,104.4,0.4,0.4,224076,107.6,0.6,3.5,360,241406,108.5,0.6,4.2,1428,208997,108.4,0.6,4,285110,107.9,0.6,4,251098,116.3,2,8.4,3,236234,107.9,0.5,3.9,2734
11/1/2025,Greater Manchester,E11000001,237024,108.3,,0.1,3.6,,2028,420632,107.7,0,3.7,269235,108.9,-0.1,4.4,198235,109.4,0.1,4.3,167139,105,0.5,0.7,224462,107.8,0.2,3.2,159,241566,108.5,0.1,3.8,767,209367,108.6,0.2,3.7,285006,107.8,0,3.5,257444,119.2,2.5,10.1,2,236044,107.8,-0.1,3.3,2026
12/1/2025,Greater Manchester,E11000001,237734,108.7,,0.3,4,,2183,420318,107.6,-0.1,3.6,269914,109.1,0.3,4.7,199087,109.9,0.4,4.7,167927,105.5,0.5,1.5,225151,108.1,0.3,3.6,236,242283,108.9,0.3,4.1,998,210263,109.1,0.4,4.2,285283,107.9,0.1,3.7,259449,120.1,0.8,10.7,2,236664,108.1,0.3,3.7,2181
1/1/2026,Greater Manchester,E11000001,236686,108.2,,-0.4,3.5,,,417251,106.8,-0.7,2.8,269035,108.8,-0.3,4.1,198650,109.7,-0.2,4.4,166486,104.6,-0.9,1.3,224035,107.6,-0.5,3.2,,241263,108.4,-0.4,3.7,,209305,108.6,-0.5,3.7,284094,107.5,-0.4,3.3,,,,,,,,,,
2/1/2026,Greater Manchester,E11000001,236067,107.9,,-0.3,3.3,,,416124,106.5,-0.3,2.4,268923,108.7,0,4.1,198287,109.5,-0.2,4.1,164983,103.6,-0.9,0.6,223259,107.2,-0.3,2.9,,240704,108.2,-0.2,3.4,,208748,108.3,-0.3,3.4,283435,107.2,-0.2,3.1,,,,,,,,,,
1/1/1995,Manchester,E08000003,33806,14.6,,,,,299,63223,14.4,,,40075,13.5,,,30748,13.4,,,31418,17,,,,,,,,,,,,,,,,,,,,,31048,15.3,,,45,33684,14.4,,,254
2/1/1995,Manchester,E08000003,33434,14.5,,-1.1,,,299,62027,14.1,-1.9,,39774,13.4,-0.7,,30358,13.3,-1.3,,31075,16.8,-1.1,,,,,,,,,,,,,,,,,,,,30876,15.2,-0.6,,42,33285,14.2,-1.2,,257
3/1/1995,Manchester,E08000003,33329,14.4,,-0.3,,,413,61569,14,-0.7,,39616,13.3,-0.4,,30295,13.2,-0.2,,30964,16.8,-0.4,,,,,,,,,,,,,,,,,,,,30868,15.2,0,,76,33166,14.2,-0.4,,337
4/1/1995,Manchester,E08000003,33057,14.3,,-0.8,,,358,60753,13.8,-1.3,,39306,13.2,-0.8,,30039,13.1,-0.8,,30785,16.7,-0.6,,,,,,,,,,,,,,,,,,,,30652,15.1,-0.7,,58,32890,14,-0.8,,300
5/1/1995,Manchester,E08000003,33101,14.3,,0.1,,,360,60767,13.8,0,,39291,13.2,0,,30107,13.2,0.2,,30865,16.7,0.3,,,,,,,,,,,,,,,,,,,,30630,15.1,-0.1,,45,32943,14.1,0.2,,315
6/1/1995,Manchester,E08000003,33301,14.4,,0.6,,,481,61216,13.9,0.7,,39569,13.3,0.7,,30224,13.2,0.4,,31250,16.9,1.2,,,,,,,,,,,,,,,,,,,,30827,15.2,0.6,,74,33140,14.1,0.6,,407
7/1/1995,Manchester,E08000003,33483,14.5,,0.5,,,427,61798,14.1,1,,39824,13.4,0.6,,30388,13.3,0.5,,31283,16.9,0.1,,,,,,,,,,,,,,,,,,,,30919,15.2,0.3,,68,33335,14.2,0.6,,359
8/1/1995,Manchester,E08000003,33524,14.5,,0.1,,,395,62266,14.2,0.8,,39913,13.4,0.2,,30411,13.3,0.1,,31206,16.9,-0.2,,,,,,,,,,,,,,,,,,,,30898,15.2,-0.1,,54,33385,14.3,0.2,,341
9/1/1995,Manchester,E08000003,32768,14.2,,-2.3,,,397,61020,13.9,-2,,38993,13.1,-2.3,,29777,13,-2.1,,30270,16.4,-3,,,,,,,,,,,,,,,,,,,,29937,14.7,-3.1,,40,32677,14,-2.1,,357
10/1/1995,Manchester,E08000003,31522,13.6,,-3.8,,,389,58845,13.4,-3.6,,37598,12.7,-3.6,,28559,12.5,-4.1,,29292,15.9,-3.2,,,,,,,,,,,,,,,,,,,,28990,14.3,-3.2,,31,31403,13.4,-3.9,,358
11/1/1995,Manchester,E08000003,30774,13.3,,-2.4,,,390,57389,13.1,-2.5,,36758,12.4,-2.2,,27806,12.2,-2.6,,28843,15.6,-1.5,,,,,,,,,,,,,,,,,,,,28494,14,-1.7,,51,30625,13.1,-2.5,,339
12/1/1995,Manchester,E08000003,30948,13.4,,0.6,,,383,57679,13.1,0.5,,37055,12.5,0.8,,27882,12.2,0.3,,29184,15.8,1.2,,,,,,,,,,,,,,,,,,,,29045,14.3,1.9,,56,30734,13.1,0.4,,327
1/1/1996,Manchester,E08000003,31487,13.6,,1.7,-6.9,,326,58750,13.4,1.9,-7.1,37681,12.7,1.7,-6,28382,12.4,1.8,-7.7,29654,16.1,1.6,-5.6,,,,,,,,,,,,,,,,,,,29750,14.6,2.4,-4.2,39,31236,13.3,1.6,-7.3,287
2/1/1996,Manchester,E08000003,31320,13.5,,-0.5,-6.3,,279,58398,13.3,-0.6,-5.9,37496,12.6,-0.5,-5.7,28227,12.3,-0.5,-7,29476,16,-0.6,-5.1,,,,,,,,,,,,,,,,,,,29875,14.7,0.4,-3.2,25,31030,13.2,-0.7,-6.8,254
3/1/1996,Manchester,E08000003,30834,13.3,,-1.6,-7.5,,431,57712,13.1,-1.2,-6.3,36970,12.5,-1.4,-6.7,27741,12.1,-1.7,-8.4,29043,15.7,-1.5,-6.2,,,,,,,,,,,,,,,,,,,29614,14.6,-0.9,-4.1,50,30521,13,-1.6,-8,381
4/1/1996,Manchester,E08000003,30681,13.3,,-0.5,-7.2,,382,57173,13,-0.9,-5.9,36727,12.4,-0.7,-6.6,27621,12.1,-0.4,-8.1,28992,15.7,-0.2,-5.8,,,,,,,,,,,,,,,,,,,29478,14.5,-0.5,-3.8,37,30368,13,-0.5,-7.7,345
5/1/1996,Manchester,E08000003,31471,13.6,,2.6,-4.9,,352,58550,13.3,2.4,-3.6,37587,12.7,2.3,-4.3,28429,12.4,2.9,-5.6,29561,16,2,-4.2,,,,,,,,,,,,,,,,,,,29906,14.7,1.5,-2.4,35,31190,13.3,2.7,-5.3,317
6/1/1996,Manchester,E08000003,32449,14,,3.1,-2.6,,434,60157,13.7,2.7,-1.7,38640,13,2.8,-2.3,29367,12.8,3.3,-2.8,30531,16.5,3.3,-2.3,,,,,,,,,,,,,,,,,,,30728,15.1,2.7,-0.3,58,32171,13.7,3.1,-2.9,376
7/1/1996,Manchester,E08000003,33398,14.4,,2.9,-0.3,,465,62111,14.1,3.2,0.5,39841,13.4,3.1,0,30235,13.2,3,-0.5,31218,16.9,2.2,-0.2,,,,,,,,,,,,,,,,,,,31389,15.4,2.1,1.5,57,33141,14.1,3,-0.6,408
8/1/1996,Manchester,E08000003,33524,14.5,,0.4,0,,523,62693,14.3,0.9,0.7,40070,13.5,0.6,0.4,30316,13.3,0.3,-0.3,31251,16.9,0.1,0.1,,,,,,,,,,,,,,,,,,,31378,15.4,0,1.6,46,33282,14.2,0.4,-0.3,477
9/1/1996,Manchester,E08000003,33330,14.4,,-0.6,1.7,,461,62680,14.3,0,2.7,39872,13.4,-0.5,2.3,30172,13.2,-0.5,1.3,30823,16.7,-1.4,1.8,,,,,,,,,,,,,,,,,,,30931,15.2,-1.4,3.3,50,33122,14.1,-0.5,1.4,411
10/1/1996,Manchester,E08000003,32801,14.2,,-1.6,4.1,,511,61878,14.1,-1.3,5.2,39283,13.2,-1.5,4.5,29678,13,-1.6,3.9,30273,16.4,-1.8,3.3,,,,,,,,,,,,,,,,,,,30397,15,-1.7,4.9,56,32601,13.9,-1.6,3.8,455
11/1/1996,Manchester,E08000003,32207,13.9,,-1.8,4.7,,451,60623,13.8,-2,5.6,38562,13,-1.8,4.9,29119,12.7,-1.9,4.7,29841,16.2,-1.4,3.5,,,,,,,,,,,,,,,,,,,29955,14.7,-1.5,5.1,37,31997,13.7,-1.9,4.5,414
12/1/1996,Manchester,E08000003,32566,14.1,,1.1,5.2,,412,61111,13.9,0.8,5.9,39060,13.2,1.3,5.4,29431,12.9,1.1,5.6,30123,16.3,0.9,3.2,,,,,,,,,,,,,,,,,,,30227,14.9,0.9,4.1,44,32362,13.8,1.1,5.3,368
1/1/1997,Manchester,E08000003,32671,14.1,,0.3,3.8,,408,61213,13.9,0.2,4.2,39196,13.2,0.3,4,29546,12.9,0.4,4.1,30137,16.3,0,1.6,,,,,,,,,,,,,,,,,,,30145,14.8,-0.3,1.3,55,32488,13.9,0.4,4,353
2/1/1997,Manchester,E08000003,33153,14.3,,1.5,5.9,,399,62386,14.2,1.9,6.8,39782,13.4,1.5,6.1,29963,13.1,1.4,6.1,30619,16.6,1.6,3.9,,,,,,,,,,,,,,,,,,,30670,15.1,1.7,2.7,62,32950,14.1,1.4,6.2,337
3/1/1997,Manchester,E08000003,32868,14.2,,-0.9,6.6,,422,62037,14.1,-0.6,7.5,39378,13.3,-1,6.5,29725,13,-0.8,7.2,30387,16.5,-0.8,4.6,,,,,,,,,,,,,,,,,,,30542,15,-0.4,3.1,45,32643,13.9,-0.9,7,377
4/1/1997,Manchester,E08000003,32792,14.2,,-0.2,6.9,,379,61763,14.1,-0.4,8,39250,13.2,-0.3,6.9,29673,13,-0.2,7.4,30350,16.4,-0.1,4.7,,,,,,,,,,,,,,,,,,,30636,15.1,0.3,3.9,33,32543,13.9,-0.3,7.2,346
5/1/1997,Manchester,E08000003,33163,14.3,,1.1,5.4,,468,62202,14.2,0.7,6.2,39758,13.4,1.3,5.8,30065,13.1,1.3,5.8,30357,16.4,0,2.7,,,,,,,,,,,,,,,,,,,30709,15.1,0.2,2.7,53,32951,14.1,1.3,5.6,415
6/1/1997,Manchester,E08000003,33399,14.4,,0.7,2.9,,486,62711,14.3,0.8,4.2,40110,13.5,0.9,3.8,30314,13.3,0.8,3.2,30271,16.4,-0.3,-0.9,,,,,,,,,,,,,,,,,,,30621,15.1,-0.3,-0.4,74,33233,14.2,0.9,3.3,412
7/1/1997,Manchester,E08000003,34272,14.8,,2.6,2.6,,637,64434,14.7,2.7,3.7,41183,13.9,2.7,3.4,31138,13.6,2.7,3,30858,16.7,1.9,-1.2,,,,,,,,,,,,,,,,,,,31111,15.3,1.6,-0.9,77,34148,14.6,2.8,3,560
8/1/1997,Manchester,E08000003,34433,14.9,,0.5,2.7,,573,65010,14.8,0.9,3.7,41407,14,0.5,3.3,31266,13.7,0.4,3.1,30969,16.8,0.4,-0.9,,,,,,,,,,,,,,,,,,,31091,15.3,-0.1,-0.9,63,34334,14.7,0.5,3.2,510
9/1/1997,Manchester,E08000003,34962,15.1,,1.5,4.9,,596,65921,15,1.4,5.2,42073,14.2,1.6,5.5,31728,13.9,1.5,5.2,31466,17,1.6,2.1,,,,,,,,,,,,,,,,,,,31540,15.5,1.4,2,90,34865,14.9,1.5,5.3,506
10/1/1997,Manchester,E08000003,34744,15,,-0.6,5.9,,583,65703,15,-0.3,6.2,41884,14.1,-0.4,6.6,31477,13.8,-0.8,6.1,31300,17,-0.5,3.4,,,,,,,,,,,,,,,,,,,31369,15.4,-0.5,3.2,62,34644,14.8,-0.6,6.3,521
11/1/1997,Manchester,E08000003,34533,14.9,,-0.6,7.2,,506,65407,14.9,-0.4,7.9,41671,14,-0.5,8.1,31260,13.7,-0.7,7.4,31113,16.9,-0.6,4.3,,,,,,,,,,,,,,,,,,,31287,15.4,-0.3,4.4,71,34417,14.7,-0.7,7.6,435
12/1/1997,Manchester,E08000003,33600,14.5,,-2.7,3.2,,561,63818,14.5,-2.4,4.4,40602,13.7,-2.6,3.9,30355,13.3,-2.9,3.1,30368,16.5,-2.4,0.8,,,,,,,,,,,,,,,,,,,30617,15.1,-2.1,1.3,96,33461,14.3,-2.8,3.4,465
1/1/1998,Manchester,E08000003,34145,14.8,,1.6,4.5,,370,65042,14.8,1.9,6.3,41206,13.9,1.5,5.1,30861,13.5,1.7,4.4,30890,16.7,1.7,2.5,,,,,,,,,,,,,,,,,,,31340,15.4,2.4,4,55,33970,14.5,1.5,4.6,315
2/1/1998,Manchester,E08000003,34418,14.9,,0.8,3.8,,371,65386,14.9,0.5,4.8,41475,14,0.7,4.3,31072,13.6,0.7,3.7,31378,17,1.6,2.5,,,,,,,,,,,,,,,,,,,31951,15.7,2,4.2,53,34179,14.6,0.6,3.7,318
3/1/1998,Manchester,E08000003,35023,15.1,,1.8,6.6,,473,66386,15.1,1.5,7,42153,14.2,1.6,7,31623,13.8,1.8,6.4,32022,17.3,2.1,5.4,,,,,,,,,,,,,,,,,,,32646,16.1,2.2,6.9,50,34755,14.8,1.7,6.5,423
4/1/1998,Manchester,E08000003,35729,15.5,,2,9,,400,67412,15.3,1.5,9.1,43066,14.5,2.2,9.7,32234,14.1,1.9,8.6,32703,17.7,2.1,7.8,,,,,,,,,,,,,,,,,,,33267,16.4,1.9,8.6,56,35463,15.1,2,9,344
5/1/1998,Manchester,E08000003,36734,15.9,,2.8,10.8,,448,69187,15.7,2.6,11.2,44248,14.9,2.7,11.3,33227,14.5,3.1,10.5,33434,18.1,2.2,10.1,,,,,,,,,,,,,,,,,,,33927,16.7,2,10.5,70,36510,15.6,3,10.8,378
6/1/1998,Manchester,E08000003,37762,16.3,,2.8,13.1,,526,71221,16.2,2.9,13.6,45453,15.3,2.7,13.3,34153,14.9,2.8,12.7,34421,18.6,3,13.7,,,,,,,,,,,,,,,,,,,34755,17.1,2.4,13.5,102,37555,16,2.9,13,424
7/1/1998,Manchester,E08000003,38579,16.7,,2.2,12.6,,610,72924,16.6,2.4,13.2,46442,15.6,2.2,12.8,34914,15.3,2.2,12.1,35059,19,1.9,13.6,,,,,,,,,,,,,,,,,,,35377,17.4,1.8,13.7,121,38391,16.4,2.2,12.4,489
8/1/1998,Manchester,E08000003,39472,17.1,,2.3,14.6,,519,75005,17.1,2.9,15.4,47533,16,2.3,14.8,35694,15.6,2.2,14.2,35856,19.4,2.3,15.8,,,,,,,,,,,,,,,,,,,36150,17.8,2.2,16.3,64,39289,16.8,2.3,14.4,455
9/1/1998,Manchester,E08000003,39401,17,,-0.2,12.7,,566,75037,17.1,0,13.8,47514,16,0,12.9,35652,15.6,-0.1,12.4,35578,19.3,-0.8,13.1,,,,,,,,,,,,,,,,,,,35854,17.6,-0.8,13.7,69,39261,16.8,-0.1,12.6,497
10/1/1998,Manchester,E08000003,38911,16.8,,-1.2,12,,519,74232,16.9,-1.1,13,46897,15.8,-1.3,12,35153,15.4,-1.4,11.7,35318,19.1,-0.7,12.8,,,,,,,,,,,,,,,,,,,35520,17.5,-0.9,13.2,74,38752,16.5,-1.3,11.9,445
11/1/1998,Manchester,E08000003,37654,16.3,,-3.2,9,,488,71985,16.4,-3,10.1,45473,15.3,-3,9.1,33875,14.8,-3.6,8.4,34423,18.7,-2.5,10.6,,,,,,,,,,,,,,,,,,,34601,17,-2.6,10.6,70,37458,16,-3.3,8.8,418
12/1/1998,Manchester,E08000003,38541,16.7,,2.4,14.7,,514,73465,16.7,2.1,15.1,46542,15.7,2.3,14.6,34589,15.1,2.1,13.9,35533,19.3,3.2,17,,,,,,,,,,,,,,,,,,,35850,17.6,3.6,17.1,104,38260,16.3,2.1,14.3,410
1/1/1999,Manchester,E08000003,38014,16.4,,-1.4,11.3,,409,72373,16.5,-1.5,11.3,45929,15.5,-1.3,11.5,34092,14.9,-1.4,10.5,35098,19,-1.2,13.6,,,,,,,,,,,,,,,,,,,35613,17.5,-0.7,13.6,80,37691,16.1,-1.5,11,329
2/1/1999,Manchester,E08000003,37446,16.2,,-1.5,8.8,,428,71116,16.2,-1.7,8.8,45216,15.2,-1.6,9,33610,14.7,-1.4,8.2,34543,18.7,-1.6,10.1,,,,,,,,,,,,,,,,,,,35115,17.3,-1.4,9.9,34,37121,15.8,-1.5,8.6,394
3/1/1999,Manchester,E08000003,36046,15.6,,-3.7,2.9,,525,68541,15.6,-3.6,3.2,43500,14.7,-3.8,3.2,32335,14.1,-3.8,2.3,33299,18,-3.6,4,,,,,,,,,,,,,,,,,,,33778,16.6,-3.8,3.5,66,35738,15.3,-3.7,2.8,459
4/1/1999,Manchester,E08000003,36382,15.7,,0.9,1.8,,516,68825,15.7,0.4,2.1,43850,14.8,0.8,1.8,32715,14.3,1.2,1.5,33565,18.2,0.8,2.6,,,,,,,,,,,,,,,,,,,33876,16.7,0.3,1.8,93,36114,15.4,1.1,1.8,423
5/1/1999,Manchester,E08000003,37160,16.1,,2.1,1.2,,568,70058,15.9,1.8,1.3,44710,15.1,2,1,33457,14.6,2.3,0.7,34335,18.6,2.3,2.7,,,,,,,,,,,,,,,,,,,34616,17,2.2,2,83,36883,15.7,2.1,1,485
6/1/1999,Manchester,E08000003,37700,16.3,,1.5,-0.2,,644,71049,16.2,1.4,-0.2,45346,15.3,1.4,-0.2,34009,14.9,1.7,-0.4,34702,18.8,1.1,0.8,,,,,,,,,,,,,,,,,,,35000,17.2,1.1,0.7,105,37442,16,1.5,-0.3,539
7/1/1999,Manchester,E08000003,38551,16.7,,2.3,-0.1,,830,73016,16.6,2.8,0.1,46361,15.6,2.2,-0.2,34791,15.2,2.3,-0.4,35416,19.2,2.1,1,,,,,,,,,,,,,,,,,,,35722,17.6,2.1,1,164,38301,16.4,2.3,-0.2,666
8/1/1999,Manchester,E08000003,39545,17.1,,2.6,0.2,,734,75036,17.1,2.8,0,47558,16,2.6,0.1,35753,15.6,2.8,0.2,36154,19.6,2.1,0.8,,,,,,,,,,,,,,,,,,,36336,17.9,1.7,0.5,114,39350,16.8,2.7,0.2,620
9/1/1999,Manchester,E08000003,40645,17.6,,2.8,3.2,,719,77309,17.6,3,3,48807,16.4,2.6,2.7,36754,16.1,2.8,3.1,37222,20.2,3,4.6,,,,,,,,,,,,,,,,,,,37180,18.3,2.3,3.7,126,40477,17.3,2.9,3.1,593
10/1/1999,Manchester,E08000003,39722,17.2,,-2.3,2.1,,719,75671,17.2,-2.1,1.9,47752,16.1,-2.2,1.8,35767,15.6,-2.7,1.7,36631,19.8,-1.6,3.7,,,,,,,,,,,,,,,,,,,36436,17.9,-2,2.6,89,39538,16.9,-2.3,2,630
11/1/1999,Manchester,E08000003,38680,16.7,,-2.6,2.7,,680,73682,16.8,-2.6,2.4,46517,15.7,-2.6,2.3,34777,15.2,-2.8,2.7,35767,19.4,-2.4,3.9,,,,,,,,,,,,,,,,,,,35531,17.5,-2.5,2.7,84,38491,16.4,-2.6,2.8,596
12/1/1999,Manchester,E08000003,38081,16.5,,-1.5,-1.2,,782,72266,16.4,-1.9,-1.6,45789,15.4,-1.6,-1.6,34181,14.9,-1.7,-1.2,35400,19.2,-1,-0.4,,,,,,,,,,,,,,,,,,,35311,17.4,-0.6,-1.5,126,37829,16.2,-1.7,-1.1,656
1/1/2000,Manchester,E08000003,38076,16.5,,0,0.2,,499,72363,16.5,0.1,0,45803,15.4,0,-0.3,34209,15,0.1,0.3,35274,19.1,-0.4,0.5,,,,,,,,,,,,,,,,,,,35205,17.3,-0.3,-1.1,81,37845,16.2,0,0.4,418
2/1/2000,Manchester,E08000003,38701,16.7,,1.6,3.4,,561,73785,16.8,2,3.8,46552,15.7,1.6,3,34726,15.2,1.5,3.3,35913,19.5,1.8,4,,,,,,,,,,,,,,,,,,,35999,17.7,2.3,2.5,83,38420,16.4,1.5,3.5,478
3/1/2000,Manchester,E08000003,38431,16.6,,-0.7,6.6,,695,73515,16.7,-0.4,7.3,46333,15.6,-0.5,6.5,34477,15.1,-0.7,6.6,35465,19.2,-1.2,6.5,,,,,,,,,,,,,,,,,,,35608,17.5,-1.1,5.4,123,38175,16.3,-0.6,6.8,572
4/1/2000,Manchester,E08000003,39179,16.9,,1.9,7.7,,601,74600,17,1.5,8.4,47122,15.9,1.7,7.5,35151,15.4,2,7.4,36336,19.7,2.5,8.3,,,,,,,,,,,,,,,,,,,36435,17.9,2.3,7.6,103,38890,16.6,1.9,7.7,498
5/1/2000,Manchester,E08000003,39879,17.3,,1.8,7.3,,621,75614,17.2,1.4,7.9,47977,16.2,1.8,7.3,35760,15.6,1.7,6.9,37051,20.1,2,7.9,,,,,,,,,,,,,,,,,,,36980,18.2,1.5,6.8,92,39607,16.9,1.8,7.4,529
6/1/2000,Manchester,E08000003,41071,17.8,,3,8.9,,804,77685,17.7,2.7,9.3,49406,16.6,3,9,36783,16.1,2.9,8.2,38296,20.7,3.4,10.4,,,,,,,,,,,,,,,,,,,38015,18.7,2.8,8.6,148,40807,17.4,3,9,656
7/1/2000,Manchester,E08000003,41754,18.1,,1.7,8.3,,806,79510,18.1,2.3,8.9,50385,17,2,8.7,37332,16.3,1.5,7.3,38806,21,1.3,9.6,,,,,,,,,,,,,,,,,,,38507,18.9,1.3,7.8,168,41515,17.7,1.7,8.4,638
8/1/2000,Manchester,E08000003,42407,18.3,,1.6,7.2,,785,81121,18.5,2,8.1,51250,17.3,1.7,7.8,37747,16.5,1.1,5.6,39657,21.5,2.2,9.7,,,,,,,,,,,,,,,,,,,39217,19.3,1.8,7.9,123,42141,18,1.5,7.1,662
9/1/2000,Manchester,E08000003,42979,18.6,,1.4,5.7,,776,82814,18.8,2.1,7.1,51900,17.5,1.3,6.3,38185,16.7,1.2,3.9,40342,21.9,1.7,8.4,,,,,,,,,,,,,,,,,,,39799,19.6,1.5,7,141,42699,18.2,1.3,5.5,635
10/1/2000,Manchester,E08000003,42797,18.5,,-0.4,7.7,,761,82539,18.8,-0.3,9.1,51761,17.4,-0.3,8.4,37898,16.6,-0.8,6,40344,21.9,0,10.1,,,,,,,,,,,,,,,,,,,39819,19.6,0.1,9.3,140,42477,18.1,-0.5,7.4,621
11/1/2000,Manchester,E08000003,42010,18.2,,-1.8,8.6,,600,81298,18.5,-1.5,10.3,50753,17.1,-1.9,9.1,37169,16.3,-1.9,6.9,39716,21.5,-1.6,11,,,,,,,,,,,,,,,,,,,39273,19.3,-1.4,10.5,85,41656,17.8,-1.9,8.2,515
12/1/2000,Manchester,E08000003,42347,18.3,,0.8,11.2,,692,81751,18.6,0.6,13.1,51172,17.2,0.8,11.8,37329,16.3,0.4,9.2,40371,21.9,1.6,14,,,,,,,,,,,,,,,,,,,40022,19.7,1.9,13.3,154,41899,17.9,0.6,10.8,538
1/1/2001,Manchester,E08000003,41915,18.1,,-1,10.1,,536,80770,18.4,-1.2,11.6,50470,17,-1.4,10.2,36968,16.2,-1,8.1,40163,21.8,-0.5,13.9,,,,,,,,,,,,,,,,,,,39999,19.7,-0.1,13.6,72,41391,17.7,-1.2,9.4,464
2/1/2001,Manchester,E08000003,42933,18.6,,2.4,10.9,,511,82305,18.7,1.9,11.5,51662,17.4,2.4,11,37905,16.6,2.5,9.2,41136,22.3,2.4,14.5,,,,,,,,,,,,,,,,,,,41275,20.3,3.2,14.7,88,42336,18.1,2.3,10.2,423
3/1/2001,Manchester,E08000003,42227,18.3,,-1.6,9.9,,633,80910,18.4,-1.7,10.1,50830,17.1,-1.6,9.7,37344,16.3,-1.5,8.3,40288,21.8,-2.1,13.6,,,,,,,,,,,,,,,,,,,40597,20,-1.6,14,87,41640,17.8,-1.6,9.1,546
4/1/2001,Manchester,E08000003,43461,18.8,,2.9,10.9,,664,83145,18.9,2.8,11.5,52206,17.6,2.7,10.8,38476,16.8,3,9.5,41520,22.5,3.1,14.3,,,,,,,,,,,,,,,,,,,41752,20.5,2.8,14.6,105,42862,18.3,2.9,10.2,559
5/1/2001,Manchester,E08000003,44145,19.1,,1.6,10.7,,721,84242,19.2,1.3,11.4,52977,17.9,1.5,10.4,39118,17.1,1.7,9.4,42177,22.9,1.6,13.8,,,,,,,,,,,,,,,,,,,42023,20.7,0.6,13.6,112,43610,18.6,1.7,10.1,609
6/1/2001,Manchester,E08000003,44877,19.4,,1.7,9.3,,787,85316,19.4,1.3,9.8,53756,18.1,1.5,8.8,39775,17.4,1.7,8.1,43012,23.3,2,12.3,,,,,,,,,,,,,,,,,,,42773,21,1.8,12.5,168,44323,18.9,1.6,8.6,619
7/1/2001,Manchester,E08000003,46051,19.9,,2.6,10.3,,943,87654,19.9,2.7,10.2,55295,18.6,2.9,9.7,40822,17.9,2.6,9.3,43951,23.8,2.2,13.3,,,,,,,,,,,,,,,,,,,43575,21.4,1.9,13.2,179,45545,19.4,2.8,9.7,764
8/1/2001,Manchester,E08000003,47096,20.4,,2.3,11.1,,940,89940,20.5,2.6,10.9,56489,19,2.2,10.2,41729,18.2,2.2,10.5,45035,24.4,2.5,13.6,,,,,,,,,,,,,,,,,,,44730,22,2.7,14.1,135,46545,19.9,2.2,10.5,805
9/1/2001,Manchester,E08000003,48567,21,,3.1,13,,727,93083,21.2,3.5,12.4,58132,19.6,2.9,12,43028,18.8,3.1,12.7,46574,25.2,3.4,15.5,,,,,,,,,,,,,,,,,,,46263,22.8,3.4,16.2,103,47973,20.5,3.1,12.4,624
10/1/2001,Manchester,E08000003,48405,20.9,,-0.3,13.1,,825,92824,21.1,-0.3,12.5,57907,19.5,-0.4,11.9,42807,18.7,-0.5,13,46635,25.3,0.1,15.6,,,,,,,,,,,,,,,,,,,46530,22.9,0.6,16.9,119,47733,20.4,-0.5,12.4,706
11/1/2001,Manchester,E08000003,47723,20.6,,-1.4,13.6,,842,91622,20.8,-1.3,12.7,57201,19.3,-1.2,12.7,42093,18.4,-1.7,13.2,46084,25,-1.2,16,,,,,,,,,,,,,,,,,,,46014,22.6,-1.1,17.2,140,47034,20.1,-1.5,12.9,702
12/1/2001,Manchester,E08000003,47106,20.4,,-1.3,11.2,,728,90079,20.5,-1.7,10.2,56538,19.1,-1.2,10.5,41402,18.1,-1.6,10.9,45775,24.8,-0.7,13.4,,,,,,,,,,,,,,,,,,,45686,22.5,-0.7,14.2,161,46376,19.8,-1.4,10.7,567
1/1/2002,Manchester,E08000003,46796,20.2,,-0.7,11.6,,667,89430,20.3,-0.7,10.7,56115,18.9,-0.7,11.2,41063,18,-0.8,11.1,45697,24.8,-0.2,13.8,,,,,,,,,,,,,,,,,,,45530,22.4,-0.3,13.8,118,46044,19.7,-0.7,11.2,549
2/1/2002,Manchester,E08000003,46883,20.3,,0.2,9.2,,716,89484,20.4,0.1,8.7,56073,18.9,-0.1,8.5,41160,18,0.2,8.6,45934,24.9,0.5,11.7,,,,,,,,,,,,,,,,,,,46048,22.7,1.1,11.6,139,46049,19.7,0,8.8,577
3/1/2002,Manchester,E08000003,47354,20.5,,1,12.1,,803,90324,20.6,0.9,11.6,56643,19.1,1,11.4,41630,18.2,1.1,11.5,46256,25.1,0.7,14.8,,,,,,,,,,,,,,,,,,,46423,22.8,0.8,14.4,112,46527,19.9,1,11.7,691
4/1/2002,Manchester,E08000003,49344,21.3,,4.2,13.5,,778,93681,21.3,3.7,12.7,58910,19.9,4,12.8,43393,19,4.2,12.8,48358,26.2,4.5,16.5,,,,,,,,,,,,,,,,,,,48481,23.8,4.4,16.1,163,48462,20.7,4.2,13.1,615
5/1/2002,Manchester,E08000003,50714,21.9,,2.8,14.9,,1157,95841,21.8,2.3,13.8,60602,20.4,2.9,14.4,44589,19.5,2.8,14,49692,26.9,2.8,17.8,,,,,,,,,,,,,,,,,,,49461,24.3,2,17.7,271,49876,21.3,2.9,14.4,886
6/1/2002,Manchester,E08000003,52664,22.8,,3.8,17.4,,902,99361,22.6,3.7,16.5,62778,21.2,3.6,16.8,46350,20.3,3.9,16.5,51709,28,4.1,20.2,,,,,,,,,,,,,,,,,,,51310,25.2,3.7,20,284,51803,22.1,3.9,16.9,618
7/1/2002,Manchester,E08000003,53809,23.3,,2.2,16.8,,1127,101731,23.1,2.4,16.1,64197,21.6,2.3,16.1,47462,20.8,2.4,16.3,52503,28.4,1.5,19.5,,,,,,,,,,,,,,,,,,,51835,25.5,1,19,182,53042,22.6,2.4,16.5,945
8/1/2002,Manchester,E08000003,56061,24.3,,4.2,19,,1109,106053,24.1,4.2,17.9,66864,22.5,4.2,18.4,49464,21.6,4.2,18.5,54679,29.6,4.1,21.4,,,,,,,,,,,,,,,,,,,53869,26.5,3.9,20.4,180,55287,23.6,4.2,18.8,929
9/1/2002,Manchester,E08000003,56058,24.2,,0,15.4,,1016,106422,24.2,0.3,14.3,67057,22.6,0.3,15.4,49471,21.6,0,15,54359,29.5,-0.6,16.7,,,,,,,,,,,,,,,,,,,53375,26.3,-0.9,15.4,175,55377,23.6,0.2,15.4,841
10/1/2002,Manchester,E08000003,56434,24.4,,0.7,16.6,,997,107193,24.4,0.7,15.5,67696,22.8,1,16.9,49677,21.7,0.4,16,54772,29.7,0.8,17.4,,,,,,,,,,,,,,,,,,,53842,26.5,0.9,15.7,215,55727,23.8,0.6,16.7,782
11/1/2002,Manchester,E08000003,56972,24.6,,1,19.4,,1153,108661,24.7,1.4,18.6,68335,23,0.9,19.5,50164,21.9,1,19.2,55226,29.9,0.8,19.8,,,,,,,,,,,,,,,,,,,54188,26.7,0.6,17.8,238,56290,24,1,19.7,915
12/1/2002,Manchester,E08000003,57654,24.9,,1.2,22.4,,1064,109503,24.9,0.8,21.6,69189,23.3,1.2,22.4,50685,22.2,1,22.4,56079,30.4,1.5,22.5,,,,,,,,,,,,,,,,,,,55011,27.1,1.5,20.4,253,56931,24.3,1.1,22.8,811
1/1/2003,Manchester,E08000003,57735,25,,0.1,23.4,,793,109465,24.9,0,22.4,69074,23.3,-0.2,23.1,50898,22.3,0.4,24,56113,30.4,0.1,22.8,,,,,,,,,,,,,,,,,,,54774,26.9,-0.4,20.3,149,57072,24.4,0.2,24,644
2/1/2003,Manchester,E08000003,56858,24.6,,-1.5,21.3,,775,107093,24.4,-2.2,19.7,68034,22.9,-1.5,21.3,50111,21.9,-1.5,21.7,55354,30,-1.4,20.5,,,,,,,,,,,,,,,,,,,54092,26.6,-1.2,17.5,139,56177,24,-1.6,22,636
3/1/2003,Manchester,E08000003,57140,24.7,,0.5,20.7,,872,107759,24.5,0.6,19.3,68271,23,0.3,20.5,50474,22.1,0.7,21.2,55474,30.1,0.2,19.9,,,,,,,,,,,,,,,,,,,54350,26.7,0.5,17.1,131,56457,24.1,0.5,21.3,741
4/1/2003,Manchester,E08000003,56905,24.6,,-0.4,15.3,,916,106996,24.3,-0.7,14.2,68187,23,-0.1,15.7,50175,21.9,-0.6,15.6,55236,29.9,-0.4,14.2,,,,,,,,,,,,,,,,,,,54302,26.7,-0.1,12,122,56190,24,-0.5,15.9,794
5/1/2003,Manchester,E08000003,59133,25.6,,3.9,16.6,,1017,111410,25.4,4.1,16.2,71055,23.9,4.2,17.2,52210,22.8,4.1,17.1,56962,30.9,3.1,14.6,,,,,,,,,,,,,,,,,,,55986,27.5,3.1,13.2,159,58476,25,4.1,17.2,858
6/1/2003,Manchester,E08000003,61372,26.5,,3.8,16.5,,925,115077,26.2,3.3,15.8,73653,24.8,3.7,17.3,54115,23.7,3.6,16.8,59462,32.2,4.4,15,,,,,,,,,,,,,,,,,,,58317,28.7,4.2,13.7,171,60649,25.9,3.7,17.1,754
7/1/2003,Manchester,E08000003,65936,28.5,,7.4,22.5,,1020,123097,28,7,21,79098,26.7,7.4,23.2,58226,25.5,7.6,22.7,63779,34.6,7.3,21.5,,,,,,,,,,,,,,,,,,,62592,30.8,7.3,20.8,121,65171,27.8,7.5,22.9,899
8/1/2003,Manchester,E08000003,67638,29.3,,2.6,20.7,,1094,125584,28.6,2,18.4,81037,27.3,2.5,21.2,59826,26.2,2.7,20.9,65398,35.4,2.5,19.6,,,,,,,,,,,,,,,,,,,64128,31.5,2.5,19,151,66869,28.5,2.6,20.9,943
9/1/2003,Manchester,E08000003,69558,30.1,,2.8,24.1,,1162,129212,29.4,2.9,21.4,83544,28.2,3.1,24.6,61747,27,3.2,24.8,66465,36,1.6,22.3,,,,,,,,,,,,,,,,,,,65142,32,1.6,22,159,68923,29.4,3.1,24.5,1003
10/1/2003,Manchester,E08000003,69789,30.2,,0.3,23.7,,1186,129583,29.5,0.3,20.9,83726,28.2,0.2,23.7,62043,27.1,0.5,24.9,66602,36.1,0.2,21.6,,,,,,,,,,,,,,,,,,,65200,32.1,0.1,21.1,250,69183,29.5,0.4,24.1,936
11/1/2003,Manchester,E08000003,70984,30.7,,1.7,24.6,,1127,131770,30,1.7,21.3,85160,28.7,1.7,24.6,63103,27.6,1.7,25.8,67750,36.7,1.7,22.7,,,,,,,,,,,,,,,,,,,66383,32.7,1.8,22.5,209,70354,30,1.7,25,918
12/1/2003,Manchester,E08000003,73720,31.9,,3.9,27.9,,1305,135495,30.8,2.8,23.7,88172,29.7,3.5,27.4,65617,28.7,4,29.5,70656,38.3,4.3,26,,,,,,,,,,,,,,,,,,,69269,34.1,4.3,25.9,396,73002,31.2,3.8,28.2,909
1/1/2004,Manchester,E08000003,75410,32.6,,2.3,30.6,,862,138561,31.5,2.3,26.6,90175,30.4,2.3,30.5,67241,29.4,2.5,32.1,72031,39,1.9,28.4,,,,,,,,,,,,,,,,,,,70878,34.9,2.3,29.4,133,74672,31.9,2.3,30.8,729
2/1/2004,Manchester,E08000003,74446,32.2,,-1.3,30.9,,888,136160,31,-1.7,27.1,88866,29.9,-1.5,30.6,66477,29.1,-1.1,32.7,71031,38.5,-1.4,28.3,,,,,,,,,,,,,,,,,,,70231,34.5,-0.9,29.8,137,73650,31.4,-1.4,31.1,751
3/1/2004,Manchester,E08000003,73876,32,,-0.8,29.3,,1194,135357,30.8,-0.6,25.6,87973,29.6,-1,28.9,65987,28.9,-0.7,30.7,70383,38.1,-0.9,26.9,,,,,,,,,,,,,,,,,,,69809,34.3,-0.6,28.4,232,73050,31.2,-0.8,29.4,962
4/1/2004,Manchester,E08000003,75362,32.6,,2,32.4,,1285,136202,31,0.6,27.3,89589,30.2,1.8,31.4,67587,29.6,2.4,34.7,71617,38.8,1.8,29.7,,,,,,,,,,,,,,,,,,,70701,34.8,1.3,30.2,298,74651,31.9,2.2,32.9,987
5/1/2004,Manchester,E08000003,79103,34.2,,5,33.8,,1033,141259,32.1,3.7,26.8,93639,31.6,4.5,31.8,71300,31.2,5.5,36.6,75008,40.6,4.7,31.7,,,,,,,,,,,,,,,,,,,73796,36.3,4.4,31.8,179,78462,33.5,5.1,34.2,854
6/1/2004,Manchester,E08000003,82790,35.8,,4.7,34.9,,1252,146461,33.3,3.7,27.3,97900,33,4.6,32.9,74786,32.7,4.9,38.2,78420,42.5,4.5,31.9,,,,,,,,,,,,,,,,,,,77198,38,4.6,32.4,234,82129,35.1,4.7,35.4,1018
7/1/2004,Manchester,E08000003,87024,37.6,,5.1,32,,1241,153695,35,4.9,24.9,103202,34.8,5.4,30.5,78873,34.5,5.5,35.5,81897,44.4,4.4,28.4,,,,,,,,,,,,,,,,,,,80516,39.6,4.3,28.6,215,86496,36.9,5.3,32.7,1026
8/1/2004,Manchester,E08000003,89888,38.9,,3.3,32.9,,1165,159037,36.2,3.5,26.6,106815,36,3.5,31.8,81597,35.7,3.5,36.4,84259,45.7,2.9,28.8,,,,,,,,,,,,,,,,,,,82619,40.6,2.6,28.8,181,89485,38.2,3.5,33.8,984
9/1/2004,Manchester,E08000003,92203,39.9,,2.6,32.6,,1055,163633,37.2,2.9,26.6,109815,37,2.8,31.4,84004,36.7,3,36,85803,46.5,1.8,29.1,,,,,,,,,,,,,,,,,,,83947,41.3,1.6,28.9,208,91996,39.3,2.8,33.5,847
10/1/2004,Manchester,E08000003,91369,39.5,,-0.9,30.9,,979,162171,36.9,-0.9,25.1,108387,36.5,-1.3,29.5,83103,36.3,-1.1,33.9,85492,46.3,-0.4,28.4,,,,,,,,,,,,,,,,,,,83831,41.2,-0.1,28.6,186,90994,38.8,-1.1,31.5,793
11/1/2004,Manchester,E08000003,91369,39.5,,0,28.7,,1018,161706,36.8,-0.3,22.7,108152,36.4,-0.2,27,83108,36.3,0,31.7,85657,46.4,0.2,26.4,,,,,,,,,,,,,,,,,,,84221,41.4,0.5,26.9,292,90891,38.8,-0.1,29.2,726
12/1/2004,Manchester,E08000003,90960,39.3,,-0.4,23.4,,966,159923,36.4,-1.1,18,107329,36.2,-0.8,21.7,82689,36.2,-0.5,26,85620,46.4,0,21.2,,,,,,,,,,,,,,,,,,,84520,41.6,0.4,22,285,90310,38.6,-0.6,23.7,681
1/1/2005,Manchester,E08000003,89174,38.6,,-2,18.3,,766,156493,35.6,-2.1,12.9,104853,35.3,-2.3,16.3,81043,35.4,-2,20.5,84220,45.6,-1.6,16.9,,,,,,,,,,,,,,,,,,,83628,41.1,-1.1,18,211,88339,37.7,-2.2,18.3,555
2/1/2005,Manchester,E08000003,89248,38.6,,0.1,19.9,,695,156464,35.6,0,14.9,104996,35.4,0.1,18.2,81002,35.4,-0.1,21.8,84438,45.7,0.3,18.9,,,,,,,,,,,,,,,,,,,84483,41.6,1,20.3,144,88200,37.7,-0.2,19.8,551
3/1/2005,Manchester,E08000003,90030,38.9,,0.9,21.9,,868,158047,36,1,16.8,105968,35.7,0.9,20.5,81665,35.7,0.8,23.8,85218,46.2,0.9,21.1,,,,,,,,,,,,,,,,,,,85735,42.2,1.5,22.8,239,88824,37.9,0.7,21.6,629
4/1/2005,Manchester,E08000003,92925,40.2,,3.2,23.3,,953,162530,37,2.8,19.3,109576,36.9,3.4,22.3,84479,36.9,3.4,25,87673,47.5,2.9,22.4,,,,,,,,,,,,,,,,,,,88691,43.6,3.4,25.4,250,91612,39.1,3.1,22.7,703
5/1/2005,Manchester,E08000003,96630,41.8,,4,22.2,,917,169124,38.5,4.1,19.7,113814,38.4,3.9,21.5,88071,38.5,4.3,23.5,90985,49.3,3.8,21.3,,,,,,,,,,,,,,,,,,,92120,45.3,3.9,24.8,207,95302,40.7,4,21.5,710
6/1/2005,Manchester,E08000003,100426,43.4,,3.9,21.3,,980,174279,39.7,3,19,118000,39.8,3.7,20.5,91946,40.2,4.4,22.9,94324,51.1,3.7,20.3,,,,,,,,,,,,,,,,,,,95415,46.9,3.6,23.6,281,99157,42.3,4,20.7,699
7/1/2005,Manchester,E08000003,104679,45.3,,4.2,20.3,,939,181605,41.3,4.2,18.2,123256,41.5,4.5,19.4,96083,42,4.5,21.8,97922,53.1,3.8,19.6,,,,,,,,,,,,,,,,,,,98857,48.6,3.6,22.8,164,103562,44.2,4.4,19.7,775
8/1/2005,Manchester,E08000003,107078,46.3,,2.3,19.1,,960,185808,42.3,2.3,16.8,126090,42.5,2.3,18,98600,43.1,2.6,20.8,99819,54.1,1.9,18.5,,,,,,,,,,,,,,,,,,,100775,49.6,1.9,22,179,106056,45.3,2.4,18.5,781
9/1/2005,Manchester,E08000003,107109,46.3,,0,16.2,,1124,186700,42.5,0.5,14.1,126447,42.6,0.3,15.1,98841,43.2,0.2,17.7,99414,53.9,-0.4,15.9,,,,,,,,,,,,,,,,,,,100438,49.4,-0.3,19.6,305,106214,45.3,0.1,15.5,819
10/1/2005,Manchester,E08000003,107810,46.6,,0.7,18,,937,187818,42.7,0.6,15.8,126890,42.8,0.4,17.1,99596,43.6,0.8,19.8,100150,54.3,0.7,17.1,,,,,,,,,,,,,,,,,,,101252,49.8,0.8,20.8,274,106854,45.6,0.6,17.4,663
11/1/2005,Manchester,E08000003,107868,46.7,,0.1,18.1,,834,187534,42.7,-0.2,16,127017,42.8,0.1,17.4,99725,43.6,0.1,20,100110,54.2,0,16.9,,,,,,,,,,,,,,,,,,,101417,49.9,0.2,20.4,186,106873,45.6,0,17.6,648
12/1/2005,Manchester,E08000003,109443,47.3,,1.5,20.3,,1116,189084,43,0.8,18.2,128309,43.2,1,19.5,101142,44.2,1.4,22.3,101962,55.2,1.9,19.1,,,,,,,,,,,,,,,,,,,103414,50.9,2,22.4,428,108256,46.2,1.3,19.9,688
1/1/2006,Manchester,E08000003,110187,47.7,,0.7,23.6,,758,190378,43.3,0.7,21.7,129043,43.5,0.6,23.1,101966,44.6,0.8,25.8,102579,55.6,0.6,21.8,,,,,,,,,,,,,,,,,,,104077,51.2,0.6,24.5,219,109005,46.5,0.7,23.4,539
2/1/2006,Manchester,E08000003,111733,48.3,,1.4,25.2,,835,192234,43.7,1,22.9,130379,43.9,1,24.2,103328,45.2,1.3,27.6,104345,56.5,1.7,23.6,,,,,,,,,,,,,,,,,,,105945,52.1,1.8,25.4,288,110348,47.1,1.2,25.1,547
3/1/2006,Manchester,E08000003,111677,48.3,,0,24,,1187,193461,44,0.6,22.4,130780,44.1,0.3,23.4,103442,45.2,0.1,26.7,103830,56.3,-0.5,21.8,,,,,,,,,,,,,,,,,,,105643,52,-0.3,23.2,458,110373,47.1,0,24.3,729
4/1/2006,Manchester,E08000003,112873,48.8,,1.1,21.5,,1022,194973,44.4,0.8,20,132210,44.6,1.1,20.7,104679,45.8,1.2,23.9,104834,56.8,1,19.6,,,,,,,,,,,,,,,,,,,106823,52.5,1.1,20.4,402,111533,47.6,1.1,21.7,620
5/1/2006,Manchester,E08000003,114025,49.3,,1,18,,1054,197057,44.8,1.1,16.5,133830,45.1,1.2,17.6,105896,46.3,1.2,20.2,105628,57.2,0.8,16.1,,,,,,,,,,,,,,,,,,,107472,52.9,0.6,16.7,364,112864,48.2,1.2,18.4,690
6/1/2006,Manchester,E08000003,116518,50.4,,2.2,16,,1364,200195,45.6,1.6,14.9,136735,46.1,2.2,15.9,108424,47.4,2.4,17.9,107806,58.4,2.1,14.3,,,,,,,,,,,,,,,,,,,109433,53.8,1.8,14.7,533,115505,49.3,2.3,16.5,831
7/1/2006,Manchester,E08000003,118269,51.2,,1.5,13,,1128,203067,46.2,1.4,11.8,138936,46.8,1.6,12.7,110444,48.3,1.9,14.9,109009,59.1,1.1,11.3,,,,,,,,,,,,,,,,,,,110363,54.3,0.8,11.6,294,117562,50.2,1.8,13.5,834
8/1/2006,Manchester,E08000003,119444,51.7,,1,11.5,,1072,205150,46.7,1,10.4,140560,47.4,1.2,11.5,111973,49,1.4,13.6,109581,59.4,0.5,9.8,,,,,,,,,,,,,,,,,,,110520,54.4,0.1,9.7,262,119154,50.9,1.4,12.3,810
9/1/2006,Manchester,E08000003,122485,53,,2.5,14.4,,1155,211066,48,2.9,13.1,144257,48.6,2.6,14.1,114833,50.2,2.6,16.2,112275,60.8,2.5,12.9,,,,,,,,,,,,,,,,,,,113042,55.6,2.3,12.5,347,122319,52.2,2.7,15.2,808
10/1/2006,Manchester,E08000003,123399,53.4,,0.7,14.5,,1124,212984,48.5,0.9,13.4,145358,49,0.8,14.6,115573,50.5,0.6,16,113191,61.3,0.8,13,,,,,,,,,,,,,,,,,,,113896,56,0.8,12.5,334,123226,52.6,0.7,15.3,790
11/1/2006,Manchester,E08000003,125094,54.1,,1.4,16,,1231,216105,49.2,1.5,15.2,147482,49.7,1.5,16.1,117197,51.3,1.4,17.5,114645,62.1,1.3,14.5,,,,,,,,,,,,,,,,,,,115398,56.8,1.3,13.8,370,124948,53.3,1.4,16.9,861
12/1/2006,Manchester,E08000003,124477,53.8,,-0.5,13.7,,1373,214228,48.7,-0.9,13.3,146584,49.4,-0.6,14.2,116899,51.1,-0.3,15.6,113945,61.7,-0.6,11.8,,,,,,,,,,,,,,,,,,,114690,56.4,-0.6,10.9,551,124395,53.1,-0.4,14.9,822
1/1/2007,Manchester,E08000003,124329,53.8,,-0.1,12.8,,895,213868,48.7,-0.2,12.3,146484,49.4,-0.1,13.5,116938,51.1,0,14.7,113618,61.6,-0.3,10.8,,,,,,,,,,,,,,,,,,,114457,56.3,-0.2,10,239,124291,53.1,-0.1,14,656
2/1/2007,Manchester,E08000003,126470,54.7,,1.7,13.2,,979,217195,49.4,1.6,13,148757,50.1,1.6,14.1,118728,51.9,1.5,14.9,115928,62.8,2,11.1,,,,,,,,,,,,,,,,,,,116810,57.5,2.1,10.3,263,126286,53.9,1.6,14.4,716
3/1/2007,Manchester,E08000003,124224,53.7,,-1.8,11.2,,1093,213773,48.6,-1.6,10.5,146283,49.3,-1.7,11.9,116773,51.1,-1.6,12.9,113624,61.6,-2,9.4,,,,,,,,,,,,,,,,,,,114368,56.3,-2.1,8.3,263,124147,53,-1.7,12.5,830
4/1/2007,Manchester,E08000003,126085,54.5,,1.5,11.7,,995,216254,49.2,1.2,10.9,148285,50,1.4,12.2,118780,51.9,1.7,13.5,115208,62.4,1.4,9.9,,,,,,,,,,,,,,,,,,,115488,56.8,1,8.1,281,126174,53.9,1.6,13.1,714
5/1/2007,Manchester,E08000003,125439,54.3,,-0.5,10,,1037,214212,48.7,-0.9,8.7,147232,49.6,-0.7,10,118477,51.8,-0.3,11.9,114507,62,-0.6,8.4,,,,,,,,,,,,,,,,,,,114849,56.5,-0.6,6.9,255,125540,53.6,-0.5,11.2,782
6/1/2007,Manchester,E08000003,130182,56.3,,3.8,11.7,,1296,221953,50.5,3.6,10.9,152644,51.4,3.7,11.6,123094,53.8,3.9,13.5,118799,64.4,3.7,10.2,,,,,,,,,,,,,,,,,,,119112,58.6,3.7,8.8,359,130310,55.6,3.8,12.8,937
7/1/2007,Manchester,E08000003,132825,57.5,,2,12.3,,1094,226782,51.6,2.2,11.7,155733,52.5,2,12.1,125548,54.9,2,13.7,121244,65.7,2.1,11.2,,,,,,,,,,,,,,,,,,,121941,60,2.4,10.5,188,132840,56.7,1.9,13,906
8/1/2007,Manchester,E08000003,134540,58.2,,1.3,12.6,,1129,230988,52.6,1.9,12.6,158234,53.3,1.6,12.6,127589,55.8,1.6,13.9,122130,66.2,0.7,11.5,,,,,,,,,,,,,,,,,,,122277,60.1,0.3,10.6,153,134906,57.6,1.6,13.2,976
9/1/2007,Manchester,E08000003,134037,58,,-0.4,9.4,,965,230713,52.5,-0.1,9.3,157884,53.2,-0.2,9.4,127121,55.6,-0.4,10.7,121525,65.8,-0.5,8.2,,,,,,,,,,,,,,,,,,,121506,59.8,-0.6,7.5,180,134491,57.4,-0.3,10,785
10/1/2007,Manchester,E08000003,131310,56.8,,-2,6.4,,899,226599,51.6,-1.8,6.4,154522,52.1,-2.1,6.3,124477,54.4,-2.1,7.7,119152,64.6,-2,5.3,,,,,,,,,,,,,,,,,,,118823,58.4,-2.2,4.3,176,131814,56.3,-2,7,723
11/1/2007,Manchester,E08000003,130522,56.5,,-0.6,4.3,,1020,225714,51.4,-0.4,4.4,153664,51.8,-0.6,4.2,123444,54,-0.8,5.3,118650,64.3,-0.4,3.5,,,,,,,,,,,,,,,,,,,118504,58.3,-0.3,2.7,255,130910,55.9,-0.7,4.8,765
12/1/2007,Manchester,E08000003,132223,57.2,,1.3,6.2,,798,228652,52,1.3,6.7,155449,52.4,1.2,6,124921,54.6,1.2,6.9,120418,65.2,1.5,5.7,,,,,,,,,,,,,,,,,,,120523,59.3,1.7,5.1,207,132481,56.6,1.2,6.5,591
1/1/2008,Manchester,E08000003,133301,57.7,,0.8,7.2,,623,230848,52.5,1,7.9,156742,52.8,0.8,7,125961,55.1,0.8,7.7,121355,65.7,0.8,6.8,,,,,,,,,,,,,,,,,,,121750,59.9,1,6.4,148,133493,57,0.8,7.4,475
2/1/2008,Manchester,E08000003,132634,57.4,,-0.5,4.9,,627,230030,52.3,-0.4,5.9,155777,52.5,-0.6,4.7,125262,54.8,-0.6,5.5,120882,65.5,-0.4,4.3,,,,,,,,,,,,,,,,,,,122359,60.2,0.5,4.8,116,132466,56.6,-0.8,4.9,511
3/1/2008,Manchester,E08000003,128644,55.6,,-3,3.6,,576,224365,51.1,-2.5,5,151428,51,-2.8,3.5,121467,53.1,-3,4,117035,63.4,-3.2,3,,,,,,,,,,,,,,,,,,,119143,58.6,-2.6,4.2,132,128344,54.8,-3.1,3.4,444
4/1/2008,Manchester,E08000003,127631,55.2,,-0.8,1.2,,565,223363,50.8,-0.4,3.3,150375,50.7,-0.7,1.4,120677,52.8,-0.7,1.6,115833,62.8,-1,0.5,,,,,,,,,,,,,,,,,,,118524,58.3,-0.5,2.6,147,127235,54.3,-0.9,0.8,418
5/1/2008,Manchester,E08000003,126959,54.9,,-0.5,1.2,,494,221381,50.4,-0.9,3.3,149627,50.4,-0.5,1.6,120092,52.5,-0.5,1.4,115183,62.4,-0.6,0.6,,,,,,,,,,,,,,,,,,,117558,57.8,-0.8,2.4,76,126669,54.1,-0.4,0.9,418
6/1/2008,Manchester,E08000003,128039,55.4,,0.9,-1.6,,457,221847,50.5,0.2,0,150717,50.8,0.7,-1.3,121196,53,0.9,-1.5,116231,63,0.9,-2.2,,,,,,,,,,,,,,,,,,,118385,58.2,0.7,-0.6,88,127799,54.6,0.9,-1.9,369
7/1/2008,Manchester,E08000003,127600,55.2,,-0.3,-3.9,,565,220054,50.1,-0.8,-3,150589,50.7,-0.1,-3.3,120542,52.7,-0.5,-4,115929,62.8,-0.3,-4.4,,,,,,,,,,,,,,,,,,,117606,57.8,-0.7,-3.6,153,127476,54.4,-0.3,-4,412
8/1/2008,Manchester,E08000003,126234,54.6,,-1.1,-6.2,,381,217493,49.5,-1.2,-5.8,149108,50.2,-1,-5.8,119375,52.2,-1,-6.4,114499,62,-1.2,-6.2,,,,,,,,,,,,,,,,,,,115444,56.8,-1.8,-5.6,87,126390,54,-0.9,-6.3,294
9/1/2008,Manchester,E08000003,122968,53.2,,-2.6,-8.3,,387,213471,48.6,-1.8,-7.5,145197,48.9,-2.6,-8,116113,50.8,-2.7,-8.7,111676,60.5,-2.5,-8.1,,,,,,,,,,,,,,,,,,,112229,55.2,-2.8,-7.6,80,123190,52.6,-2.5,-8.4,307
10/1/2008,Manchester,E08000003,120255,52,,-2.2,-8.4,,350,209198,47.6,-2,-7.7,141793,47.8,-2.3,-8.2,113363,49.6,-2.4,-8.9,109497,59.3,-2,-8.1,,,,,,,,,,,,,,,,,,,109750,54,-2.2,-7.6,68,120474,51.4,-2.2,-8.6,282
11/1/2008,Manchester,E08000003,118261,51.2,,-1.7,-9.4,,359,206268,46.9,-1.4,-8.6,139519,47,-1.6,-9.2,111217,48.6,-1.9,-9.9,107896,58.5,-1.5,-9.1,,,,,,,,,,,,,,,,,,,108556,53.4,-1.1,-8.4,136,118281,50.5,-1.8,-9.6,223
12/1/2008,Manchester,E08000003,115522,50,,-2.3,-12.6,,382,200893,45.7,-2.6,-12.1,136629,46,-2.1,-12.1,108902,47.6,-2.1,-12.8,104978,56.9,-2.7,-12.8,,,,,,,,,,,,,,,,,,,105552,51.9,-2.8,-12.4,126,115695,49.4,-2.2,-12.7,256
1/1/2009,Manchester,E08000003,111660,48.3,,-3.3,-16.2,,223,195148,44.4,-2.9,-15.5,132081,44.5,-3.3,-15.7,105206,46,-3.4,-16.5,101475,55,-3.3,-16.4,,,,,,,,,,,,,,,,,,,102202,50.3,-3.2,-16.1,62,111772,47.7,-3.4,-16.3,161
2/1/2009,Manchester,E08000003,108673,47,,-2.7,-18.1,,203,190058,43.2,-2.6,-17.4,128393,43.3,-2.8,-17.6,102111,44.7,-2.9,-18.5,99155,53.7,-2.3,-18,,,,,,,,,,,,,,,,,,,99836,49.1,-2.3,-18.4,58,108661,46.4,-2.8,-18,145
3/1/2009,Manchester,E08000003,106994,46.3,,-1.5,-16.8,,319,187049,42.6,-1.6,-16.6,126010,42.5,-1.9,-16.8,100000,43.7,-2.1,-17.7,98434,53.3,-0.7,-15.9,,,,,,,,,,,,,,,,,,,99445,48.9,-0.4,-16.5,113,106613,45.5,-1.9,-16.9,206
4/1/2009,Manchester,E08000003,107687,46.6,,0.6,-15.6,,276,186989,42.5,0,-16.3,126858,42.7,0.7,-15.6,100510,44,0.5,-16.7,99284,53.8,0.9,-14.3,,,,,,,,,,,,,,,,,,,100075,49.2,0.6,-15.6,69,107308,45.8,0.7,-15.7,207
5/1/2009,Manchester,E08000003,108648,47,,0.9,-14.4,,340,188332,42.9,0.7,-14.9,128050,43.1,0.9,-14.4,101618,44.4,1.1,-15.4,99927,54.1,0.6,-13.2,,,,,,,,,,,,,,,,,,,100341,49.4,0.3,-14.6,74,108480,46.3,1.1,-14.4,266
6/1/2009,Manchester,E08000003,111592,48.3,,2.7,-12.8,,421,193585,44,2.8,-12.7,131796,44.4,2.9,-12.6,104716,45.8,3,-13.6,102084,55.3,2.2,-12.2,,,,,,,,,,,,,,,,,,,102064,50.2,1.7,-13.8,101,111761,47.7,3,-12.5,320
7/1/2009,Manchester,E08000003,113796,49.2,,2,-10.8,,425,197956,45,2.3,-10,134838,45.4,2.3,-10.5,107318,46.9,2.5,-11,103221,55.9,1.1,-11,,,,,,,,,,,,,,,,,,,103256,50.8,1.2,-12.2,70,114255,48.8,2.2,-10.4,355
8/1/2009,Manchester,E08000003,114528,49.5,,0.6,-9.3,,432,199884,45.5,1,-8.1,136153,45.9,1,-8.7,108392,47.4,1,-9.2,103160,55.9,-0.1,-9.9,,,,,,,,,,,,,,,,,,,103210,50.8,0,-10.6,73,115241,49.2,0.9,-8.8,359
9/1/2009,Manchester,E08000003,115294,49.9,,0.7,-6.2,,465,201442,45.8,0.8,-5.6,137389,46.3,0.9,-5.4,109199,47.8,0.7,-6,103543,56.1,0.4,-7.3,,,,,,,,,,,,,,,,,,,103695,51,0.5,-7.6,89,116083,49.6,0.7,-5.8,376
10/1/2009,Manchester,E08000003,114135,49.4,,-1,-5.1,,422,199878,45.5,-0.8,-4.5,136306,45.9,-0.8,-3.9,108068,47.3,-1,-4.7,102321,55.4,-1.2,-6.6,,,,,,,,,,,,,,,,,,,102447,50.4,-1.2,-6.7,98,114989,49.1,-0.9,-4.6,324
11/1/2009,Manchester,E08000003,114084,49.4,,0,-3.5,,469,200544,45.6,0.3,-2.8,136183,45.9,-0.1,-2.4,108248,47.3,0.2,-2.7,102033,55.3,-0.3,-5.4,,,,,,,,,,,,,,,,,,,102328,50.3,-0.1,-5.7,141,114965,49.1,0,-2.8,328
12/1/2009,Manchester,E08000003,115523,50,,1.3,0,,571,202672,46.1,1.1,0.9,138122,46.5,1.4,1.1,110122,48.2,1.7,1.1,102690,55.6,0.6,-2.2,,,,,,,,,,,,,,,,,,,103006,50.7,0.7,-2.4,156,116632,49.8,1.5,0.8,415
1/1/2010,Manchester,E08000003,114769,49.6,,-0.7,2.8,,291,202178,46,-0.2,3.6,137605,46.4,-0.4,4.2,109732,48,-0.4,4.3,101401,54.9,-1.3,-0.1,,,,,,,,,,,,,,,,,,,101170,49.8,-1.8,-1,88,116296,49.7,-0.3,4,203
2/1/2010,Manchester,E08000003,114366,49.5,,-0.4,5.2,,352,201696,45.9,-0.2,6.1,137738,46.4,0.1,7.3,109334,47.8,-0.4,7.1,100660,54.5,-0.7,1.5,,,,,,,,,,,,,,,,,,,100693,49.5,-0.5,0.9,80,115961,49.5,-0.3,6.7,272
3/1/2010,Manchester,E08000003,111554,48.3,,-2.5,4.3,,486,197739,45,-2,5.7,134346,45.3,-2.5,6.6,106043,46.4,-3,6,98695,53.5,-2,0.3,,,,,,,,,,,,,,,,,,,98740,48.6,-1.9,-0.7,175,112967,48.2,-2.6,6,311
4/1/2010,Manchester,E08000003,114554,49.6,,2.7,6.4,,368,202340,46,2.3,8.2,137790,46.4,2.6,8.6,108684,47.5,2.5,8.1,101687,55.1,3,2.4,,,,,,,,,,,,,,,,,,,102030,50.2,3.3,2,60,115790,49.4,2.5,7.9,308
5/1/2010,Manchester,E08000003,115850,50.1,,1.1,6.6,,454,204655,46.6,1.1,8.7,139075,46.9,0.9,8.6,109753,48,1,8,103150,55.9,1.4,3.2,,,,,,,,,,,,,,,,,,,102977,50.7,0.9,2.6,148,117169,50,1.2,8,306
6/1/2010,Manchester,E08000003,117228,50.7,,1.2,5.1,,427,206964,47.1,1.1,6.9,140951,47.5,1.3,6.9,111464,48.7,1.6,6.4,103862,56.3,0.7,1.7,,,,,,,,,,,,,,,,,,,103403,50.9,0.4,1.3,94,118825,50.7,1.4,6.3,333
7/1/2010,Manchester,E08000003,115394,49.9,,-1.6,1.4,,504,204982,46.6,-1,3.5,138885,46.8,-1.5,3,109947,48.1,-1.4,2.4,101871,55.2,-1.9,-1.3,,,,,,,,,,,,,,,,,,,101151,49.8,-2.2,-2,73,117181,50,-1.4,2.6,431
8/1/2010,Manchester,E08000003,116672,50.5,,1.1,1.9,,429,207788,47.3,1.4,4,140969,47.5,1.5,3.5,111214,48.6,1.2,2.6,102604,55.6,0.7,-0.5,,,,,,,,,,,,,,,,,,,101874,50.1,0.7,-1.3,61,118612,50.6,1.2,2.9,368
9/1/2010,Manchester,E08000003,116293,50.3,,-0.3,0.9,,457,208161,47.4,0.2,3.3,140614,47.4,-0.3,2.3,110751,48.4,-0.4,1.4,102248,55.4,-0.3,-1.3,,,,,,,,,,,,,,,,,,,101854,50.1,0,-1.8,146,118123,50.4,-0.4,1.8,311
10/1/2010,Manchester,E08000003,118081,51.1,,1.5,3.5,,435,211323,48.1,1.5,5.7,142766,48.1,1.5,4.7,112214,49.1,1.3,3.8,104056,56.4,1.8,1.7,,,,,,,,,,,,,,,,,,,104483,51.4,2.6,2,73,119583,51.1,1.2,4,362
11/1/2010,Manchester,E08000003,115249,49.9,,-2.4,1,,388,206901,47.1,-2.1,3.2,139132,46.9,-2.5,2.2,109301,47.8,-2.6,1,101859,55.2,-2.1,-0.2,,,,,,,,,,,,,,,,,,,102486,50.4,-1.9,0.2,61,116545,49.8,-2.5,1.4,327
12/1/2010,Manchester,E08000003,114642,49.6,,-0.5,-0.8,,468,205629,46.8,-0.6,1.5,138495,46.7,-0.5,0.3,108505,47.4,-0.7,-1.5,101488,55,-0.4,-1.2,,,,,,,,,,,,,,,,,,,102580,50.5,0.1,-0.4,120,115725,49.4,-0.7,-0.8,348
1/1/2011,Manchester,E08000003,111856,48.4,,-2.4,-2.5,,269,200878,45.7,-2.3,-0.6,135040,45.5,-2.5,-1.9,105684,46.2,-2.6,-3.7,99238,53.8,-2.2,-2.1,,,,,,,,,,,,,,,,,,,100636,49.5,-1.9,-0.5,47,112735,48.1,-2.6,-3.1,222
2/1/2011,Manchester,E08000003,113635,49.2,,1.6,-0.6,,296,204130,46.4,1.6,1.2,136978,46.2,1.4,-0.6,107284,46.9,1.5,-1.9,101024,54.7,1.8,0.4,,,,,,,,,,,,,,,,,,,103150,50.7,2.5,2.4,64,114249,48.8,1.3,-1.5,232
3/1/2011,Manchester,E08000003,111448,48.2,,-1.9,-0.1,,336,201409,45.8,-1.3,1.9,134240,45.2,-2,-0.1,105102,46,-2,-0.9,99189,53.7,-1.8,0.5,,,,,,,,,,,,,,,,,,,101606,50,-1.5,2.9,57,111954,47.8,-2,-0.9,279
4/1/2011,Manchester,E08000003,112030,48.5,,0.5,-2.2,,432,202293,46,0.4,0,134802,45.4,0.4,-2.2,105628,46.2,0.5,-2.8,99840,54.1,0.7,-1.8,,,,,,,,,,,,,,,,,,,102501,50.4,0.9,0.5,124,112465,48,0.5,-2.9,308
5/1/2011,Manchester,E08000003,112098,48.5,,0.1,-3.2,,348,201590,45.9,-0.3,-1.5,134582,45.4,-0.2,-3.2,105497,46.1,-0.1,-3.9,100371,54.4,0.5,-2.7,,,,,,,,,,,,,,,,,,,103053,50.7,0.5,0.1,47,112434,48,0,-4,301
6/1/2011,Manchester,E08000003,115225,49.8,,2.8,-1.7,,385,205676,46.8,2,-0.6,138344,46.6,2.8,-1.8,108542,47.5,2.9,-2.6,103167,55.9,2.8,-0.7,,,,,,,,,,,,,,,,,,,105425,51.9,2.3,2,65,115673,49.4,2.9,-2.7,320
7/1/2011,Manchester,E08000003,117629,50.9,,2.1,1.9,,422,209288,47.6,1.8,2.1,141183,47.6,2.1,1.7,110785,48.4,2.1,0.8,105421,57.1,2.2,3.5,,,,,,,,,,,,,,,,,,,107313,52.8,1.8,6.1,39,118150,50.4,2.1,0.8,383
8/1/2011,Manchester,E08000003,117797,51,,0.1,1,,418,210230,47.8,0.5,1.2,142090,47.9,0.6,0.8,111333,48.7,0.5,0.1,104641,56.7,-0.7,2,,,,,,,,,,,,,,,,,,,106324,52.3,-0.9,4.4,36,118552,50.6,0.3,-0.1,382
9/1/2011,Manchester,E08000003,118237,51.1,,0.4,1.7,,467,212033,48.2,0.9,1.9,142782,48.1,0.5,1.5,111957,49,0.6,1.1,104638,56.7,0,2.3,,,,,,,,,,,,,,,,,,,106337,52.3,0,4.4,57,119074,50.8,0.4,0.8,410
10/1/2011,Manchester,E08000003,114583,49.6,,-3.1,-3,,351,206700,47,-2.5,-2.2,138900,46.8,-2.7,-2.7,108546,47.5,-3,-3.3,100909,54.7,-3.6,-3,,,,,,,,,,,,,,,,,,,102810,50.6,-3.3,-1.6,28,115443,49.3,-3,-3.5,323
11/1/2011,Manchester,E08000003,112278,48.6,,-2,-2.6,,356,202543,46.1,-2,-2.1,135998,45.8,-2.1,-2.3,106057,46.4,-2.3,-3,99266,53.8,-1.6,-2.5,,,,,,,,,,,,,,,,,,,101297,49.8,-1.5,-1.2,54,113006,48.2,-2.1,-3,302
12/1/2011,Manchester,E08000003,110621,47.9,,-1.5,-3.5,,456,199453,45.4,-1.5,-3,134037,45.2,-1.4,-3.2,104271,45.6,-1.7,-3.9,98003,53.1,-1.3,-3.4,,,,,,,,,,,,,,,,,,,100137,49.3,-1.1,-2.4,111,111269,47.5,-1.5,-3.8,345
1/1/2012,Manchester,E08000003,112136,48.5,,1.4,0.3,,268,201920,45.9,1.2,0.5,136037,45.8,1.5,0.7,105869,46.3,1.5,0.2,99082,53.7,1.1,-0.2,107548,49.4,,,72,114624,48.5,,,196,106121,48.9,,,129466,48.4,,,101115,49.7,1,0.5,31,112875,48.2,1.4,0.1,237
2/1/2012,Manchester,E08000003,113201,49,,0.9,-0.4,,326,204113,46.4,1.1,0,137542,46.3,1.1,0.4,107311,46.9,1.4,0,99400,53.9,0.3,-1.6,108314,49.8,0.7,,74,115389,48.8,0.7,,252,106889,49.3,0.7,,130294,48.8,0.6,,101527,49.9,0.4,-1.6,37,114061,48.7,1.1,-0.2,289
3/1/2012,Manchester,E08000003,114394,49.5,,1.1,2.6,,412,205594,46.8,0.7,2.1,139063,46.9,1.1,3.6,108752,47.6,1.3,3.5,100132,54.3,0.7,1,109274,50.2,0.9,,106,116309,49.2,0.8,,306,107911,49.7,1,,131200,49.1,0.7,,102711,50.5,1.2,1.1,81,115245,49.2,1,2.9,331
4/1/2012,Manchester,E08000003,115442,49.9,,0.9,3,,321,207416,47.2,0.9,2.5,140084,47.2,0.7,3.9,109607,47.9,0.8,3.8,101414,54.9,1.3,1.6,110265,50.7,0.9,,97,117380,49.7,0.9,,224,108903,50.2,0.9,,132399,49.5,0.9,,103846,51.1,1.1,1.3,42,116263,49.6,0.9,3.4,279
5/1/2012,Manchester,E08000003,114128,49.4,,-1.1,1.8,,311,204409,46.5,-1.4,1.4,138273,46.6,-1.3,2.7,108226,47.3,-1.3,2.6,100638,54.5,-0.8,0.3,109013,50.1,-1.1,,91,116043,49.1,-1.1,,220,107671,49.6,-1.1,,130883,49,-1.1,,102737,50.5,-1.1,-0.3,56,114926,49.1,-1.2,2.2,255
6/1/2012,Manchester,E08000003,115414,49.9,,1.1,0.2,,394,206371,47,1,0.3,139597,47,1,0.9,109669,48,1.3,1,101706,55.1,1.1,-1.4,110218,50.7,1.1,,105,117359,49.7,1.1,,289,108789,50.1,1,,132468,49.6,1.2,,103119,50.7,0.4,-2.2,98,116372,49.7,1.3,0.6,296
7/1/2012,Manchester,E08000003,115273,49.9,,-0.1,-2,,431,205492,46.8,-0.4,-1.8,139378,47,-0.2,-1.3,109814,48,0.1,-0.9,101334,54.9,-0.4,-3.9,110102,50.6,-0.1,,136,117208,49.6,-0.1,,295,108634,50.1,-0.1,,132332,49.5,-0.1,,101965,50.2,-1.1,-5,46,116434,49.7,0.1,-1.5,385
8/1/2012,Manchester,E08000003,118671,51.3,,2.9,0.7,,375,211460,48.1,2.9,0.6,143523,48.4,3,1,113359,49.6,3.2,1.8,103932,56.3,2.6,-0.7,113340,52.1,2.9,,117,120667,51.1,3,,258,111807,51.5,2.9,,136267,51,3,,104033,51.2,2,-2.2,47,120053,51.3,3.1,1.3,328
9/1/2012,Manchester,E08000003,117661,50.9,,-0.9,-0.5,,386,210275,47.8,-0.6,-0.8,142493,48,-0.7,-0.2,112310,49.1,-0.9,0.3,102953,55.8,-0.9,-1.6,112356,51.7,-0.9,,115,119648,50.6,-0.8,,271,110850,51.1,-0.9,,135113,50.6,-0.8,,102915,50.6,-1.1,-3.2,56,119077,50.8,-0.8,0,330
10/1/2012,Manchester,E08000003,116948,50.6,,-0.6,2.1,,409,209425,47.7,-0.4,1.3,141668,47.7,-0.6,2,111545,48.8,-0.7,2.8,102366,55.5,-0.6,1.4,111651,51.3,-0.6,,131,118932,50.3,-0.6,,278,110218,50.8,-0.6,,134248,50.2,-0.6,,103450,50.9,0.5,0.6,49,118126,50.4,-0.8,2.3,360
11/1/2012,Manchester,E08000003,114441,49.5,,-2.1,1.9,,424,205480,46.8,-1.9,1.5,138675,46.7,-2.1,2,109014,47.7,-2.3,2.8,100260,54.3,-2.1,1,109212,50.2,-2.2,,107,116402,49.3,-2.1,,317,107888,49.7,-2.1,,131332,49.1,-2.2,,102461,50.4,-1,1.1,63,115351,49.2,-2.3,2.1,361
12/1/2012,Manchester,E08000003,112700,48.8,,-1.5,1.9,,345,203235,46.2,-1.1,1.9,136665,46.1,-1.4,2,107242,46.9,-1.6,2.8,98723,53.5,-1.5,0.7,107505,49.4,-1.6,,87,114651,48.5,-1.5,,258,106209,48.9,-1.6,,129380,48.4,-1.5,,101919,50.1,-0.5,1.8,62,113397,48.4,-1.7,1.9,283
1/1/2013,Manchester,E08000003,112330,48.6,,-0.3,0.2,,314,202808,46.1,-0.2,0.4,136774,46.1,0.1,0.5,106874,46.7,-0.3,0.9,97987,53.1,-0.7,-1.1,107065,49.2,-0.4,-0.4,87,114310,48.4,-0.3,-0.3,227,105818,48.8,-0.4,-0.3,129002,48.3,-0.3,-0.4,100911,49.6,-1,-0.2,32,113157,48.3,-0.2,0.2,282
2/1/2013,Manchester,E08000003,111858,48.4,,-0.4,-1.2,,316,202055,46,-0.4,-1,136370,46,-0.3,-0.9,106446,46.5,-0.4,-0.8,97394,52.8,-0.6,-2,106621,49,-0.4,-1.6,87,113826,48.2,-0.4,-1.4,229,105367,48.6,-0.4,-1.4,128474,48.1,-0.4,-1.4,99971,49.2,-0.9,-1.5,40,112788,48.2,-0.3,-1.1,276
3/1/2013,Manchester,E08000003,111509,48.2,,-0.3,-2.5,,359,201574,45.9,-0.2,-2,135958,45.8,-0.3,-2.2,105888,46.3,-0.5,-2.6,97283,52.7,-0.1,-2.8,106223,48.8,-0.4,-2.8,122,113497,48,-0.3,-2.4,237,105029,48.4,-0.3,-2.7,128087,47.9,-0.3,-2.4,99733,49.1,-0.2,-2.9,64,112443,48,-0.3,-2.4,295
4/1/2013,Manchester,E08000003,111676,48.3,,0.1,-3.3,,357,201926,45.9,0.2,-2.6,135577,45.7,-0.3,-3.2,106036,46.4,0.1,-3.3,97808,53,0.5,-3.6,106395,48.9,0.2,-3.5,103,113660,48.1,0.1,-3.2,254,105199,48.5,0.2,-3.4,128265,48,0.1,-3.1,100579,49.5,0.8,-3.1,48,112490,48,0,-3.2,309
5/1/2013,Manchester,E08000003,113664,49.2,,1.8,-0.4,,388,205153,46.7,1.6,0.4,137887,46.5,1.7,-0.3,107810,47.1,1.7,-0.4,99768,54.1,2,-0.9,108255,49.8,1.7,-0.7,118,115699,49,1.8,-0.3,270,107043,49.3,1.8,-0.6,130578,48.9,1.8,-0.2,102634,50.5,2,-0.1,48,114446,48.9,1.7,-0.4,340
6/1/2013,Manchester,E08000003,114919,49.7,,1.1,-0.4,,423,206298,46.9,0.6,0,139459,47,1.1,-0.1,109330,47.8,1.4,-0.3,100562,54.5,0.8,-1.1,109463,50.3,1.1,-0.7,117,116971,49.5,1.1,-0.3,306,108261,49.9,1.1,-0.5,131982,49.4,1.1,-0.4,103172,50.7,0.5,0.1,58,115812,49.4,1.2,-0.5,365
7/1/2013,Manchester,E08000003,116725,50.5,,1.6,1.3,,506,208737,47.5,1.2,1.6,141611,47.7,1.5,1.6,111248,48.6,1.8,1.3,102011,55.3,1.4,0.7,111221,51.1,1.6,1,164,118793,50.3,1.6,1.4,342,109976,50.7,1.6,1.2,134043,50.2,1.6,1.3,104109,51.2,0.9,2.1,49,117752,50.3,1.7,1.1,457
8/1/2013,Manchester,E08000003,117063,50.6,,0.3,-1.4,,547,209200,47.6,0.2,-1.1,142075,47.9,0.3,-1,111752,48.9,0.5,-1.4,102084,55.3,0.1,-1.8,111575,51.3,0.3,-1.6,171,119122,50.4,0.3,-1.3,376,110285,50.8,0.3,-1.4,134440,50.3,0.3,-1.3,103859,51.1,-0.2,-0.2,77,118189,50.5,0.4,-1.6,470
9/1/2013,Manchester,E08000003,118866,51.4,,1.5,1,,443,213643,48.6,2.1,1.6,144360,48.6,1.6,1.3,113330,49.6,1.4,0.9,103659,56.2,1.5,0.7,113262,52.1,1.5,0.8,137,120971,51.2,1.6,1.1,306,111951,51.6,1.5,1,136546,51.1,1.6,1.1,105841,52.1,1.9,2.8,77,119943,51.2,1.5,0.7,366
10/1/2013,Manchester,E08000003,119712,51.8,,0.7,2.4,,529,216616,49.3,1.4,3.4,145697,49.1,0.9,2.8,113820,49.8,0.4,2,104433,56.6,0.7,2,114015,52.4,0.7,2.1,150,121856,51.6,0.7,2.5,379,112702,51.9,0.7,2.3,137566,51.5,0.7,2.5,107217,52.7,1.3,3.6,88,120688,51.5,0.6,2.2,441
11/1/2013,Manchester,E08000003,119793,51.8,,0.1,4.7,,540,217468,49.5,0.4,5.8,145874,49.2,0.1,5.2,113715,49.7,-0.1,4.3,104598,56.7,0.2,4.3,114022,52.4,0,4.4,162,121970,51.6,0.1,4.8,378,112808,52,0.1,4.6,137627,51.5,0,4.8,108019,53.1,0.7,5.4,49,120643,51.5,0,4.6,491
12/1/2013,Manchester,E08000003,119673,51.8,,-0.1,6.2,,533,216821,49.3,-0.3,6.7,145780,49.1,-0.1,6.7,113631,49.7,-0.1,6,104463,56.6,-0.1,5.8,113937,52.4,-0.1,6,160,121835,51.6,-0.1,6.3,373,112738,52,-0.1,6.1,137445,51.4,-0.1,6.2,108468,53.4,0.4,6.4,97,120427,51.4,-0.2,6.2,436
1/1/2014,Manchester,E08000003,119298,51.6,,-0.3,6.2,,475,216269,49.2,-0.3,6.6,145436,49,-0.2,6.3,113493,49.6,-0.1,6.2,103814,56.2,-0.6,5.9,113652,52.2,-0.3,6.2,160,121420,51.4,-0.3,6.2,314,112455,51.8,-0.3,6.3,136939,51.2,-0.4,6.2,108201,53.2,-0.2,7.2,39,120037,51.2,-0.3,6.1,436
2/1/2014,Manchester,E08000003,120822,52.3,,1.3,8,,464,220132,50.1,1.8,8.9,147629,49.7,1.5,8.3,115146,50.4,1.5,8.2,104676,56.7,0.8,7.5,115151,52.9,1.3,8,132,122950,52,1.3,8,332,113949,52.5,1.3,8.1,138623,51.9,1.2,7.9,110041,54.1,1.7,10.1,41,121497,51.9,1.2,7.7,423
3/1/2014,Manchester,E08000003,120103,52,,-0.6,7.7,,494,219064,49.8,-0.5,8.7,146826,49.5,-0.5,8,114386,50,-0.7,8,104054,56.4,-0.6,7,114492,52.6,-0.6,7.8,178,122208,51.7,-0.6,7.7,316,113314,52.2,-0.6,7.9,137748,51.5,-0.6,7.5,109113,53.7,-0.8,9.4,74,120824,51.6,-0.6,7.5,420
4/1/2014,Manchester,E08000003,120254,52,,0.1,7.7,,548,218971,49.8,0,8.4,146975,49.5,0.1,8.4,114651,50.1,0.2,8.1,104122,56.4,0.1,6.5,114626,52.7,0.1,7.7,168,122366,51.8,0.1,7.7,380,113490,52.3,0.2,7.9,137883,51.6,0.1,7.5,109545,53.9,0.4,8.9,87,120929,51.6,0.1,7.5,461
5/1/2014,Manchester,E08000003,120798,52.3,,0.5,6.3,,549,218937,49.8,0,6.7,147392,49.7,0.3,6.9,115169,50.4,0.5,6.8,104790,56.8,0.6,5,115125,52.9,0.4,6.3,176,122930,52,0.5,6.2,373,113991,52.5,0.4,6.5,138520,51.8,0.5,6.1,110180,54.2,0.6,7.4,61,121454,51.9,0.4,6.1,488
6/1/2014,Manchester,E08000003,123628,53.5,,2.3,7.6,,526,223996,51,2.3,8.6,150894,50.8,2.4,8.2,118083,51.6,2.5,8,107040,58,2.1,6.4,117797,54.2,2.3,7.6,187,125823,53.2,2.4,7.6,339,116681,53.8,2.4,7.8,141744,53,2.3,7.4,112480,55.3,2.1,9,78,124344,53.1,2.4,7.4,448
7/1/2014,Manchester,E08000003,126766,54.8,,2.5,8.6,,611,229480,52.2,2.4,9.9,154799,52.2,2.6,9.3,121280,53,2.7,9,109560,59.4,2.4,7.4,120770,55.5,2.5,8.6,197,129025,54.6,2.5,8.6,414,119648,55.1,2.5,8.8,145336,54.4,2.5,8.4,114680,56.4,2,10.2,44,127606,54.5,2.6,8.4,567
8/1/2014,Manchester,E08000003,128275,55.5,,1.2,9.6,,660,232595,52.9,1.4,11.2,156937,52.9,1.4,10.5,122958,53.8,1.4,10,110488,59.9,0.8,8.2,122205,56.2,1.2,9.5,225,130562,55.2,1.2,9.6,435,121053,55.8,1.2,9.8,147087,55,1.2,9.4,114836,56.5,0.1,10.6,87,129319,55.2,1.3,9.4,573
9/1/2014,Manchester,E08000003,129978,56.2,,1.3,9.3,,596,235838,53.7,1.4,10.4,159153,53.6,1.4,10.2,124771,54.6,1.5,10.1,111725,60.5,1.1,7.8,123870,56.9,1.4,9.4,164,132274,56,1.3,9.3,432,122641,56.5,1.3,9.5,149062,55.8,1.3,9.2,115781,57,0.8,9.4,73,131130,56,1.4,9.3,523
10/1/2014,Manchester,E08000003,130036,56.3,,0,8.6,,656,236755,53.9,0.4,9.3,159431,53.7,0.2,9.4,124637,54.5,-0.1,9.5,111775,60.6,0,7,123935,57,0.1,8.7,221,132328,56,0,8.6,435,122701,56.5,0,8.9,149123,55.8,0,8.4,115909,57,0.1,8.1,57,131176,56,0,8.7,599
11/1/2014,Manchester,E08000003,129931,56.2,,-0.1,8.5,,573,237043,53.9,0.1,9,159379,53.7,0,9.3,124305,54.4,-0.3,9.3,111810,60.6,0,6.9,123824,56.9,-0.1,8.6,188,132227,56,-0.1,8.4,385,122628,56.5,-0.1,8.7,148972,55.7,-0.1,8.2,115939,57,0,7.3,82,131050,55.9,-0.1,8.6,491
12/1/2014,Manchester,E08000003,128746,55.7,,-0.9,7.6,,666,235431,53.6,-0.7,8.6,157906,53.2,-0.9,8.3,122896,53.7,-1.1,8.2,110998,60.1,-0.7,6.3,122677,56.4,-0.9,7.7,220,131031,55.4,-0.9,7.5,446,121519,56,-0.9,7.8,147604,55.2,-0.9,7.4,115628,56.9,-0.3,6.6,130,129734,55.4,-1,7.7,536
1/1/2015,Manchester,E08000003,128873,55.7,,0.1,8,,430,235525,53.6,0,8.9,157987,53.2,0.1,8.6,122889,53.7,0,8.3,111262,60.3,0.2,7.2,122784,56.4,0.1,8,142,131165,55.5,0.1,8,288,121614,56,0.1,8.1,147776,55.3,0.1,7.9,116394,57.3,0.7,7.6,42,129757,55.4,0,8.1,388
2/1/2015,Manchester,E08000003,128736,55.7,,-0.1,6.6,,504,234898,53.4,-0.3,6.7,157454,53.1,-0.3,6.7,122661,53.6,-0.2,6.5,111428,60.4,0.1,6.4,122681,56.4,-0.1,6.5,149,131013,55.4,-0.1,6.6,354,121463,56,-0.1,6.6,147645,55.2,-0.1,6.5,117414,57.8,0.9,6.7,91,129447,55.3,-0.2,6.5,413
3/1/2015,Manchester,E08000003,128771,55.7,,0,7.2,,687,235140,53.5,0.1,7.3,157549,53.1,0.1,7.3,122351,53.5,-0.3,7,111717,60.5,0.3,7.4,122657,56.4,0,7.1,269,131077,55.5,0,7.3,418,121446,56,0,7.2,147741,55.3,0.1,7.3,117643,57.9,0.2,7.8,212,129451,55.3,0,7.1,475
4/1/2015,Manchester,E08000003,128869,55.7,,0.1,7.2,,494,236089,53.7,0.4,7.8,157812,53.2,0.2,7.4,122620,53.6,0.2,7,111547,60.4,-0.2,7.1,122716,56.4,0,7.1,183,131194,55.5,0.1,7.2,311,121551,56,0.1,7.1,147839,55.3,0.1,7.2,117571,57.8,-0.1,7.3,55,129570,55.3,0.1,7.1,439
5/1/2015,Manchester,E08000003,131114,56.7,,1.7,8.5,,552,240430,54.7,1.8,9.8,160959,54.2,2,9.2,124754,54.6,1.7,8.3,113295,61.4,1.6,8.1,124796,57.4,1.7,8.4,186,133507,56.5,1.8,8.6,366,123684,57,1.8,8.5,150395,56.3,1.7,8.6,118682,58.4,0.9,7.7,72,131943,56.3,1.8,8.6,480
6/1/2015,Manchester,E08000003,131653,56.9,,0.4,6.5,,647,241311,54.9,0.4,7.7,161925,54.6,0.6,7.3,125849,55,0.9,6.6,113126,61.3,-0.1,5.7,125299,57.6,0.4,6.4,215,134061,56.7,0.4,6.5,430,124228,57.2,0.4,6.5,150970,56.5,0.4,6.5,118019,58.1,-0.6,4.9,90,132629,56.6,0.5,6.7,557
7/1/2015,Manchester,E08000003,133245,57.6,,1.2,5.1,,754,243453,55.4,0.9,6.1,164000,55.3,1.3,5.9,127333,55.7,1.2,5,114511,62,1.2,4.5,126776,58.3,1.2,5,242,135701,57.4,1.2,5.2,510,125738,57.9,1.2,5.1,152786,57.2,1.2,5.1,118709,58.4,0.6,3.5,75,134325,57.3,1.3,5.3,679
8/1/2015,Manchester,E08000003,135437,58.6,,1.6,5.6,,616,247722,56.4,1.8,6.5,166752,56.2,1.7,6.3,129706,56.7,1.9,5.5,116118,62.9,1.4,5.1,128865,59.2,1.6,5.5,175,137931,58.4,1.6,5.6,440,127801,58.9,1.6,5.6,155305,58.1,1.6,5.6,120138,59.1,1.2,4.6,70,136600,58.3,1.7,5.6,546
9/1/2015,Manchester,E08000003,138912,60.1,,2.6,6.9,,645,255119,58,3,8.2,170982,57.6,2.5,7.4,132829,58.1,2.4,6.5,119243,64.6,2.7,6.7,132200,60.8,2.6,6.7,181,141457,59.9,2.6,6.9,464,131030,60.4,2.5,6.8,159353,59.6,2.6,6.9,123656,60.8,2.9,6.8,69,140051,59.8,2.5,6.8,576
10/1/2015,Manchester,E08000003,140232,60.7,,1,7.8,,751,258747,58.9,1.4,9.3,172964,58.3,1.2,8.5,134212,58.7,1,7.7,120052,65,0.7,7.4,133419,61.3,0.9,7.7,204,142819,60.4,1,7.9,547,132293,61,1,7.8,160844,60.2,0.9,7.9,124750,61.4,0.9,7.6,70,141392,60.4,1,7.8,681
11/1/2015,Manchester,E08000003,138641,60,,-1.1,6.7,,677,256330,58.3,-0.9,8.1,171222,57.7,-1,7.4,132535,58,-1.2,6.6,118694,64.3,-1.1,6.2,131899,60.6,-1.1,6.5,183,141202,59.8,-1.1,6.8,491,130760,60.3,-1.2,6.6,159057,59.5,-1.1,6.8,123738,60.9,-0.8,6.7,61,139736,59.7,-1.2,6.6,616
12/1/2015,Manchester,E08000003,139009,60.1,,0.3,8,,624,257490,58.6,0.5,9.4,171927,57.9,0.4,8.9,132927,58.1,0.3,8.2,118838,64.4,0.1,7.1,132196,60.8,0.2,7.8,177,141602,59.9,0.3,8.1,445,131156,60.4,0.3,7.9,159422,59.7,0.2,8,124846,61.4,0.9,8,63,140011,59.8,0.2,7.9,561
1/1/2016,Manchester,E08000003,140698,60.9,,1.2,9.2,,500,260271,59.2,1.1,10.5,174193,58.7,1.3,10.3,134491,58.8,1.2,9.4,120261,65.2,1.2,8.1,133816,61.5,1.2,9,141,143316,60.6,1.2,9.3,359,132711,61.2,1.2,9.1,161404,60.4,1.2,9.2,126658,62.3,1.5,8.8,33,141674,60.5,1.2,9.2,467
2/1/2016,Manchester,E08000003,141684,61.3,,0.7,10.1,,572,262294,59.7,0.8,11.7,175647,59.2,0.8,11.6,135543,59.3,0.8,10.5,120895,65.5,0.5,8.5,134735,61.9,0.7,9.8,174,144330,61.1,0.7,10.2,398,133681,61.6,0.7,10.1,162487,60.8,0.7,10.1,126884,62.4,0.2,8.1,39,142751,60.9,0.8,10.3,533
3/1/2016,Manchester,E08000003,141537,61.2,,-0.1,9.9,,1219,261119,59.4,-0.4,11,175325,59.1,-0.2,11.3,135363,59.2,-0.1,10.6,120912,65.5,0,8.2,134600,61.9,-0.1,9.7,441,144178,61,-0.1,10,778,133542,61.5,-0.1,10,162319,60.7,-0.1,9.9,124449,61.2,-1.9,5.8,102,142895,61,0.1,10.4,1117
4/1/2016,Manchester,E08000003,142743,61.7,,0.9,10.8,,408,264183,60.1,1.2,11.9,176514,59.5,0.7,11.9,136482,59.7,0.8,11.3,122069,66.1,1,9.4,135737,62.4,0.8,10.6,119,145412,61.5,0.9,10.8,289,134756,62.1,0.9,10.9,163612,61.2,0.8,10.7,126735,62.3,1.8,7.8,59,143962,61.5,0.7,11.1,349
5/1/2016,Manchester,E08000003,143260,62,,0.4,9.3,,431,264399,60.2,0.1,10,176405,59.4,-0.1,9.6,136855,59.8,0.3,9.7,122993,66.6,0.8,8.6,136287,62.7,0.4,9.2,129,145909,61.7,0.3,9.3,302,135320,62.4,0.4,9.4,164112,61.4,0.3,9.1,129905,63.9,2.5,9.5,40,144149,61.5,0.1,9.3,391
6/1/2016,Manchester,E08000003,144935,62.7,,1.2,10.1,,571,268269,61,1.5,11.2,178372,60.1,1.1,10.2,138430,60.5,1.2,10,124457,67.4,1.2,10,137896,63.4,1.2,10.1,152,147607,62.5,1.2,10.1,418,136956,63.1,1.2,10.2,165965,62.1,1.1,9.9,133696,65.8,2.9,13.3,47,145545,62.1,1,9.7,524
7/1/2016,Manchester,E08000003,144978,62.7,,0,8.8,,614,267174,60.8,-0.4,9.7,178098,60,-0.2,8.6,138501,60.6,0.1,8.8,124677,67.5,0.2,8.9,138015,63.4,0.1,8.9,175,147614,62.5,0,8.8,439,136946,63.1,0,8.9,166077,62.1,0.1,8.7,132975,65.4,-0.5,12,34,145683,62.2,0.1,8.5,580
8/1/2016,Manchester,E08000003,147328,63.7,,1.6,8.8,,681,271843,61.9,1.7,9.7,181113,61,1.7,8.6,140634,61.5,1.5,8.4,126716,68.7,1.6,9.1,140230,64.5,1.6,8.8,169,150016,63.5,1.6,8.8,512,139111,64.1,1.6,8.8,168833,63.2,1.7,8.7,133251,65.5,0.2,10.9,41,148272,63.3,1.8,8.5,640
9/1/2016,Manchester,E08000003,148982,64.4,,1.1,7.2,,707,274657,62.5,1,7.7,183277,61.8,1.2,7.2,142081,62.1,1,7,128205,69.5,1.2,7.5,141788,65.2,1.1,7.3,228,151709,64.2,1.1,7.2,479,140618,64.8,1.1,7.3,170796,63.9,1.2,7.2,134315,66.1,0.8,8.6,133,149991,64,1.2,7.1,574
10/1/2016,Manchester,E08000003,148735,64.3,,-0.2,6.1,,664,275147,62.6,0.2,6.3,183196,61.7,0,5.9,141262,61.8,-0.6,5.3,128345,69.5,0.1,6.9,141531,65.1,-0.2,6.1,220,151467,64.1,-0.2,6.1,443,140367,64.7,-0.2,6.1,170534,63.8,-0.2,6,135068,66.4,0.6,8.3,121,149622,63.9,-0.2,5.8,543
11/1/2016,Manchester,E08000003,148988,64.4,,0.2,7.5,,651,276871,63,0.6,8,183631,61.9,0.2,7.2,141039,61.7,-0.2,6.4,128846,69.8,0.4,8.6,141785,65.2,0.2,7.5,189,151719,64.2,0.2,7.4,462,140560,64.8,0.1,7.5,170879,63.9,0.2,7.4,136393,67.1,1,10.2,110,149742,63.9,0.1,7.2,541
12/1/2016,Manchester,E08000003,149725,64.8,,0.5,7.7,,603,278882,63.5,0.7,8.3,184282,62.1,0.4,7.2,141470,61.9,0.3,6.4,129801,70.3,0.7,9.2,142522,65.5,0.5,7.8,173,152452,64.5,0.5,7.7,430,141259,65.1,0.5,7.7,171720,64.3,0.5,7.7,137760,67.8,1,10.3,65,150397,64.2,0.4,7.4,538
1/1/2017,Manchester,E08000003,151638,65.6,,1.3,7.8,,479,282922,64.4,1.4,8.7,186396,62.8,1.1,7,143269,62.7,1.3,6.5,131554,71.3,1.4,9.4,144353,66.4,1.3,7.9,135,154395,65.3,1.3,7.7,344,143044,65.9,1.3,7.8,173938,65.1,1.3,7.8,140079,68.9,1.7,10.6,21,152252,65,1.2,7.5,458
2/1/2017,Manchester,E08000003,152968,66.2,,0.9,8,,479,284859,64.8,0.7,8.6,187623,63.2,0.7,6.8,144566,63.2,0.9,6.7,132893,72,1,9.9,145710,67,0.9,8.1,134,155709,65.9,0.9,7.9,345,144395,66.5,0.9,8,175286,65.6,0.8,7.9,141530,69.6,1,11.5,35,153529,65.5,0.8,7.6,444
3/1/2017,Manchester,E08000003,153371,66.3,,0.3,8.4,,609,285547,65,0.2,9.4,187984,63.3,0.2,7.2,144642,63.3,0.1,6.9,133572,72.4,0.5,10.5,146146,67.2,0.3,8.6,189,156096,66.1,0.2,8.3,420,144769,66.7,0.3,8.4,175728,65.8,0.3,8.3,142533,70.1,0.7,14.5,59,153835,65.7,0.2,7.7,550
4/1/2017,Manchester,E08000003,153298,66.3,,0,7.4,,496,284816,64.8,-0.3,7.8,187583,63.2,-0.2,6.3,144478,63.2,-0.1,5.9,133765,72.5,0.1,9.6,146137,67.2,0,7.7,162,155994,66,-0.1,7.3,334,144758,66.7,0,7.4,175543,65.7,-0.1,7.3,141678,69.7,-0.6,11.8,29,153809,65.7,0,6.8,467
5/1/2017,Manchester,E08000003,152324,65.9,,-0.6,6.3,,547,282097,64.2,-1,6.7,186620,62.9,-0.5,5.8,143343,62.7,-0.8,4.7,133036,72.1,-0.5,8.2,145206,66.8,-0.6,6.5,234,155005,65.6,-0.6,6.2,313,143843,66.3,-0.6,6.3,174420,65.3,-0.6,6.3,140582,69.1,-0.8,8.2,60,152844,65.3,-0.6,6,487
6/1/2017,Manchester,E08000003,154699,66.9,,1.6,6.7,,673,284832,64.8,1,6.2,189145,63.7,1.4,6,145697,63.7,1.6,5.3,135270,73.3,1.7,8.7,147491,67.8,1.6,7,265,157412,66.6,1.6,6.6,408,146126,67.3,1.6,6.7,177068,66.3,1.5,6.7,141828,69.8,0.9,6.1,123,155285,66.3,1.6,6.7,550
7/1/2017,Manchester,E08000003,156712,67.8,,1.3,8.1,,586,287635,65.4,1,7.7,191768,64.6,1.4,7.7,147729,64.6,1.4,6.7,136879,74.2,1.2,9.8,149424,68.7,1.3,8.3,157,159454,67.5,1.3,8,429,148043,68.2,1.3,8.1,179345,67.1,1.3,8,143466,70.6,1.2,7.9,30,157318,67.2,1.3,8,556
8/1/2017,Manchester,E08000003,161660,69.9,,3.2,9.7,,744,296296,67.4,3,9,197674,66.6,3.1,9.1,152796,66.8,3.4,8.6,140947,76.4,3,11.2,154068,70.8,3.1,9.9,253,164522,69.6,3.2,9.7,491,152633,70.3,3.1,9.7,185156,69.3,3.2,9.7,147330,72.5,2.7,10.6,27,162327,69.3,3.2,9.5,717
9/1/2017,Manchester,E08000003,162771,70.4,,0.7,9.3,,627,299278,68.1,1,9,199476,67.2,0.9,8.8,154019,67.4,0.8,8.4,141509,76.7,0.4,10.4,155101,71.3,0.7,9.4,164,165664,70.1,0.7,9.2,462,153633,70.8,0.7,9.3,186513,69.8,0.7,9.2,148725,73.2,0.9,10.7,34,163418,69.8,0.7,9,593
10/1/2017,Manchester,E08000003,164283,71.1,,0.9,10.5,,576,303106,69,1.3,10.2,201789,68,1.2,10.1,155364,67.9,0.9,10,142630,77.3,0.8,11.1,156465,71.9,0.9,10.6,151,167238,70.8,0.9,10.4,424,154977,71.4,0.9,10.4,188391,70.5,1,10.5,150457,74,1.2,11.4,23,164915,70.4,0.9,10.2,553
11/1/2017,Manchester,E08000003,164921,71.3,,0.4,10.7,,598,305311,69.5,0.7,10.3,203096,68.4,0.6,10.6,155782,68.1,0.3,10.5,143045,77.5,0.3,11,157029,72.2,0.4,10.8,161,167907,71.1,0.4,10.7,437,155594,71.7,0.4,10.7,189096,70.8,0.4,10.7,150958,74.3,0.3,10.7,66,165560,70.7,0.4,10.6,532
12/1/2017,Manchester,E08000003,165474,71.6,,0.3,10.5,,569,306557,69.8,0.4,9.9,204288,68.8,0.6,10.9,156515,68.4,0.5,10.6,143096,77.5,0,10.2,157530,72.4,0.3,10.5,143,168482,71.3,0.3,10.5,425,156116,71.9,0.3,10.5,189732,71,0.3,10.5,151644,74.6,0.5,10.1,59,166105,70.9,0.3,10.4,510
1/1/2018,Manchester,E08000003,163757,70.8,,-1,8,,465,303320,69,-1.1,7.2,202297,68.2,-1,8.5,154841,67.7,-1.1,8.1,141595,76.7,-1,7.6,155898,71.7,-1,8,141,166732,70.6,-1,8,323,154492,71.2,-1,8,187768,70.3,-1,8,150811,74.2,-0.5,7.7,10,164336,70.2,-1.1,7.9,455
2/1/2018,Manchester,E08000003,162430,70.3,,-0.8,6.2,,506,302681,68.9,-0.2,6.3,201021,67.7,-0.6,7.1,153944,67.3,-0.6,6.5,139891,75.8,-1.2,5.3,154665,71.1,-0.8,6.1,133,165367,70,-0.8,6.2,372,153151,70.6,-0.9,6.1,186408,69.8,-0.7,6.3,152651,75.1,1.2,7.9,47,162749,69.5,-1,6,459
3/1/2018,Manchester,E08000003,161480,69.9,,-0.6,5.3,,597,301356,68.6,-0.4,5.5,199975,67.4,-0.5,6.4,153196,67,-0.5,5.9,138888,75.2,-0.7,4,153589,70.6,-0.7,5.1,167,164482,69.6,-0.5,5.4,430,152186,70.1,-0.6,5.1,185441,69.4,-0.5,5.5,151552,74.5,-0.7,6.3,77,161865,69.1,-0.5,5.2,520
4/1/2018,Manchester,E08000003,165220,71.5,,2.3,7.8,,540,309156,70.3,2.6,8.5,205048,69.1,2.5,9.3,157439,68.8,2.8,9,141290,76.5,1.7,5.6,156992,72.2,2.2,7.4,149,168365,71.2,2.4,7.9,391,155647,71.7,2.3,7.5,189855,71,2.4,8.2,154959,76.2,2.2,9.4,46,165625,70.7,2.3,7.7,494
5/1/2018,Manchester,E08000003,166140,71.9,,0.6,9.1,,515,309986,70.5,0.3,9.9,206339,69.5,0.6,10.6,158531,69.3,0.7,10.6,141889,76.9,0.4,6.7,157701,72.5,0.5,8.6,124,169383,71.7,0.6,9.3,391,156479,72.1,0.5,8.8,190977,71.5,0.6,9.5,153091,75.3,-1.2,8.9,69,166848,71.2,0.7,9.2,446
6/1/2018,Manchester,E08000003,169859,73.5,,2.2,9.8,,583,317089,72.2,2.3,11.3,211385,71.2,2.4,11.8,161970,70.8,2.2,11.2,144928,78.5,2.1,7.1,161231,74.1,2.2,9.3,143,173175,73.3,2.2,10,440,159929,73.7,2.2,9.4,195354,73.1,2.3,10.3,156522,77,2.2,10.4,72,170583,72.8,2.2,9.9,511
7/1/2018,Manchester,E08000003,169818,73.5,,0,8.4,,576,317228,72.2,0,10.3,211301,71.2,0,10.2,161807,70.8,-0.1,9.5,144990,78.6,0,5.9,161206,74.1,0,7.9,149,173126,73.3,0,8.6,425,159866,73.7,0,8,195352,73.1,0,8.9,155838,76.7,-0.4,8.6,45,170614,72.8,0,8.5,531
8/1/2018,Manchester,E08000003,172287,74.5,,1.5,6.6,,625,321766,73.2,1.4,8.6,214384,72.2,1.5,8.5,164157,71.8,1.5,7.4,147099,79.7,1.5,4.4,163663,75.2,1.5,6.2,162,175588,74.3,1.4,6.7,463,162217,74.8,1.5,6.3,198142,74.1,1.4,7,159299,78.4,2.2,8.1,60,172960,73.8,1.4,6.6,565
9/1/2018,Manchester,E08000003,169878,73.5,,-1.4,4.4,,483,317353,72.2,-1.4,6,211125,71.1,-1.5,5.8,161935,70.8,-1.4,5.1,145111,78.6,-1.4,2.5,161403,74.2,-1.4,4.1,145,173119,73.3,-1.4,4.5,338,159958,73.7,-1.4,4.1,195352,73.1,-1.4,4.7,157012,77.2,-1.4,5.6,37,170548,72.8,-1.4,4.4,446
10/1/2018,Manchester,E08000003,170226,73.6,,0.2,3.6,,561,318143,72.4,0.2,5,211674,71.3,0.3,4.9,162258,71,0.2,4.4,145348,78.7,0.2,1.9,161766,74.4,0.2,3.4,140,173458,73.4,0.2,3.7,420,160317,73.9,0.2,3.4,195694,73.2,0.2,3.9,158046,77.7,0.7,5,57,170819,72.9,0.2,3.6,504
11/1/2018,Manchester,E08000003,170110,73.6,,-0.1,3.1,,582,319034,72.6,0.3,4.5,211979,71.4,0.1,4.4,162148,70.9,-0.1,4.1,144961,78.5,-0.3,1.3,161472,74.2,-0.2,2.8,116,173429,73.4,0,3.3,466,160131,73.8,-0.1,2.9,195708,73.2,0,3.5,156334,76.9,-1.1,3.6,47,170883,73,0,3.2,535
12/1/2018,Manchester,E08000003,171882,74.4,,1,3.9,,526,322911,73.5,1.2,5.3,214746,72.4,1.3,5.1,163933,71.7,1.1,4.7,146085,79.1,0.8,2.1,163208,75,1.1,3.6,130,175209,74.1,1,4,396,161803,74.6,1,3.6,197737,74,1,4.2,158679,78.1,1.5,4.6,61,172582,73.7,1,3.9,465
1/1/2019,Manchester,E08000003,172299,74.5,,0.2,5.2,,468,324399,73.8,0.5,6.9,215471,72.6,0.3,6.5,163999,71.7,0,5.9,146555,79.4,0.3,3.5,163623,75.2,0.3,5,110,175626,74.3,0.2,5.3,358,162145,74.7,0.2,5,198314,74.2,0.3,5.6,159179,78.3,0.3,5.5,31,172989,73.9,0.2,5.3,437
2/1/2019,Manchester,E08000003,170583,73.8,,-1,5,,459,321455,73.1,-0.9,6.2,213356,71.9,-1,6.1,162380,71,-1,5.5,145020,78.6,-1,3.7,162184,74.6,-0.9,4.9,101,173790,73.5,-1,5.1,356,160603,74,-1,4.9,196157,73.4,-1.1,5.2,161454,79.4,1.4,5.8,23,170880,73,-1.2,5,436
3/1/2019,Manchester,E08000003,170641,73.8,,0,5.7,,520,322220,73.3,0.2,6.9,213650,72,0.1,6.8,162384,71,0,6,144918,78.5,-0.1,4.3,162144,74.5,0,5.6,124,173888,73.6,0.1,5.7,394,160631,74,0,5.5,196256,73.4,0.1,5.8,162806,80.1,0.8,7.4,53,170809,72.9,0,5.5,467
4/1/2019,Manchester,E08000003,171533,74.2,,0.5,3.8,,550,323408,73.6,0.4,4.6,214740,72.4,0.5,4.7,163731,71.6,0.8,4,145295,78.7,0.3,2.8,162972,74.9,0.5,3.8,157,174805,74,0.5,3.8,387,161520,74.4,0.6,3.8,197157,73.8,0.5,3.8,164411,80.9,1,6.1,95,171634,73.3,0.5,3.6,455
5/1/2019,Manchester,E08000003,171782,74.3,,0.1,3.4,,540,323063,73.5,-0.1,4.2,215060,72.5,0.1,4.2,164150,71.8,0.3,3.5,145394,78.8,0.1,2.5,163084,75,0.1,3.4,141,175108,74.1,0.2,3.4,396,161690,74.5,0.1,3.3,197607,73.9,0.2,3.5,162619,80,-1.1,6.2,94,172065,73.5,0.3,3.1,446
6/1/2019,Manchester,E08000003,170807,73.9,,-0.6,0.6,,465,320116,72.8,-0.9,1,213595,72,-0.7,1,163332,71.4,-0.5,0.8,144668,78.4,-0.5,-0.2,162198,74.6,-0.5,0.6,115,174099,73.7,-0.6,0.5,346,160773,74.1,-0.6,0.5,196486,73.5,-0.6,0.6,160228,78.8,-1.5,2.4,82,171222,73.1,-0.5,0.4,383
7/1/2019,Manchester,E08000003,171181,74,,0.2,0.8,,503,320071,72.8,0,0.9,213930,72.1,0.2,1.2,163766,71.6,0.3,1.2,145032,78.6,0.3,0,162613,74.8,0.3,0.9,143,174455,73.8,0.2,0.8,356,161124,74.3,0.2,0.8,196915,73.7,0.2,0.8,160896,79.1,0.4,3.2,45,171567,73.2,0.2,0.6,458
8/1/2019,Manchester,E08000003,174341,75.4,,1.8,1.2,,586,326166,74.2,1.9,1.4,217916,73.4,1.9,1.6,167131,73.1,2.1,1.8,147396,79.9,1.6,0.2,165600,76.1,1.8,1.2,115,177682,75.2,1.8,1.2,465,164071,75.6,1.8,1.1,200618,75.1,1.9,1.2,163584,80.5,1.7,2.7,50,174760,74.6,1.9,1,536
9/1/2019,Manchester,E08000003,175963,76.1,,0.9,3.6,,495,329238,74.9,0.9,3.7,219515,74,0.7,4,168963,73.9,1.1,4.3,148770,80.6,0.9,2.5,167216,76.9,1,3.6,130,179306,75.9,0.9,3.6,352,165612,76.3,0.9,3.5,202448,75.8,0.9,3.6,166348,81.8,1.7,5.9,36,176273,75.3,0.9,3.4,459
10/1/2019,Manchester,E08000003,177549,76.8,,0.9,4.3,,544,332700,75.7,1.1,4.6,222506,75,1.4,5.1,170454,74.5,0.9,5.1,149557,81,0.5,2.9,168564,77.5,0.8,4.2,126,180983,76.6,0.9,4.3,404,167037,77,0.9,4.2,204442,76.5,1,4.5,167658,82.5,0.8,6.1,53,177878,75.9,0.9,4.1,491
11/1/2019,Manchester,E08000003,178488,77.2,,0.5,4.9,,524,334908,76.2,0.7,5,224119,75.5,0.7,5.7,170969,74.8,0.3,5.4,150408,81.5,0.6,3.8,169396,77.9,0.5,4.9,117,181965,77,0.5,4.9,389,167898,77.4,0.5,4.9,205581,76.9,0.6,5,167182,82.2,-0.3,6.9,54,178946,76.4,0.6,4.7,470
12/1/2019,Manchester,E08000003,177994,77,,-0.3,3.6,,449,334910,76.2,0,3.7,224407,75.6,0.1,4.5,170624,74.6,-0.2,4.1,149336,80.9,-0.7,2.2,168717,77.6,-0.4,3.4,111,181542,76.8,-0.2,3.6,325,167417,77.2,-0.3,3.5,205053,76.7,-0.3,3.7,164867,81.1,-1.4,3.9,59,178620,76.3,-0.2,3.5,390
1/1/2020,Manchester,E08000003,175233,75.8,,-1.6,1.7,,498,330453,75.2,-1.3,1.9,221021,74.5,-1.5,2.6,168074,73.5,-1.5,2.5,146850,79.6,-1.7,0.2,166054,76.3,-1.6,1.5,158,178745,75.6,-1.5,1.8,321,164792,75.9,-1.6,1.6,201943,75.6,-1.5,1.8,163382,80.4,-0.9,2.6,144,175755,75,-1.6,1.6,354
2/1/2020,Manchester,E08000003,171338,74.1,,-2.2,0.4,,461,323877,73.7,-2,0.8,216374,72.9,-2.1,1.4,164905,72.1,-1.9,1.6,142926,77.4,-2.7,-1.4,162286,74.6,-2.3,0.1,111,174799,74,-2.2,0.6,327,161152,74.3,-2.2,0.3,197406,73.9,-2.2,0.6,161215,79.3,-1.3,-0.1,90,171790,73.3,-2.3,0.5,371
3/1/2020,Manchester,E08000003,174004,75.3,,1.6,2,,455,329404,75,1.7,2.2,219891,74.1,1.6,2.9,167506,73.3,1.6,3.2,145010,78.6,1.5,0.1,164827,75.8,1.6,1.7,118,177514,75.1,1.6,2.1,317,163638,75.4,1.5,1.9,200555,75,1.6,2.2,166199,81.8,3.1,2.1,94,174272,74.4,1.4,2,361
4/1/2020,Manchester,E08000003,169425,73.3,,-2.6,-1.2,,221,322078,73.3,-2.2,-0.4,214283,72.2,-2.6,-0.2,163624,71.6,-2.3,-0.1,140585,76.2,-3.1,-3.2,160321,73.7,-2.7,-1.6,69,172900,73.2,-2.6,-1.1,141,159342,73.4,-2.6,-1.3,195255,73.1,-2.6,-1,161876,79.6,-2.6,-1.5,55,169680,72.4,-2.6,-1.1,166
5/1/2020,Manchester,E08000003,166771,72.1,,-1.6,-2.9,,272,317631,72.3,-1.4,-1.7,211168,71.2,-1.5,-1.8,160670,70.3,-1.8,-2.1,138547,75.1,-1.4,-4.7,157848,72.6,-1.5,-3.2,89,170179,72,-1.6,-2.8,170,156834,72.3,-1.6,-3,192223,71.9,-1.6,-2.7,161417,79.4,-0.3,-0.7,71,166761,71.2,-1.7,-3.1,201
6/1/2020,Manchester,E08000003,166010,71.8,,-0.5,-2.8,,371,315203,71.7,-0.8,-1.5,210325,70.9,-0.4,-1.5,160143,70,-0.3,-2,137731,74.6,-0.6,-4.8,157015,72.2,-0.5,-3.2,97,169442,71.7,-0.4,-2.7,265,156082,71.9,-0.5,-2.9,191422,71.6,-0.4,-2.6,158644,78,-1.7,-1,83,166261,71,-0.3,-2.9,288
7/1/2020,Manchester,E08000003,175019,75.7,,5.4,2.2,,448,330289,75.2,4.8,3.2,221386,74.6,5.3,3.5,168615,73.7,5.3,3,145688,78.9,5.8,0.5,165638,76.1,5.5,1.9,155,178601,75.6,5.4,2.4,268,164545,75.8,5.4,2.1,201824,75.5,5.4,2.5,165786,81.5,4.5,3,115,175466,74.9,5.5,2.3,333
8/1/2020,Manchester,E08000003,184754,79.9,,5.6,6,,395,348272,79.2,5.4,6.8,234136,78.9,5.8,7.4,178314,78,5.8,6.7,153314,83.1,5.2,4,174689,80.3,5.5,5.5,93,188592,79.8,5.6,6.1,286,173539,80,5.5,5.8,213379,79.8,5.7,6.4,173355,85.3,4.6,6,73,185434,79.2,5.7,6.1,322
9/1/2020,Manchester,E08000003,186042,80.5,,0.7,5.7,,410,351635,80,1,6.8,235918,79.5,0.8,7.5,179609,78.5,0.7,6.3,154205,83.5,0.6,3.7,175874,80.9,0.7,5.2,94,189918,80.4,0.7,5.9,295,174641,80.5,0.6,5.5,215089,80.5,0.8,6.2,175188,86.2,1.1,5.3,68,186644,79.7,0.7,5.9,342
10/1/2020,Manchester,E08000003,187069,80.9,,0.6,5.4,,523,354828,80.7,0.9,6.7,237353,80,0.6,6.7,180867,79.1,0.7,6.1,154694,83.8,0.3,3.4,176730,81.2,0.5,4.8,128,191007,80.8,0.6,5.5,384,175523,80.9,0.5,5.1,216449,81,0.6,5.9,174419,85.8,-0.4,4,59,187899,80.2,0.7,5.6,464
11/1/2020,Manchester,E08000003,188973,81.7,,1,5.9,,559,358060,81.5,0.9,6.9,239157,80.6,0.8,6.7,183019,80,1.2,7,156359,84.7,1.1,4,178544,82.1,1,5.4,142,192945,81.6,1,6,384,177343,81.7,1,5.6,218580,81.8,1,6.3,173841,85.5,-0.3,4,107,190118,81.2,1.2,6.2,452
12/1/2020,Manchester,E08000003,193243,83.6,,2.3,8.6,,564,366162,83.3,2.3,9.3,244497,82.4,2.2,9,187650,82.1,2.5,10,159519,86.4,2,6.8,182522,83.9,2.2,8.2,153,197324,83.5,2.3,8.7,383,181353,83.6,2.3,8.3,223514,83.6,2.3,9,176402,86.8,1.5,7,82,194593,83.1,2.4,8.9,482
1/1/2021,Manchester,E08000003,199296,86.2,,3.1,13.7,,494,374107,85.1,2.2,13.2,251339,84.7,2.8,13.7,193285,84.5,3,15,165362,89.6,3.7,12.6,188538,86.7,3.3,13.5,154,203402,86.1,3.1,13.8,340,187165,86.3,3.2,13.6,230244,86.2,3,14,180437,88.8,2.3,10.4,85,200887,85.8,3.2,14.3,409
2/1/2021,Manchester,E08000003,201691,87.2,,1.2,17.7,,522,375708,85.5,0.4,16,253457,85.4,0.8,17.1,195748,85.6,1.3,18.7,167885,91,1.5,17.5,191054,87.8,1.3,17.7,140,205759,87.1,1.2,17.7,381,189689,87.4,1.3,17.7,232452,87,1,17.8,182539,89.8,1.2,13.2,57,203279,86.8,1.2,18.3,465
3/1/2021,Manchester,E08000003,209849,90.8,,4,20.6,,928,386631,88,2.9,17.4,262287,88.4,3.5,19.3,203298,88.9,3.9,21.4,176007,95.4,4.8,21.4,199197,91.6,4.3,20.9,281,213938,90.5,4,20.5,635,197655,91.1,4.2,20.8,241260,90.3,3.8,20.3,190534,93.7,4.4,14.6,239,211336,90.2,4,21.3,689
4/1/2021,Manchester,E08000003,210199,90.9,,0.2,24.1,,567,387775,88.2,0.3,20.4,262330,88.4,0,22.4,204033,89.2,0.4,24.7,176168,95.4,0.1,25.3,199558,91.7,0.2,24.5,147,214286,90.7,0.2,23.9,412,198178,91.3,0.3,24.4,241284,90.3,0,23.6,192766,94.8,1.2,19.1,106,211325,90.2,0,24.5,461
5/1/2021,Manchester,E08000003,210236,90.9,,0,26.1,,470,388427,88.4,0.2,22.3,262435,88.4,0,24.3,204078,89.2,0,27,176126,95.4,0,27.1,199573,91.7,0,26.4,129,214331,90.7,0,25.9,340,198200,91.3,0,26.4,241352,90.3,0,25.6,192963,94.9,0.1,19.5,84,211331,90.2,0,26.7,386
6/1/2021,Manchester,E08000003,211418,91.5,,0.6,27.4,,870,389827,88.7,0.4,23.7,263698,88.9,0.5,25.4,206457,90.3,1.2,28.9,176242,95.5,0.1,28,200577,92.2,0.5,27.7,243,215574,91.2,0.6,27.2,621,199347,91.9,0.6,27.7,242643,90.8,0.5,26.8,191334,94.1,-0.8,20.6,154,213043,91,0.8,28.1,716
7/1/2021,Manchester,E08000003,208722,90.3,,-1.3,19.3,,401,385391,87.7,-1.1,16.7,260485,87.8,-1.2,17.7,203368,88.9,-1.5,20.6,174272,94.4,-1.1,19.6,198037,91,-1.3,19.6,98,212820,90.1,-1.3,19.2,302,196761,90.7,-1.3,19.6,239636,89.7,-1.2,18.7,189073,93,-1.2,14,54,210294,89.8,-1.3,19.8,347
8/1/2021,Manchester,E08000003,209079,90.4,,0.2,13.2,,458,388080,88.3,0.7,11.4,262067,88.3,0.6,11.9,204028,89.2,0.3,14.4,173554,94,-0.4,13.2,198107,91.1,0,13.4,115,213274,90.2,0.2,13.1,339,196899,90.7,0.1,13.5,240440,90,0.3,12.7,187414,92.2,-0.9,8.1,54,211040,90.1,0.4,13.8,404
9/1/2021,Manchester,E08000003,206360,89.3,,-1.3,10.9,,774,385305,87.7,-0.7,9.6,259738,87.5,-0.9,10.1,201240,88,-1.4,12,170667,92.5,-1.7,10.7,195319,89.8,-1.4,11.1,191,210570,89.1,-1.3,10.9,581,194240,89.5,-1.4,11.2,237505,88.9,-1.2,10.4,184915,91,-1.3,5.6,80,208307,88.9,-1.3,11.6,694
10/1/2021,Manchester,E08000003,211691,91.6,,2.6,13.2,,460,399740,91,3.7,12.7,268004,90.3,3.2,12.9,206930,90.5,2.8,14.4,173536,94,1.7,12.2,199967,91.9,2.4,13.1,137,216142,91.5,2.6,13.2,316,198947,91.7,2.4,13.3,244254,91.4,2.8,12.8,186149,91.6,0.7,6.7,125,214369,91.5,2.9,14.1,335
11/1/2021,Manchester,E08000003,217269,94,,2.6,15,,542,411091,93.5,2.8,14.8,275270,92.8,2.7,15.1,212200,92.8,2.5,15.9,178106,96.5,2.6,13.9,205238,94.4,2.6,15,181,221837,93.9,2.6,15,355,204163,94.1,2.6,15.1,250743,93.8,2.7,14.7,191865,94.4,3.1,10.4,48,219859,93.9,2.6,15.6,494
12/1/2021,Manchester,E08000003,220027,95.2,,1.3,13.9,,572,419509,95.5,2,14.6,279613,94.2,1.6,14.4,214953,94,1.3,14.5,179676,97.3,0.9,12.6,207622,95.4,1.2,13.8,155,224727,95.1,1.3,13.9,412,206546,95.2,1.2,13.9,254337,95.2,1.4,13.8,192881,94.9,0.5,9.3,68,222934,95.2,1.4,14.6,504
1/1/2022,Manchester,E08000003,229527,99.3,,4.3,15.2,,576,435577,99.1,3.8,16.4,292094,98.4,4.5,16.2,224930,98.4,4.6,16.4,186733,101.2,3.9,12.9,216447,99.5,4.3,14.8,217,234476,99.2,4.3,15.3,354,215495,99.3,4.3,15.1,265255,99.3,4.3,15.2,200871,98.8,4.1,11.3,189,232627,99.3,4.3,15.8,387
2/1/2022,Manchester,E08000003,230066,99.5,,0.2,14.1,,449,435685,99.1,0,16,292671,98.6,0.2,15.5,225718,98.7,0.4,15.3,187155,101.4,0.2,11.5,216909,99.7,0.2,13.5,103,235044,99.5,0.2,14.2,340,216156,99.6,0.3,14,265646,99.4,0.1,14.3,202207,99.5,0.7,10.8,56,233204,99.6,0.2,14.7,393
3/1/2022,Manchester,E08000003,230158,99.6,,0,9.7,,539,436369,99.3,0.2,12.9,293646,99,0.3,12,225413,98.6,-0.1,10.9,187036,101.3,-0.1,6.3,216946,99.7,0,8.9,147,235154,99.5,0,9.9,389,216260,99.7,0,9.4,265733,99.4,0,10.1,204697,100.7,1.2,7.4,75,232961,99.5,-0.1,10.2,464
4/1/2022,Manchester,E08000003,229818,99.4,,-0.1,9.3,,602,435471,99.1,-0.2,12.3,292905,98.7,-0.3,11.7,225351,98.5,0,10.4,186729,101.2,-0.2,6,216686,99.6,-0.1,8.6,221,234786,99.4,-0.2,9.6,371,216007,99.5,-0.1,9,265239,99.3,-0.2,9.9,204884,100.8,0.1,6.3,223,232566,99.3,-0.2,10.1,379
5/1/2022,Manchester,E08000003,232717,100.7,,1.3,10.7,,484,441274,100.4,1.3,13.6,297333,100.2,1.5,13.3,228671,100,1.5,12.1,188151,101.9,0.8,6.8,219286,100.8,1.2,9.9,143,237792,100.6,1.3,10.9,335,218588,100.7,1.2,10.3,268807,100.6,1.3,11.4,205277,101,0.2,6.4,97,235725,100.6,1.4,11.5,387
6/1/2022,Manchester,E08000003,234545,101.5,,0.8,10.9,,499,443679,101,0.5,13.8,299348,100.9,0.7,13.5,230997,101,1,11.9,189421,102.6,0.7,7.5,220958,101.6,0.8,10.2,131,239677,101.4,0.8,11.2,361,220311,101.5,0.8,10.5,270908,101.4,0.8,11.6,205308,101,0,7.3,93,237740,101.5,0.9,11.6,406
7/1/2022,Manchester,E08000003,231065,100,,-1.5,10.7,,558,435870,99.2,-1.8,13.1,295162,99.5,-1.4,13.3,227974,99.7,-1.3,12.1,186158,100.9,-1.7,6.8,217590,100,-1.5,9.9,144,236151,99.9,-1.5,11,406,216983,100,-1.5,10.3,266981,99.9,-1.4,11.4,201742,99.2,-1.7,6.7,70,234267,100,-1.5,11.4,488
8/1/2022,Manchester,E08000003,230341,99.6,,-0.3,10.2,,475,434111,98.8,-0.4,11.9,294180,99.1,-0.3,12.3,227867,99.6,0,11.7,185092,100.3,-0.6,6.6,216820,99.7,-0.4,9.4,110,235441,99.6,-0.3,10.4,357,216214,99.6,-0.4,9.8,266283,99.6,-0.3,10.7,200628,98.7,-0.6,7.1,30,233583,99.7,-0.3,10.7,445
9/1/2022,Manchester,E08000003,232660,100.6,,1,12.7,,517,438732,99.8,1.1,13.9,297412,100.2,1.1,14.5,230628,100.9,1.2,14.6,186349,101,0.7,9.2,218959,100.7,1,12.1,119,237826,100.6,1,12.9,389,218331,100.6,1,12.4,269057,100.7,1,13.3,201723,99.2,0.5,9.1,53,236032,100.8,1,13.3,464
10/1/2022,Manchester,E08000003,231541,100.2,,-0.5,9.4,,476,438337,99.7,-0.1,9.7,296365,99.9,-0.4,10.6,229676,100.4,-0.4,11,184961,100.2,-0.7,6.6,217890,100.2,-0.5,9,106,236687,100.2,-0.5,9.5,365,217283,100.1,-0.5,9.2,267757,100.2,-0.5,9.6,199779,98.3,-1,7.3,37,234999,100.3,-0.4,9.6,439
11/1/2022,Manchester,E08000003,234049,101.2,,1.1,7.7,,494,444264,101.1,1.4,8.1,299963,101.1,1.2,9,232127,101.5,1.1,9.4,186679,101.1,0.9,4.8,220260,101.3,1.1,7.3,114,239248,101.2,1.1,7.8,371,219707,101.2,1.1,7.6,270550,101.2,1,7.9,202749,99.7,1.5,5.7,33,237461,101.4,1,8,461
12/1/2022,Manchester,E08000003,233605,101.1,,-0.2,6.2,,492,443842,101,-0.1,5.8,299522,100.9,-0.1,7.1,231628,101.3,-0.2,7.8,186271,100.9,-0.2,3.7,219840,101.1,-0.2,5.9,117,238795,101,-0.2,6.3,357,219340,101.1,-0.2,6.2,269960,101,-0.2,6.1,202432,99.6,-0.2,5,53,237003,101.2,-0.2,6.3,439
1/1/2023,Manchester,E08000003,231174,100,,-1,0.7,,321,439485,100,-1,0.9,296759,100,-0.9,1.6,228676,100,-1.3,1.7,184573,100,-0.9,-1.2,217520,100,-1.1,0.5,76,236320,100,-1,0.8,239,217000,100,-1.1,0.7,267238,100,-1,0.7,203300,100,0.4,1.2,19,234228,100,-1.2,0.7,302
2/1/2023,Manchester,E08000003,226523,98,,-2,-1.5,,378,431002,98.1,-1.9,-1.1,290263,97.8,-2.2,-0.8,223216,97.6,-2.4,-1.1,181706,98.4,-1.6,-2.9,213328,98.1,-1.9,-1.7,98,231494,98,-2,-1.5,270,212627,98,-2,-1.6,261809,98,-2,-1.4,202101,99.4,-0.6,-0.1,17,229203,97.9,-2.1,-1.7,361
3/1/2023,Manchester,E08000003,223965,96.9,,-1.1,-2.7,,359,427555,97.3,-0.8,-2,287073,96.7,-1.1,-2.2,219386,95.9,-1.7,-2.7,180438,97.8,-0.7,-3.5,211224,97.1,-1,-2.6,100,228761,96.8,-1.2,-2.7,254,210170,96.9,-1.2,-2.8,258902,96.9,-1.1,-2.6,205105,100.9,1.5,0.2,16,226040,96.5,-1.4,-3,343
4/1/2023,Manchester,E08000003,223559,96.7,,-0.2,-2.7,,260,427179,97.2,-0.1,-1.9,286084,96.4,-0.3,-2.3,218407,95.5,-0.4,-3.1,180661,97.9,0.1,-3.2,211052,97,-0.1,-2.6,77,228263,96.6,-0.2,-2.8,175,209783,96.7,-0.2,-2.9,258450,96.7,-0.2,-2.6,206467,101.6,0.7,0.8,6,225430,96.2,-0.3,-3.1,254
5/1/2023,Manchester,E08000003,222199,96.1,,-0.6,-4.5,,259,423421,96.3,-0.9,-4,283992,95.7,-0.7,-4.5,216744,94.8,-0.8,-5.2,179975,97.5,-0.4,-4.3,209850,96.5,-0.6,-4.3,76,226841,96,-0.6,-4.6,177,208492,96.1,-0.6,-4.6,256916,96.1,-0.6,-4.4,205603,101.1,-0.4,0.2,8,224012,95.6,-0.6,-5,251
6/1/2023,Manchester,E08000003,224700,97.2,,1.1,-4.2,,367,426781,97.1,0.8,-3.8,286562,96.6,0.9,-4.3,219992,96.2,1.5,-4.8,181817,98.5,1,-4,211947,97.4,1,-4.1,82,229499,97.1,1.2,-4.2,265,210834,97.2,1.1,-4.3,259821,97.2,1.1,-4.1,205150,100.9,-0.2,-0.1,31,226854,96.9,1.3,-4.6,336
7/1/2023,Manchester,E08000003,229283,99.2,,2,-0.8,,322,433803,98.7,1.6,-0.5,292500,98.6,2.1,-0.9,224979,98.4,2.3,-1.3,185239,100.4,1.9,-0.5,216149,99.4,2,-0.7,91,234228,99.1,2.1,-0.8,220,215121,99.1,2,-0.9,265160,99.2,2.1,-0.7,208859,102.7,1.8,3.5,7,231536,98.9,2.1,-1.2,315
8/1/2023,Manchester,E08000003,237753,102.8,,3.7,3.2,,436,449691,102.3,3.7,3.6,303797,102.4,3.9,3.3,234331,102.5,4.2,2.8,191217,103.6,3.2,3.3,223838,102.9,3.6,3.2,134,242996,102.8,3.7,3.2,290,223027,102.8,3.7,3.2,275068,102.9,3.7,3.3,215159,105.8,3,7.2,92,240254,102.6,3.8,2.9,344
9/1/2023,Manchester,E08000003,243626,105.4,,2.5,4.7,,409,460887,104.9,2.5,5,311624,105,2.6,4.8,240565,105.2,2.7,4.3,195520,105.9,2.3,4.9,229309,105.4,2.4,4.7,97,249021,105.4,2.5,4.7,288,228535,105.3,2.5,4.7,281867,105.5,2.5,4.8,220639,108.5,2.5,9.4,54,246168,105.1,2.5,4.3,355
10/1/2023,Manchester,E08000003,248175,107.4,,1.9,7.2,,471,468447,106.6,1.6,6.9,316895,106.8,1.7,6.9,244996,107.1,1.8,6.7,199489,108.1,2,7.9,233717,107.4,1.9,7.3,146,253622,107.3,1.8,7.2,301,232885,107.3,1.9,7.2,286901,107.4,1.8,7.1,225360,110.9,2.1,12.8,94,250697,107,1.8,6.7,377
11/1/2023,Manchester,E08000003,245089,106,,-1.2,4.7,,320,463585,105.5,-1,4.3,313237,105.6,-1.2,4.4,241205,105.5,-1.5,3.9,197315,106.9,-1.1,5.7,231088,106.2,-1.1,4.9,91,250359,105.9,-1.3,4.6,218,229994,106,-1.2,4.7,283318,106,-1.2,4.7,224629,110.5,-0.3,10.8,18,247340,105.6,-1.3,4.2,302
12/1/2023,Manchester,E08000003,239704,103.7,,-2.2,2.6,,337,452821,103,-2.3,2,306390,103.2,-2.2,2.3,235469,103,-2.4,1.7,193260,104.7,-2.1,3.8,226101,103.9,-2.2,2.8,105,244823,103.6,-2.2,2.5,212,224997,103.7,-2.2,2.6,276934,103.6,-2.3,2.6,220261,108.3,-1.9,8.8,27,241839,103.2,-2.2,2,310
1/1/2024,Manchester,E08000003,233879,101.2,,-2.4,1.2,,291,442625,100.7,-2.3,0.7,299029,100.8,-2.4,0.8,229791,100.5,-2.4,0.5,188466,102.1,-2.5,2.1,220613,101.4,-2.4,1.4,85,238871,101.1,-2.4,1.1,187,219484,101.1,-2.5,1.1,270332,101.2,-2.4,1.2,215298,105.9,-2.3,5.9,20,235918,100.7,-2.4,0.7,271
2/1/2024,Manchester,E08000003,229955,99.5,,-1.7,1.5,,343,433597,98.7,-2,0.6,293702,99,-1.8,1.2,226327,99,-1.5,1.4,185182,100.3,-1.7,1.9,216835,99.7,-1.7,1.6,86,234892,99.4,-1.7,1.5,237,215878,99.5,-1.6,1.5,265593,99.4,-1.8,1.4,211657,104.1,-1.7,4.7,18,231959,99,-1.7,1.2,325
3/1/2024,Manchester,E08000003,229310,99.2,,-0.3,2.4,,398,431475,98.2,-0.5,0.9,292113,98.4,-0.5,1.8,225198,98.5,-0.5,2.6,185546,100.5,0.2,2.8,216485,99.5,-0.2,2.5,128,234136,99.1,-0.3,2.3,238,215286,99.2,-0.3,2.4,264827,99.1,-0.3,2.3,213119,104.8,0.7,3.9,70,231077,98.7,-0.4,2.2,328
4/1/2024,Manchester,E08000003,231082,100,,0.8,3.4,,333,433402,98.6,0.4,1.5,294148,99.1,0.7,2.8,226889,99.2,0.8,3.9,187248,101.4,0.9,3.6,218169,100.3,0.8,3.4,87,235941,99.8,0.8,3.4,223,216993,100,0.8,3.4,266760,99.8,0.7,3.2,213531,105,0.2,3.4,48,232902,99.4,0.8,3.3,285
5/1/2024,Manchester,E08000003,248644,107.6,,7.6,11.9,,618,464664,105.7,7.2,9.7,315670,106.4,7.3,11.2,243808,106.6,7.5,12.5,202408,109.7,8.1,12.5,234949,108,7.7,12,282,253800,107.4,7.6,11.9,305,233570,107.6,7.6,12,286806,107.3,7.5,11.6,229214,112.7,7.3,11.5,292,250619,107,7.6,11.9,326
6/1/2024,Manchester,E08000003,252916,109.4,,1.7,12.6,,385,471919,107.4,1.6,10.6,321026,108.2,1.7,12,248664,108.7,2,13,205327,111.2,1.4,12.9,238889,109.8,1.7,12.7,79,258195,109.3,1.7,12.5,278,237660,109.5,1.8,12.7,291533,109.1,1.6,12.2,230345,113.3,0.5,12.3,52,255016,108.9,1.8,12.4,333
7/1/2024,Manchester,E08000003,255632,110.6,,1.1,11.5,,414,476918,108.5,1.1,9.9,324766,109.4,1.2,11,252117,110.3,1.4,12.1,206609,111.9,0.6,11.5,241298,110.9,1,11.6,95,261024,110.5,1.1,11.4,281,240213,110.7,1.1,11.7,294662,110.3,1.1,11.1,232809,114.5,1.1,11.5,31,257755,110,1.1,11.3,383
8/1/2024,Manchester,E08000003,246332,106.6,,-3.6,3.6,,426,460170,104.7,-3.5,2.3,313231,105.6,-3.6,3.1,243822,106.6,-3.3,4.1,198040,107.3,-4.1,3.6,232280,106.8,-3.7,3.8,92,251614,106.5,-3.6,3.5,299,231410,106.6,-3.7,3.8,284110,106.3,-3.6,3.3,222760,109.6,-4.3,3.5,36,248430,106.1,-3.6,3.4,390
9/1/2024,Manchester,E08000003,244986,106,,-0.5,0.6,,428,459337,104.5,-0.2,-0.3,312243,105.2,-0.3,0.2,242629,106.1,-0.5,0.9,196277,106.3,-0.9,0.4,230915,106.2,-0.6,0.7,93,250273,105.9,-0.5,0.5,302,230042,106,-0.6,0.7,282826,105.8,-0.5,0.3,222523,109.5,-0.1,0.9,27,247040,105.5,-0.6,0.4,401
10/1/2024,Manchester,E08000003,244536,105.8,,-0.2,-1.5,,453,459721,104.6,0.1,-1.9,311453,105,-0.3,-1.7,241900,105.8,-0.3,-1.3,196246,106.3,0,-1.6,230631,106,-0.1,-1.3,81,249763,105.7,-0.2,-1.5,331,229664,105.8,-0.2,-1.4,282192,105.6,-0.2,-1.6,222464,109.4,0,-1.3,23,246575,105.3,-0.2,-1.6,430
11/1/2024,Manchester,E08000003,242717,105,,-0.7,-1,,458,457699,104.1,-0.4,-1.3,309777,104.4,-0.5,-1.1,239887,104.9,-0.8,-0.5,194512,105.4,-0.9,-1.4,228909,105.2,-0.7,-0.9,98,247908,104.9,-0.7,-1,319,227976,105.1,-0.7,-0.9,280040,104.8,-0.8,-1.2,221442,108.9,-0.5,-1.4,18,244720,104.5,-0.8,-1.1,440
12/1/2024,Manchester,E08000003,243658,105.4,,0.4,1.6,,405,460855,104.9,0.7,1.8,310993,104.8,0.4,1.5,240966,105.4,0.4,2.3,195034,105.7,0.3,0.9,229764,105.6,0.4,1.6,67,248880,105.3,0.4,1.7,284,228928,105.5,0.4,1.7,280947,105.1,0.3,1.4,223184,109.8,0.8,1.3,33,245640,104.9,0.4,1.6,372
1/1/2025,Manchester,E08000003,242975,105.1,,-0.3,3.9,,353,460439,104.8,-0.1,4,310884,104.8,0,4,240574,105.2,-0.2,4.7,193705,104.9,-0.7,2.8,228918,105.2,-0.4,3.8,70,248256,105.1,-0.3,3.9,258,228251,105.2,-0.3,4,280252,104.9,-0.2,3.7,224508,110.4,0.6,4.3,20,244890,104.6,-0.3,3.8,333
2/1/2025,Manchester,E08000003,242034,104.7,,-0.4,5.3,,401,458600,104.3,-0.4,5.8,309721,104.4,-0.4,5.5,240067,105,-0.2,6.1,192496,104.3,-0.6,3.9,227889,104.8,-0.4,5.1,70,247347,104.7,-0.4,5.3,298,227359,104.8,-0.4,5.3,279168,104.5,-0.4,5.1,225627,111,0.5,6.6,14,243947,104.1,-0.4,5.2,387
3/1/2025,Manchester,E08000003,244715,105.9,,1.1,6.7,,725,457700,104.1,-0.2,6.1,312277,105.2,0.8,6.9,243041,106.3,1.2,7.9,194867,105.6,1.2,5,230421,105.9,1.1,6.4,143,250077,105.8,1.1,6.8,489,230005,106,1.2,6.8,281834,105.5,1,6.4,229649,113,1.8,7.8,20,246669,105.3,1.1,6.7,705
4/1/2025,Manchester,E08000003,243815,105.5,,-0.4,5.5,,212,458254,104.3,0.1,5.7,311971,105.1,-0.1,6.1,241647,105.7,-0.6,6.5,194036,105.1,-0.4,3.6,229726,105.6,-0.3,5.3,47,249093,105.4,-0.4,5.6,146,228977,105.5,-0.4,5.5,281367,105.3,-0.2,5.5,229652,113,0,7.5,4,245604,104.9,-0.4,5.5,208
5/1/2025,Manchester,E08000003,245741,106.3,,0.8,-1.2,,360,464448,105.7,1.4,0,315344,106.3,1.1,-0.1,243660,106.6,0.8,-0.1,195098,105.7,0.5,-3.6,231394,106.4,0.7,-1.5,66,251123,106.3,0.8,-1,237,230667,106.3,0.7,-1.2,283956,106.3,0.9,-1,231268,113.8,0.7,0.9,22,247582,105.7,0.8,-1.2,338
6/1/2025,Manchester,E08000003,243107,105.2,,-1.1,-3.9,,378,464247,105.6,0,-1.6,314008,105.8,-0.4,-2.2,241473,105.6,-0.9,-2.9,191875,104,-1.7,-6.5,228446,105,-1.3,-4.4,70,248629,105.2,-1,-3.7,234,227939,105,-1.2,-4.1,281704,105.4,-0.8,-3.4,227308,111.8,-1.7,-1.3,45,245210,104.7,-1,-3.8,333
7/1/2025,Manchester,E08000003,248569,107.5,,2.2,-2.8,,394,472356,107.5,1.7,-1,321199,108.2,2.3,-1.1,248282,108.6,2.8,-1.5,195489,105.9,1.9,-5.4,233016,107.1,2,-3.4,63,254453,107.7,2.3,-2.5,248,233177,107.5,2.3,-2.9,287671,107.6,2.1,-2.4,229713,113,1.1,-1.4,13,251230,107.3,2.5,-2.5,381
8/1/2025,Manchester,E08000003,249238,107.8,,0.3,1.2,,382,471873,107.4,-0.1,2.5,322924,108.8,0.5,3.1,249737,109.2,0.6,2.4,195357,105.8,-0.1,-1.4,233388,107.3,0.2,0.5,63,255246,108,0.3,1.4,227,233804,107.7,0.3,1,288445,107.9,0.3,1.5,229602,112.9,0,3.1,6,252044,107.6,0.3,1.5,376
9/1/2025,Manchester,E08000003,249833,108.1,,0.2,2,,359,474127,107.9,0.5,3.2,324281,109.3,0.4,3.9,250786,109.7,0.4,3.4,195343,105.8,0,-0.5,233851,107.5,0.2,1.3,55,255895,108.3,0.3,2.2,210,234323,108,0.2,1.9,289256,108.2,0.3,2.3,230304,113.3,0.3,3.5,1,252616,107.9,0.2,2.3,358
10/1/2025,Manchester,E08000003,249694,108,,-0.1,2.1,,399,474700,108,0.1,3.3,324283,109.3,0,4.1,250311,109.5,-0.2,3.5,195317,105.8,0,-0.5,234081,107.6,0.1,1.5,32,255601,108.2,-0.1,2.3,178,234224,107.9,0,2,288998,108.1,-0.1,2.4,233148,114.7,1.2,4.8,1,251917,107.6,-0.3,2.2,398
11/1/2025,Manchester,E08000003,252568,109.3,,1.2,4.1,,288,479754,109.2,1.1,4.8,326720,110.1,0.8,5.5,252540,110.4,0.9,5.3,198380,107.5,1.6,2,237481,109.2,1.5,3.7,17,258244,109.3,1,4.2,83,237020,109.2,1.2,4,292012,109.3,1,4.3,240731,118.4,3.3,8.7,,253911,108.4,0.8,3.8,288
12/1/2025,Manchester,E08000003,255370,110.5,,1.1,4.8,,303,484420,110.2,1,5.1,330412,111.3,1.1,6.2,255466,111.7,1.2,6,200515,108.6,1.1,2.8,240146,110.4,1.1,4.5,35,261096,110.5,1.1,4.9,103,239794,110.5,1.2,4.7,294802,110.3,1,4.9,244079,120.1,1.4,9.4,,256598,109.6,1.1,4.5,303
1/1/2026,Manchester,E08000003,254189,110,,-0.5,4.6,,,481192,109.5,-0.7,4.5,329947,111.2,-0.1,6.1,255679,111.8,0.1,6.3,198533,107.6,-1,2.5,238213,109.5,-0.8,4.1,,260238,110.1,-0.3,4.8,,238704,110,-0.5,4.6,293379,109.8,-0.5,4.7,,,,,,,,,,
2/1/2026,Manchester,E08000003,251461,108.8,,-1.1,3.9,,,478094,108.8,-0.6,4.3,328996,110.9,-0.3,6.2,254203,111.2,-0.6,5.9,194720,105.5,-1.9,1.2,234444,107.8,-1.6,2.9,,257955,109.2,-0.9,4.3,,236191,108.8,-1.1,3.9,290212,108.6,-1.1,4,,,,,,,,,,
1/1/1995,Oldham,E08000004,36706,20,,,,,165,69046,21.1,,,41264,19.9,,,30448,19.7,,,28442,23.7,,,,,,,,,,,,,,,,,,,,,49488,19.4,,,10,36662,20.1,,,155
2/1/1995,Oldham,E08000004,37533,20.5,,2.3,,,189,70183,21.5,1.6,,42405,20.4,2.8,,31048,20.1,2,,29542,24.6,3.9,,,,,,,,,,,,,,,,,,,,50994,19.9,3,,21,37442,20.6,2.1,,168
3/1/1995,Oldham,E08000004,37184,20.3,,-0.9,,,286,69298,21.2,-1.3,,41978,20.2,-1,,30802,20,-0.8,,29164,24.3,-1.3,,,,,,,,,,,,,,,,,,,,50567,19.8,-0.8,,21,37088,20.4,-0.9,,265
4/1/1995,Oldham,E08000004,37862,20.7,,1.8,,,186,70332,21.5,1.5,,42774,20.6,1.9,,31365,20.3,1.8,,29808,24.8,2.2,,,,,,,,,,,,,,,,,,,,51462,20.1,1.8,,24,37767,20.7,1.8,,162
5/1/1995,Oldham,E08000004,37261,20.3,,-1.6,,,222,68984,21.1,-1.9,,42041,20.2,-1.7,,30926,20.1,-1.4,,29118,24.2,-2.3,,,,,,,,,,,,,,,,,,,,50381,19.7,-2.1,,38,37199,20.4,-1.5,,184
6/1/1995,Oldham,E08000004,37728,20.6,,1.3,,,291,69984,21.4,1.4,,42659,20.5,1.5,,31246,20.3,1,,29694,24.7,2,,,,,,,,,,,,,,,,,,,,51031,20,1.3,,60,37663,20.7,1.2,,231
7/1/1995,Oldham,E08000004,37227,20.3,,-1.3,,,223,69323,21.2,-0.9,,42114,20.3,-1.3,,30798,20,-1.4,,29210,24.3,-1.6,,,,,,,,,,,,,,,,,,,,50393,19.7,-1.3,,26,37158,20.4,-1.3,,197
8/1/1995,Oldham,E08000004,37455,20.4,,0.6,,,258,70345,21.5,1.5,,42384,20.4,0.6,,30927,20.1,0.4,,29283,24.4,0.2,,,,,,,,,,,,,,,,,,,,50829,19.9,0.9,,24,37370,20.5,0.6,,234
9/1/1995,Oldham,E08000004,36628,20,,-2.2,,,225,68831,21,-2.2,,41386,19.9,-2.4,,30282,19.6,-2.1,,28372,23.6,-3.1,,,,,,,,,,,,,,,,,,,,49386,19.3,-2.8,,30,36583,20.1,-2.1,,195
10/1/1995,Oldham,E08000004,36209,19.8,,-1.1,,,262,68175,20.8,-1,,41039,19.8,-0.8,,29851,19.4,-1.4,,28251,23.5,-0.4,,,,,,,,,,,,,,,,,,,,49148,19.2,-0.5,,34,36126,19.8,-1.2,,228
11/1/1995,Oldham,E08000004,36166,19.7,,-0.1,,,273,68099,20.8,-0.1,,41057,19.8,0,,29774,19.3,-0.3,,28437,23.7,0.7,,,,,,,,,,,,,,,,,,,,49295,19.3,0.3,,38,36060,19.8,-0.2,,235
12/1/1995,Oldham,E08000004,36689,20,,1.4,,,307,69146,21.1,1.5,,41759,20.1,1.7,,30134,19.5,1.2,,29062,24.2,2.2,,,,,,,,,,,,,,,,,,,,50563,19.8,2.6,,60,36516,20,1.3,,247
1/1/1996,Oldham,E08000004,36458,19.9,,-0.6,-0.7,,216,69032,21.1,-0.2,0,41531,20,-0.5,0.6,29904,19.4,-0.8,-1.8,28728,23.9,-1.1,1,,,,,,,,,,,,,,,,,,,50680,19.8,0.2,2.4,25,36237,19.9,-0.8,-1.2,191
2/1/1996,Oldham,E08000004,36769,20.1,,0.9,-2,,210,69649,21.3,0.9,-0.8,41964,20.2,1,-1,30123,19.5,0.7,-3,28827,24,0.3,-2.4,,,,,,,,,,,,,,,,,,,51586,20.2,1.8,1.2,22,36492,20,0.7,-2.5,188
3/1/1996,Oldham,E08000004,36164,19.7,,-1.6,-2.7,,299,68893,21.1,-1.1,-0.6,41348,19.9,-1.5,-1.5,29560,19.2,-1.9,-4,28208,23.5,-2.1,-3.3,,,,,,,,,,,,,,,,,,,51137,20,-0.9,1.1,36,35846,19.7,-1.8,-3.3,263
4/1/1996,Oldham,E08000004,36630,20,,1.3,-3.3,,233,69460,21.2,0.8,-1.2,41770,20.1,1,-2.3,30022,19.5,1.6,-4.3,28576,23.8,1.3,-4.1,,,,,,,,,,,,,,,,,,,51610,20.2,0.9,0.3,26,36329,19.9,1.3,-3.8,207
5/1/1996,Oldham,E08000004,36120,19.7,,-1.4,-3.1,,303,68357,20.9,-1.6,-0.9,41019,19.7,-1.8,-2.4,29701,19.3,-1.1,-4,28138,23.4,-1.5,-3.4,,,,,,,,,,,,,,,,,,,50425,19.7,-2.3,0.1,31,35878,19.7,-1.2,-3.6,272
6/1/1996,Oldham,E08000004,37231,20.3,,3.1,-1.3,,277,70334,21.5,2.9,0.5,42179,20.3,2.8,-1.1,30667,19.9,3.3,-1.9,29175,24.3,3.7,-1.7,,,,,,,,,,,,,,,,,,,51751,20.2,2.6,1.4,71,37006,20.3,3.1,-1.7,206
7/1/1996,Oldham,E08000004,37223,20.3,,0,0,,270,70523,21.6,0.3,1.7,42212,20.3,0.1,0.2,30626,19.9,-0.1,-0.6,29043,24.2,-0.5,-0.6,,,,,,,,,,,,,,,,,,,51555,20.2,-0.4,2.3,39,37020,20.3,0,-0.4,231
8/1/1996,Oldham,E08000004,37520,20.5,,0.8,0.2,,305,71594,21.9,1.5,1.8,42576,20.5,0.9,0.5,30813,20,0.6,-0.4,29202,24.3,0.5,-0.3,,,,,,,,,,,,,,,,,,,52039,20.3,0.9,2.4,42,37307,20.5,0.8,-0.2,263
9/1/1996,Oldham,E08000004,37522,20.5,,0,2.4,,303,71851,22,0.4,4.4,42546,20.5,-0.1,2.8,30819,20,0,1.8,28896,24.1,-1,1.8,,,,,,,,,,,,,,,,,,,51760,20.2,-0.5,4.8,34,37341,20.5,0.1,2.1,269
10/1/1996,Oldham,E08000004,38093,20.8,,1.5,5.2,,339,73084,22.3,1.7,7.2,43231,20.8,1.6,5.3,31260,20.3,1.4,4.7,29262,24.4,1.3,3.6,,,,,,,,,,,,,,,,,,,52571,20.6,1.6,7,45,37907,20.8,1.5,4.9,294
11/1/1996,Oldham,E08000004,37304,20.4,,-2.1,3.1,,325,71412,21.8,-2.3,4.9,42368,20.4,-2,3.2,30609,19.9,-2.1,2.8,28730,23.9,-1.8,1,,,,,,,,,,,,,,,,,,,51500,20.1,-2,4.5,53,37120,20.4,-2.1,2.9,272
12/1/1996,Oldham,E08000004,37163,20.3,,-0.4,1.3,,381,70944,21.7,-0.7,2.6,42262,20.3,-0.3,1.2,30488,19.8,-0.4,1.2,28560,23.8,-0.6,-1.7,,,,,,,,,,,,,,,,,,,51299,20.1,-0.4,1.5,64,36980,20.3,-0.4,1.3,317
1/1/1997,Oldham,E08000004,36588,20,,-1.5,0.4,,231,69848,21.4,-1.5,1.2,41560,20,-1.7,0.1,30040,19.5,-1.5,0.5,28079,23.4,-1.7,-2.3,,,,,,,,,,,,,,,,,,,50286,19.7,-2,-0.8,22,36434,20,-1.5,0.5,209
2/1/1997,Oldham,E08000004,37578,20.5,,2.7,2.2,,232,71899,22,2.9,3.2,42736,20.6,2.8,1.8,30812,20,2.6,2.3,28853,24,2.8,0.1,,,,,,,,,,,,,,,,,,,51731,20.2,2.9,0.3,34,37409,20.5,2.7,2.5,198
3/1/1997,Oldham,E08000004,37381,20.4,,-0.5,3.4,,267,71626,21.9,-0.4,4,42449,20.4,-0.7,2.7,30671,19.9,-0.5,3.8,28866,24,0,2.3,,,,,,,,,,,,,,,,,,,51578,20.2,-0.3,0.9,34,37199,20.4,-0.6,3.8,233
4/1/1997,Oldham,E08000004,37673,20.6,,0.8,2.8,,257,71892,22,0.4,3.5,42783,20.6,0.8,2.4,30944,20.1,0.9,3.1,29134,24.3,0.9,2,,,,,,,,,,,,,,,,,,,52082,20.4,1,0.9,31,37477,20.6,0.7,3.2,226
5/1/1997,Oldham,E08000004,37901,20.7,,0.6,4.9,,337,72014,22,0.2,5.3,43029,20.7,0.6,4.9,31191,20.2,0.8,5,29039,24.2,-0.3,3.2,,,,,,,,,,,,,,,,,,,52104,20.4,0,3.3,54,37739,20.7,0.7,5.2,283
6/1/1997,Oldham,E08000004,38341,20.9,,1.2,3,,301,72864,22.3,1.2,3.6,43542,21,1.2,3.2,31565,20.5,1.2,2.9,29037,24.2,0,-0.5,,,,,,,,,,,,,,,,,,,52373,20.5,0.5,1.2,56,38217,21,1.3,3.3,245
7/1/1997,Oldham,E08000004,38377,20.9,,0.1,3.1,,332,73097,22.3,0.3,3.7,43565,21,0.1,3.2,31599,20.5,0.1,3.2,28773,24,-0.9,-0.9,,,,,,,,,,,,,,,,,,,52086,20.4,-0.5,1,54,38294,21,0.2,3.4,278
8/1/1997,Oldham,E08000004,38538,21,,0.4,2.7,,326,73749,22.5,0.9,3,43724,21,0.4,2.7,31706,20.6,0.3,2.9,28768,23.9,0,-1.5,,,,,,,,,,,,,,,,,,,52144,20.4,0.1,0.2,45,38475,21.1,0.5,3.1,281
9/1/1997,Oldham,E08000004,39013,21.3,,1.2,4,,287,74847,22.9,1.5,4.2,44268,21.3,1.2,4,32074,20.8,1.2,4.1,29064,24.2,1,0.6,,,,,,,,,,,,,,,,,,,52831,20.7,1.3,2.1,23,38943,21.4,1.2,4.3,264
10/1/1997,Oldham,E08000004,39114,21.3,,0.3,2.7,,346,75183,23,0.4,2.9,44456,21.4,0.4,2.8,32105,20.8,0.1,2.7,29179,24.3,0.4,-0.3,,,,,,,,,,,,,,,,,,,53078,20.8,0.5,1,39,39031,21.4,0.2,3,307
11/1/1997,Oldham,E08000004,38737,21.1,,-1,3.8,,272,74440,22.8,-1,4.2,44052,21.2,-0.9,4,31786,20.6,-1,3.8,28905,24.1,-0.9,0.6,,,,,,,,,,,,,,,,,,,52657,20.6,-0.8,2.2,30,38644,21.2,-1,4.1,242
12/1/1997,Oldham,E08000004,38117,20.8,,-1.6,2.6,,323,73263,22.4,-1.6,3.3,43472,20.9,-1.3,2.9,31214,20.2,-1.8,2.4,28543,23.8,-1.3,-0.1,,,,,,,,,,,,,,,,,,,52040,20.3,-1.2,1.4,41,37998,20.9,-1.7,2.8,282
1/1/1998,Oldham,E08000004,37997,20.7,,-0.3,3.9,,237,73394,22.4,0.2,5.1,43272,20.8,-0.5,4.1,31093,20.2,-0.4,3.5,28535,23.8,0,1.6,,,,,,,,,,,,,,,,,,,52270,20.4,0.4,3.9,17,37831,20.8,-0.4,3.8,220
2/1/1998,Oldham,E08000004,38090,20.8,,0.2,1.4,,239,73728,22.5,0.5,2.5,43471,20.9,0.5,1.7,31092,20.2,0,0.9,28963,24.1,1.5,0.4,,,,,,,,,,,,,,,,,,,52922,20.7,1.2,2.3,21,37865,20.8,0.1,1.2,218
3/1/1998,Oldham,E08000004,37926,20.7,,-0.4,1.5,,270,73513,22.5,-0.3,2.6,43282,20.8,-0.4,2,30944,20.1,-0.5,0.9,28839,24,-0.4,-0.1,,,,,,,,,,,,,,,,,,,52838,20.7,-0.2,2.4,24,37684,20.7,-0.5,1.3,246
4/1/1998,Oldham,E08000004,38431,21,,1.3,2,,281,74052,22.6,0.7,3,43901,21.1,1.4,2.6,31393,20.4,1.5,1.5,29190,24.3,1.2,0.2,,,,,,,,,,,,,,,,,,,53295,20.8,0.9,2.3,33,38210,21,1.4,2,248
5/1/1998,Oldham,E08000004,38789,21.2,,0.9,2.3,,316,74385,22.7,0.4,3.3,44214,21.3,0.7,2.8,31788,20.6,1.3,1.9,29174,24.3,-0.1,0.5,,,,,,,,,,,,,,,,,,,53274,20.8,0,2.2,39,38618,21.2,1.1,2.3,277
6/1/1998,Oldham,E08000004,39509,21.6,,1.9,3,,356,75705,23.1,1.8,3.9,44980,21.7,1.7,3.3,32407,21,1.9,2.7,29844,24.8,2.3,2.8,,,,,,,,,,,,,,,,,,,54039,21.1,1.4,3.2,73,39358,21.6,1.9,3,283
7/1/1998,Oldham,E08000004,39417,21.5,,-0.2,2.7,,382,75767,23.2,0.1,3.7,44886,21.6,-0.2,3,32295,20.9,-0.3,2.2,29773,24.8,-0.2,3.5,,,,,,,,,,,,,,,,,,,53931,21.1,-0.2,3.5,39,39264,21.6,-0.2,2.5,343
8/1/1998,Oldham,E08000004,39383,21.5,,-0.1,2.2,,347,76142,23.3,0.5,3.2,44823,21.6,-0.1,2.5,32224,20.9,-0.2,1.6,29727,24.7,-0.2,3.3,,,,,,,,,,,,,,,,,,,54061,21.1,0.2,3.7,34,39213,21.5,-0.1,1.9,313
9/1/1998,Oldham,E08000004,39190,21.4,,-0.5,0.5,,339,75904,23.2,-0.3,1.4,44557,21.4,-0.6,0.7,32079,20.8,-0.4,0,29367,24.4,-1.2,1,,,,,,,,,,,,,,,,,,,53636,21,-0.8,1.5,52,39037,21.4,-0.4,0.2,287
10/1/1998,Oldham,E08000004,39836,21.7,,1.6,1.8,,311,77405,23.7,2,3,45329,21.8,1.7,2,32555,21.1,1.5,1.4,29957,24.9,2,2.7,,,,,,,,,,,,,,,,,,,54732,21.4,2,3.1,43,39659,21.8,1.6,1.6,268
11/1/1998,Oldham,E08000004,39794,21.7,,-0.1,2.7,,338,77494,23.7,0.1,4.1,45385,21.8,0.1,3,32442,21,-0.3,2.1,30115,25.1,0.5,4.2,,,,,,,,,,,,,,,,,,,54894,21.5,0.3,4.2,42,39595,21.7,-0.2,2.5,296
12/1/1998,Oldham,E08000004,39575,21.6,,-0.5,3.8,,332,77018,23.5,-0.6,5.1,45243,21.8,-0.3,4.1,32208,20.9,-0.7,3.2,30262,25.2,0.5,6,,,,,,,,,,,,,,,,,,,54989,21.5,0.2,5.7,49,39337,21.6,-0.6,3.5,283
1/1/1999,Oldham,E08000004,39033,21.3,,-1.4,2.7,,232,76035,23.2,-1.3,3.6,44638,21.5,-1.3,3.2,31749,20.6,-1.4,2.1,29868,24.9,-1.3,4.7,,,,,,,,,,,,,,,,,,,54541,21.3,-0.8,4.3,18,38768,21.3,-1.4,2.5,214
2/1/1999,Oldham,E08000004,38421,21,,-1.6,0.9,,272,74833,22.9,-1.6,1.5,43962,21.2,-1.5,1.1,31240,20.3,-1.6,0.5,29471,24.5,-1.3,1.8,,,,,,,,,,,,,,,,,,,53811,21,-1.3,1.7,31,38146,20.9,-1.6,0.7,241
3/1/1999,Oldham,E08000004,38238,20.9,,-0.5,0.8,,338,74700,22.8,-0.2,1.6,43755,21.1,-0.5,1.1,31061,20.1,-0.6,0.4,29364,24.4,-0.4,1.8,,,,,,,,,,,,,,,,,,,53636,21,-0.3,1.5,45,37954,20.8,-0.5,0.7,293
4/1/1999,Oldham,E08000004,38463,21,,0.6,0.1,,290,74574,22.8,-0.2,0.7,43966,21.2,0.5,0.1,31337,20.3,0.9,-0.2,29560,24.6,0.7,1.3,,,,,,,,,,,,,,,,,,,53424,20.9,-0.4,0.2,43,38221,21,0.7,0,247
5/1/1999,Oldham,E08000004,38663,21.1,,0.5,-0.3,,351,74659,22.8,0.1,0.4,44136,21.2,0.4,-0.2,31569,20.5,0.7,-0.7,29631,24.7,0.2,1.6,,,,,,,,,,,,,,,,,,,53510,20.9,0.2,0.4,40,38436,21.1,0.6,-0.5,311
6/1/1999,Oldham,E08000004,38864,21.2,,0.5,-1.6,,337,74900,22.9,0.3,-1.1,44300,21.3,0.4,-1.5,31784,20.6,0.7,-1.9,29672,24.7,0.1,-0.6,,,,,,,,,,,,,,,,,,,53606,21,0.2,-0.8,60,38651,21.2,0.6,-1.8,277
7/1/1999,Oldham,E08000004,38377,20.9,,-1.3,-2.6,,414,74361,22.7,-0.7,-1.9,43696,21,-1.4,-2.7,31360,20.3,-1.3,-2.9,29230,24.3,-1.5,-1.8,,,,,,,,,,,,,,,,,,,53080,20.8,-1,-1.6,34,38155,20.9,-1.3,-2.8,380
8/1/1999,Oldham,E08000004,39734,21.7,,3.5,0.9,,371,77183,23.6,3.8,1.4,45166,21.7,3.4,0.8,32479,21.1,3.6,0.8,30221,25.2,3.4,1.7,,,,,,,,,,,,,,,,,,,54800,21.4,3.2,1.4,29,39517,21.7,3.6,0.8,342
9/1/1999,Oldham,E08000004,40668,22.2,,2.4,3.8,,336,79219,24.2,2.6,4.4,46165,22.2,2.2,3.6,33242,21.6,2.4,3.6,30938,25.8,2.4,5.3,,,,,,,,,,,,,,,,,,,55940,21.9,2.1,4.3,35,40459,22.2,2.4,3.6,301
10/1/1999,Oldham,E08000004,41711,22.8,,2.6,4.7,,359,81384,24.9,2.7,5.1,47486,22.9,2.9,4.8,34005,22.1,2.3,4.5,32000,26.6,3.4,6.8,,,,,,,,,,,,,,,,,,,57439,22.5,2.7,4.9,28,41490,22.8,2.5,4.6,331
11/1/1999,Oldham,E08000004,41904,22.9,,0.5,5.3,,325,81711,25,0.4,5.4,47775,23,0.6,5.3,34133,22.1,0.4,5.2,32291,26.9,0.9,7.2,,,,,,,,,,,,,,,,,,,57652,22.5,0.4,5,29,41687,22.9,0.5,5.3,296
12/1/1999,Oldham,E08000004,41763,22.8,,-0.3,5.5,,369,81296,24.9,-0.5,5.6,47694,23,-0.2,5.4,33992,22,-0.4,5.5,32418,27,0.4,7.1,,,,,,,,,,,,,,,,,,,57758,22.6,0.2,5,27,41522,22.8,-0.4,5.6,342
1/1/2000,Oldham,E08000004,40338,22,,-3.4,3.3,,249,78611,24,-3.3,3.4,46044,22.2,-3.5,3.1,32835,21.3,-3.4,3.4,31188,26,-3.8,4.4,,,,,,,,,,,,,,,,,,,55774,21.8,-3.4,2.3,15,40106,22,-3.4,3.5,234
2/1/2000,Oldham,E08000004,39220,21.4,,-2.8,2.1,,299,76783,23.5,-2.3,2.6,44793,21.6,-2.7,1.9,31866,20.7,-3,2,30362,25.3,-2.6,3,,,,,,,,,,,,,,,,,,,54657,21.4,-2,1.6,25,38963,21.4,-2.8,2.1,274
3/1/2000,Oldham,E08000004,38409,21,,-2.1,0.4,,320,75335,23,-1.9,0.8,43916,21.1,-2,0.4,31169,20.2,-2.2,0.3,29552,24.6,-2.7,0.6,,,,,,,,,,,,,,,,,,,53463,20.9,-2.2,-0.3,32,38164,21,-2.1,0.6,288
4/1/2000,Oldham,E08000004,39753,21.7,,3.5,3.4,,316,77665,23.7,3.1,4.1,45412,21.9,3.4,3.3,32303,20.9,3.6,3.1,30723,25.6,4,3.9,,,,,,,,,,,,,,,,,,,55221,21.6,3.3,3.4,18,39506,21.7,3.5,3.4,298
5/1/2000,Oldham,E08000004,40474,22.1,,1.8,4.7,,343,78924,24.1,1.6,5.7,46309,22.3,2,4.9,32875,21.3,1.8,4.1,31363,26.1,2.1,5.8,,,,,,,,,,,,,,,,,,,56047,21.9,1.5,4.7,25,40233,22.1,1.8,4.7,318
6/1/2000,Oldham,E08000004,40807,22.3,,0.8,5,,388,79451,24.3,0.7,6.1,46751,22.5,1,5.5,33130,21.5,0.8,4.2,31808,26.5,1.4,7.2,,,,,,,,,,,,,,,,,,,56305,22,0.5,5,41,40576,22.3,0.9,5,347
7/1/2000,Oldham,E08000004,41020,22.4,,0.5,6.9,,363,80434,24.6,1.2,8.2,47124,22.7,0.8,7.8,33200,21.5,0.2,5.9,31912,26.6,0.3,9.2,,,,,,,,,,,,,,,,,,,56794,22.2,0.9,7,26,40777,22.4,0.5,6.9,337
8/1/2000,Oldham,E08000004,41316,22.5,,0.7,4,,339,81640,25,1.5,5.8,47603,22.9,1,5.4,33321,21.6,0.4,2.6,32315,26.9,1.3,6.9,,,,,,,,,,,,,,,,,,,57608,22.5,1.4,5.1,17,41046,22.5,0.7,3.9,322
9/1/2000,Oldham,E08000004,41752,22.8,,1.1,2.7,,326,83150,25.4,1.8,5,48080,23.1,1,4.1,33616,21.8,0.9,1.1,32641,27.2,1,5.5,,,,,,,,,,,,,,,,,,,58488,22.9,1.5,4.6,24,41463,22.8,1,2.5,302
10/1/2000,Oldham,E08000004,41297,22.5,,-1.1,-1,,311,82412,25.2,-0.9,1.3,47688,23,-0.8,0.4,33183,21.5,-1.3,-2.4,32405,27,-0.7,1.3,,,,,,,,,,,,,,,,,,,58126,22.7,-0.6,1.2,18,40995,22.5,-1.1,-1.2,293
11/1/2000,Oldham,E08000004,41103,22.4,,-0.5,-1.9,,356,82060,25.1,-0.4,0.4,47416,22.8,-0.6,-0.8,33040,21.4,-0.4,-3.2,32263,26.9,-0.4,-0.1,,,,,,,,,,,,,,,,,,,57888,22.6,-0.4,0.4,26,40800,22.4,-0.5,-2.1,330
12/1/2000,Oldham,E08000004,41698,22.8,,1.4,-0.2,,367,83077,25.4,1.2,2.2,48208,23.2,1.7,1.1,33491,21.7,1.4,-1.5,33025,27.5,2.4,1.9,,,,,,,,,,,,,,,,,,,59007,23.1,1.9,2.2,27,41374,22.7,1.4,-0.4,340
1/1/2001,Oldham,E08000004,42726,23.3,,2.5,5.9,,290,85284,26.1,2.7,8.5,49290,23.7,2.2,7,34337,22.3,2.5,4.6,33894,28.2,2.6,8.7,,,,,,,,,,,,,,,,,,,61042,23.9,3.4,9.4,20,42360,23.3,2.4,5.6,270
2/1/2001,Oldham,E08000004,42241,23.1,,-1.1,7.7,,255,84330,25.8,-1.1,9.8,48727,23.5,-1.1,8.8,33947,22,-1.1,6.5,33437,27.8,-1.3,10.1,,,,,,,,,,,,,,,,,,,60938,23.8,-0.2,11.5,13,41846,23,-1.2,7.4,242
3/1/2001,Oldham,E08000004,41712,22.8,,-1.3,8.6,,353,83405,25.5,-1.1,10.7,48103,23.2,-1.3,9.5,33517,21.7,-1.3,7.5,32781,27.3,-2,10.9,,,,,,,,,,,,,,,,,,,60394,23.6,-0.9,13,29,41306,22.7,-1.3,8.2,324
4/1/2001,Oldham,E08000004,42612,23.3,,2.2,7.2,,316,85019,26,1.9,9.5,49030,23.6,1.9,8,34297,22.2,2.3,6.2,33536,27.9,2.3,9.2,,,,,,,,,,,,,,,,,,,61404,24,1.7,11.2,30,42211,23.2,2.2,6.8,286
5/1/2001,Oldham,E08000004,43217,23.6,,1.4,6.8,,325,85789,26.2,0.9,8.7,49692,23.9,1.4,7.3,34835,22.6,1.6,6,34117,28.4,1.7,8.8,,,,,,,,,,,,,,,,,,,61402,24,0,9.6,13,42854,23.5,1.5,6.5,312
6/1/2001,Oldham,E08000004,44773,24.4,,3.6,9.7,,370,88735,27.1,3.4,11.7,51477,24.8,3.6,10.1,36095,23.4,3.6,8.9,35571,29.6,4.3,11.8,,,,,,,,,,,,,,,,,,,63669,24.9,3.7,13.1,38,44394,24.4,3.6,9.4,332
7/1/2001,Oldham,E08000004,44376,24.2,,-0.9,8.2,,338,88085,26.9,-0.7,9.5,51131,24.6,-0.7,8.5,35720,23.2,-1,7.6,35254,29.3,-0.9,10.5,,,,,,,,,,,,,,,,,,,62959,24.6,-1.1,10.9,19,44008,24.2,-0.9,7.9,319
8/1/2001,Oldham,E08000004,44948,24.5,,1.3,8.8,,448,89736,27.4,1.9,9.9,51731,24.9,1.2,8.7,36153,23.4,1.2,8.5,35724,29.7,1.3,10.6,,,,,,,,,,,,,,,,,,,64240,25.1,2,11.5,18,44551,24.5,1.2,8.5,430
9/1/2001,Oldham,E08000004,44724,24.4,,-0.5,7.1,,288,89808,27.5,0.1,8,51339,24.7,-0.8,6.8,35977,23.3,-0.5,7,35511,29.6,-0.6,8.8,,,,,,,,,,,,,,,,,,,64110,25.1,-0.2,9.6,14,44320,24.3,-0.5,6.9,274
10/1/2001,Oldham,E08000004,44771,24.4,,0.1,8.4,,361,89850,27.5,0,9,51413,24.7,0.1,7.8,36008,23.4,0.1,8.5,35654,29.7,0.4,10,,,,,,,,,,,,,,,,,,,64611,25.3,0.8,11.2,12,44345,24.3,0.1,8.2,349
11/1/2001,Oldham,E08000004,45184,24.7,,0.9,9.9,,407,90457,27.7,0.7,10.2,51989,25,1.1,9.6,36317,23.6,0.9,9.9,36110,30.1,1.3,11.9,,,,,,,,,,,,,,,,,,,65208,25.5,0.9,12.6,26,44755,24.6,0.9,9.7,381
12/1/2001,Oldham,E08000004,45675,24.9,,1.1,9.5,,342,91079,27.8,0.7,9.6,52732,25.4,1.4,9.4,36659,23.8,0.9,9.5,36949,30.8,2.3,11.9,,,,,,,,,,,,,,,,,,,66099,25.8,1.4,12,20,45231,24.8,1.1,9.3,322
1/1/2002,Oldham,E08000004,46125,25.2,,1,8,,261,92162,28.2,1.2,8.1,53272,25.6,1,8.1,36991,24,0.9,7.7,37422,31.1,1.3,10.4,,,,,,,,,,,,,,,,,,,66913,26.2,1.2,9.6,12,45670,25.1,1,7.8,249
2/1/2002,Oldham,E08000004,46131,25.2,,0,9.2,,312,92350,28.2,0.2,9.5,53198,25.6,-0.1,9.2,37008,24,0,9,37479,31.2,0.2,12.1,,,,,,,,,,,,,,,,,,,67779,26.5,1.3,11.2,15,45635,25.1,-0.1,9.1,297
3/1/2002,Oldham,E08000004,46794,25.5,,1.4,12.2,,391,93454,28.6,1.2,12,53936,26,1.4,12.1,37580,24.4,1.5,12.1,37800,31.5,0.9,15.3,,,,,,,,,,,,,,,,,,,68634,26.8,1.3,13.6,28,46296,25.4,1.4,12.1,363
4/1/2002,Oldham,E08000004,46812,25.5,,0,9.9,,417,92965,28.4,-0.5,9.3,53910,25.9,0,10,37650,24.4,0.2,9.8,38088,31.7,0.8,13.6,,,,,,,,,,,,,,,,,,,68561,26.8,-0.1,11.7,33,46318,25.4,0,9.7,384
5/1/2002,Oldham,E08000004,48564,26.5,,3.7,12.4,,460,95880,29.3,3.1,11.8,56033,27,3.9,12.8,39068,25.3,3.8,12.2,39630,33,4,16.2,,,,,,,,,,,,,,,,,,,70169,27.4,2.3,14.3,43,48098,26.4,3.8,12.2,417
6/1/2002,Oldham,E08000004,49273,26.9,,1.5,10.1,,327,97266,29.7,1.4,9.6,56781,27.3,1.3,10.3,39661,25.7,1.5,9.9,40348,33.6,1.8,13.4,,,,,,,,,,,,,,,,,,,71177,27.8,1.4,11.8,39,48802,26.8,1.5,9.9,288
7/1/2002,Oldham,E08000004,51413,28.1,,4.3,15.9,,408,101672,31.1,4.5,15.4,59227,28.5,4.3,15.8,41382,26.8,4.3,15.9,41892,34.9,3.8,18.8,,,,,,,,,,,,,,,,,,,73742,28.8,3.6,17.1,29,50946,28,4.4,15.8,379
8/1/2002,Oldham,E08000004,52462,28.6,,2,16.7,,474,103900,31.8,2.2,15.8,60415,29.1,2,16.8,42216,27.4,2,16.8,42814,35.6,2.2,19.8,,,,,,,,,,,,,,,,,,,75208,29.4,2,17.1,13,51987,28.5,2,16.7,461
9/1/2002,Oldham,E08000004,53038,28.9,,1.1,18.6,,438,105226,32.2,1.3,17.2,61200,29.5,1.3,19.2,42619,27.6,1,18.5,43221,36,0.9,21.7,,,,,,,,,,,,,,,,,,,75531,29.5,0.4,17.8,28,52583,28.9,1.1,18.6,410
10/1/2002,Oldham,E08000004,53257,29.1,,0.4,19,,414,105501,32.3,0.3,17.4,61608,29.7,0.7,19.8,42744,27.7,0.3,18.7,43587,36.3,0.8,22.3,,,,,,,,,,,,,,,,,,,75820,29.6,0.4,17.3,27,52802,29,0.4,19.1,387
11/1/2002,Oldham,E08000004,53021,28.9,,-0.4,17.3,,487,105099,32.1,-0.4,16.2,61316,29.5,-0.5,17.9,42553,27.6,-0.4,17.2,43453,36.2,-0.3,20.3,,,,,,,,,,,,,,,,,,,75215,29.4,-0.8,15.3,29,52581,28.9,-0.4,17.5,458
12/1/2002,Oldham,E08000004,53706,29.3,,1.3,17.6,,403,106029,32.4,0.9,16.4,62186,29.9,1.4,17.9,43104,28,1.3,17.6,44278,36.9,1.9,19.8,,,,,,,,,,,,,,,,,,,76163,29.8,1.3,15.2,29,53262,29.2,1.3,17.8,374
1/1/2003,Oldham,E08000004,54657,29.8,,1.8,18.5,,343,107641,32.9,1.5,16.8,63125,30.4,1.5,18.5,43949,28.5,2,18.8,45164,37.6,2,20.7,,,,,,,,,,,,,,,,,,,76976,30.1,1.1,15,25,54231,29.8,1.8,18.7,318
2/1/2003,Oldham,E08000004,56019,30.6,,2.5,21.4,,346,109782,33.6,2,18.9,64839,31.2,2.7,21.9,45040,29.2,2.5,21.7,46363,38.6,2.7,23.7,,,,,,,,,,,,,,,,,,,78933,30.9,2.5,16.5,43,55581,30.5,2.5,21.8,303
3/1/2003,Oldham,E08000004,56163,30.6,,0.3,20,,335,110047,33.6,0.2,17.8,64940,31.3,0.2,20.4,45189,29.3,0.3,20.2,46316,38.6,-0.1,22.5,,,,,,,,,,,,,,,,,,,79327,31,0.5,15.6,28,55715,30.6,0.2,20.3,307
4/1/2003,Oldham,E08000004,56005,30.6,,-0.3,19.6,,343,109327,33.4,-0.7,17.6,64987,31.3,0.1,20.5,45010,29.2,-0.4,19.5,46263,38.5,-0.1,21.5,,,,,,,,,,,,,,,,,,,79392,31,0.1,15.8,23,55543,30.5,-0.3,19.9,320
5/1/2003,Oldham,E08000004,56451,30.8,,0.8,16.2,,452,110031,33.6,0.6,14.8,65516,31.5,0.8,16.9,45386,29.4,0.8,16.2,46495,38.7,0.5,17.3,,,,,,,,,,,,,,,,,,,79852,31.2,0.6,13.8,35,55994,30.7,0.8,16.4,417
6/1/2003,Oldham,E08000004,58125,31.7,,3,18,,370,112729,34.5,2.5,15.9,67402,32.4,2.9,18.7,46798,30.3,3.1,18,48136,40.1,3.5,19.3,,,,,,,,,,,,,,,,,,,81901,32,2.6,15.1,36,57670,31.7,3,18.2,334
7/1/2003,Oldham,E08000004,59742,32.6,,2.8,16.2,,419,115456,35.3,2.4,13.6,69222,33.3,2.7,16.9,48171,31.2,2.9,16.4,49213,41,2.2,17.5,,,,,,,,,,,,,,,,,,,84017,32.9,2.6,13.9,12,59283,32.5,2.8,16.4,407
8/1/2003,Oldham,E08000004,61793,33.7,,3.4,17.8,,432,118967,36.4,3,14.5,71508,34.4,3.3,18.4,49906,32.4,3.6,18.2,50837,42.3,3.3,18.7,,,,,,,,,,,,,,,,,,,86498,33.8,3,15,21,61338,33.7,3.5,18,411
9/1/2003,Oldham,E08000004,62923,34.3,,1.8,18.6,,427,120824,36.9,1.6,14.8,72788,35,1.8,18.9,50877,33,1.9,19.4,51340,42.7,1,18.8,,,,,,,,,,,,,,,,,,,87431,34.2,1.1,15.8,24,62492,34.3,1.9,18.8,403
10/1/2003,Oldham,E08000004,63606,34.7,,1.1,19.4,,568,121750,37.2,0.8,15.4,73472,35.4,0.9,19.3,51508,33.4,1.2,20.5,51921,43.2,1.1,19.1,,,,,,,,,,,,,,,,,,,87939,34.4,0.6,16,30,63194,34.7,1.1,19.7,538
11/1/2003,Oldham,E08000004,63800,34.8,,0.3,20.3,,490,121655,37.2,-0.1,15.8,73666,35.5,0.3,20.1,51724,33.5,0.4,21.6,52016,43.3,0.2,19.7,,,,,,,,,,,,,,,,,,,88006,34.4,0.1,17,13,63396,34.8,0.3,20.6,477
12/1/2003,Oldham,E08000004,65472,35.7,,2.6,21.9,,430,123555,37.8,1.6,16.5,75464,36.3,2.4,21.4,53253,34.5,3,23.5,53590,44.6,3,21,,,,,,,,,,,,,,,,,,,89923,35.2,2.2,18.1,38,65078,35.7,2.7,22.2,392
1/1/2004,Oldham,E08000004,66380,36.2,,1.4,21.4,,341,124995,38.2,1.2,16.1,76363,36.8,1.2,21,54084,35.1,1.6,23.1,54136,45.1,1,19.9,,,,,,,,,,,,,,,,,,,91268,35.7,1.5,18.6,19,65976,36.2,1.4,21.7,322
2/1/2004,Oldham,E08000004,67344,36.7,,1.5,20.2,,409,126115,38.6,0.9,14.9,77257,37.2,1.2,19.2,54997,35.7,1.7,22.1,54976,45.8,1.6,18.6,,,,,,,,,,,,,,,,,,,93132,36.4,2,18,23,66911,36.7,1.4,20.4,386
3/1/2004,Oldham,E08000004,66410,36.2,,-1.4,18.2,,440,124429,38,-1.3,13.1,76022,36.6,-1.6,17.1,54267,35.2,-1.3,20.1,53972,44.9,-1.8,16.5,,,,,,,,,,,,,,,,,,,92357,36.1,-0.8,16.4,20,65957,36.2,-1.4,18.4,420
4/1/2004,Oldham,E08000004,70027,38.2,,5.4,25,,444,129295,39.5,3.9,18.3,79983,38.5,5.2,23.1,57445,37.3,5.9,27.6,56674,47.2,5,22.5,,,,,,,,,,,,,,,,,,,96067,37.6,4,21,27,69599,38.2,5.5,25.3,417
5/1/2004,Oldham,E08000004,72742,39.7,,3.9,28.9,,394,132513,40.5,2.5,20.4,82731,39.8,3.4,26.3,59938,38.9,4.3,32.1,58673,48.8,3.5,26.2,,,,,,,,,,,,,,,,,,,98506,38.5,2.5,23.4,16,72346,39.7,3.9,29.2,378
6/1/2004,Oldham,E08000004,78842,43,,8.4,35.6,,440,142300,43.5,7.4,26.2,89544,43.1,8.2,32.9,65104,42.2,8.6,39.1,63680,53,8.5,32.3,,,,,,,,,,,,,,,,,,,106498,41.6,8.1,30,11,78422,43.1,8.4,36,429
7/1/2004,Oldham,E08000004,81268,44.3,,3.1,36,,484,146165,44.7,2.7,26.6,92262,44.4,3,33.3,67173,43.6,3.2,39.4,65440,54.5,2.8,33,,,,,,,,,,,,,,,,,,,109025,42.6,2.4,29.8,16,80864,44.4,3.1,36.4,468
8/1/2004,Oldham,E08000004,84286,46,,3.7,36.4,,433,151771,46.4,3.8,27.6,95751,46.1,3.8,33.9,69650,45.2,3.7,39.6,67630,56.3,3.3,33,,,,,,,,,,,,,,,,,,,112490,44,3.2,30,13,83890,46.1,3.7,36.8,420
9/1/2004,Oldham,E08000004,83505,45.6,,-0.9,32.7,,347,150402,46,-0.9,24.5,94685,45.6,-1.1,30.1,69081,44.8,-0.8,35.8,66583,55.4,-1.5,29.7,,,,,,,,,,,,,,,,,,,110498,43.2,-1.8,26.4,9,83148,45.7,-0.9,33.1,338
10/1/2004,Oldham,E08000004,84034,45.9,,0.6,32.1,,410,151512,46.3,0.7,24.4,95112,45.8,0.5,29.5,69534,45.1,0.7,35,67397,56.1,1.2,29.8,,,,,,,,,,,,,,,,,,,112116,43.8,1.5,27.5,14,83640,45.9,0.6,32.4,396
11/1/2004,Oldham,E08000004,83865,45.8,,-0.2,31.5,,333,150938,46.2,-0.4,24.1,94735,45.6,-0.4,28.6,69459,45,-0.1,34.3,67471,56.2,0.1,29.7,,,,,,,,,,,,,,,,,,,112385,43.9,0.2,27.7,27,83452,45.8,-0.2,31.6,306
12/1/2004,Oldham,E08000004,86143,47,,2.7,31.6,,338,154295,47.2,2.2,24.9,97125,46.8,2.5,28.7,71440,46.3,2.9,34.2,69704,58,3.3,30.1,,,,,,,,,,,,,,,,,,,116269,45.5,3.5,29.3,47,85687,47,2.7,31.7,291
1/1/2005,Oldham,E08000004,86925,47.4,,0.9,31,,233,155673,47.6,0.9,24.5,97746,47.1,0.6,28,72170,46.8,1,33.4,70341,58.6,0.9,29.9,,,,,,,,,,,,,,,,,,,118333,46.3,1.8,29.7,6,86427,47.5,0.9,31,227
2/1/2005,Oldham,E08000004,88769,48.4,,2.1,31.8,,226,158958,48.6,2.1,26,99904,48.1,2.2,29.3,73670,47.8,2.1,34,71835,59.8,2.1,30.7,,,,,,,,,,,,,,,,,,,122278,47.8,3.3,31.3,2,88203,48.4,2.1,31.8,224
3/1/2005,Oldham,E08000004,88524,48.3,,-0.3,33.3,,289,158606,48.5,-0.2,27.5,99706,48,-0.2,31.2,73443,47.6,-0.3,35.3,71449,59.5,-0.5,32.4,,,,,,,,,,,,,,,,,,,122839,48,0.5,33,5,87922,48.3,-0.3,33.3,284
4/1/2005,Oldham,E08000004,88093,48.1,,-0.5,25.8,,310,156839,48,-1.1,21.3,99284,47.8,-0.4,24.1,73142,47.4,-0.4,27.3,71058,59.1,-0.5,25.4,,,,,,,,,,,,,,,,,,,123133,48.1,0.2,28.2,11,87455,48,-0.5,25.7,299
5/1/2005,Oldham,E08000004,90047,49.1,,2.2,23.8,,333,159867,48.9,1.9,20.6,101179,48.7,1.9,22.3,74896,48.6,2.4,25,72658,60.5,2.3,23.8,,,,,,,,,,,,,,,,,,,125861,49.2,2.2,27.8,10,89395,49.1,2.2,23.6,323
6/1/2005,Oldham,E08000004,93661,51.1,,4,18.8,,343,164692,50.4,3,15.7,104815,50.5,3.6,17.1,78169,50.7,4.4,20.1,75434,62.8,3.8,18.5,,,,,,,,,,,,,,,,,,,130176,50.9,3.4,22.2,44,93016,51.1,4.1,18.6,299
7/1/2005,Oldham,E08000004,96705,52.8,,3.3,19,,358,169844,51.9,3.1,16.2,108118,52,3.2,17.2,80770,52.4,3.3,20.2,77652,64.6,2.9,18.7,,,,,,,,,,,,,,,,,,,133497,52.2,2.6,22.4,21,96079,52.8,3.3,18.8,337
8/1/2005,Oldham,E08000004,98216,53.6,,1.6,16.5,,354,172195,52.6,1.4,13.5,109550,52.7,1.3,14.4,82152,53.3,1.7,17.9,78584,65.4,1.2,16.2,,,,,,,,,,,,,,,,,,,135213,52.9,1.3,20.2,23,97596,53.6,1.6,16.3,331
9/1/2005,Oldham,E08000004,98887,54,,0.7,18.4,,380,173831,53.2,1,15.6,110132,53,0.5,16.3,82742,53.7,0.7,19.8,78911,65.7,0.4,18.5,,,,,,,,,,,,,,,,,,,136153,53.2,0.7,23.2,18,98262,54,0.7,18.2,362
10/1/2005,Oldham,E08000004,100836,55,,2,20,,320,176968,54.1,1.8,16.8,111906,53.9,1.6,17.7,84517,54.8,2.1,21.5,80638,67.1,2.2,19.6,,,,,,,,,,,,,,,,,,,139060,54.4,2.1,24,23,100189,55,2,19.8,297
11/1/2005,Oldham,E08000004,99465,54.3,,-1.4,18.6,,351,174117,53.2,-1.6,15.4,110350,53.1,-1.4,16.5,83409,54.1,-1.3,20.1,79625,66.3,-1.3,18,,,,,,,,,,,,,,,,,,,137522,53.8,-1.1,22.4,19,98811,54.3,-1.4,18.4,332
12/1/2005,Oldham,E08000004,101306,55.3,,1.9,17.6,,364,176408,53.9,1.3,14.3,112218,54,1.7,15.5,85059,55.2,2,19.1,81580,67.9,2.5,17,,,,,,,,,,,,,,,,,,,140471,54.9,2.1,20.8,46,100622,55.2,1.8,17.4,318
1/1/2006,Oldham,E08000004,103068,56.2,,1.7,18.6,,287,179482,54.9,1.7,15.3,114063,54.9,1.6,16.7,86594,56.2,1.8,20,82566,68.7,1.2,17.4,,,,,,,,,,,,,,,,,,,142850,55.9,1.7,20.7,25,102374,56.2,1.7,18.5,262
2/1/2006,Oldham,E08000004,105143,57.4,,2,18.4,,281,182300,55.7,1.6,14.7,116066,55.9,1.8,16.2,88465,57.4,2.2,20.1,84365,70.2,2.2,17.4,,,,,,,,,,,,,,,,,,,146235,57.2,2.4,19.6,14,104401,57.3,2,18.4,267
3/1/2006,Oldham,E08000004,102405,55.9,,-2.6,15.7,,401,178020,54.4,-2.3,12.2,113135,54.5,-2.5,13.5,86121,55.9,-2.6,17.3,81555,67.9,-3.3,14.1,,,,,,,,,,,,,,,,,,,142656,55.8,-2.4,16.1,15,101667,55.8,-2.6,15.6,386
4/1/2006,Oldham,E08000004,101951,55.6,,-0.4,15.7,,321,176132,53.9,-1.1,12.3,112591,54.2,-0.5,13.4,85852,55.7,-0.3,17.4,81126,67.5,-0.5,14.2,,,,,,,,,,,,,,,,,,,142190,55.6,-0.3,15.5,12,101207,55.6,-0.5,15.7,309
5/1/2006,Oldham,E08000004,103197,56.3,,1.2,14.6,,397,178155,54.5,1.1,11.4,114061,54.9,1.3,12.7,86918,56.4,1.2,16.1,81758,68.1,0.8,12.5,,,,,,,,,,,,,,,,,,,143216,56,0.7,13.8,27,102485,56.3,1.3,14.6,370
6/1/2006,Oldham,E08000004,106893,58.3,,3.6,14.1,,477,183610,56.1,3.1,11.5,118056,56.8,3.5,12.6,90146,58.5,3.7,15.3,84638,70.5,3.5,12.2,,,,,,,,,,,,,,,,,,,147931,57.8,3.3,13.6,51,106180,58.3,3.6,14.2,426
7/1/2006,Oldham,E08000004,108571,59.2,,1.6,12.3,,373,186533,57,1.6,9.8,119674,57.6,1.4,10.7,91716,59.5,1.7,13.6,85397,71.1,0.9,10,,,,,,,,,,,,,,,,,,,148967,58.2,0.7,11.6,13,107924,59.3,1.6,12.3,360
8/1/2006,Oldham,E08000004,110186,60.1,,1.5,12.2,,420,189648,58,1.7,10.1,121363,58.4,1.4,10.8,93185,60.4,1.6,13.4,85838,71.5,0.5,9.2,,,,,,,,,,,,,,,,,,,149472,58.4,0.3,10.5,18,109631,60.2,1.6,12.3,402
9/1/2006,Oldham,E08000004,112070,61.2,,1.7,13.3,,409,193684,59.2,2.1,11.4,123424,59.4,1.7,12.1,94792,61.5,1.7,14.6,86689,72.2,1,9.9,,,,,,,,,,,,,,,,,,,150997,59,1,10.9,28,111568,61.3,1.8,13.5,381
10/1/2006,Oldham,E08000004,113114,61.7,,0.9,12.2,,368,195954,59.9,1.2,10.7,124691,60,1,11.4,95553,62,0.8,13.1,87825,73.1,1.3,8.9,,,,,,,,,,,,,,,,,,,152726,59.7,1.1,9.8,16,112588,61.8,0.9,12.4,352
11/1/2006,Oldham,E08000004,114887,62.7,,1.6,15.5,,464,198888,60.8,1.5,14.2,126652,61,1.6,14.8,97057,62.9,1.6,16.4,89223,74.3,1.6,12.1,,,,,,,,,,,,,,,,,,,155185,60.7,1.6,12.8,56,114348,62.8,1.6,15.7,408
12/1/2006,Oldham,E08000004,118087,64.4,,2.8,16.6,,487,203107,62.1,2.1,15.1,129950,62.6,2.6,15.8,99920,64.8,2.9,17.5,92012,76.6,3.1,12.8,,,,,,,,,,,,,,,,,,,159717,62.5,2.9,13.7,77,117520,64.5,2.8,16.8,410
1/1/2007,Oldham,E08000004,118756,64.8,,0.6,15.2,,325,203933,62.4,0.4,13.6,130557,62.8,0.5,14.5,100598,65.2,0.7,16.2,92235,76.8,0.2,11.7,,,,,,,,,,,,,,,,,,,160412,62.7,0.4,12.3,27,118199,64.9,0.6,15.5,298
2/1/2007,Oldham,E08000004,117969,64.4,,-0.7,12.2,,358,202464,61.9,-0.7,11.1,129655,62.4,-0.7,11.7,99893,64.8,-0.7,12.9,92158,76.7,-0.1,9.2,,,,,,,,,,,,,,,,,,,160084,62.6,-0.2,9.5,8,117378,64.4,-0.7,12.4,350
3/1/2007,Oldham,E08000004,115261,62.9,,-2.3,12.6,,411,198343,60.6,-2,11.4,126744,61,-2.2,12,97591,63.3,-2.3,13.3,89555,74.5,-2.8,9.8,,,,,,,,,,,,,,,,,,,155701,60.9,-2.7,9.1,23,114712,63,-2.3,12.8,388
4/1/2007,Oldham,E08000004,116208,63.4,,0.8,14,,308,199221,60.9,0.4,13.1,127657,61.4,0.7,13.4,98506,63.9,0.9,14.7,90265,75.1,0.8,11.3,,,,,,,,,,,,,,,,,,,156136,61.1,0.3,9.8,9,115689,63.5,0.9,14.3,299
5/1/2007,Oldham,E08000004,118423,64.6,,1.9,14.8,,411,201923,61.7,1.4,13.3,129816,62.5,1.7,13.8,100562,65.2,2.1,15.7,92059,76.6,2,12.6,,,,,,,,,,,,,,,,,,,159339,62.3,2.1,11.3,21,117885,64.7,1.9,15,390
6/1/2007,Oldham,E08000004,119176,65,,0.6,11.5,,407,202846,62,0.5,10.5,130415,62.8,0.5,10.5,101290,65.7,0.7,12.4,92808,77.3,0.8,9.7,,,,,,,,,,,,,,,,,,,160486,62.8,0.7,8.5,23,118629,65.1,0.6,11.7,384
7/1/2007,Oldham,E08000004,119259,65.1,,0.1,9.8,,374,203460,62.2,0.3,9.1,130410,62.8,0,9,101372,65.7,0.1,10.5,92720,77.2,-0.1,8.6,,,,,,,,,,,,,,,,,,,161330,63.1,0.5,8.3,10,118683,65.2,0,10,364
8/1/2007,Oldham,E08000004,118980,64.9,,-0.2,8,,413,203957,62.4,0.2,7.5,130148,62.6,-0.2,7.2,101175,65.6,-0.2,8.6,91385,76.1,-1.4,6.5,,,,,,,,,,,,,,,,,,,158940,62.1,-1.5,6.3,12,118485,65.1,-0.2,8.1,401
9/1/2007,Oldham,E08000004,119059,65,,0.1,6.2,,383,204837,62.6,0.4,5.8,130222,62.7,0.1,5.5,101211,65.6,0,6.8,91215,75.9,-0.2,5.2,,,,,,,,,,,,,,,,,,,158564,62,-0.2,5,12,118583,65.1,0.1,6.3,371
10/1/2007,Oldham,E08000004,122635,66.9,,3,8.4,,372,211637,64.7,3.3,8,134103,64.6,3,7.5,104163,67.6,2.9,9,94301,78.5,3.4,7.4,,,,,,,,,,,,,,,,,,,163020,63.7,2.8,6.7,26,122157,67.1,3,8.5,346
11/1/2007,Oldham,E08000004,124075,67.7,,1.2,8,,431,214550,65.6,1.4,7.9,135719,65.3,1.2,7.2,105256,68.3,1.1,8.4,96037,79.9,1.8,7.6,,,,,,,,,,,,,,,,,,,165811,64.8,1.7,6.8,14,123556,67.8,1.1,8.1,417
12/1/2007,Oldham,E08000004,125437,68.4,,1.1,6.2,,303,216776,66.3,1,6.7,137222,66.1,1.1,5.6,106383,69,1.1,6.5,97371,81.1,1.4,5.8,,,,,,,,,,,,,,,,,,,168300,65.8,1.5,5.4,44,124885,68.6,1.1,6.3,259
1/1/2008,Oldham,E08000004,123121,67.2,,-1.8,3.7,,248,212905,65.1,-1.8,4.4,134634,64.8,-1.9,3.1,104429,67.7,-1.8,3.8,95560,79.5,-1.9,3.6,,,,,,,,,,,,,,,,,,,165753,64.8,-1.5,3.3,22,122558,67.3,-1.9,3.7,226
2/1/2008,Oldham,E08000004,123351,67.3,,0.2,4.6,,270,213333,65.2,0.2,5.4,134899,64.9,0.2,4,104626,67.9,0.2,4.7,95636,79.6,0.1,3.8,,,,,,,,,,,,,,,,,,,168162,65.8,1.5,5,16,122676,67.4,0.1,4.5,254
3/1/2008,Oldham,E08000004,122083,66.6,,-1,5.9,,265,211541,64.7,-0.8,6.7,133767,64.4,-0.8,5.5,103486,67.1,-1.1,6,94119,78.3,-1.6,5.1,,,,,,,,,,,,,,,,,,,167610,65.5,-0.3,7.6,23,121353,66.6,-1.1,5.8,242
4/1/2008,Oldham,E08000004,121160,66.1,,-0.8,4.3,,240,210205,64.3,-0.6,5.5,132855,63.9,-0.7,4.1,102703,66.6,-0.8,4.3,92916,77.3,-1.3,2.9,,,,,,,,,,,,,,,,,,,167161,65.4,-0.3,7.1,7,120386,66.1,-0.8,4.1,233
5/1/2008,Oldham,E08000004,118442,64.6,,-2.2,0,,232,204929,62.7,-2.5,1.5,129901,62.5,-2.2,0.1,100457,65.1,-2.2,-0.1,90642,75.4,-2.4,-1.5,,,,,,,,,,,,,,,,,,,162996,63.7,-2.5,2.3,10,117709,64.6,-2.2,-0.1,222
6/1/2008,Oldham,E08000004,118414,64.6,,0,-0.6,,229,204424,62.5,-0.2,0.8,129745,62.5,-0.1,-0.5,100493,65.2,0,-0.8,90807,75.6,0.2,-2.2,,,,,,,,,,,,,,,,,,,162848,63.7,-0.1,1.5,20,117688,64.6,0,-0.8,209
7/1/2008,Oldham,E08000004,116428,63.5,,-1.7,-2.4,,181,200854,61.4,-1.7,-1.3,127798,61.5,-1.5,-2,98732,64,-1.8,-2.6,89336,74.4,-1.6,-3.7,,,,,,,,,,,,,,,,,,,159429,62.3,-2.1,-1.2,8,115756,63.6,-1.6,-2.5,173
8/1/2008,Oldham,E08000004,116573,63.6,,0.1,-2,,172,201678,61.7,0.4,-1.1,127902,61.6,0.1,-1.7,98831,64.1,0.1,-2.3,89412,74.4,0.1,-2.2,,,,,,,,,,,,,,,,,,,158053,61.8,-0.9,-0.6,10,115996,63.7,0.2,-2.1,162
9/1/2008,Oldham,E08000004,113693,62,,-2.5,-4.5,,143,198746,60.8,-1.5,-3,124745,60,-2.5,-4.2,96206,62.4,-2.7,-4.9,87352,72.7,-2.3,-4.2,,,,,,,,,,,,,,,,,,,153657,60.1,-2.8,-3.1,9,113160,62.1,-2.4,-4.6,134
10/1/2008,Oldham,E08000004,114225,62.3,,0.5,-6.9,,167,200360,61.3,0.8,-5.3,125357,60.3,0.5,-6.5,96571,62.6,0.4,-7.3,87935,73.2,0.7,-6.8,,,,,,,,,,,,,,,,,,,154479,60.4,0.5,-5.2,13,113683,62.4,0.5,-6.9,154
11/1/2008,Oldham,E08000004,111294,60.7,,-2.6,-10.3,,145,195805,59.9,-2.3,-8.7,122424,58.9,-2.3,-9.8,93931,60.9,-2.7,-10.8,85835,71.4,-2.4,-10.6,,,,,,,,,,,,,,,,,,,152039,59.4,-1.6,-8.3,20,110674,60.8,-2.6,-10.4,125
12/1/2008,Oldham,E08000004,112502,61.4,,1.1,-10.3,,142,196781,60.2,0.5,-9.2,123795,59.6,1.1,-9.8,95053,61.6,1.2,-10.7,86544,72,0.8,-11.1,,,,,,,,,,,,,,,,,,,153326,60,0.8,-8.9,26,111897,61.4,1.1,-10.4,116
1/1/2009,Oldham,E08000004,104959,57.3,,-6.7,-14.8,,96,184097,56.3,-6.4,-13.5,115438,55.6,-6.8,-14.3,88651,57.5,-6.7,-15.1,80810,67.3,-6.6,-15.4,,,,,,,,,,,,,,,,,,,143360,56.1,-6.5,-13.5,6,104375,57.3,-6.7,-14.8,90
2/1/2009,Oldham,E08000004,105749,57.7,,0.8,-14.3,,101,185683,56.8,0.9,-13,116207,55.9,0.7,-13.9,89313,57.9,0.7,-14.6,81617,67.9,1,-14.7,,,,,,,,,,,,,,,,,,,144436,56.5,0.8,-14.1,12,105160,57.7,0.8,-14.3,89
3/1/2009,Oldham,E08000004,100357,54.8,,-5.1,-17.8,,124,176860,54.1,-4.8,-16.4,110351,53.1,-5,-17.5,84626,54.9,-5.2,-18.2,78015,64.9,-4.4,-17.1,,,,,,,,,,,,,,,,,,,138432,54.1,-4.2,-17.4,23,99711,54.7,-5.2,-17.8,101
4/1/2009,Oldham,E08000004,105068,57.3,,4.7,-13.3,,129,184318,56.4,4.2,-12.3,115686,55.7,4.8,-12.9,88651,57.5,4.8,-13.7,81295,67.7,4.2,-12.5,,,,,,,,,,,,,,,,,,,144619,56.5,4.5,-13.5,9,104413,57.3,4.7,-13.3,120
5/1/2009,Oldham,E08000004,103070,56.2,,-1.9,-13,,132,180122,55.1,-2.3,-12.1,113542,54.7,-1.9,-12.6,87071,56.5,-1.8,-13.3,79164,65.9,-2.6,-12.7,,,,,,,,,,,,,,,,,,,141045,55.2,-2.5,-13.5,13,102482,56.3,-1.8,-12.9,119
6/1/2009,Oldham,E08000004,105762,57.7,,2.6,-10.7,,165,184469,56.4,2.4,-9.8,116520,56.1,2.6,-10.2,89466,58,2.8,-11,80411,66.9,1.6,-11.4,,,,,,,,,,,,,,,,,,,143316,56,1.6,-12,13,105254,57.8,2.7,-10.6,152
7/1/2009,Oldham,E08000004,104985,57.3,,-0.7,-9.8,,162,183080,56,-0.8,-8.8,115590,55.6,-0.8,-9.6,88922,57.7,-0.6,-9.9,79158,65.9,-1.6,-11.4,,,,,,,,,,,,,,,,,,,141473,55.3,-1.3,-11.3,9,104535,57.4,-0.7,-9.7,153
8/1/2009,Oldham,E08000004,104932,57.3,,-0.1,-10,,171,183665,56.2,0.3,-8.9,115510,55.6,-0.1,-9.7,88899,57.7,0,-10,78453,65.3,-0.9,-12.3,,,,,,,,,,,,,,,,,,,140275,54.8,-0.8,-11.2,11,104559,57.4,0,-9.9,160
9/1/2009,Oldham,E08000004,105630,57.6,,0.7,-7.1,,157,185194,56.6,0.8,-6.8,116338,56,0.7,-6.7,89465,58,0.6,-7,78700,65.5,0.3,-9.9,,,,,,,,,,,,,,,,,,,141155,55.2,0.6,-8.1,14,105259,57.8,0.7,-7,143
10/1/2009,Oldham,E08000004,105852,57.8,,0.2,-7.3,,197,185835,56.8,0.3,-7.2,116735,56.2,0.3,-6.9,89591,58.1,0.1,-7.2,78585,65.4,-0.1,-10.6,,,,,,,,,,,,,,,,,,,140871,55.1,-0.2,-8.8,18,105520,57.9,0.2,-7.2,179
11/1/2009,Oldham,E08000004,106739,58.2,,0.8,-4.1,,165,187380,57.3,0.8,-4.3,117572,56.6,0.7,-4,90431,58.6,0.9,-3.7,79059,65.8,0.6,-7.9,,,,,,,,,,,,,,,,,,,142181,55.6,0.9,-6.5,7,106396,58.4,0.8,-3.9,158
12/1/2009,Oldham,E08000004,108447,59.2,,1.6,-3.6,,240,188891,57.8,0.8,-4,119367,57.5,1.5,-3.6,92118,59.7,1.9,-3.1,79850,66.5,1,-7.7,,,,,,,,,,,,,,,,,,,143491,56.1,0.9,-6.4,22,108164,59.4,1.7,-3.3,218
1/1/2010,Oldham,E08000004,108330,59.1,,-0.1,3.2,,105,189659,58,0.4,3,119391,57.5,0,3.4,91946,59.6,-0.2,3.7,79012,65.8,-1,-2.2,,,,,,,,,,,,,,,,,,,141552,55.3,-1.4,-1.3,6,108175,59.4,0,3.6,99
2/1/2010,Oldham,E08000004,109041,59.5,,0.7,3.1,,110,191748,58.6,1.1,3.3,120594,58,1,3.8,92326,59.9,0.4,3.4,79141,65.9,0.2,-3,,,,,,,,,,,,,,,,,,,142914,55.9,1,-1.1,11,108874,59.8,0.6,3.5,99
3/1/2010,Oldham,E08000004,106183,57.9,,-2.6,5.8,,174,189124,57.8,-1.4,6.9,117753,56.7,-2.4,6.7,89524,58.1,-3,5.8,77153,64.2,-2.5,-1.1,,,,,,,,,,,,,,,,,,,139843,54.7,-2.1,1,31,105994,58.2,-2.6,6.3,143
4/1/2010,Oldham,E08000004,106961,58.4,,0.7,1.8,,161,189922,58.1,0.4,3,118623,57.1,0.7,2.5,90196,58.5,0.8,1.7,78051,65,1.2,-4,,,,,,,,,,,,,,,,,,,142119,55.6,1.6,-1.7,19,106690,58.6,0.7,2.2,142
5/1/2010,Oldham,E08000004,107194,58.5,,0.2,4,,162,190203,58.2,0.1,5.6,118688,57.1,0.1,4.5,90480,58.7,0.3,3.9,78337,65.2,0.4,-1,,,,,,,,,,,,,,,,,,,141697,55.4,-0.3,0.5,13,106967,58.7,0.3,4.4,149
6/1/2010,Oldham,E08000004,110081,60.1,,2.7,4.1,,203,194556,59.5,2.3,5.5,121756,58.6,2.6,4.5,93115,60.4,2.9,4.1,79881,66.5,2,-0.7,,,,,,,,,,,,,,,,,,,144628,56.6,2.1,0.9,14,109903,60.3,2.7,4.4,189
7/1/2010,Oldham,E08000004,110998,60.6,,0.8,5.7,,196,197016,60.2,1.3,7.6,122723,59.1,0.8,6.2,93868,60.9,0.8,5.6,80195,66.8,0.4,1.3,,,,,,,,,,,,,,,,,,,145283,56.8,0.5,2.7,9,110853,60.9,0.9,6,187
8/1/2010,Oldham,E08000004,111967,61.1,,0.9,6.7,,181,199357,61,1.2,8.5,124194,59.8,1.2,7.5,94500,61.3,0.7,6.3,80428,66.9,0.3,2.5,,,,,,,,,,,,,,,,,,,146288,57.2,0.7,4.3,13,111837,61.4,0.9,7,168
9/1/2010,Oldham,E08000004,109671,59.8,,-2.1,3.8,,142,196487,60.1,-1.4,6.1,121729,58.6,-2,4.6,92423,59.9,-2.2,3.3,78614,65.4,-2.3,-0.1,,,,,,,,,,,,,,,,,,,143671,56.2,-1.8,1.8,9,109521,60.1,-2.1,4,133
10/1/2010,Oldham,E08000004,110133,60.1,,0.4,4,,173,197558,60.4,0.5,6.3,122422,58.9,0.6,4.9,92680,60.1,0.3,3.4,79197,65.9,0.7,0.8,,,,,,,,,,,,,,,,,,,145848,57,1.5,3.5,7,109884,60.3,0.3,4.1,166
11/1/2010,Oldham,E08000004,107300,58.6,,-2.6,0.5,,168,192953,59,-2.3,3,119159,57.4,-2.7,1.3,90275,58.5,-2.6,-0.2,77377,64.4,-2.3,-2.1,,,,,,,,,,,,,,,,,,,142711,55.8,-2.2,0.4,5,107019,58.8,-2.6,0.6,163
12/1/2010,Oldham,E08000004,108381,59.1,,1,-0.1,,159,194799,59.6,1,3.1,120547,58,1.2,1,91090,59.1,0.9,-1.1,78329,65.2,1.2,-1.9,,,,,,,,,,,,,,,,,,,145485,56.9,1.9,1.4,10,108016,59.3,0.9,-0.1,149
1/1/2011,Oldham,E08000004,107047,58.4,,-1.2,-1.2,,113,193164,59.1,-0.8,1.8,118983,57.3,-1.3,-0.3,89913,58.3,-1.3,-2.2,77537,64.5,-1,-1.9,,,,,,,,,,,,,,,,,,,144860,56.6,-0.4,2.3,5,106617,58.5,-1.3,-1.4,108
2/1/2011,Oldham,E08000004,106382,58.1,,-0.6,-2.4,,115,192190,58.8,-0.5,0.2,118115,56.9,-0.7,-2.1,89372,58,-0.6,-3.2,77230,64.3,-0.4,-2.4,,,,,,,,,,,,,,,,,,,145404,56.9,0.4,1.7,4,105867,58.1,-0.7,-2.8,111
3/1/2011,Oldham,E08000004,103371,56.4,,-2.8,-2.6,,133,187625,57.4,-2.4,-0.8,114708,55.2,-2.9,-2.6,86773,56.3,-2.9,-3.1,75173,62.6,-2.7,-2.6,,,,,,,,,,,,,,,,,,,142046,55.5,-2.3,1.6,5,102841,56.5,-2.9,-3,128
4/1/2011,Oldham,E08000004,101924,55.6,,-1.4,-4.7,,149,184376,56.4,-1.7,-2.9,113027,54.4,-1.5,-4.7,85670,55.6,-1.3,-5,74042,61.6,-1.5,-5.1,,,,,,,,,,,,,,,,,,,140031,54.8,-1.4,-1.5,6,101402,55.7,-1.4,-5,143
5/1/2011,Oldham,E08000004,103151,56.3,,1.2,-3.8,,124,185859,56.8,0.8,-2.3,114505,55.1,1.3,-3.5,86666,56.2,1.2,-4.2,75254,62.6,1.6,-3.9,,,,,,,,,,,,,,,,,,,142368,55.7,1.7,0.5,8,102602,56.3,1.2,-4.1,116
6/1/2011,Oldham,E08000004,103226,56.3,,0.1,-6.2,,138,184880,56.5,-0.5,-5,114741,55.2,0.2,-5.8,86755,56.3,0.1,-6.8,75379,62.7,0.2,-5.6,,,,,,,,,,,,,,,,,,,141928,55.5,-0.3,-1.9,13,102694,56.4,0.1,-6.6,125
7/1/2011,Oldham,E08000004,104339,56.9,,1.1,-6,,163,186803,57.1,1,-5.2,116069,55.9,1.2,-5.4,87626,56.8,1,-6.7,76368,63.6,1.3,-4.8,,,,,,,,,,,,,,,,,,,143567,56.1,1.2,-1.2,8,103798,57,1.1,-6.4,155
8/1/2011,Oldham,E08000004,102126,55.7,,-2.1,-8.8,,148,183278,56,-1.9,-8.1,113708,54.7,-2,-8.4,85792,55.6,-2.1,-9.2,74003,61.6,-3.1,-8,,,,,,,,,,,,,,,,,,,139035,54.4,-3.2,-5,4,101645,55.8,-2.1,-9.1,144
9/1/2011,Oldham,E08000004,101823,55.6,,-0.3,-7.2,,164,183422,56.1,0.1,-6.6,113267,54.5,-0.4,-7,85608,55.5,-0.2,-7.4,73233,61,-1,-6.8,,,,,,,,,,,,,,,,,,,137605,53.8,-1,-4.2,3,101376,55.7,-0.3,-7.4,161
10/1/2011,Oldham,E08000004,100511,54.8,,-1.3,-8.7,,194,181751,55.6,-0.9,-8,112024,53.9,-1.1,-8.5,84400,54.7,-1.4,-8.9,71850,59.8,-1.9,-9.3,,,,,,,,,,,,,,,,,,,135409,52.9,-1.6,-7.2,3,100084,55,-1.3,-8.9,191
11/1/2011,Oldham,E08000004,102798,56.1,,2.3,-4.2,,170,186069,56.9,2.4,-3.6,114695,55.2,2.4,-3.7,86131,55.9,2.1,-4.6,74186,61.8,3.3,-4.1,,,,,,,,,,,,,,,,,,,139934,54.7,3.3,-1.9,6,102314,56.2,2.2,-4.4,164
12/1/2011,Oldham,E08000004,103560,56.5,,0.7,-4.4,,161,186782,57.1,0.4,-4.1,115709,55.7,0.9,-4,86703,56.2,0.7,-4.8,75066,62.5,1.2,-4.2,,,,,,,,,,,,,,,,,,,141978,55.5,1.5,-2.4,10,103039,56.6,0.7,-4.6,151
1/1/2012,Oldham,E08000004,101127,55.2,,-2.3,-5.5,,125,181709,55.6,-2.7,-5.9,113005,54.4,-2.3,-5,84726,54.9,-2.3,-5.8,73316,61,-2.3,-5.4,92055,52.3,,,37,95887,51.7,,,88,86434,51.8,,,111195,51.9,,,138711,54.2,-2.3,-4.2,4,100617,55.2,-2.4,-5.6,121
2/1/2012,Oldham,E08000004,99452,54.3,,-1.7,-6.5,,151,178105,54.5,-2,-7.3,110931,53.4,-1.8,-6.1,83591,54.2,-1.3,-6.5,71476,59.5,-2.5,-7.5,95128,54.1,3.3,,37,99072,53.4,3.3,,113,89363,53.6,3.4,,114829,53.6,3.3,,135793,53.1,-2.1,-6.6,4,98970,54.3,-1.6,-6.5,147
3/1/2012,Oldham,E08000004,98667,53.8,,-0.8,-4.6,,140,175810,53.8,-1.3,-6.3,109858,52.9,-1,-4.2,83161,53.9,-0.5,-4.2,70875,59,-0.8,-5.7,95638,54.4,0.5,,42,99532,53.6,0.5,,98,89964,53.9,0.7,,115187,53.8,0.3,,134553,52.6,-0.9,-5.3,11,98193,53.9,-0.8,-4.5,129
4/1/2012,Oldham,E08000004,101354,55.3,,2.7,-0.6,,120,180779,55.3,2.8,-2,112852,54.3,2.7,-0.2,85348,55.4,2.6,-0.4,73229,61,3.3,-1.1,98234,55.9,2.7,,28,102246,55.1,2.7,,92,92378,55.4,2.7,,118367,55.2,2.8,,138464,54.1,2.9,-1.1,3,100858,55.4,2.7,-0.5,117
5/1/2012,Oldham,E08000004,100617,54.9,,-0.7,-2.5,,156,179321,54.8,-0.8,-3.5,112120,54,-0.6,-2.1,84668,54.9,-0.8,-2.3,72933,60.7,-0.4,-3.1,97532,55.5,-0.7,,50,101498,54.7,-0.7,,106,91716,55,-0.7,,117496,54.8,-0.7,,137334,53.7,-0.8,-3.5,7,100130,55,-0.7,-2.4,149
6/1/2012,Oldham,E08000004,100921,55.1,,0.3,-2.2,,118,180150,55.1,0.5,-2.6,112423,54.1,0.3,-2,84918,55.1,0.3,-2.1,73071,60.8,0.2,-3.1,97761,55.6,0.2,,41,101833,54.9,0.3,,77,91917,55.1,0.2,,117941,55,0.4,,137383,53.7,0,-3.2,7,100445,55.1,0.3,-2.2,111
7/1/2012,Oldham,E08000004,99974,54.6,,-0.9,-4.2,,141,177882,54.4,-1.3,-4.8,111092,53.5,-1.2,-4.3,84379,54.7,-0.6,-3.7,72039,60,-1.4,-5.7,96871,55.1,-0.9,,47,100865,54.3,-1,,94,91135,54.7,-0.9,,116737,54.5,-1,,134588,52.6,-2,-6.3,8,99558,54.7,-0.9,-4.1,133
8/1/2012,Oldham,E08000004,102002,55.7,,2,-0.1,,158,181196,55.4,1.9,-1.1,113200,54.5,1.9,-0.4,86264,55.9,2.2,0.5,73032,60.8,1.4,-1.3,98816,56.2,2,,50,102921,55.4,2,,108,93010,55.8,2.1,,119073,55.6,2,,136401,53.3,1.3,-1.9,5,101611,55.8,2.1,0,153
9/1/2012,Oldham,E08000004,102877,56.1,,0.9,1,,128,183552,56.1,1.3,0.1,114182,55,0.9,0.8,86932,56.4,0.8,1.5,73459,61.1,0.6,0.3,99656,56.7,0.9,,31,103807,55.9,0.9,,97,93761,56.2,0.8,,120151,56.1,0.9,,137133,53.6,0.5,-0.3,12,102500,56.3,0.9,1.1,116
10/1/2012,Oldham,E08000004,103666,56.6,,0.8,3.1,,142,185085,56.6,0.8,1.8,115306,55.5,1,2.9,87445,56.7,0.6,3.6,74078,61.7,0.8,3.1,100379,57.1,0.7,,52,104622,56.4,0.8,,90,94443,56.6,0.7,,121117,56.5,0.8,,140033,54.8,2.1,3.4,5,103217,56.7,0.7,3.1,137
11/1/2012,Oldham,E08000004,103894,56.7,,0.2,1.1,,165,185810,56.8,0.4,-0.1,115667,55.7,0.3,0.8,87525,56.8,0.1,1.6,74372,61.9,0.4,0.3,100583,57.2,0.2,,55,104859,56.5,0.2,,110,94618,56.7,0.2,,121423,56.7,0.3,,141866,55.5,1.3,1.4,8,103388,56.8,0.2,1,157
12/1/2012,Oldham,E08000004,102373,55.9,,-1.5,-1.1,,122,183133,56,-1.4,-2,114090,54.9,-1.4,-1.4,86184,55.9,-1.5,-0.6,73237,61,-1.5,-2.4,99100,56.4,-1.5,,39,103331,55.7,-1.5,,83,93206,55.9,-1.5,,119680,55.8,-1.4,,141576,55.4,-0.2,-0.3,8,101811,55.9,-1.5,-1.2,114
1/1/2013,Oldham,E08000004,98511,53.8,,-3.8,-2.6,,122,176479,54,-3.6,-2.9,109953,52.9,-3.6,-2.7,82849,53.7,-3.9,-2.2,70220,58.5,-4.1,-4.2,95321,54.2,-3.8,3.5,42,99451,53.6,-3.8,3.7,80,89650,53.8,-3.8,3.7,115213,53.8,-3.7,3.6,135292,52.9,-4.4,-2.5,2,98004,53.8,-3.7,-2.6,120
2/1/2013,Oldham,E08000004,97961,53.5,,-0.6,-1.5,,119,175631,53.7,-0.5,-1.4,109349,52.6,-0.5,-1.4,82395,53.4,-0.5,-1.4,69662,58,-0.8,-2.5,94784,53.9,-0.6,-0.4,38,98897,53.3,-0.6,-0.2,81,89174,53.5,-0.5,-0.2,114543,53.5,-0.6,-0.2,133529,52.2,-1.3,-1.7,2,97493,53.5,-0.5,-1.5,117
3/1/2013,Oldham,E08000004,99772,54.4,,1.8,1.1,,159,179091,54.8,2,1.9,111435,53.6,1.9,1.4,83875,54.4,1.8,0.9,70881,59,1.7,0,96538,54.9,1.9,0.9,49,100724,54.3,1.8,1.2,110,90826,54.5,1.9,1,116659,54.4,1.8,1.3,135479,53,1.5,0.7,11,99305,54.5,1.9,1.1,148
4/1/2013,Oldham,E08000004,103857,56.7,,4.1,2.5,,105,186244,56.9,4,3,115884,55.8,4,2.7,87400,56.7,4.2,2.4,73732,61.4,4,0.7,100489,57.1,4.1,2.3,38,104848,56.5,4.1,2.5,67,94577,56.7,4.1,2.4,121396,56.7,4.1,2.6,141942,55.5,4.8,2.5,2,103331,56.7,4.1,2.5,103
5/1/2013,Oldham,E08000004,100159,54.7,,-3.6,-0.5,,194,179409,54.9,-3.7,0,111830,53.8,-3.5,-0.3,84251,54.6,-3.6,-0.5,71296,59.3,-3.3,-2.2,96877,55.1,-3.6,-0.7,51,101131,54.5,-3.5,-0.4,143,91176,54.7,-3.6,-0.6,117112,54.7,-3.5,-0.3,137459,53.7,-3.2,0.1,4,99626,54.7,-3.6,-0.5,190
6/1/2013,Oldham,E08000004,101194,55.2,,1,0.3,,147,180411,55.2,0.6,0.1,112912,54.4,1,0.4,85267,55.3,1.2,0.4,72071,60,1.1,-1.4,97860,55.6,1,0.1,35,102185,55,1,0.3,112,92166,55.3,1.1,0.3,118269,55.2,1,0.3,138336,54.1,0.6,0.7,12,100680,55.3,1.1,0.2,135
7/1/2013,Oldham,E08000004,100993,55.1,,-0.2,1,,179,179850,55,-0.3,1.1,112546,54.2,-0.3,1.3,85192,55.2,-0.1,1,72013,59.9,-0.1,0,97719,55.6,-0.1,0.9,61,101956,54.9,-0.2,1.1,118,91995,55.2,-0.2,0.9,118019,55.1,-0.2,1.1,137007,53.6,-1,1.8,16,100526,55.2,-0.2,1,163
8/1/2013,Oldham,E08000004,103986,56.7,,3,1.9,,244,185207,56.6,3,2.2,115858,55.8,2.9,2.3,87753,56.9,3,1.7,73913,61.5,2.6,1.2,100635,57.2,3,1.8,65,104969,56.5,3,2,179,94712,56.8,3,1.8,121527,56.7,3,2.1,140507,54.9,2.6,3,13,103530,56.8,3,1.9,231
9/1/2013,Oldham,E08000004,102511,55.9,,-1.4,-0.4,,192,183498,56.1,-0.9,0,114265,55,-1.4,0.1,86372,56,-1.6,-0.6,72800,60.6,-1.5,-0.9,99207,56.4,-1.4,-0.5,76,103480,55.7,-1.4,-0.3,116,93307,56,-1.5,-0.5,119876,55.9,-1.4,-0.2,138803,54.3,-1.2,1.2,12,102049,56,-1.4,-0.4,180
10/1/2013,Oldham,E08000004,103413,56.4,,0.9,-0.2,,206,185932,56.8,1.3,0.5,115454,55.6,1,0.1,86952,56.4,0.7,-0.6,73226,61,0.6,-1.2,100013,56.9,0.8,-0.4,68,104423,56.3,0.9,-0.2,138,94075,56.4,0.8,-0.4,120993,56.5,0.9,-0.1,140963,55.1,1.6,0.7,15,102906,56.5,0.8,-0.3,191
11/1/2013,Oldham,E08000004,102711,56,,-0.7,-1.1,,221,184906,56.5,-0.6,-0.5,114854,55.3,-0.5,-0.7,86229,55.9,-0.8,-1.5,72740,60.5,-0.7,-2.2,99330,56.5,-0.7,-1.2,70,103716,55.9,-0.7,-1.1,151,93424,56,-0.7,-1.3,120187,56.1,-0.7,-1,140681,55,-0.2,-0.8,15,102178,56.1,-0.7,-1.2,206
12/1/2013,Oldham,E08000004,103950,56.7,,1.2,1.5,,192,186290,57,0.7,1.7,116479,56.1,1.4,2.1,87223,56.6,1.2,1.2,73763,61.4,1.4,0.7,100533,57.2,1.2,1.4,67,104964,56.5,1.2,1.6,125,94588,56.7,1.2,1.5,121591,56.7,1.2,1.6,143142,56,1.7,1.1,17,103376,56.8,1.2,1.5,175
1/1/2014,Oldham,E08000004,104128,56.8,,0.2,5.7,,199,186104,56.9,-0.1,5.5,116560,56.1,0.1,6,87481,56.7,0.3,5.6,74062,61.6,0.4,5.5,100769,57.3,0.2,5.7,64,105113,56.6,0.1,5.7,135,94810,56.9,0.2,5.8,121729,56.8,0.1,5.7,143347,56.1,0.1,6,10,103555,56.9,0.2,5.7,189
2/1/2014,Oldham,E08000004,104470,57,,0.3,6.6,,203,186595,57.1,0.3,6.2,116854,56.2,0.3,6.9,87851,57,0.4,6.6,74182,61.7,0.2,6.5,101089,57.5,0.3,6.7,55,105464,56.8,0.3,6.6,148,95185,57.1,0.4,6.7,122050,57,0.3,6.6,144367,56.4,0.7,8.1,18,103863,57,0.3,6.5,185
3/1/2014,Oldham,E08000004,103791,56.6,,-0.6,4,,233,185355,56.7,-0.7,3.5,116084,55.9,-0.7,4.2,87321,56.6,-0.6,4.1,73490,61.2,-0.9,3.7,100439,57.1,-0.6,4,69,104776,56.4,-0.7,4,164,94610,56.7,-0.6,4.2,121201,56.6,-0.7,3.9,143158,56,-0.8,5.7,36,103192,56.7,-0.6,3.9,197
4/1/2014,Oldham,E08000004,105022,57.3,,1.2,1.1,,217,186880,57.1,0.8,0.3,117431,56.5,1.2,1.3,88486,57.4,1.3,1.2,74145,61.7,0.9,0.6,101583,57.8,1.1,1.1,70,106043,57.1,1.2,1.1,147,95798,57.4,1.3,1.3,122555,57.2,1.1,1,145436,56.9,1.6,2.5,11,104382,57.3,1.2,1,206
5/1/2014,Oldham,E08000004,107749,58.8,,2.6,7.6,,223,191013,58.4,2.2,6.5,120477,58,2.6,7.7,90859,58.9,2.7,7.8,76243,63.5,2.8,6.9,104199,59.3,2.6,7.6,78,108807,58.6,2.6,7.6,145,98303,59,2.6,7.8,125715,58.7,2.6,7.3,149629,58.5,2.9,8.9,10,107068,58.8,2.6,7.5,213
6/1/2014,Oldham,E08000004,109546,59.8,,1.7,8.3,,197,194003,59.3,1.6,7.5,122416,58.9,1.6,8.4,92450,60,1.8,8.4,77406,64.4,1.5,7.4,105965,60.3,1.7,8.3,71,110607,59.6,1.7,8.2,126,99971,60,1.7,8.5,127774,59.6,1.6,8,151924,59.4,1.5,9.8,20,108865,59.8,1.7,8.1,177
7/1/2014,Oldham,E08000004,108972,59.5,,-0.5,7.9,,195,193065,59,-0.5,7.3,121710,58.6,-0.6,8.1,92012,59.7,-0.5,8,76825,63.9,-0.7,6.7,105466,60,-0.5,7.9,66,109999,59.3,-0.5,7.9,129,99469,59.6,-0.5,8.1,127078,59.3,-0.5,7.7,150436,58.8,-1,9.8,7,108335,59.5,-0.5,7.8,188
8/1/2014,Oldham,E08000004,108961,59.5,,0,4.8,,237,193512,59.2,0.2,4.5,121592,58.5,-0.1,4.9,92042,59.7,0,4.9,76467,63.7,-0.5,3.5,105508,60,0,4.8,76,109962,59.2,0,4.8,161,99455,59.6,0,5,127070,59.3,0,4.6,148795,58.2,-1.1,5.9,11,108420,59.5,0.1,4.7,226
9/1/2014,Oldham,E08000004,108606,59.3,,-0.3,5.9,,214,193224,59.1,-0.1,5.3,121023,58.3,-0.5,5.9,91793,59.5,-0.3,6.3,76200,63.4,-0.3,4.7,105206,59.8,-0.3,6,69,109583,59,-0.3,5.9,145,99125,59.4,-0.3,6.2,126663,59.1,-0.3,5.7,147275,57.6,-1,6.1,19,108127,59.4,-0.3,6,195
10/1/2014,Oldham,E08000004,108890,59.4,,0.3,5.3,,257,194009,59.3,0.4,4.3,121449,58.5,0.4,5.2,91916,59.6,0.1,5.7,76584,63.7,0.5,4.6,105459,60,0.2,5.4,95,109881,59.2,0.3,5.2,162,99351,59.6,0.2,5.6,127037,59.3,0.3,5,147611,57.7,0.2,4.7,16,108414,59.5,0.3,5.4,241
11/1/2014,Oldham,E08000004,106840,58.3,,-1.9,4,,222,190765,58.3,-1.7,3.2,119318,57.4,-1.8,3.9,90024,58.4,-2.1,4.4,75324,62.7,-1.6,3.6,103466,58.8,-1.9,4.2,66,107815,58.1,-1.9,4,156,97444,58.4,-1.9,4.3,124691,58.2,-1.8,3.7,144885,56.7,-1.8,3,20,106369,58.4,-1.9,4.1,202
12/1/2014,Oldham,E08000004,106761,58.3,,-0.1,2.7,,241,190892,58.4,0.1,2.5,119406,57.5,0.1,2.5,89814,58.2,-0.2,3,75368,62.7,0.1,2.2,103340,58.8,-0.1,2.8,78,107760,58.1,-0.1,2.7,163,97337,58.4,-0.1,2.9,124643,58.2,0,2.5,145833,57,0.7,1.9,19,106228,58.3,-0.1,2.8,222
1/1/2015,Oldham,E08000004,106051,57.9,,-0.7,1.8,,184,189588,58,-0.7,1.9,118747,57.2,-0.6,1.9,89154,57.8,-0.7,1.9,74816,62.3,-0.7,1,102663,58.4,-0.7,1.9,47,107039,57.7,-0.7,1.8,137,96681,58,-0.7,2,123825,57.8,-0.7,1.7,145721,57,-0.1,1.7,11,105471,57.9,-0.7,1.9,173
2/1/2015,Oldham,E08000004,107343,58.6,,1.2,2.7,,208,191557,58.6,1,2.7,120060,57.8,1.1,2.7,90328,58.6,1.3,2.8,75979,63.2,1.6,2.4,103952,59.1,1.3,2.8,57,108324,58.4,1.2,2.7,151,97890,58.7,1.3,2.8,125294,58.5,1.2,2.7,149191,58.3,2.4,3.3,20,106665,58.6,1.1,2.7,188
3/1/2015,Oldham,E08000004,106533,58.1,,-0.8,2.6,,198,190634,58.3,-0.5,2.8,119377,57.5,-0.6,2.8,89456,58,-1,2.4,75510,62.9,-0.6,2.7,103127,58.6,-0.8,2.7,73,107527,57.9,-0.7,2.6,125,97081,58.2,-0.8,2.6,124436,58.1,-0.7,2.7,148999,58.3,-0.1,4.1,29,105818,58.1,-0.8,2.5,169
4/1/2015,Oldham,E08000004,105505,57.6,,-1,0.5,,174,189119,57.8,-0.8,1.2,118218,56.9,-1,0.7,88563,57.4,-1,0.1,74720,62.2,-1,0.8,102112,58.1,-1,0.5,46,106499,57.4,-1,0.4,128,96132,57.6,-1,0.3,123252,57.5,-1,0.6,147675,57.7,-0.9,1.5,13,104793,57.5,-1,0.4,161
5/1/2015,Oldham,E08000004,106146,57.9,,0.6,-1.5,,218,190262,58.2,0.6,-0.4,119122,57.3,0.8,-1.1,89020,57.7,0.5,-2,74997,62.4,0.4,-1.6,102701,58.4,0.6,-1.4,64,107160,57.7,0.6,-1.5,154,96703,58,0.6,-1.6,124016,57.9,0.6,-1.4,147839,57.8,0.1,-1.2,2,105458,57.9,0.6,-1.5,216
6/1/2015,Oldham,E08000004,106674,58.2,,0.5,-2.6,,203,190554,58.3,0.2,-1.8,119539,57.5,0.4,-2.4,89693,58.2,0.8,-3,74803,62.3,-0.3,-3.4,103250,58.7,0.5,-2.6,62,107675,58,0.5,-2.7,141,97262,58.3,0.6,-2.7,124536,58.1,0.4,-2.5,146811,57.4,-0.7,-3.4,11,106054,58.2,0.6,-2.6,192
7/1/2015,Oldham,E08000004,109747,59.9,,2.9,0.7,,231,195690,59.8,2.7,1.4,123014,59.2,2.9,1.1,92308,59.9,2.9,0.3,76912,64,2.8,0.1,106221,60.4,2.9,0.7,77,110778,59.7,2.9,0.7,154,100066,60,2.9,0.6,128120,59.8,2.9,0.8,150420,58.8,2.5,0,13,109134,59.9,2.9,0.7,218
8/1/2015,Oldham,E08000004,110649,60.4,,0.8,1.5,,220,197570,60.4,1,2.1,123967,59.7,0.8,2,93097,60.4,0.9,1.1,77212,64.3,0.4,1,107103,60.9,0.8,1.5,76,111684,60.2,0.8,1.6,143,100880,60.5,0.8,1.4,129184,60.3,0.8,1.7,150867,59,0.3,1.4,14,110063,60.4,0.9,1.5,206
9/1/2015,Oldham,E08000004,110945,60.5,,0.3,2.2,,237,199070,60.9,0.8,3,124250,59.8,0.2,2.7,93230,60.5,0.1,1.6,77639,64.6,0.6,1.9,107401,61.1,0.3,2.1,71,111979,60.3,0.3,2.2,166,101080,60.6,0.2,2,129618,60.5,0.3,2.3,151417,59.2,0.4,2.8,26,110352,60.6,0.3,2.1,211
10/1/2015,Oldham,E08000004,109307,59.6,,-1.5,0.4,,271,196847,60.2,-1.1,1.5,122462,58.9,-1.4,0.8,91757,59.5,-1.6,-0.2,76315,63.5,-1.7,-0.4,105806,60.2,-1.5,0.3,92,110330,59.4,-1.5,0.4,179,99549,59.7,-1.5,0.2,127751,59.6,-1.4,0.6,149204,58.3,-1.5,1.1,16,108722,59.7,-1.5,0.3,255
11/1/2015,Oldham,E08000004,109350,59.7,,0,2.3,,212,197192,60.3,0.2,3.4,122634,59,0.1,2.8,91693,59.5,-0.1,1.9,76358,63.6,0.1,1.4,105830,60.2,0,2.3,65,110381,59.5,0,2.4,145,99556,59.7,0,2.2,127839,59.7,0.1,2.5,149457,58.4,0.2,3.2,14,108756,59.7,0,2.2,198
12/1/2015,Oldham,E08000004,110591,60.3,,1.1,3.6,,240,199102,60.9,1,4.3,124087,59.7,1.2,3.9,92761,60.2,1.2,3.3,77049,64.1,0.9,2.2,107022,60.9,1.1,3.6,67,111639,60.1,1.1,3.6,171,100734,60.4,1.2,3.5,129233,60.3,1.1,3.7,152604,59.7,2.1,4.6,11,109932,60.4,1.1,3.5,229
1/1/2016,Oldham,E08000004,112282,61.3,,1.5,5.9,,183,201811,61.7,1.4,6.4,126134,60.7,1.6,6.2,94139,61.1,1.5,5.6,78247,65.1,1.6,4.6,108656,61.8,1.5,5.8,60,113346,61.1,1.5,5.9,122,102276,61.3,1.5,5.8,131204,61.2,1.5,6,155372,60.8,1.8,6.6,3,111595,61.3,1.5,5.8,180
2/1/2016,Oldham,E08000004,111499,60.8,,-0.7,3.9,,212,200284,61.2,-0.8,4.6,125177,60.3,-0.8,4.3,93562,60.7,-0.6,3.6,77481,64.5,-1,2,107920,61.4,-0.7,3.8,83,112546,60.6,-0.7,3.9,129,101605,60.9,-0.7,3.8,130239,60.8,-0.7,3.9,154066,60.2,-0.8,3.3,5,110827,60.8,-0.7,3.9,207
3/1/2016,Oldham,E08000004,110076,60.1,,-1.3,3.3,,363,198135,60.6,-1.1,3.9,123605,59.5,-1.3,3.5,92290,59.9,-1.4,3.2,76625,63.8,-1.1,1.5,106543,60.6,-1.3,3.3,127,111109,59.9,-1.3,3.3,234,100249,60.1,-1.3,3.3,128650,60,-1.2,3.4,149721,58.5,-2.8,0.5,12,109509,60.1,-1.2,3.5,351
4/1/2016,Oldham,E08000004,109687,59.9,,-0.4,4,,178,196924,60.2,-0.6,4.1,123030,59.2,-0.5,4.1,92101,59.7,-0.2,4,76340,63.5,-0.4,2.2,106167,60.4,-0.4,4,47,110715,59.6,-0.4,4,131,99986,60,-0.3,4,128081,59.8,-0.4,3.9,150459,58.8,0.5,1.9,13,109071,59.9,-0.4,4.1,165
5/1/2016,Oldham,E08000004,111634,60.9,,1.8,5.2,,182,199487,61,1.3,4.8,125203,60.3,1.8,5.1,93807,60.8,1.9,5.4,78208,65.1,2.4,4.3,108028,61.4,1.8,5.2,49,112693,60.7,1.8,5.2,133,101839,61.1,1.9,5.3,130260,60.8,1.7,5,156418,61.2,4,5.8,10,110877,60.9,1.7,5.1,172
6/1/2016,Oldham,E08000004,113914,62.2,,2,6.8,,179,202749,62,1.6,6.4,127666,61.5,2,6.8,95871,62.2,2.2,6.9,79822,66.4,2.1,6.7,110251,62.7,2.1,6.8,45,114986,61.9,2,6.8,134,104037,62.4,2.2,7,132774,62,1.9,6.6,161913,63.3,3.5,10.3,20,113047,62.1,2,6.6,159
7/1/2016,Oldham,E08000004,115956,63.3,,1.8,5.7,,291,206577,63.2,1.9,5.6,129838,62.5,1.7,5.5,97631,63.3,1.8,5.8,81218,67.6,1.7,5.6,112245,63.8,1.8,5.7,79,117039,63,1.8,5.7,212,105878,63.5,1.8,5.8,135185,63.1,1.8,5.5,163567,64,1,8.7,15,115124,63.2,1.8,5.5,276
8/1/2016,Oldham,E08000004,116972,63.8,,0.9,5.7,,231,209177,64,1.3,5.9,130971,63,0.9,5.6,98409,63.8,0.8,5.7,81738,68,0.6,5.9,113257,64.4,0.9,5.7,68,118051,63.6,0.9,5.7,163,106751,64,0.8,5.8,136437,63.7,0.9,5.6,162531,63.6,-0.6,7.7,7,116230,63.8,1,5.6,224
9/1/2016,Oldham,E08000004,117607,64.2,,0.5,6,,270,210720,64.4,0.7,5.9,131862,63.5,0.7,6.1,98798,64.1,0.4,6,82186,68.4,0.5,5.9,113830,64.7,0.5,6,88,118712,64,0.6,6,182,107248,64.3,0.5,6.1,137279,64.1,0.6,5.9,163228,63.8,0.4,7.8,13,116868,64.2,0.5,5.9,257
10/1/2016,Oldham,E08000004,116083,63.3,,-1.3,6.2,,294,208859,63.9,-0.9,6.1,130429,62.8,-1.1,6.5,97213,63,-1.6,5.9,81644,68,-0.7,7,112328,63.9,-1.3,6.2,86,117187,63.1,-1.3,6.2,208,105766,63.4,-1.4,6.2,135614,63.3,-1.2,6.2,162157,63.4,-0.7,8.7,22,115312,63.3,-1.3,6.1,272
11/1/2016,Oldham,E08000004,115277,62.9,,-0.7,5.4,,253,208524,63.8,-0.2,5.7,129805,62.5,-0.5,5.8,96233,62.4,-1,5,81284,67.7,-0.4,6.5,111489,63.4,-0.7,5.3,81,116401,62.7,-0.7,5.5,172,104927,62.9,-0.8,5.4,134800,62.9,-0.6,5.4,162383,63.5,0.1,8.6,19,114457,62.8,-0.7,5.2,234
12/1/2016,Oldham,E08000004,116464,63.6,,1,5.3,,269,211181,64.6,1.3,6.1,131145,63.1,1,5.7,97138,63,0.9,4.7,82344,68.5,1.3,6.9,112617,64,1,5.2,68,117610,63.4,1,5.3,201,105993,63.6,1,5.2,136207,63.6,1,5.4,164885,64.5,1.5,8,14,115604,63.5,1,5.2,255
1/1/2017,Oldham,E08000004,117261,64,,0.7,4.4,,201,213034,65.1,0.9,5.6,132131,63.6,0.8,4.8,97721,63.4,0.6,3.8,82752,68.9,0.5,5.8,113314,64.4,0.6,4.3,75,118450,63.8,0.7,4.5,126,106685,64,0.7,4.3,137180,64,0.7,4.6,167149,65.4,1.4,7.6,8,116350,63.9,0.6,4.3,193
2/1/2017,Oldham,E08000004,118590,64.7,,1.1,6.4,,212,214964,65.7,0.9,7.3,133481,64.3,1,6.6,98917,64.1,1.2,5.7,84227,70.1,1.8,8.7,114610,65.2,1.1,6.2,65,119791,64.5,1.1,6.4,147,107940,64.7,1.2,6.2,138656,64.7,1.1,6.5,169025,66.1,1.1,9.7,16,117644,64.6,1.1,6.2,196
3/1/2017,Oldham,E08000004,117819,64.3,,-0.7,7,,254,213633,65.3,-0.6,7.8,132785,63.9,-0.5,7.4,98147,63.7,-0.8,6.3,83986,69.9,-0.3,9.6,113886,64.8,-0.6,6.9,70,119004,64.1,-0.7,7.1,184,107215,64.3,-0.7,6.9,137766,64.3,-0.6,7.1,167618,65.5,-0.8,12,29,116856,64.2,-0.7,6.7,225
4/1/2017,Oldham,E08000004,118648,64.7,,0.7,8.2,,220,214753,65.7,0.5,9.1,133526,64.3,0.6,8.5,98957,64.2,0.8,7.4,84884,70.7,1.1,11.2,114740,65.2,0.7,8.1,66,119817,64.5,0.7,8.2,154,108041,64.8,0.8,8.1,138623,64.7,0.6,8.2,166782,65.2,-0.5,10.8,16,117713,64.6,0.7,7.9,204
5/1/2017,Oldham,E08000004,118637,64.7,,0,6.3,,246,214169,65.5,-0.3,7.4,133706,64.4,0.1,6.8,98919,64.2,0,5.4,84920,70.7,0,8.6,114746,65.3,0,6.2,96,119799,64.5,0,6.3,150,108066,64.8,0,6.1,138557,64.7,0,6.4,165654,64.8,-0.7,5.9,11,117722,64.6,0,6.2,235
6/1/2017,Oldham,E08000004,119830,65.4,,1,5.2,,267,215542,65.9,0.6,6.3,134972,65,0.9,5.7,100037,64.9,1.1,4.3,85954,71.5,1.2,7.7,115889,65.9,1,5.1,86,121008,65.2,1,5.2,181,109205,65.5,1.1,5,139868,65.3,0.9,5.3,166883,65.3,0.7,3.1,16,118913,65.3,1,5.2,251
7/1/2017,Oldham,E08000004,121406,66.2,,1.3,4.7,,272,217923,66.6,1.1,5.5,136828,65.9,1.4,5.4,101360,65.7,1.3,3.8,87180,72.6,1.4,7.3,117432,66.8,1.3,4.6,66,122591,66,1.3,4.7,206,110640,66.3,1.3,4.5,141708,66.1,1.3,4.8,169271,66.2,1.4,3.5,7,120474,66.1,1.3,4.6,265
8/1/2017,Oldham,E08000004,120983,66,,-0.3,3.4,,291,217167,66.4,-0.3,3.8,136115,65.5,-0.5,3.9,101143,65.6,-0.2,2.8,86733,72.2,-0.5,6.1,117012,66.5,-0.4,3.3,97,122170,65.8,-0.3,3.5,193,110235,66.1,-0.4,3.3,141247,65.9,-0.3,3.5,168015,65.7,-0.7,3.4,8,120067,65.9,-0.3,3.3,283
9/1/2017,Oldham,E08000004,122776,67,,1.5,4.4,,273,221079,67.6,1.8,4.9,138068,66.5,1.4,4.7,102611,66.5,1.5,3.9,87733,73,1.2,6.7,118729,67.5,1.5,4.3,78,123988,66.8,1.5,4.4,195,111825,67.1,1.4,4.3,143408,66.9,1.5,4.5,170444,66.6,1.4,4.4,10,121847,66.9,1.5,4.3,263
10/1/2017,Oldham,E08000004,123994,67.7,,1,6.8,,259,223791,68.4,1.2,7.1,139559,67.2,1.1,7,103532,67.1,0.9,6.5,88260,73.5,0.6,8.1,119889,68.2,1,6.7,76,125225,67.5,1,6.9,183,112886,67.7,0.9,6.7,144905,67.6,1,6.9,173394,67.8,1.7,6.9,4,123033,67.6,1,6.7,255
11/1/2017,Oldham,E08000004,126560,69.1,,2.1,9.8,,278,228728,69.9,2.2,9.7,142702,68.7,2.3,9.9,105514,68.4,1.9,9.6,89990,74.9,2,10.7,122368,69.6,2.1,9.8,73,127818,68.9,2.1,9.8,205,115211,69.1,2.1,9.8,147924,69,2.1,9.7,177191,69.3,2.2,9.1,11,125576,68.9,2.1,9.7,267
12/1/2017,Oldham,E08000004,124713,68.1,,-1.5,7.1,,302,224837,68.7,-1.7,6.5,140784,67.8,-1.3,7.3,103961,67.4,-1.5,7,88676,73.8,-1.5,7.7,120619,68.6,-1.4,7.1,87,125936,67.8,-1.5,7.1,215,113564,68.1,-1.4,7.1,145710,68,-1.5,7,175015,68.4,-1.2,6.1,23,123736,67.9,-1.5,7,279
1/1/2018,Oldham,E08000004,123333,67.3,,-1.1,5.2,,198,222508,68,-1,4.4,139456,67.1,-0.9,5.5,102662,66.6,-1.2,5.1,87805,73.1,-1,6.1,119208,67.8,-1.2,5.2,66,124576,67.1,-1.1,5.2,132,112272,67.3,-1.1,5.2,144152,67.3,-1.1,5.1,174654,68.3,-0.2,4.5,11,122340,67.2,-1.1,5.1,187
2/1/2018,Oldham,E08000004,120687,65.9,,-2.1,1.8,,234,218200,66.7,-1.9,1.5,136502,65.7,-2.1,2.3,100446,65.1,-2.2,1.5,85525,71.2,-2.6,1.5,116508,66.3,-2.3,1.7,62,121969,65.7,-2.1,1.8,172,109863,65.9,-2.1,1.8,141061,65.8,-2.1,1.7,176710,69.1,1.2,4.5,11,119565,65.6,-2.3,1.6,223
3/1/2018,Oldham,E08000004,121040,66.1,,0.3,2.7,,244,219315,67.1,0.5,2.7,137000,65.9,0.4,3.2,100693,65.3,0.2,2.6,85402,71.1,-0.1,1.7,116750,66.4,0.2,2.5,57,122371,65.9,0.3,2.8,186,110164,66.1,0.3,2.8,141505,66,0.3,2.7,179701,70.3,1.7,7.2,14,119875,65.8,0.3,2.6,230
4/1/2018,Oldham,E08000004,120266,65.6,,-0.6,1.4,,205,217381,66.5,-0.9,1.2,135946,65.4,-0.8,1.8,100300,65,-0.4,1.4,84311,70.2,-1.3,-0.7,116021,66,-0.6,1.1,61,121581,65.5,-0.6,1.5,144,109527,65.7,-0.6,1.4,140498,65.6,-0.7,1.4,178487,69.8,-0.7,7,5,119112,65.4,-0.6,1.2,200
5/1/2018,Oldham,E08000004,121701,66.4,,1.2,2.6,,235,219482,67.1,1,2.5,137566,66.2,1.2,2.9,101605,65.9,1.3,2.7,85013,70.8,0.8,0.1,117472,66.8,1.3,2.4,63,123001,66.3,1.2,2.7,172,110826,66.5,1.2,2.6,142187,66.4,1.2,2.6,177198,69.3,-0.7,7,17,120675,66.3,1.3,2.5,218
6/1/2018,Oldham,E08000004,122560,66.9,,0.7,2.3,,260,220761,67.5,0.6,2.4,138640,66.7,0.8,2.7,102291,66.3,0.7,2.3,85674,71.3,0.8,-0.3,118317,67.3,0.7,2.1,59,123861,66.7,0.7,2.4,200,111574,66.9,0.7,2.2,143242,66.8,0.7,2.4,177669,69.5,0.3,6.5,8,121559,66.7,0.7,2.2,252
7/1/2018,Oldham,E08000004,124782,68.1,,1.8,2.8,,228,225223,68.9,2,3.3,141175,68,1.8,3.2,104065,67.5,1.7,2.7,87215,72.6,1.8,0,120440,68.5,1.8,2.6,54,126117,67.9,1.8,2.9,174,113544,68.1,1.8,2.6,145922,68.1,1.9,3,180524,70.6,1.6,6.6,19,123779,68,1.8,2.7,209
8/1/2018,Oldham,E08000004,127064,69.3,,1.8,5,,282,229467,70.2,1.9,5.7,143802,69.2,1.9,5.6,105922,68.7,1.8,4.7,88807,73.9,1.8,2.4,122611,69.7,1.8,4.8,63,128438,69.2,1.8,5.1,219,115592,69.3,1.8,4.9,148634,69.4,1.9,5.2,184646,72.2,2.3,9.9,15,126008,69.2,1.8,4.9,267
9/1/2018,Oldham,E08000004,130143,71,,2.4,6,,267,235447,72,2.6,6.5,147252,70.9,2.4,6.7,108485,70.4,2.4,5.7,90645,75.5,2.1,3.3,125554,71.4,2.4,5.7,74,131563,70.9,2.4,6.1,192,118365,71,2.4,5.8,152279,71.1,2.5,6.2,189113,73.9,2.4,11,10,129062,70.9,2.4,5.9,257
10/1/2018,Oldham,E08000004,131095,71.5,,0.7,5.7,,284,237238,72.5,0.8,6,148438,71.5,0.8,6.4,109197,70.8,0.7,5.5,91348,76,0.8,3.5,126481,71.9,0.7,5.5,83,132522,71.4,0.7,5.8,201,119247,71.5,0.7,5.6,153369,71.6,0.7,5.8,191168,74.7,1.1,10.3,10,129978,71.4,0.7,5.6,274
11/1/2018,Oldham,E08000004,132072,72.1,,0.7,4.4,,265,239575,73.3,1,4.7,149616,72,0.8,4.8,109896,71.3,0.6,4.2,91906,76.5,0.6,2.1,127453,72.5,0.8,4.2,57,133496,71.9,0.7,4.4,208,120097,72,0.7,4.2,154573,72.1,0.8,4.5,191287,74.8,0.1,8,10,131002,71.9,0.8,4.3,255
12/1/2018,Oldham,E08000004,129206,70.5,,-2.2,3.6,,210,234025,71.6,-2.3,4.1,146388,70.5,-2.2,4,107524,69.7,-2.2,3.4,90153,75,-1.9,1.7,124707,70.9,-2.2,3.4,49,130590,70.3,-2.2,3.7,161,117550,70.5,-2.1,3.5,151126,70.5,-2.2,3.7,187386,73.3,-2,7.1,11,128149,70.4,-2.2,3.6,199
1/1/2019,Oldham,E08000004,128820,70.3,,-0.3,4.4,,200,233979,71.5,0,5.2,146097,70.3,-0.2,4.8,107036,69.4,-0.5,4.3,89729,74.7,-0.5,2.2,124289,70.7,-0.3,4.3,62,130221,70.2,-0.3,4.5,138,117108,70.2,-0.4,4.3,150816,70.4,-0.2,4.6,186476,72.9,-0.5,6.8,8,127781,70.2,-0.3,4.4,192
2/1/2019,Oldham,E08000004,126408,69,,-1.9,4.7,,201,229630,70.2,-1.9,5.2,143350,69,-1.9,5,104991,68.1,-1.9,4.5,88141,73.4,-1.8,3.1,121910,69.3,-1.9,4.6,42,127807,68.9,-1.9,4.8,159,114933,68.9,-1.9,4.6,147943,69,-1.9,4.9,187218,73.2,0.4,5.9,16,125246,68.8,-2,4.8,185
3/1/2019,Oldham,E08000004,125839,68.7,,-0.5,4,,242,229011,70,-0.3,4.4,142939,68.8,-0.3,4.3,104343,67.7,-0.6,3.6,87363,72.7,-0.9,2.3,121308,69,-0.5,3.9,66,127257,68.6,-0.4,4,176,114338,68.6,-0.5,3.8,147381,68.8,-0.4,4.2,187808,73.4,0.3,4.5,11,124634,68.4,-0.5,4,231
4/1/2019,Oldham,E08000004,126771,69.2,,0.7,5.4,,226,229742,70.2,0.3,5.7,143928,69.3,0.7,5.9,105301,68.3,0.9,5,87714,73,0.4,4,122247,69.5,0.8,5.4,52,128185,69.1,0.7,5.4,174,115266,69.1,0.8,5.2,148327,69.2,0.6,5.6,190299,74.4,1.3,6.6,6,125527,68.9,0.7,5.4,220
5/1/2019,Oldham,E08000004,128114,69.9,,1.1,5.3,,279,231507,70.8,0.8,5.5,145490,70,1.1,5.8,106510,69.1,1.1,4.8,88337,73.5,0.7,3.9,123584,70.3,1.1,5.2,78,129527,69.8,1,5.3,201,116492,69.9,1.1,5.1,149889,69.9,1.1,5.4,189501,74.1,-0.4,6.9,18,126935,69.7,1.1,5.2,261
6/1/2019,Oldham,E08000004,130081,71,,1.5,6.1,,240,234622,71.7,1.3,6.3,147615,71.1,1.5,6.5,108243,70.2,1.6,5.8,89818,74.8,1.7,4.8,125526,71.4,1.6,6.1,54,131499,70.8,1.5,6.2,186,118286,70.9,1.5,6,152181,71,1.5,6.2,190792,74.6,0.7,7.4,14,128931,70.8,1.6,6.1,226
7/1/2019,Oldham,E08000004,130815,71.4,,0.6,4.8,,232,235886,72.1,0.5,4.7,148319,71.4,0.5,5.1,108914,70.6,0.6,4.7,90451,75.3,0.7,3.7,126208,71.8,0.5,4.8,50,132250,71.2,0.6,4.9,182,118970,71.3,0.6,4.8,153008,71.4,0.5,4.9,192268,75.2,0.8,6.5,4,129646,71.2,0.6,4.7,228
8/1/2019,Oldham,E08000004,132397,72.2,,1.2,4.2,,279,238789,73,1.2,4.1,149953,72.2,1.1,4.3,110330,71.6,1.3,4.2,91351,76,1,2.9,127666,72.6,1.2,4.1,72,133876,72.1,1.2,4.2,207,120401,72.2,1.2,4.2,154875,72.3,1.2,4.2,194335,76,1.1,5.2,10,131223,72,1.2,4.1,269
9/1/2019,Oldham,E08000004,134597,73.4,,1.7,3.4,,257,242722,74.2,1.6,3.1,152129,73.2,1.5,3.3,112335,72.9,1.8,3.5,92823,77.3,1.6,2.4,129774,73.8,1.7,3.4,71,136106,73.3,1.7,3.5,184,122431,73.4,1.7,3.4,157395,73.4,1.6,3.4,198684,77.7,2.2,5.1,13,133371,73.2,1.6,3.3,244
10/1/2019,Oldham,E08000004,134524,73.4,,-0.1,2.6,,289,242571,74.2,-0.1,2.2,152372,73.3,0.2,2.7,112101,72.7,-0.2,2.7,92840,77.3,0,1.6,129647,73.7,-0.1,2.5,67,136053,73.3,0,2.7,222,122303,73.3,-0.1,2.6,157420,73.5,0,2.6,198400,77.6,-0.1,3.8,8,133303,73.2,-0.1,2.6,281
11/1/2019,Oldham,E08000004,136510,74.5,,1.5,3.4,,321,246580,75.4,1.7,2.9,155041,74.6,1.8,3.6,113483,73.6,1.2,3.3,94241,78.4,1.5,2.5,131573,74.8,1.5,3.2,97,138057,74.4,1.5,3.4,207,124083,74.4,1.5,3.3,159790,74.6,1.5,3.4,200250,78.3,0.9,4.7,34,135302,74.3,1.5,3.3,287
12/1/2019,Oldham,E08000004,137635,75.1,,0.8,6.5,,314,248561,76,0.8,6.2,156550,75.4,1,6.9,114331,74.1,0.7,6.3,94761,78.9,0.6,5.1,132694,75.5,0.9,6.4,94,139181,75,0.8,6.6,214,125133,75,0.8,6.5,161058,75.2,0.8,6.6,200039,78.2,-0.1,6.8,23,136471,74.9,0.9,6.5,291
1/1/2020,Oldham,E08000004,136092,74.3,,-1.1,5.6,,238,246135,75.3,-1,5.2,154821,74.5,-1.1,6,113031,73.3,-1.1,5.6,93330,77.7,-1.5,4,131122,74.6,-1.2,5.5,72,137653,74.2,-1.1,5.7,165,123717,74.2,-1.1,5.6,159276,74.3,-1.1,5.6,199119,77.9,-0.5,6.8,5,134904,74.1,-1.1,5.6,233
2/1/2020,Oldham,E08000004,136896,74.7,,0.6,8.3,,220,247394,75.6,0.5,7.7,155639,74.9,0.5,8.6,113817,73.8,0.7,8.4,93502,77.8,0.2,6.1,131841,75,0.5,8.1,52,138490,74.6,0.6,8.4,163,124449,74.6,0.6,8.3,160220,74.8,0.6,8.3,202113,79,1.5,8,9,135653,74.5,0.6,8.3,211
3/1/2020,Oldham,E08000004,135055,73.7,,-1.3,7.3,,244,244374,74.7,-1.2,6.7,153689,74,-1.3,7.5,112205,72.8,-1.4,7.5,91986,76.6,-1.6,5.3,129910,73.9,-1.5,7.1,63,136690,73.6,-1.3,7.4,175,122714,73.6,-1.4,7.3,158182,73.8,-1.3,7.3,202482,79.2,0.2,7.8,13,133742,73.4,-1.4,7.3,231
4/1/2020,Oldham,E08000004,137600,75.1,,1.9,8.5,,84,249250,76.2,2,8.5,156448,75.3,1.8,8.7,114435,74.2,2,8.7,93015,77.4,1.1,6,132331,75.3,1.9,8.2,21,139275,75,1.9,8.7,61,125050,75,1.9,8.5,161121,75.2,1.9,8.6,207184,81,2.3,8.9,2,136237,74.8,1.9,8.5,82
5/1/2020,Oldham,E08000004,136231,74.3,,-1,6.3,,114,247128,75.6,-0.9,6.7,155115,74.7,-0.9,6.6,113129,73.4,-1.1,6.2,92146,76.7,-0.9,4.3,130981,74.5,-1,6,27,137902,74.3,-1,6.5,84,123780,74.2,-1,6.3,159565,74.5,-1,6.5,208211,81.4,0.5,9.9,,134792,74,-1.1,6.2,114
6/1/2020,Oldham,E08000004,138812,75.7,,1.9,6.7,,142,251453,76.9,1.7,7.2,158165,76.1,2,7.1,115269,74.8,1.9,6.5,93773,78.1,1.8,4.4,133484,75.9,1.9,6.3,42,140507,75.7,1.9,6.9,98,126105,75.6,1.9,6.6,162620,75.9,1.9,6.9,209826,82,0.8,10,1,137414,75.4,1.9,6.6,141
7/1/2020,Oldham,E08000004,138277,75.5,,-0.4,5.7,,201,249950,76.4,-0.6,6,157623,75.9,-0.3,6.3,114791,74.4,-0.4,5.4,93988,78.2,0.2,3.9,133008,75.6,-0.4,5.4,56,139951,75.4,-0.4,5.8,144,125607,75.3,-0.4,5.6,162013,75.6,-0.4,5.9,206766,80.8,-1.5,7.5,6,136950,75.2,-0.3,5.6,195
8/1/2020,Oldham,E08000004,138414,75.5,,0.1,4.5,,196,250349,76.5,0.2,4.8,157788,76,0.1,5.2,114944,74.5,0.1,4.2,93516,77.8,-0.5,2.4,133051,75.7,0,4.2,51,140122,75.5,0.1,4.7,142,125671,75.4,0.1,4.4,162278,75.7,0.2,4.8,204693,80,-1,5.3,19,137152,75.3,0.1,4.5,177
9/1/2020,Oldham,E08000004,139378,76.1,,0.7,3.6,,212,252853,77.3,1,4.2,158765,76.4,0.6,4.4,115773,75.1,0.7,3.1,93636,77.9,0.1,0.9,133894,76.1,0.6,3.2,61,141127,76,0.7,3.7,148,126483,75.8,0.6,3.3,163515,76.3,0.8,3.9,206825,80.9,1,4.1,13,138086,75.8,0.7,3.5,199
10/1/2020,Oldham,E08000004,143742,78.4,,3.1,6.9,,230,261401,79.9,3.4,7.8,163617,78.8,3.1,7.4,119451,77.5,3.2,6.6,95971,79.9,2.5,3.4,138097,78.5,3.1,6.5,68,145543,78.4,3.1,7,158,130382,78.2,3.1,6.6,168740,78.7,3.2,7.2,211244,82.6,2.1,6.5,4,142471,78.2,3.2,6.9,226
11/1/2020,Oldham,E08000004,147805,80.7,,2.8,8.3,,247,268703,82.2,2.8,9,167871,80.8,2.6,8.3,123014,79.8,3,8.4,98875,82.3,3,4.9,142088,80.8,2.9,8,50,149625,80.6,2.8,8.4,192,134073,80.4,2.8,8.1,173500,81,2.8,8.6,214255,83.8,1.4,7,16,146588,80.5,2.9,8.3,231
12/1/2020,Oldham,E08000004,150287,82,,1.7,9.2,,291,272915,83.4,1.6,9.8,170385,82,1.5,8.8,125281,81.2,1.8,9.6,100522,83.7,1.7,6.1,144524,82.2,1.7,8.9,80,152120,81.9,1.7,9.3,210,136357,81.8,1.7,9,176358,82.3,1.6,9.5,216077,84.5,0.9,8,6,149104,81.9,1.7,9.3,285
1/1/2021,Oldham,E08000004,152415,83.2,,1.4,12,,209,274783,84,0.7,11.6,172674,83.1,1.3,11.5,127261,82.5,1.6,12.6,102906,85.7,2.4,10.3,146696,83.4,1.5,11.9,53,154229,83.1,1.4,12,156,138394,83,1.5,11.9,178672,83.4,1.3,12.2,216471,84.6,0.2,8.7,10,151297,83.1,1.5,12.2,199
2/1/2021,Oldham,E08000004,153687,83.9,,0.8,12.3,,319,274656,84,0,11,173713,83.6,0.6,11.6,128572,83.4,1,13,105439,87.8,2.5,12.8,148337,84.4,1.1,12.5,75,155362,83.7,0.7,12.2,243,139783,83.8,1,12.3,179748,83.9,0.6,12.2,218451,85.4,0.9,8.1,19,152550,83.8,0.8,12.5,300
3/1/2021,Oldham,E08000004,157604,86,,2.5,16.7,,353,279355,85.4,1.7,14.3,177762,85.6,2.3,15.7,132003,85.6,2.7,17.6,110161,91.7,4.5,19.8,152526,86.7,2.8,17.4,100,159170,85.7,2.5,16.4,253,143545,86.1,2.7,17,183967,85.9,2.3,16.3,224601,87.8,2.8,10.9,29,156414,85.9,2.5,17,324
4/1/2021,Oldham,E08000004,157890,86.2,,0.2,14.7,,276,279761,85.5,0.1,12.2,177559,85.5,-0.1,13.5,132412,85.9,0.3,15.7,110885,92.3,0.7,19.2,153033,87,0.3,15.6,69,159371,85.9,0.1,14.4,207,143943,86.3,0.3,15.1,184046,85.9,0,14.2,228123,89.2,1.6,10.1,8,156593,86,0.1,14.9,268
5/1/2021,Oldham,E08000004,158645,86.6,,0.5,16.5,,237,281516,86.1,0.6,13.9,178360,85.9,0.5,15,133119,86.3,0.5,17.7,110865,92.3,0,20.3,153648,87.4,0.4,17.3,45,160176,86.3,0.5,16.2,192,144619,86.7,0.5,16.8,184947,86.3,0.5,15.9,228943,89.5,0.4,10,9,157350,86.4,0.5,16.7,228
6/1/2021,Oldham,E08000004,160474,87.6,,1.2,15.6,,336,283227,86.6,0.6,12.6,179957,86.6,0.9,13.8,135161,87.7,1.5,17.3,111784,93,0.8,19.2,155499,88.4,1.2,16.5,76,161994,87.3,1.1,15.3,260,146409,87.8,1.2,16.1,186853,87.2,1,14.9,227682,89,-0.6,8.5,18,159298,87.5,1.2,15.9,318
7/1/2021,Oldham,E08000004,160330,87.5,,-0.1,15.9,,264,282956,86.5,-0.1,13.2,180022,86.7,0,14.2,134947,87.5,-0.2,17.6,111596,92.9,-0.2,18.7,155465,88.4,0,16.9,62,161809,87.2,-0.1,15.6,202,146306,87.7,-0.1,16.5,186633,87.1,-0.1,15.2,228102,89.2,0.2,10.3,2,159134,87.4,-0.1,16.2,262
8/1/2021,Oldham,E08000004,162833,88.9,,1.6,17.6,,275,287776,88,1.7,14.9,183310,88.2,1.8,16.2,137098,88.9,1.6,19.3,111670,93,0.1,19.4,157516,89.6,1.3,18.4,67,164478,88.6,1.6,17.4,207,148479,89,1.5,18.1,189754,88.6,1.7,16.9,228334,89.3,0.1,11.5,6,161734,88.8,1.6,17.9,269
9/1/2021,Oldham,E08000004,163069,89,,0.1,17,,399,288954,88.3,0.4,14.3,183993,88.6,0.4,15.9,137193,89,0.1,18.5,110768,92.2,-0.8,18.3,157516,89.6,0,17.6,106,164802,88.8,0.2,16.8,291,148639,89.1,0.1,17.5,190131,88.7,0.2,16.3,228347,89.3,0,10.4,14,161980,88.9,0.2,17.3,385
10/1/2021,Oldham,E08000004,163979,89.5,,0.6,14.1,,240,292737,89.5,1.3,12,185350,89.2,0.7,13.3,137757,89.3,0.4,15.3,110137,91.7,-0.6,14.8,157915,89.8,0.3,14.4,56,165902,89.4,0.7,14,184,149196,89.5,0.4,14.4,191699,89.5,0.8,13.6,225242,88.1,-1.4,6.6,13,163030,89.5,0.6,14.4,227
11/1/2021,Oldham,E08000004,165943,90.6,,1.2,12.3,,259,297248,90.9,1.5,10.6,187695,90.3,1.3,11.8,139182,90.3,1,13.1,111612,92.9,1.3,12.9,159771,90.9,1.2,12.4,56,167903,90.5,1.2,12.2,202,150901,90.5,1.1,12.6,194150,90.6,1.3,11.9,229488,89.7,1.9,7.1,14,164929,90.6,1.2,12.5,245
12/1/2021,Oldham,E08000004,166209,90.7,,0.2,10.6,,259,299294,91.5,0.7,9.7,188247,90.6,0.3,10.5,139223,90.3,0,11.1,111019,92.4,-0.5,10.4,159808,90.9,0,10.6,65,168255,90.6,0.2,10.6,192,150982,90.5,0.1,10.7,194758,90.9,0.3,10.4,228702,89.4,-0.3,5.8,8,165234,90.7,0.2,10.8,251
1/1/2022,Oldham,E08000004,170818,93.2,,2.8,12.1,,188,305916,93.5,2.2,11.3,193531,93.2,2.8,12.1,143331,93,3,12.6,113809,94.7,2.5,10.6,164223,93.4,2.8,11.9,48,172928,93.2,2.8,12.1,139,155277,93.1,2.8,12.2,199956,93.3,2.7,11.9,234295,91.6,2.4,8.2,7,169843,93.3,2.8,12.3,181
2/1/2022,Oldham,E08000004,172556,94.2,,1,12.3,,221,308115,94.2,0.7,12.2,195353,94,0.9,12.5,144944,94,1.1,12.7,115396,96.1,1.4,9.4,165982,94.4,1.1,11.9,58,174656,94.1,1,12.4,161,157013,94.2,1.1,12.3,201757,94.2,0.9,12.2,237729,93,1.5,8.8,6,171576,94.2,1,12.5,215
3/1/2022,Oldham,E08000004,173581,94.7,,0.6,10.1,,277,310610,95,0.8,11.2,196954,94.8,0.8,10.8,145513,94.4,0.4,10.2,116038,96.6,0.6,5.3,166840,94.9,0.5,9.4,70,175742,94.7,0.6,10.4,207,157901,94.7,0.6,10,203041,94.8,0.6,10.4,242674,94.9,2.1,8,19,172512,94.7,0.5,10.3,258
4/1/2022,Oldham,E08000004,174614,95.3,,0.6,10.6,,255,312242,95.5,0.5,11.6,197920,95.3,0.5,11.5,146547,95,0.7,10.7,116669,97.1,0.5,5.2,167861,95.5,0.6,9.7,65,176779,95.2,0.6,10.9,189,158888,95.3,0.6,10.4,204191,95.3,0.6,10.9,244527,95.6,0.8,7.2,6,173532,95.3,0.6,10.8,249
5/1/2022,Oldham,E08000004,174606,95.3,,0,10.1,,216,311806,95.3,-0.1,10.8,197999,95.3,0,11,146621,95.1,0.1,10.1,116178,96.7,-0.4,4.8,167798,95.4,0,9.2,59,176788,95.2,0,10.4,157,158849,95.3,0,9.8,204220,95.3,0,10.4,242338,94.8,-0.9,5.9,11,173557,95.3,0,10.3,205
6/1/2022,Oldham,E08000004,176223,96.2,,0.9,9.8,,207,313541,95.9,0.6,10.7,199716,96.1,0.9,11,148215,96.1,1.1,9.7,117417,97.7,1.1,5,169383,96.3,0.9,8.9,46,178416,96.1,0.9,10.1,161,160414,96.2,1,9.6,205996,96.1,0.9,10.2,242244,94.7,0,6.4,15,175200,96.2,0.9,10,192
7/1/2022,Oldham,E08000004,178872,97.6,,1.5,11.6,,274,317404,97,1.2,12.2,202879,97.7,1.6,12.7,150560,97.6,1.6,11.6,118641,98.8,1,6.3,171879,97.7,1.5,10.6,65,181115,97.6,1.5,11.9,206,162862,97.7,1.5,11.3,209050,97.6,1.5,12,245375,95.9,1.3,7.6,19,177843,97.6,1.5,11.8,255
8/1/2022,Oldham,E08000004,179529,98,,0.4,10.3,,246,318167,97.3,0.2,10.6,203429,97.9,0.3,11,151361,98.2,0.5,10.4,118604,98.7,0,6.2,172468,98.1,0.3,9.5,50,181794,97.9,0.4,10.5,194,163457,98,0.4,10.1,209821,97.9,0.4,10.6,245670,96.1,0.1,7.6,8,178505,98,0.4,10.4,238
9/1/2022,Oldham,E08000004,181543,99.1,,1.1,11.3,,248,321852,98.4,1.2,11.4,205556,98.9,1,11.7,153252,99.4,1.2,11.7,119077,99.1,0.4,7.5,174330,99.1,1.1,10.7,59,183858,99,1.1,11.6,179,165267,99.1,1.1,11.2,212205,99,1.1,11.6,247662,96.8,0.8,8.5,23,180520,99.1,1.1,11.4,225
10/1/2022,Oldham,E08000004,184129,100.5,,1.4,12.3,,249,327199,100,1.7,11.8,208381,100.3,1.4,12.4,155365,100.8,1.4,12.8,120821,100.6,1.5,9.7,176835,100.6,1.4,12,57,186469,100.5,1.4,12.4,190,167586,100.5,1.4,12.3,215270,100.5,1.4,12.3,250533,98,1.2,11.2,8,183101,100.5,1.4,12.3,241
11/1/2022,Oldham,E08000004,186916,102,,1.5,12.6,,253,332943,101.8,1.8,12,211522,101.8,1.5,12.7,157612,102.2,1.4,13.2,122523,102,1.4,9.8,179461,102.1,1.5,12.3,56,189308,102,1.5,12.7,194,170130,102,1.5,12.7,218519,102,1.5,12.6,256298,100.2,2.3,11.7,6,185842,102,1.5,12.7,247
12/1/2022,Oldham,E08000004,186609,101.8,,-0.2,12.3,,227,332295,101.6,-0.2,11,211243,101.7,-0.1,12.2,157281,102,-0.2,13,122665,102.1,0.1,10.5,179181,101.9,-0.2,12.1,56,188992,101.8,-0.2,12.3,170,169895,101.9,-0.1,12.5,218105,101.8,-0.2,12,256326,100.2,0,12.1,3,185530,101.9,-0.2,12.3,224
1/1/2023,Oldham,E08000004,183254,100,,-1.8,7.3,,168,327058,100,-1.6,6.9,207748,100,-1.7,7.3,154196,100,-2,7.6,120136,100,-2.1,5.6,175854,100,-1.9,7.1,40,185630,100,-1.8,7.3,123,166755,100,-1.8,7.4,214289,100,-1.7,7.2,255746,100,-0.2,9.2,10,182132,100,-1.8,7.2,158
2/1/2023,Oldham,E08000004,183612,100.2,,0.2,6.4,,179,328835,100.5,0.5,6.7,208327,100.3,0.3,6.6,154192,100,0,6.4,120516,100.3,0.3,4.4,176197,100.2,0.2,6.2,45,185992,100.2,0.2,6.5,133,167001,100.1,0.1,6.4,214784,100.2,0.2,6.5,259038,101.3,1.3,9,10,182447,100.2,0.2,6.3,169
3/1/2023,Oldham,E08000004,182186,99.4,,-0.8,5,,195,328342,100.4,-0.1,5.7,207252,99.8,-0.5,5.2,152409,98.8,-1.2,4.7,119391,99.4,-0.9,2.9,174785,99.4,-0.8,4.8,61,184563,99.4,-0.8,5,132,165502,99.2,-0.9,4.8,213406,99.6,-0.6,5.1,263137,102.9,1.6,8.4,5,180943,99.3,-0.8,4.9,190
4/1/2023,Oldham,E08000004,182756,99.7,,0.3,4.7,,135,330019,100.9,0.5,5.7,208077,100.2,0.4,5.1,152708,99,0.2,4.2,119883,99.8,0.4,2.8,175365,99.7,0.3,4.5,39,185129,99.7,0.3,4.7,94,165956,99.5,0.3,4.4,214207,100,0.4,4.9,266319,104.1,1.2,8.9,2,181478,99.6,0.3,4.6,133
5/1/2023,Oldham,E08000004,180572,98.5,,-1.2,3.4,,141,325426,99.5,-1.4,4.4,205876,99.1,-1.1,4,150802,97.8,-1.2,2.9,118463,98.6,-1.2,2,173285,98.5,-1.2,3.3,45,182912,98.5,-1.2,3.5,95,163918,98.3,-1.2,3.2,211764,98.8,-1.1,3.7,263751,103.1,-1,8.8,11,179302,98.4,-1.2,3.3,130
6/1/2023,Oldham,E08000004,181613,99.1,,0.6,3.1,,176,325837,99.6,0.1,3.9,206665,99.5,0.4,3.5,152084,98.6,0.8,2.6,118796,98.9,0.3,1.2,174329,99.1,0.6,2.9,48,183952,99.1,0.6,3.1,125,164937,98.9,0.6,2.8,212828,99.3,0.5,3.3,261571,102.3,-0.8,8,,180384,99,0.6,3,176
7/1/2023,Oldham,E08000004,183067,99.9,,0.8,2.3,,171,327006,100,0.4,3,208266,100.2,0.8,2.7,153523,99.6,0.9,2,119457,99.4,0.6,0.7,175654,99.9,0.8,2.2,39,185448,99.9,0.8,2.4,129,166298,99.7,0.8,2.1,214447,100.1,0.8,2.6,263095,102.9,0.6,7.2,1,181835,99.8,0.8,2.2,170
8/1/2023,Oldham,E08000004,185566,101.3,,1.4,3.4,,184,330907,101.2,1.2,4,210787,101.5,1.2,3.6,155936,101.1,1.6,3,120450,100.3,0.8,1.6,177978,101.2,1.3,3.2,43,188003,101.3,1.4,3.4,137,168642,101.1,1.4,3.2,217215,101.4,1.3,3.5,265677,103.9,1,8.1,1,184330,101.2,1.4,3.3,183
9/1/2023,Oldham,E08000004,185493,101.2,,0,2.2,,185,330628,101.1,-0.1,2.7,210639,101.4,-0.1,2.5,155977,101.2,0,1.8,120046,99.9,-0.3,0.8,177870,101.1,-0.1,2,49,187942,101.2,0,2.2,133,168610,101.1,0,2,217058,101.3,-0.1,2.3,266343,104.1,0.3,7.5,4,184247,101.2,0,2.1,181
10/1/2023,Oldham,E08000004,185579,101.3,,0,0.8,,173,330311,101,-0.1,1,210456,101.3,-0.1,1,156222,101.3,0.2,0.6,120266,100.1,0.2,-0.5,177968,101.2,0.1,0.6,58,188024,101.3,0,0.8,111,168776,101.2,0.1,0.7,216973,101.3,0,0.8,266501,104.2,0.1,6.4,4,184332,101.2,0,0.7,169
11/1/2023,Oldham,E08000004,185296,101.1,,-0.2,-0.9,,171,330257,101,0,-0.8,210338,101.2,-0.1,-0.6,155796,101,-0.3,-1.2,120317,100.2,0,-1.8,177802,101.1,-0.1,-0.9,43,187702,101.1,-0.2,-0.8,126,168472,101,-0.2,-1,216740,101.1,-0.1,-0.8,268290,104.9,0.7,4.7,6,184023,101,-0.2,-1,165
12/1/2023,Oldham,E08000004,185200,101.1,,-0.1,-0.8,,163,329822,100.8,-0.1,-0.7,210308,101.2,0,-0.4,155648,100.9,-0.1,-1,120640,100.4,0.3,-1.7,177708,101.1,-0.1,-0.8,59,187606,101.1,-0.1,-0.7,101,168422,101,0,-0.9,216549,101.1,-0.1,-0.7,268109,104.8,-0.1,4.6,12,183929,101,-0.1,-0.9,151
1/1/2024,Oldham,E08000004,184999,101,,-0.1,1,,148,330195,101,0.1,1,210145,101.2,-0.1,1.2,155373,100.8,-0.2,0.8,120453,100.3,-0.2,0.3,177495,100.9,-0.1,0.9,36,187408,101,-0.1,1,107,168176,100.9,-0.1,0.9,216447,101,0,1,268953,105.2,0.3,5.2,1,183714,100.9,-0.1,0.9,147
2/1/2024,Oldham,E08000004,184515,100.7,,-0.3,0.5,,158,327907,100.3,-0.7,-0.3,209432,100.8,-0.3,0.5,155211,100.7,-0.1,0.7,120055,99.9,-0.3,-0.4,176954,100.6,-0.3,0.4,49,186944,100.7,-0.2,0.5,103,167867,100.7,-0.2,0.5,215619,100.6,-0.4,0.4,268727,105.1,-0.1,3.7,4,183228,100.6,-0.3,0.4,154
3/1/2024,Oldham,E08000004,185429,101.2,,0.5,1.8,,212,329315,100.7,0.4,0.3,210441,101.3,0.5,1.5,155933,101.1,0.5,2.3,121212,100.9,1,1.5,177887,101.2,0.5,1.8,64,187848,101.2,0.5,1.8,140,168631,101.1,0.5,1.9,216834,101.2,0.6,1.6,273689,107,1.8,4,8,184089,101.1,0.5,1.7,204
4/1/2024,Oldham,E08000004,184434,100.6,,-0.5,0.9,,142,326014,99.7,-1,-1.2,209182,100.7,-0.6,0.5,155268,100.7,-0.4,1.7,120929,100.7,-0.2,0.9,176980,100.6,-0.5,0.9,37,186823,100.6,-0.5,0.9,100,167825,100.6,-0.5,1.1,215469,100.6,-0.6,0.6,270702,105.8,-1.1,1.6,9,183119,100.5,-0.5,0.9,133
5/1/2024,Oldham,E08000004,184561,100.7,,0.1,2.2,,176,325813,99.6,-0.1,0.1,209382,100.8,0.1,1.7,155341,100.7,0,3,121358,101,0.4,2.4,177105,100.7,0.1,2.2,39,186951,100.7,0.1,2.2,124,167937,100.7,0.1,2.5,215627,100.6,0.1,1.8,269847,105.5,-0.3,2.3,4,183259,100.6,0.1,2.2,172
6/1/2024,Oldham,E08000004,186904,102,,1.3,2.9,,193,328895,100.6,0.9,0.9,211777,101.9,1.1,2.5,157634,102.2,1.5,3.6,122365,101.9,0.8,3,179321,102,1.3,2.9,47,189335,102,1.3,2.9,135,170213,102.1,1.4,3.2,218073,101.8,1.1,2.5,269548,105.4,-0.1,3,12,185631,101.9,1.3,2.9,181
7/1/2024,Oldham,E08000004,190293,103.8,,1.8,3.9,,202,334723,102.3,1.8,2.4,215514,103.7,1.8,3.5,160659,104.2,1.9,4.6,123898,103.1,1.3,3.7,182461,103.8,1.8,3.9,44,192808,103.9,1.8,4,147,173322,103.9,1.8,4.2,221982,103.6,1.8,3.5,274551,107.4,1.9,4.4,7,188995,103.8,1.8,3.9,195
8/1/2024,Oldham,E08000004,193808,105.8,,1.8,4.4,,227,340852,104.2,1.8,3,219205,105.5,1.7,4,163884,106.3,2,5.1,125497,104.5,1.3,4.2,185747,105.6,1.8,4.4,49,196399,105.8,1.9,4.5,171,176553,105.9,1.9,4.7,226021,105.5,1.8,4.1,277863,108.6,1.2,4.6,5,192508,105.7,1.9,4.4,222
9/1/2024,Oldham,E08000004,193328,105.5,,-0.2,4.2,,193,341098,104.3,0.1,3.2,218911,105.4,-0.1,3.9,163361,105.9,-0.3,4.7,124311,103.5,-0.9,3.6,185188,105.3,-0.3,4.1,36,195948,105.6,-0.2,4.3,143,176055,105.6,-0.3,4.4,225586,105.3,-0.2,3.9,278350,108.8,0.2,4.5,7,192017,105.4,-0.3,4.2,186
10/1/2024,Oldham,E08000004,193722,105.7,,0.2,4.4,,221,342506,104.7,0.4,3.7,219168,105.5,0.1,4.1,163688,106.2,0.2,4.8,124789,103.9,0.4,3.8,185724,105.6,0.3,4.4,58,196291,105.7,0.2,4.4,154,176412,105.8,0.2,4.5,226047,105.5,0.2,4.2,278645,109,0.1,4.6,5,192411,105.6,0.2,4.4,216
11/1/2024,Oldham,E08000004,194185,106,,0.2,4.8,,230,343789,105.1,0.4,4.1,220105,105.9,0.4,4.6,163885,106.3,0.1,5.2,124579,103.7,-0.2,3.5,186218,105.9,0.3,4.7,63,196742,106,0.2,4.8,156,176830,106,0.2,5,226594,105.7,0.2,4.5,279931,109.5,0.5,4.3,10,192863,105.9,0.2,4.8,220
12/1/2024,Oldham,E08000004,196754,107.4,,1.3,6.2,,232,348882,106.7,1.5,5.8,222901,107.3,1.3,6,166104,107.7,1.4,6.7,125923,104.8,1.1,4.4,188657,107.3,1.3,6.2,51,199354,107.4,1.3,6.3,173,179194,107.5,1.3,6.4,229544,107.1,1.3,6,284833,111.4,1.8,6.2,16,195400,107.3,1.3,6.2,216
1/1/2025,Oldham,E08000004,201810,110.1,,2.6,9.1,,184,358509,109.6,2.8,8.6,229071,110.3,2.8,9,170227,110.4,2.5,9.6,128084,106.6,1.7,6.3,193291,109.9,2.5,8.9,46,204552,110.2,2.6,9.1,126,183779,110.2,2.6,9.3,235482,109.9,2.6,8.8,295843,115.7,3.9,10,6,200377,110,2.5,9.1,178
2/1/2025,Oldham,E08000004,204647,111.7,,1.4,10.9,,211,364003,111.3,1.5,11,232172,111.8,1.4,10.9,172678,112,1.4,11.3,129869,108.1,1.4,8.2,195904,111.4,1.4,10.7,44,207465,111.8,1.4,11,155,186371,111.8,1.4,11,238773,111.4,1.4,10.7,303392,118.6,2.6,12.9,9,203160,111.5,1.4,10.9,202
3/1/2025,Oldham,E08000004,207847,113.4,,1.6,12.1,,360,366547,112.1,0.7,11.3,235611,113.4,1.5,12,175877,114.1,1.9,12.8,132959,110.7,2.4,9.7,198995,113.2,1.6,11.9,85,210696,113.5,1.6,12.2,250,189563,113.7,1.7,12.4,241931,112.9,1.3,11.6,308549,120.6,1.7,12.7,14,206360,113.3,1.6,12.1,346
4/1/2025,Oldham,E08000004,204293,111.5,,-1.7,10.8,,109,362359,110.8,-1.1,11.1,231959,111.7,-1.5,10.9,172376,111.8,-2,11,130261,108.4,-2,7.7,195475,111.2,-1.8,10.5,24,207138,111.6,-1.7,10.9,78,186097,111.6,-1.8,10.9,238263,111.2,-1.5,10.6,305582,119.5,-1,12.9,4,202781,111.3,-1.7,10.7,105
5/1/2025,Oldham,E08000004,206716,112.8,,1.2,12,,164,367846,112.5,1.5,12.9,235020,113.1,1.3,12.2,174135,112.9,1,12.1,131160,109.2,0.7,8.1,197630,112.4,1.1,11.6,37,209656,112.9,1.2,12.1,113,188140,112.8,1.1,12,241431,112.7,1.3,12,310999,121.6,1.8,15.2,6,205147,112.6,1.2,11.9,158
6/1/2025,Oldham,E08000004,204056,111.4,,-1.3,9.2,,215,365601,111.8,-0.6,11.2,232601,112,-1,9.8,171361,111.1,-1.6,8.7,127769,106.4,-2.6,4.4,194885,110.8,-1.4,8.7,40,207033,111.5,-1.3,9.3,153,185457,111.2,-1.4,9,238863,111.5,-1.1,9.5,308005,120.4,-1,14.2,13,202484,111.2,-1.3,9.1,202
7/1/2025,Oldham,E08000004,206408,112.6,,1.2,8.5,,193,366609,112.1,0.3,9.5,235012,113.1,1,9,174027,112.9,1.6,8.3,129075,107.4,1,4.2,197201,112.1,1.2,8.1,36,209393,112.8,1.1,8.6,135,187882,112.7,1.3,8.4,241018,112.5,0.9,8.6,307379,120.2,-0.2,11.9,5,204910,112.5,1.2,8.4,188
8/1/2025,Oldham,E08000004,207818,113.4,,0.7,7.2,,230,367497,112.4,0.2,7.8,236622,113.9,0.7,7.9,175567,113.9,0.9,7.1,129280,107.6,0.2,3,198563,112.9,0.7,6.9,48,210818,113.6,0.7,7.3,151,189348,113.5,0.8,7.2,242284,113.1,0.5,7.2,307486,120.2,0,10.7,4,206353,113.3,0.7,7.2,226
9/1/2025,Oldham,E08000004,211361,115.3,,1.7,9.3,,181,374087,114.4,1.8,9.7,240657,115.8,1.7,9.9,178610,115.8,1.7,9.3,130812,108.9,1.2,5.2,201928,114.8,1.7,9,35,214420,115.5,1.7,9.4,114,192545,115.5,1.7,9.4,246479,115,1.7,9.3,313425,122.6,1.9,12.6,3,209856,115.2,1.7,9.3,178
10/1/2025,Oldham,E08000004,214688,117.2,,1.6,10.8,,155,380815,116.4,1.8,11.2,244566,117.7,1.6,11.6,181298,117.6,1.5,10.8,132307,110.1,1.1,6,204998,116.6,1.5,10.4,21,217836,117.3,1.6,11,91,195581,117.3,1.6,10.9,250349,116.8,1.6,10.8,324293,126.8,3.5,16.4,1,213030,117,1.5,10.7,154
11/1/2025,Oldham,E08000004,213798,116.7,,-0.4,10.1,,156,379991,116.2,-0.2,10.5,243356,117.1,-0.5,10.6,180594,117.1,-0.4,10.2,131485,109.4,-0.6,5.5,204154,116.1,-0.4,9.6,13,216930,116.9,-0.4,10.3,65,194801,116.8,-0.4,10.2,249247,116.3,-0.4,10,330665,129.3,2,18.1,1,211981,116.4,-0.5,9.9,155
12/1/2025,Oldham,E08000004,214725,117.2,,0.4,9.1,,168,380561,116.4,0.2,9.1,244299,117.6,0.4,9.6,181597,117.8,0.6,9.3,132194,110,0.5,5,205061,116.6,0.4,8.7,17,217863,117.4,0.4,9.3,79,195840,117.4,0.5,9.3,249925,116.6,0.3,8.9,333011,130.2,0.7,16.9,,212879,116.9,0.4,8.9,168
1/1/2026,Oldham,E08000004,213350,116.4,,-0.6,5.7,,,375906,114.9,-1.2,4.9,242783,116.9,-0.6,6,180801,117.3,-0.4,6.2,131056,109.1,-0.9,2.3,203801,115.9,-0.6,5.4,,216448,116.6,-0.6,5.8,,194766,116.8,-0.5,6,247957,115.7,-0.8,5.3,,,,,,,,,,
2/1/2026,Oldham,E08000004,211734,115.5,,-0.8,3.5,,,371850,113.7,-1.1,2.2,241358,116.2,-0.6,4,179397,116.3,-0.8,3.9,129757,108,-1,-0.1,202273,115,-0.8,3.3,,214803,115.7,-0.8,3.5,,193387,116,-0.7,3.8,245843,114.7,-0.9,3,,,,,,,,,,
1/1/1995,Rochdale,E08000005,38149,20.5,,,,,164,69284,21.3,,,39851,20.1,,,30591,20.2,,,27764,25.4,,,,,,,,,,,,,,,,,,,,,49738,20.6,,,27,37403,20.5,,,137
2/1/1995,Rochdale,E08000005,37794,20.4,,-0.9,,,155,68231,21,-1.5,,39729,20.1,-0.3,,30237,19.9,-1.2,,27472,25.1,-1.1,,,,,,,,,,,,,,,,,,,,49599,20.6,-0.3,,20,37000,20.3,-1.1,,135
3/1/1995,Rochdale,E08000005,38675,20.8,,2.3,,,275,69581,21.4,2,,40627,20.5,2.3,,30998,20.4,2.5,,28084,25.7,2.2,,,,,,,,,,,,,,,,,,,,50745,21,2.3,,56,37863,20.8,2.3,,219
4/1/1995,Rochdale,E08000005,38977,21,,0.8,,,167,69888,21.5,0.4,,40983,20.7,0.9,,31254,20.6,0.8,,28337,25.9,0.9,,,,,,,,,,,,,,,,,,,,51116,21.2,0.7,,28,38163,20.9,0.8,,139
5/1/1995,Rochdale,E08000005,39332,21.2,,0.9,,,195,70329,21.6,0.6,,41299,20.9,0.8,,31602,20.8,1.1,,28621,26.2,1,,,,,,,,,,,,,,,,,,,,51383,21.3,0.5,,34,38546,21.2,1,,161
6/1/1995,Rochdale,E08000005,39214,21.1,,-0.3,,,293,70259,21.6,-0.1,,41271,20.8,-0.1,,31424,20.7,-0.6,,28637,26.2,0.1,,,,,,,,,,,,,,,,,,,,51305,21.3,-0.2,,71,38417,21.1,-0.3,,222
7/1/1995,Rochdale,E08000005,39104,21.1,,-0.3,,,210,70306,21.6,0.1,,41170,20.8,-0.2,,31297,20.6,-0.4,,28403,26,-0.8,,,,,,,,,,,,,,,,,,,,51206,21.2,-0.2,,37,38301,21,-0.3,,173
8/1/1995,Rochdale,E08000005,38654,20.8,,-1.2,,,228,70057,21.5,-0.4,,40680,20.6,-1.2,,30865,20.4,-1.4,,27920,25.5,-1.7,,,,,,,,,,,,,,,,,,,,50708,21,-1,,46,37844,20.8,-1.2,,182
9/1/1995,Rochdale,E08000005,38447,20.7,,-0.5,,,202,69732,21.4,-0.5,,40379,20.4,-0.7,,30748,20.3,-0.4,,27611,25.2,-1.1,,,,,,,,,,,,,,,,,,,,50144,20.8,-1.1,,43,37692,20.7,-0.4,,159
10/1/1995,Rochdale,E08000005,37450,20.2,,-2.6,,,244,68023,20.9,-2.5,,39447,19.9,-2.3,,29863,19.7,-2.9,,27027,24.7,-2.1,,,,,,,,,,,,,,,,,,,,49122,20.4,-2,,40,36667,20.1,-2.7,,204
11/1/1995,Rochdale,E08000005,37645,20.3,,0.5,,,193,68354,21,0.5,,39723,20.1,0.7,,29970,19.8,0.4,,27381,25,1.3,,,,,,,,,,,,,,,,,,,,49560,20.5,0.9,,34,36827,20.2,0.4,,159
12/1/1995,Rochdale,E08000005,37259,20.1,,-1,,,272,67698,20.8,-1,,39447,19.9,-0.7,,29577,19.5,-1.3,,27183,24.9,-0.7,,,,,,,,,,,,,,,,,,,,49560,20.5,0,,63,36362,20,-1.3,,209
1/1/1996,Rochdale,E08000005,38424,20.7,,3.1,0.7,,157,70193,21.6,3.7,1.3,40701,20.6,3.2,2.1,30442,20.1,2.9,-0.5,27862,25.5,2.5,0.4,,,,,,,,,,,,,,,,,,,51533,21.4,4,3.6,26,37428,20.5,2.9,0.1,131
2/1/1996,Rochdale,E08000005,38343,20.6,,-0.2,1.5,,165,70051,21.5,-0.2,2.7,40701,20.6,0,2.4,30332,20,-0.4,0.3,27662,25.3,-0.7,0.7,,,,,,,,,,,,,,,,,,,51909,21.5,0.7,4.7,39,37269,20.5,-0.4,0.7,126
3/1/1996,Rochdale,E08000005,38683,20.8,,0.9,0,,245,70848,21.8,1.1,1.8,41138,20.8,1.1,1.3,30532,20.1,0.7,-1.5,27785,25.4,0.4,-1.1,,,,,,,,,,,,,,,,,,,52745,21.9,1.6,3.9,42,37538,20.6,0.7,-0.9,203
4/1/1996,Rochdale,E08000005,37730,20.3,,-2.5,-3.2,,212,68719,21.1,-3,-1.7,40059,20.2,-2.6,-2.3,29869,19.7,-2.2,-4.4,27151,24.8,-2.3,-4.2,,,,,,,,,,,,,,,,,,,51338,21.3,-2.7,0.4,35,36627,20.1,-2.4,-4,177
5/1/1996,Rochdale,E08000005,38581,20.8,,2.3,-1.9,,252,70049,21.5,1.9,-0.4,40824,20.6,1.9,-1.1,30664,20.2,2.7,-3,27648,25.3,1.8,-3.4,,,,,,,,,,,,,,,,,,,52023,21.6,1.3,1.2,37,37516,20.6,2.4,-2.7,215
6/1/1996,Rochdale,E08000005,37464,20.2,,-2.9,-4.5,,206,67940,20.9,-3,-3.3,39537,20,-3.2,-4.2,29832,19.7,-2.7,-5.1,27038,24.7,-2.2,-5.6,,,,,,,,,,,,,,,,,,,50387,20.9,-3.1,-1.8,44,36447,20,-2.8,-5.1,162
7/1/1996,Rochdale,E08000005,38384,20.7,,2.5,-1.8,,215,69887,21.5,2.9,-0.6,40550,20.5,2.6,-1.5,30515,20.1,2.3,-2.5,27528,25.2,1.8,-3.1,,,,,,,,,,,,,,,,,,,51452,21.3,2.1,0.5,27,37365,20.5,2.5,-2.4,188
8/1/1996,Rochdale,E08000005,38812,20.9,,1.1,0.4,,258,71184,21.9,1.9,1.6,41019,20.7,1.2,0.8,30779,20.3,0.9,-0.3,27712,25.3,0.7,-0.7,,,,,,,,,,,,,,,,,,,52063,21.6,1.2,2.7,35,37777,20.7,1.1,-0.2,223
9/1/1996,Rochdale,E08000005,39242,21.1,,1.1,2.1,,201,72380,22.2,1.7,3.8,41423,20.9,1,2.6,31114,20.5,1.1,1.2,27704,25.3,0,0.3,,,,,,,,,,,,,,,,,,,52362,21.7,0.6,4.4,26,38232,21,1.2,1.4,175
10/1/1996,Rochdale,E08000005,39155,21.1,,-0.2,4.6,,272,72281,22.2,-0.1,6.3,41355,20.9,-0.2,4.8,31030,20.5,-0.3,3.9,27563,25.2,-0.5,2,,,,,,,,,,,,,,,,,,,52216,21.6,-0.3,6.3,31,38151,20.9,-0.2,4,241
11/1/1996,Rochdale,E08000005,38765,20.9,,-1,3,,303,71384,21.9,-1.2,4.4,40981,20.7,-0.9,3.2,30723,20.3,-1,2.5,27314,25,-0.9,-0.2,,,,,,,,,,,,,,,,,,,51705,21.4,-1,4.3,52,37769,20.7,-1,2.6,251
12/1/1996,Rochdale,E08000005,38716,20.8,,-0.1,3.9,,222,70989,21.8,-0.6,4.9,41005,20.7,0.1,3.9,30694,20.2,-0.1,3.8,27186,24.9,-0.5,0,,,,,,,,,,,,,,,,,,,51592,21.4,-0.2,4.1,27,37728,20.7,-0.1,3.8,195
1/1/1997,Rochdale,E08000005,39019,21,,0.8,1.5,,186,71656,22,0.9,2.1,41297,20.9,0.7,1.5,30949,20.4,0.8,1.7,27240,24.9,0.2,-2.2,,,,,,,,,,,,,,,,,,,51751,21.4,0.3,0.4,16,38057,20.9,0.9,1.7,170
2/1/1997,Rochdale,E08000005,38763,20.9,,-0.7,1.1,,186,71452,22,-0.3,2,41069,20.7,-0.6,0.9,30696,20.2,-0.8,1.2,26949,24.6,-1.1,-2.6,,,,,,,,,,,,,,,,,,,51476,21.3,-0.5,-0.8,20,37811,20.8,-0.6,1.5,166
3/1/1997,Rochdale,E08000005,39496,21.3,,1.9,2.1,,218,72969,22.4,2.1,3,41788,21.1,1.7,1.6,31293,20.6,1.9,2.5,27497,25.1,2,-1,,,,,,,,,,,,,,,,,,,52594,21.8,2.2,-0.3,23,38520,21.1,1.9,2.6,195
4/1/1997,Rochdale,E08000005,38542,20.8,,-2.4,2.2,,200,70881,21.8,-2.9,3.1,40798,20.6,-2.4,1.8,30581,20.2,-2.3,2.4,26875,24.6,-2.3,-1,,,,,,,,,,,,,,,,,,,51487,21.3,-2.1,0.3,15,37576,20.6,-2.4,2.6,185
5/1/1997,Rochdale,E08000005,39028,21,,1.3,1.2,,238,71487,22,0.9,2.1,41303,20.9,1.2,1.2,31029,20.5,1.5,1.2,27098,24.8,0.8,-2,,,,,,,,,,,,,,,,,,,51873,21.5,0.7,-0.3,34,38072,20.9,1.3,1.5,204
6/1/1997,Rochdale,E08000005,39464,21.3,,1.1,5.3,,270,72395,22.3,1.3,6.6,41777,21.1,1.1,5.7,31367,20.7,1.1,5.1,27146,24.8,0.2,0.4,,,,,,,,,,,,,,,,,,,52103,21.6,0.4,3.4,34,38527,21.1,1.2,5.7,236
7/1/1997,Rochdale,E08000005,40448,21.8,,2.5,5.4,,271,74503,22.9,2.9,6.6,42800,21.6,2.4,5.5,32124,21.2,2.4,5.3,27585,25.2,1.6,0.2,,,,,,,,,,,,,,,,,,,53069,22,1.9,3.1,19,39517,21.7,2.6,5.8,252
8/1/1997,Rochdale,E08000005,39650,21.4,,-2,2.2,,241,73443,22.6,-1.4,3.2,41929,21.2,-2,2.2,31441,20.7,-2.1,2.2,26925,24.6,-2.4,-2.8,,,,,,,,,,,,,,,,,,,51831,21.5,-2.3,-0.4,19,38754,21.3,-1.9,2.6,222
9/1/1997,Rochdale,E08000005,39670,21.4,,0.1,1.1,,245,73647,22.6,0.3,1.8,41959,21.2,0.1,1.3,31427,20.7,0,1,26900,24.6,-0.1,-2.9,,,,,,,,,,,,,,,,,,,51839,21.5,0,-1,28,38775,21.3,0.1,1.4,217
10/1/1997,Rochdale,E08000005,39669,21.4,,0,1.3,,270,73757,22.7,0.1,2,42005,21.2,0.1,1.6,31378,20.7,-0.2,1.1,26912,24.6,0,-2.4,,,,,,,,,,,,,,,,,,,51871,21.5,0.1,-0.7,26,38770,21.3,0,1.6,244
11/1/1997,Rochdale,E08000005,39809,21.4,,0.4,2.7,,258,73982,22.7,0.3,3.6,42174,21.3,0.4,2.9,31485,20.8,0.3,2.5,26982,24.7,0.3,-1.2,,,,,,,,,,,,,,,,,,,52117,21.6,0.5,0.8,34,38902,21.4,0.3,3,224
12/1/1997,Rochdale,E08000005,39904,21.5,,0.2,3.1,,240,74121,22.8,0.2,4.4,42383,21.4,0.5,3.4,31510,20.8,0.1,2.7,27019,24.7,0.1,-0.6,,,,,,,,,,,,,,,,,,,52485,21.7,0.7,1.7,29,38975,21.4,0.2,3.3,211
1/1/1998,Rochdale,E08000005,39772,21.4,,-0.3,1.9,,198,74137,22.8,0,3.5,42192,21.3,-0.5,2.2,31389,20.7,-0.4,1.4,26935,24.6,-0.3,-1.1,,,,,,,,,,,,,,,,,,,52720,21.8,0.4,1.9,21,38810,21.3,-0.4,2,177
2/1/1998,Rochdale,E08000005,39947,21.5,,0.4,3.1,,201,74521,22.9,0.5,4.3,42450,21.4,0.6,3.4,31466,20.8,0.2,2.5,27257,24.9,1.2,1.1,,,,,,,,,,,,,,,,,,,53557,22.2,1.6,4,16,38930,21.4,0.3,3,185
3/1/1998,Rochdale,E08000005,39860,21.5,,-0.2,0.9,,213,74433,22.9,-0.1,2,42361,21.4,-0.2,1.4,31385,20.7,-0.3,0.3,27188,24.9,-0.3,-1.1,,,,,,,,,,,,,,,,,,,53668,22.2,0.2,2,25,38827,21.3,-0.3,0.8,188
4/1/1998,Rochdale,E08000005,40354,21.7,,1.2,4.7,,236,75002,23.1,0.8,5.8,42932,21.7,1.3,5.2,31817,21,1.4,4,27482,25.1,1.1,2.3,,,,,,,,,,,,,,,,,,,54158,22.4,0.9,5.2,12,39322,21.6,1.3,4.6,224
5/1/1998,Rochdale,E08000005,41353,22.3,,2.5,6,,245,76613,23.5,2.1,7.2,43927,22.2,2.3,6.4,32710,21.6,2.8,5.4,27922,25.5,1.6,3,,,,,,,,,,,,,,,,,,,54944,22.8,1.5,5.9,18,40340,22.1,2.6,6,227
6/1/1998,Rochdale,E08000005,41398,22.3,,0.1,4.9,,270,76698,23.6,0.1,5.9,43929,22.2,0,5.2,32771,21.6,0.2,4.5,28003,25.6,0.3,3.2,,,,,,,,,,,,,,,,,,,54741,22.7,-0.4,5.1,27,40404,22.2,0.2,4.9,243
7/1/1998,Rochdale,E08000005,42218,22.7,,2,4.4,,297,78509,24.1,2.4,5.4,44794,22.6,2,4.7,33365,22,1.8,3.9,28550,26.1,2,3.5,,,,,,,,,,,,,,,,,,,55836,23.1,2,5.2,26,41203,22.6,2,4.3,271
8/1/1998,Rochdale,E08000005,41200,22.2,,-2.4,3.9,,261,77052,23.7,-1.9,4.9,43672,22.1,-2.5,4.2,32503,21.4,-2.6,3.4,27814,25.4,-2.6,3.3,,,,,,,,,,,,,,,,,,,54649,22.6,-2.1,5.4,20,40197,22.1,-2.4,3.7,241
9/1/1998,Rochdale,E08000005,41126,22.1,,-0.2,3.7,,246,77077,23.7,0,4.7,43541,22,-0.3,3.8,32451,21.4,-0.2,3.3,27639,25.3,-0.6,2.7,,,,,,,,,,,,,,,,,,,54339,22.5,-0.6,4.8,27,40142,22,-0.1,3.5,219
10/1/1998,Rochdale,E08000005,39799,21.4,,-3.2,0.3,,261,74735,23,-3,1.3,42156,21.3,-3.2,0.4,31359,20.7,-3.4,-0.1,26835,24.5,-2.9,-0.3,,,,,,,,,,,,,,,,,,,52694,21.8,-3,1.6,25,38839,21.3,-3.2,0.2,236
11/1/1998,Rochdale,E08000005,40311,21.7,,1.3,1.3,,285,75789,23.3,1.4,2.4,42802,21.6,1.5,1.5,31675,20.9,1,0.6,27279,24.9,1.7,1.1,,,,,,,,,,,,,,,,,,,53596,22.2,1.7,2.8,29,39321,21.6,1.2,1.1,256
12/1/1998,Rochdale,E08000005,40041,21.6,,-0.7,0.3,,316,75163,23.1,-0.8,1.4,42621,21.5,-0.4,0.6,31407,20.7,-0.8,-0.3,27322,25,0.2,1.1,,,,,,,,,,,,,,,,,,,53735,22.3,0.3,2.4,37,39017,21.4,-0.8,0.1,279
1/1/1999,Rochdale,E08000005,40501,21.8,,1.1,1.8,,222,75986,23.4,1.1,2.5,43146,21.8,1.2,2.3,31755,20.9,1.1,1.2,27617,25.3,1.1,2.5,,,,,,,,,,,,,,,,,,,54689,22.7,1.8,3.7,30,39440,21.7,1.1,1.6,192
2/1/1999,Rochdale,E08000005,40476,21.8,,-0.1,1.3,,248,75810,23.3,-0.2,1.7,43148,21.8,0,1.6,31744,20.9,0,0.9,27630,25.3,0,1.4,,,,,,,,,,,,,,,,,,,54744,22.7,0.1,2.2,30,39412,21.6,-0.1,1.2,218
3/1/1999,Rochdale,E08000005,40074,21.6,,-1,0.5,,260,75158,23.1,-0.9,1,42727,21.6,-1,0.9,31408,20.7,-1.1,0.1,27368,25,-0.9,0.7,,,,,,,,,,,,,,,,,,,54187,22.5,-1,1,29,39027,21.4,-1,0.5,231
4/1/1999,Rochdale,E08000005,40665,21.9,,1.5,0.8,,314,75803,23.3,0.9,1.1,43325,21.9,1.4,0.9,31988,21.1,1.8,0.5,27801,25.4,1.6,1.2,,,,,,,,,,,,,,,,,,,54494,22.6,0.6,0.6,40,39657,21.8,1.6,0.9,274
5/1/1999,Rochdale,E08000005,41517,22.4,,2.1,0.4,,276,77130,23.7,1.8,0.7,44189,22.3,2,0.6,32740,21.6,2.4,0.1,28356,25.9,2,1.6,,,,,,,,,,,,,,,,,,,55474,23,1.8,1,28,40505,22.2,2.1,0.4,248
6/1/1999,Rochdale,E08000005,42949,23.1,,3.5,3.7,,276,79724,24.5,3.4,3.9,45645,23.1,3.3,3.9,33928,22.4,3.6,3.5,29243,26.7,3.1,4.4,,,,,,,,,,,,,,,,,,,57244,23.7,3.2,4.6,48,41919,23,3.5,3.7,228
7/1/1999,Rochdale,E08000005,42836,23.1,,-0.3,1.5,,357,79923,24.6,0.2,1.8,45455,23,-0.4,1.5,33796,22.3,-0.4,1.3,29047,26.6,-0.7,1.7,,,,,,,,,,,,,,,,,,,57215,23.7,-0.1,2.5,53,41795,22.9,-0.3,1.4,304
8/1/1999,Rochdale,E08000005,42354,22.8,,-1.1,2.8,,307,79292,24.4,-0.8,2.9,44850,22.7,-1.3,2.7,33415,22,-1.1,2.8,28623,26.2,-1.5,2.9,,,,,,,,,,,,,,,,,,,56378,23.4,-1.5,3.2,39,41346,22.7,-1.1,2.9,268
9/1/1999,Rochdale,E08000005,42249,22.7,,-0.2,2.7,,229,79386,24.4,0.1,3,44656,22.6,-0.4,2.6,33315,22,-0.3,2.7,28546,26.1,-0.3,3.3,,,,,,,,,,,,,,,,,,,56074,23.2,-0.5,3.2,35,41261,22.7,-0.2,2.8,194
10/1/1999,Rochdale,E08000005,42686,23,,1,7.3,,319,80303,24.7,1.2,7.5,45236,22.9,1.3,7.3,33563,22.1,0.7,7,29034,26.6,1.7,8.2,,,,,,,,,,,,,,,,,,,56684,23.5,1.1,7.6,39,41685,22.9,1,7.3,280
11/1/1999,Rochdale,E08000005,42700,23,,0,5.9,,350,80280,24.7,0,5.9,45319,22.9,0.2,5.9,33538,22.1,-0.1,5.9,29189,26.7,0.5,7,,,,,,,,,,,,,,,,,,,56662,23.5,0,5.7,42,41704,22.9,0,6.1,308
12/1/1999,Rochdale,E08000005,43384,23.4,,1.6,8.3,,360,81325,25,1.3,8.2,46149,23.3,1.8,8.3,34059,22.5,1.6,8.4,29796,27.2,2.1,9.1,,,,,,,,,,,,,,,,,,,57864,24,2.1,7.7,38,42339,23.2,1.5,8.5,322
1/1/2000,Rochdale,E08000005,43354,23.3,,-0.1,7,,217,81455,25,0.2,7.2,46091,23.3,-0.1,6.8,34024,22.4,-0.1,7.1,29568,27,-0.8,7.1,,,,,,,,,,,,,,,,,,,57840,24,0,5.8,12,42308,23.2,-0.1,7.3,205
2/1/2000,Rochdale,E08000005,44037,23.7,,1.6,8.8,,247,83045,25.5,2,9.5,46834,23.7,1.6,8.5,34489,22.7,1.4,8.6,29983,27.4,1.4,8.5,,,,,,,,,,,,,,,,,,,59196,24.5,2.3,8.1,25,42931,23.6,1.5,8.9,222
3/1/2000,Rochdale,E08000005,43473,23.4,,-1.3,8.5,,311,82133,25.2,-1.1,9.3,46278,23.4,-1.2,8.3,33999,22.4,-1.4,8.2,29365,26.9,-2.1,7.3,,,,,,,,,,,,,,,,,,,58367,24.2,-1.4,7.7,37,42389,23.3,-1.3,8.6,274
4/1/2000,Rochdale,E08000005,43508,23.4,,0.1,7,,292,81879,25.2,-0.3,8,46306,23.4,0.1,6.9,34084,22.5,0.2,6.6,29570,27,0.7,6.4,,,,,,,,,,,,,,,,,,,58337,24.2,-0.1,7.1,29,42430,23.3,0.1,7,263
5/1/2000,Rochdale,E08000005,43839,23.6,,0.8,5.6,,305,82377,25.3,0.6,6.8,46715,23.6,0.9,5.7,34332,22.6,0.7,4.9,29894,27.3,1.1,5.4,,,,,,,,,,,,,,,,,,,58578,24.3,0.4,5.6,23,42770,23.5,0.8,5.6,282
6/1/2000,Rochdale,E08000005,44973,24.2,,2.6,4.7,,351,84424,25.9,2.5,5.9,47960,24.2,2.7,5.1,35207,23.2,2.5,3.8,30865,28.2,3.2,5.5,,,,,,,,,,,,,,,,,,,59895,24.8,2.2,4.6,52,43894,24.1,2.6,4.7,299
7/1/2000,Rochdale,E08000005,46019,24.8,,2.3,7.4,,293,86948,26.7,3,8.8,49145,24.8,2.5,8.1,35890,23.7,1.9,6.2,31440,28.7,1.9,8.2,,,,,,,,,,,,,,,,,,,61452,25.5,2.6,7.4,28,44901,24.6,2.3,7.4,265
8/1/2000,Rochdale,E08000005,46333,24.9,,0.7,9.4,,325,88131,27.1,1.4,11.1,49550,25,0.8,10.5,35984,23.7,0.3,7.7,31746,29,1,10.9,,,,,,,,,,,,,,,,,,,62216,25.8,1.2,10.4,38,45178,24.8,0.6,9.3,287
9/1/2000,Rochdale,E08000005,45193,24.3,,-2.5,7,,304,86619,26.6,-1.7,9.1,48272,24.4,-2.6,8.1,35007,23.1,-2.7,5.1,30908,28.3,-2.6,8.3,,,,,,,,,,,,,,,,,,,60953,25.3,-2,8.7,30,44043,24.2,-2.5,6.7,274
10/1/2000,Rochdale,E08000005,44869,24.2,,-0.7,5.1,,302,86175,26.5,-0.5,7.3,48010,24.3,-0.5,6.1,34675,22.9,-0.9,3.3,30779,28.1,-0.4,6,,,,,,,,,,,,,,,,,,,60810,25.2,-0.2,7.3,30,43702,24,-0.8,4.8,272
11/1/2000,Rochdale,E08000005,44954,24.2,,0.2,5.3,,309,86362,26.5,0.2,7.6,48059,24.3,0.1,6,34759,22.9,0.2,3.6,30819,28.2,0.1,5.6,,,,,,,,,,,,,,,,,,,61048,25.3,0.4,7.7,30,43774,24,0.2,5,279
12/1/2000,Rochdale,E08000005,46405,25,,3.2,7,,294,88928,27.3,3,9.3,49699,25.1,3.4,7.7,35863,23.7,3.2,5.3,32070,29.3,4.1,7.6,,,,,,,,,,,,,,,,,,,63325,26.2,3.7,9.4,41,45160,24.8,3.2,6.7,253
1/1/2001,Rochdale,E08000005,46207,24.9,,-0.4,6.6,,250,88637,27.2,-0.3,8.8,49397,25,-0.6,7.2,35737,23.6,-0.3,5,31994,29.3,-0.2,8.2,,,,,,,,,,,,,,,,,,,63573,26.3,0.4,9.9,21,44924,24.7,-0.5,6.2,229
2/1/2001,Rochdale,E08000005,45546,24.5,,-1.4,3.4,,226,87350,26.8,-1.5,5.2,48695,24.6,-1.4,4,35226,23.2,-1.4,2.1,31527,28.8,-1.5,5.2,,,,,,,,,,,,,,,,,,,63109,26.2,-0.7,6.6,30,44246,24.3,-1.5,3.1,196
3/1/2001,Rochdale,E08000005,44972,24.2,,-1.3,3.4,,299,86360,26.5,-1.1,5.1,48077,24.3,-1.3,3.9,34773,22.9,-1.3,2.3,30895,28.3,-2,5.2,,,,,,,,,,,,,,,,,,,62346,25.8,-1.2,6.8,25,43671,24,-1.3,3,274
4/1/2001,Rochdale,E08000005,45156,24.3,,0.4,3.8,,301,86500,26.6,0.2,5.6,48207,24.4,0.3,4.1,34983,23.1,0.6,2.6,31097,28.4,0.7,5.2,,,,,,,,,,,,,,,,,,,62223,25.8,-0.2,6.7,30,43869,24.1,0.5,3.4,271
5/1/2001,Rochdale,E08000005,45664,24.6,,1.1,4.2,,344,86980,26.7,0.6,5.6,48758,24.6,1.1,4.4,35459,23.4,1.4,3.3,31512,28.8,1.3,5.4,,,,,,,,,,,,,,,,,,,61931,25.7,-0.5,5.7,28,44414,24.4,1.2,3.8,316
6/1/2001,Rochdale,E08000005,47029,25.3,,3,4.6,,385,89466,27.5,2.9,6,50213,25.4,3,4.7,36525,24.1,3,3.7,32713,29.9,3.8,6,,,,,,,,,,,,,,,,,,,63754,26.4,2.9,6.4,34,45744,25.1,3,4.2,351
7/1/2001,Rochdale,E08000005,47505,25.6,,1,3.2,,376,90554,27.8,1.2,4.1,50799,25.7,1.2,3.4,36825,24.3,0.8,2.6,32989,30.2,0.8,4.9,,,,,,,,,,,,,,,,,,,64369,26.7,1,4.7,18,46209,25.4,1,2.9,358
8/1/2001,Rochdale,E08000005,48509,26.1,,2.1,4.7,,378,93049,28.6,2.8,5.6,51768,26.2,1.9,4.5,37548,24.8,2,4.3,33698,30.8,2.1,6.1,,,,,,,,,,,,,,,,,,,66370,27.5,3.1,6.7,15,47151,25.9,2,4.4,363
9/1/2001,Rochdale,E08000005,49076,26.4,,1.2,8.6,,348,94639,29.1,1.7,9.3,52224,26.4,0.9,8.2,37977,25,1.1,8.5,34025,31.1,1,10.1,,,,,,,,,,,,,,,,,,,67535,28,1.8,10.8,12,47682,26.2,1.1,8.3,336
10/1/2001,Rochdale,E08000005,50220,27,,2.3,11.9,,333,96792,29.7,2.3,12.3,53469,27,2.4,11.4,38850,25.6,2.3,12,34927,31.9,2.7,13.5,,,,,,,,,,,,,,,,,,,69446,28.8,2.8,14.2,17,48776,26.8,2.3,11.6,316
11/1/2001,Rochdale,E08000005,50167,27,,-0.1,11.6,,382,96479,29.7,-0.3,11.7,53501,27,0.1,11.3,38798,25.6,-0.1,11.6,34951,32,0.1,13.4,,,,,,,,,,,,,,,,,,,69298,28.7,-0.2,13.5,20,48729,26.7,-0.1,11.3,362
12/1/2001,Rochdale,E08000005,49999,26.9,,-0.3,7.7,,309,95757,29.4,-0.7,7.7,53486,27,0,7.6,38635,25.5,-0.4,7.7,35155,32.1,0.6,9.6,,,,,,,,,,,,,,,,,,,68998,28.6,-0.4,9,22,48569,26.7,-0.3,7.5,287
1/1/2002,Rochdale,E08000005,49079,26.4,,-1.8,6.2,,213,94130,28.9,-1.7,6.2,52503,26.5,-1.8,6.3,37893,25,-1.9,6,34586,31.6,-1.6,8.1,,,,,,,,,,,,,,,,,,,67836,28.1,-1.7,6.7,13,47669,26.2,-1.9,6.1,200
2/1/2002,Rochdale,E08000005,49647,26.7,,1.2,9,,241,95422,29.3,1.4,9.2,53014,26.8,1,8.9,38344,25.3,1.2,8.9,35006,32,1.2,11,,,,,,,,,,,,,,,,,,,69405,28.8,2.3,10,13,48182,26.4,1.1,8.9,228
3/1/2002,Rochdale,E08000005,49968,26.9,,0.6,11.1,,380,95945,29.5,0.5,11.1,53334,26.9,0.6,10.9,38632,25.5,0.8,11.1,35056,32.1,0.1,13.5,,,,,,,,,,,,,,,,,,,69826,28.9,0.6,12,10,48494,26.6,0.6,11,370
4/1/2002,Rochdale,E08000005,52030,28,,4.1,15.2,,349,99472,30.6,3.7,15,55500,28,4.1,15.1,40307,26.6,4.3,15.2,36767,33.6,4.9,18.2,,,,,,,,,,,,,,,,,,,72522,30.1,3.9,16.6,32,50505,27.7,4.1,15.1,317
5/1/2002,Rochdale,E08000005,53229,28.7,,2.3,16.6,,477,101157,31.1,1.7,16.3,56938,28.8,2.6,16.8,41258,27.2,2.4,16.4,37742,34.5,2.7,19.8,,,,,,,,,,,,,,,,,,,73101,30.3,0.8,18,39,51726,28.4,2.4,16.5,438
6/1/2002,Rochdale,E08000005,55420,29.8,,4.1,17.8,,357,105327,32.4,4.1,17.7,59213,29.9,4,17.9,42978,28.3,4.2,17.7,39477,36.1,4.6,20.7,,,,,,,,,,,,,,,,,,,75987,31.5,3.9,19.2,40,53860,29.6,4.1,17.7,317
7/1/2002,Rochdale,E08000005,56092,30.2,,1.2,18.1,,437,106733,32.8,1.3,17.9,59930,30.3,1.2,18,43490,28.7,1.2,18.1,39754,36.4,0.7,20.5,,,,,,,,,,,,,,,,,,,76384,31.7,0.5,18.7,23,54541,29.9,1.3,18,414
8/1/2002,Rochdale,E08000005,58661,31.6,,4.6,20.9,,442,111769,34.4,4.7,20.1,62642,31.6,4.5,21,45468,30,4.5,21.1,41610,38.1,4.7,23.5,,,,,,,,,,,,,,,,,,,79877,33.1,4.6,20.4,45,57039,31.3,4.6,21,397
9/1/2002,Rochdale,E08000005,58452,31.5,,-0.4,19.1,,358,111420,34.2,-0.3,17.7,62550,31.6,-0.1,19.8,45240,29.8,-0.5,19.1,41294,37.8,-0.8,21.4,,,,,,,,,,,,,,,,,,,78927,32.7,-1.2,16.9,43,56871,31.2,-0.3,19.3,315
10/1/2002,Rochdale,E08000005,59691,32.1,,2.1,18.9,,384,113557,34.9,1.9,17.3,64027,32.3,2.4,19.7,46152,30.4,2,18.8,42331,38.7,2.5,21.2,,,,,,,,,,,,,,,,,,,80453,33.3,1.9,15.8,46,58084,31.9,2.1,19.1,338
11/1/2002,Rochdale,E08000005,59638,32.1,,-0.1,18.9,,443,113463,34.9,-0.1,17.6,63955,32.3,-0.1,19.5,46109,30.4,-0.1,18.8,42414,38.8,0.2,21.4,,,,,,,,,,,,,,,,,,,79937,33.1,-0.6,15.4,34,58056,31.9,0,19.1,409
12/1/2002,Rochdale,E08000005,60880,32.8,,2.1,21.8,,361,115366,35.5,1.7,20.5,65383,33,2.2,22.2,47085,31.1,2.1,21.9,43614,39.9,2.8,24.1,,,,,,,,,,,,,,,,,,,81441,33.7,1.9,18,35,59273,32.5,2.1,22,326
1/1/2003,Rochdale,E08000005,60842,32.8,,-0.1,24,,284,115043,35.4,-0.3,22.2,65218,32.9,-0.3,24.2,47160,31.1,0.2,24.5,43695,40,0.2,26.3,,,,,,,,,,,,,,,,,,,80768,33.5,-0.8,19.1,7,59270,32.5,0,24.3,277
2/1/2003,Rochdale,E08000005,60634,32.6,,-0.3,22.1,,293,114184,35.1,-0.7,19.7,65143,32.9,-0.1,22.9,47008,31,-0.3,22.6,43580,39.9,-0.3,24.5,,,,,,,,,,,,,,,,,,,80381,33.3,-0.5,15.8,26,59074,32.4,-0.3,22.6,267
3/1/2003,Rochdale,E08000005,61515,33.1,,1.5,23.1,,273,116006,35.7,1.6,20.9,65977,33.3,1.3,23.7,47726,31.5,1.5,23.5,44094,40.3,1.2,25.8,,,,,,,,,,,,,,,,,,,81947,34,1.9,17.4,18,59911,32.9,1.4,23.5,255
4/1/2003,Rochdale,E08000005,63804,34.4,,3.7,22.6,,292,120013,36.9,3.5,20.6,68619,34.7,4,23.6,49458,32.6,3.6,22.7,45808,41.9,3.9,24.6,,,,,,,,,,,,,,,,,,,85275,35.3,4.1,17.6,11,62125,34.1,3.7,23,281
5/1/2003,Rochdale,E08000005,65993,35.5,,3.4,24,,327,123946,38.1,3.3,22.5,70979,35.9,3.4,24.7,51194,33.8,3.5,24.1,47265,43.2,3.2,25.2,,,,,,,,,,,,,,,,,,,87966,36.5,3.2,20.3,8,64268,35.3,3.5,24.2,319
6/1/2003,Rochdale,E08000005,67051,36.1,,1.6,21,,312,125214,38.5,1,18.9,72144,36.4,1.6,21.8,52122,34.4,1.8,21.3,48253,44.1,2.1,22.2,,,,,,,,,,,,,,,,,,,88815,36.8,1,16.9,27,65329,35.9,1.6,21.3,285
7/1/2003,Rochdale,E08000005,68941,37.1,,2.8,22.9,,335,128279,39.4,2.4,20.2,74178,37.5,2.8,23.8,53687,35.4,3,23.4,49516,45.3,2.6,24.6,,,,,,,,,,,,,,,,,,,91138,37.8,2.6,19.3,9,67181,36.9,2.8,23.2,326
8/1/2003,Rochdale,E08000005,69844,37.6,,1.3,19.1,,379,129471,39.8,0.9,15.8,75127,38,1.3,19.9,54484,35.9,1.5,19.8,50342,46,1.7,21,,,,,,,,,,,,,,,,,,,92029,38.1,1,15.2,13,68077,37.4,1.3,19.4,366
9/1/2003,Rochdale,E08000005,71620,38.6,,2.5,22.5,,350,132448,40.7,2.3,18.9,77032,38.9,2.5,23.2,55948,36.9,2.7,23.7,51380,47,2.1,24.4,,,,,,,,,,,,,,,,,,,93723,38.8,1.8,18.7,10,69843,38.3,2.6,22.8,340
10/1/2003,Rochdale,E08000005,72843,39.2,,1.7,22,,397,134244,41.3,1.4,18.2,78278,39.5,1.6,22.3,57022,37.6,1.9,23.6,52370,47.9,1.9,23.7,,,,,,,,,,,,,,,,,,,94685,39.2,1,17.7,15,71071,39,1.8,22.4,382
11/1/2003,Rochdale,E08000005,74972,40.4,,2.9,25.7,,375,137732,42.3,2.6,21.4,80546,40.7,2.9,25.9,58783,38.8,3.1,27.5,53889,49.3,2.9,27.1,,,,,,,,,,,,,,,,,,,97140,40.3,2.6,21.5,20,73165,40.2,2.9,26,355
12/1/2003,Rochdale,E08000005,75666,40.7,,0.9,24.3,,344,137796,42.4,0,19.4,81235,41,0.9,24.2,59570,39.3,1.3,26.5,54787,50.1,1.7,25.6,,,,,,,,,,,,,,,,,,,97538,40.4,0.4,19.8,15,73870,40.6,1,24.6,329
1/1/2004,Rochdale,E08000005,77404,41.7,,2.3,27.2,,285,140807,43.3,2.2,22.4,82941,41.9,2.1,27.2,61053,40.3,2.5,29.5,56031,51.2,2.3,28.2,,,,,,,,,,,,,,,,,,,100117,41.5,2.6,24,9,75548,41.5,2.3,27.5,276
2/1/2004,Rochdale,E08000005,78366,42.2,,1.2,29.2,,322,141832,43.6,0.7,24.2,83759,42.3,1,28.6,61994,40.9,1.5,31.9,56858,52,1.5,30.5,,,,,,,,,,,,,,,,,,,102282,42.4,2.2,27.2,12,76450,42,1.2,29.4,310
3/1/2004,Rochdale,E08000005,81889,44.1,,4.5,33.1,,349,148192,45.5,4.5,27.7,87296,44.1,4.2,32.3,64823,42.8,4.6,35.8,59233,54.2,4.2,34.3,,,,,,,,,,,,,,,,,,,107815,44.7,5.4,31.6,24,79837,43.8,4.4,33.3,325
4/1/2004,Rochdale,E08000005,83969,45.2,,2.5,31.6,,362,150019,46.1,1.2,25,89401,45.2,2.4,30.3,66769,44,3,35,60632,55.4,2.4,32.4,,,,,,,,,,,,,,,,,,,109596,45.4,1.7,28.5,4,81892,45,2.6,31.8,358
5/1/2004,Rochdale,E08000005,86355,46.5,,2.8,30.9,,346,152551,46.9,1.7,23.1,91689,46.3,2.6,29.2,68992,45.5,3.3,34.8,62341,57,2.8,31.9,,,,,,,,,,,,,,,,,,,111719,46.3,1.9,27,5,84246,46.2,2.9,31.1,341
6/1/2004,Rochdale,E08000005,88889,47.9,,2.9,32.6,,386,155620,47.8,2,24.3,94345,47.7,2.9,30.8,71197,47,3.2,36.6,64312,58.8,3.2,33.3,,,,,,,,,,,,,,,,,,,114973,47.6,2.9,29.5,11,86719,47.6,2.9,32.7,375
7/1/2004,Rochdale,E08000005,92928,50,,4.5,34.8,,411,162217,49.9,4.2,26.5,98642,49.8,4.6,33,74502,49.1,4.6,38.8,67083,61.3,4.3,35.5,,,,,,,,,,,,,,,,,,,119540,49.5,4,31.2,3,90677,49.8,4.6,35,408
8/1/2004,Rochdale,E08000005,97696,52.6,,5.1,39.9,,327,170823,52.5,5.3,31.9,103752,52.4,5.2,38.1,78282,51.6,5.1,43.7,70369,64.3,4.9,39.8,,,,,,,,,,,,,,,,,,,125083,51.8,4.6,35.9,2,95346,52.3,5.1,40.1,325
9/1/2004,Rochdale,E08000005,99547,53.6,,1.9,39,,342,174277,53.6,2,31.6,105541,53.3,1.7,37,79838,52.7,2,42.7,71418,65.3,1.5,39,,,,,,,,,,,,,,,,,,,126471,52.4,1.1,34.9,24,97180,53.3,1.9,39.1,318
10/1/2004,Rochdale,E08000005,99468,53.6,,-0.1,36.6,,302,174215,53.5,0,29.8,105289,53.2,-0.2,34.5,79794,52.6,-0.1,39.9,71802,65.7,0.5,37.1,,,,,,,,,,,,,,,,,,,127403,52.8,0.7,34.6,7,97074,53.3,-0.1,36.6,295
11/1/2004,Rochdale,E08000005,100031,53.9,,0.6,33.4,,260,174817,53.7,0.3,26.9,105756,53.4,0.4,31.3,80321,53,0.7,36.6,72527,66.3,1,34.6,,,,,,,,,,,,,,,,,,,128874,53.4,1.2,32.7,4,97602,53.6,0.5,33.4,256
12/1/2004,Rochdale,E08000005,100761,54.3,,0.7,33.2,,255,175211,53.9,0.2,27.2,106376,53.7,0.6,30.9,81052,53.5,0.9,36.1,73427,67.1,1.2,34,,,,,,,,,,,,,,,,,,,131068,54.3,1.7,34.4,22,98280,54,0.7,33,233
1/1/2005,Rochdale,E08000005,101131,54.5,,0.4,30.7,,183,175679,54,0.3,24.8,106544,53.8,0.2,28.5,81466,53.7,0.5,33.4,73706,67.4,0.4,31.5,,,,,,,,,,,,,,,,,,,132592,54.9,1.2,32.4,9,98612,54.1,0.3,30.5,174
2/1/2005,Rochdale,E08000005,100441,54.1,,-0.7,28.2,,212,174170,53.5,-0.9,22.8,105950,53.5,-0.6,26.5,80896,53.4,-0.7,30.5,73112,66.9,-0.8,28.6,,,,,,,,,,,,,,,,,,,133212,55.2,0.5,30.2,14,97887,53.7,-0.7,28,198
3/1/2005,Rochdale,E08000005,99896,53.8,,-0.5,22,,203,173047,53.2,-0.6,16.8,105524,53.3,-0.4,20.9,80426,53,-0.6,24.1,72509,66.3,-0.8,22.4,,,,,,,,,,,,,,,,,,,133332,55.3,0.1,23.7,16,97322,53.4,-0.6,21.9,187
4/1/2005,Rochdale,E08000005,100170,53.9,,0.3,19.3,,258,172177,52.9,-0.5,14.8,105983,53.5,0.4,18.5,80727,53.2,0.4,20.9,72720,66.5,0.3,19.9,,,,,,,,,,,,,,,,,,,134840,55.9,1.1,23,12,97539,53.5,0.2,19.1,246
5/1/2005,Rochdale,E08000005,101182,54.5,,1,17.2,,245,173458,53.3,0.7,13.7,106778,53.9,0.8,16.5,81708,53.9,1.2,18.4,73464,67.2,1,17.8,,,,,,,,,,,,,,,,,,,136229,56.5,1,21.9,7,98524,54.1,1,16.9,238
6/1/2005,Rochdale,E08000005,102297,55.1,,1.1,15.1,,324,173835,53.4,0.2,11.7,107682,54.4,0.8,14.1,82905,54.7,1.5,16.4,74204,67.9,1,15.4,,,,,,,,,,,,,,,,,,,137233,56.9,0.7,19.4,23,99631,54.7,1.1,14.9,301
7/1/2005,Rochdale,E08000005,104159,56.1,,1.8,12.1,,338,176947,54.4,1.8,9.1,109550,55.3,1.7,11.1,84488,55.7,1.9,13.4,75222,68.8,1.4,12.1,,,,,,,,,,,,,,,,,,,138683,57.5,1.1,16,8,101490,55.7,1.9,11.9,330
8/1/2005,Rochdale,E08000005,106856,57.5,,2.6,9.4,,301,181277,55.7,2.4,6.1,112213,56.7,2.4,8.2,86791,57.2,2.7,10.9,77012,70.4,2.4,9.4,,,,,,,,,,,,,,,,,,,141918,58.8,2.3,13.5,9,104133,57.2,2.6,9.2,292
9/1/2005,Rochdale,E08000005,108424,58.4,,1.5,8.9,,348,184409,56.7,1.7,5.8,113700,57.4,1.3,7.7,88095,58.1,1.5,10.3,77944,71.3,1.2,9.1,,,,,,,,,,,,,,,,,,,143796,59.6,1.3,13.7,11,105670,58,1.5,8.7,337
10/1/2005,Rochdale,E08000005,109052,58.7,,0.6,9.6,,279,185178,56.9,0.4,6.3,114003,57.6,0.3,8.3,88760,58.5,0.8,11.2,78710,72,1,9.6,,,,,,,,,,,,,,,,,,,144952,60.1,0.8,13.8,10,106268,58.3,0.6,9.5,269
11/1/2005,Rochdale,E08000005,107871,58.1,,-1.1,7.8,,318,182652,56.1,-1.4,4.5,112738,57,-1.1,6.6,87865,58,-1,9.4,77944,71.3,-1,7.5,,,,,,,,,,,,,,,,,,,143837,59.6,-0.8,11.6,12,105098,57.7,-1.1,7.7,306
12/1/2005,Rochdale,E08000005,108603,58.5,,0.7,7.8,,356,182941,56.2,0.2,4.4,113393,57.3,0.6,6.6,88564,58.4,0.8,9.3,79095,72.3,1.5,7.7,,,,,,,,,,,,,,,,,,,145717,60.4,1.3,11.2,52,105772,58.1,0.6,7.6,304
1/1/2006,Rochdale,E08000005,109551,59,,0.9,8.3,,201,184537,56.7,0.9,5,114321,57.8,0.8,7.3,89386,59,0.9,9.7,79521,72.7,0.5,7.9,,,,,,,,,,,,,,,,,,,146883,60.9,0.8,10.8,16,106699,58.6,0.9,8.2,185
2/1/2006,Rochdale,E08000005,108191,58.3,,-1.2,7.7,,268,181506,55.8,-1.6,4.2,112670,56.9,-1.4,6.3,88404,58.3,-1.1,9.3,78811,72.1,-0.9,7.8,,,,,,,,,,,,,,,,,,,145566,60.3,-0.9,9.3,36,105321,57.8,-1.3,7.6,232
3/1/2006,Rochdale,E08000005,107307,57.8,,-0.8,7.4,,364,180442,55.5,-0.6,4.3,111814,56.5,-0.8,6,87647,57.8,-0.9,9,77655,71,-1.5,7.1,,,,,,,,,,,,,,,,,,,144203,59.8,-0.9,8.2,53,104454,57.3,-0.8,7.3,311
4/1/2006,Rochdale,E08000005,106383,57.3,,-0.9,6.2,,310,177841,54.7,-1.4,3.3,110860,56,-0.9,4.6,87033,57.4,-0.7,7.8,76967,70.4,-0.9,5.8,,,,,,,,,,,,,,,,,,,143192,59.3,-0.7,6.2,28,103537,56.8,-0.9,6.1,282
5/1/2006,Rochdale,E08000005,109440,58.9,,2.9,8.2,,336,182756,56.2,2.8,5.4,114126,57.7,2.9,6.9,89584,59.1,2.9,9.6,78854,72.1,2.5,7.3,,,,,,,,,,,,,,,,,,,146557,60.7,2.3,7.6,29,106571,58.5,2.9,8.2,307
6/1/2006,Rochdale,E08000005,111777,60.2,,2.1,9.3,,433,185794,57.1,1.7,6.9,116530,58.9,2.1,8.2,91638,60.4,2.3,10.5,80497,73.6,2.1,8.5,,,,,,,,,,,,,,,,,,,149142,61.8,1.8,8.7,61,108890,59.8,2.2,9.3,372
7/1/2006,Rochdale,E08000005,113047,60.9,,1.1,8.5,,337,187979,57.8,1.2,6.2,117647,59.4,1,7.4,92864,61.3,1.3,9.9,80938,74,0.5,7.6,,,,,,,,,,,,,,,,,,,149553,62,0.3,7.8,31,110230,60.5,1.2,8.6,306
8/1/2006,Rochdale,E08000005,114415,61.6,,1.2,7.1,,393,190609,58.6,1.4,5.1,119029,60.1,1.2,6.1,94106,62.1,1.3,8.4,81204,74.3,0.3,5.4,,,,,,,,,,,,,,,,,,,149619,62,0,5.4,20,111704,61.3,1.3,7.3,373
9/1/2006,Rochdale,E08000005,115275,62.1,,0.8,6.3,,369,192771,59.2,1.1,4.5,119901,60.6,0.7,5.5,94839,62.6,0.8,7.7,81253,74.3,0.1,4.2,,,,,,,,,,,,,,,,,,,149789,62.1,0.1,4.2,34,112621,61.8,0.8,6.6,335
10/1/2006,Rochdale,E08000005,115191,62,,-0.1,5.6,,325,193001,59.3,0.1,4.2,119890,60.6,0,5.2,94626,62.4,-0.2,6.6,81471,74.5,0.3,3.5,,,,,,,,,,,,,,,,,,,149958,62.1,0.1,3.5,21,112516,61.8,-0.1,5.9,304
11/1/2006,Rochdale,E08000005,114366,61.6,,-0.7,6,,392,191494,58.9,-0.8,4.8,119030,60.1,-0.7,5.6,93957,62,-0.7,6.9,80930,74,-0.7,3.8,,,,,,,,,,,,,,,,,,,148970,61.7,-0.7,3.6,27,111703,61.3,-0.7,6.3,365
12/1/2006,Rochdale,E08000005,115624,62.3,,1.1,6.5,,414,192525,59.2,0.5,5.2,120160,60.7,0.9,6,95157,62.8,1.3,7.4,82149,75.1,1.5,3.9,,,,,,,,,,,,,,,,,,,150829,62.5,1.2,3.5,43,112914,62,1.1,6.8,371
1/1/2007,Rochdale,E08000005,117237,63.1,,1.4,7,,267,194927,59.9,1.2,5.6,121780,61.5,1.3,6.5,96613,63.7,1.5,8.1,82981,75.9,1,4.4,,,,,,,,,,,,,,,,,,,152579,63.2,1.2,3.9,18,114517,62.9,1.4,7.3,249
2/1/2007,Rochdale,E08000005,118503,63.8,,1.1,9.5,,347,196957,60.5,1,8.5,123095,62.2,1.1,9.3,97621,64.4,1,10.4,84227,77,1.5,6.9,,,,,,,,,,,,,,,,,,,154611,64.1,1.3,6.2,17,115727,63.5,1.1,9.9,330
3/1/2007,Rochdale,E08000005,117860,63.5,,-0.5,9.8,,350,196368,60.4,-0.3,8.8,122467,61.9,-0.5,9.5,97092,64,-0.5,10.8,83325,76.2,-1.1,7.3,,,,,,,,,,,,,,,,,,,152998,63.4,-1,6.1,28,115142,63.2,-0.5,10.2,322
4/1/2007,Rochdale,E08000005,118819,64,,0.8,11.7,,304,197246,60.6,0.4,10.9,123365,62.3,0.7,11.3,98039,64.7,1,12.6,83885,76.7,0.7,9,,,,,,,,,,,,,,,,,,,153341,63.5,0.2,7.1,13,116118,63.7,0.8,12.2,291
5/1/2007,Rochdale,E08000005,121395,65.4,,2.2,10.9,,345,200474,61.6,1.6,9.7,125841,63.6,2,10.3,100391,66.2,2.4,12.1,85705,78.4,2.2,8.7,,,,,,,,,,,,,,,,,,,156803,65,2.3,7,17,118629,65.1,2.2,11.3,328
6/1/2007,Rochdale,E08000005,124648,67.1,,2.7,11.5,,384,205449,63.1,2.5,10.6,129055,65.2,2.6,10.7,103171,68,2.8,12.6,88231,80.7,2.9,9.6,,,,,,,,,,,,,,,,,,,161104,66.8,2.7,8,12,121804,66.9,2.7,11.9,372
7/1/2007,Rochdale,E08000005,125091,67.4,,0.4,10.7,,393,206659,63.5,0.6,9.9,129423,65.4,0.3,10,103514,68.3,0.3,11.5,88550,81,0.4,9.4,,,,,,,,,,,,,,,,,,,162428,67.3,0.8,8.6,7,122204,67.1,0.3,10.9,386
8/1/2007,Rochdale,E08000005,124920,67.3,,-0.1,9.2,,383,207367,63.7,0.3,8.8,129247,65.3,-0.1,8.6,103365,68.2,-0.1,9.8,87589,80.1,-1.1,7.9,,,,,,,,,,,,,,,,,,,160510,66.5,-1.2,7.3,15,122110,67,-0.1,9.3,368
9/1/2007,Rochdale,E08000005,124116,66.8,,-0.6,7.7,,366,206711,63.5,-0.3,7.2,128409,64.9,-0.6,7.1,102645,67.7,-0.7,8.2,86800,79.4,-0.9,6.8,,,,,,,,,,,,,,,,,,,158981,65.9,-1,6.1,18,121346,66.6,-0.6,7.7,348
10/1/2007,Rochdale,E08000005,125672,67.7,,1.3,9.1,,336,209936,64.5,1.6,8.8,129963,65.7,1.2,8.4,103855,68.5,1.2,9.8,88014,80.5,1.4,8,,,,,,,,,,,,,,,,,,,160546,66.5,1,7.1,19,122885,67.5,1.3,9.2,317
11/1/2007,Rochdale,E08000005,125630,67.6,,0,9.8,,371,210116,64.6,0.1,9.7,129956,65.7,0,9.2,103696,68.4,-0.2,10.4,88497,80.9,0.5,9.4,,,,,,,,,,,,,,,,,,,161195,66.8,0.4,8.2,17,122814,67.4,-0.1,9.9,354
12/1/2007,Rochdale,E08000005,128118,69,,2,10.8,,327,214093,65.8,1.9,11.2,132559,67,2,10.3,105727,69.7,2,11.1,90471,82.7,2.2,10.1,,,,,,,,,,,,,,,,,,,165150,68.4,2.5,9.5,36,125213,68.7,2,10.9,291
1/1/2008,Rochdale,E08000005,126586,68.2,,-1.2,8,,217,211685,65.1,-1.1,8.6,130937,66.1,-1.2,7.5,104443,68.9,-1.2,8.1,89498,81.8,-1.1,7.9,,,,,,,,,,,,,,,,,,,163694,67.8,-0.9,7.3,11,123694,67.9,-1.2,8,206
2/1/2008,Rochdale,E08000005,126038,67.9,,-0.4,6.4,,233,211045,64.9,-0.3,7.2,130362,65.9,-0.4,5.9,103957,68.6,-0.5,6.5,89204,81.6,-0.3,5.9,,,,,,,,,,,,,,,,,,,164848,68.3,0.7,6.6,9,123067,67.6,-0.5,6.3,224
3/1/2008,Rochdale,E08000005,121631,65.5,,-3.5,3.2,,195,204230,62.8,-3.2,4,125998,63.7,-3.3,2.9,100264,66.1,-3.6,3.3,85593,78.3,-4,2.7,,,,,,,,,,,,,,,,,,,159627,66.1,-3.2,4.3,7,118736,65.2,-3.5,3.1,188
4/1/2008,Rochdale,E08000005,122526,66,,0.7,3.1,,197,206020,63.3,0.9,4.4,126989,64.2,0.8,2.9,100994,66.6,0.7,3,85914,78.6,0.4,2.4,,,,,,,,,,,,,,,,,,,161414,66.9,1.1,5.3,16,119578,65.6,0.7,3,181
5/1/2008,Rochdale,E08000005,120419,64.8,,-1.7,-0.8,,183,202038,62.1,-1.9,0.8,124870,63.1,-1.7,-0.8,99363,65.5,-1.6,-1,84012,76.8,-2.2,-2,,,,,,,,,,,,,,,,,,,157757,65.4,-2.3,0.6,12,117568,64.5,-1.7,-0.9,171
6/1/2008,Rochdale,E08000005,121027,65.2,,0.5,-2.9,,181,202757,62.3,0.4,-1.3,125425,63.4,0.4,-2.8,99919,65.9,0.6,-3.2,84518,77.3,0.6,-4.2,,,,,,,,,,,,,,,,,,,158245,65.6,0.3,-1.8,19,118177,64.9,0.5,-3,162
7/1/2008,Rochdale,E08000005,120033,64.6,,-0.8,-4,,174,201118,61.8,-0.8,-2.7,124640,63,-0.6,-3.7,99040,65.3,-0.9,-4.3,83595,76.4,-1.1,-5.6,,,,,,,,,,,,,,,,,,,156046,64.7,-1.4,-3.9,12,117254,64.4,-0.8,-4.1,162
8/1/2008,Rochdale,E08000005,119803,64.5,,-0.2,-4.1,,144,201347,61.9,0.1,-2.9,124356,62.8,-0.2,-3.8,98814,65.2,-0.2,-4.4,83289,76.2,-0.4,-4.9,,,,,,,,,,,,,,,,,,,154395,64,-1.1,-3.8,5,117102,64.3,-0.1,-4.1,139
9/1/2008,Rochdale,E08000005,118374,63.7,,-1.2,-4.6,,123,201004,61.8,-0.2,-2.8,122806,62,-1.2,-4.4,97398,64.2,-1.4,-5.1,82282,75.2,-1.2,-5.2,,,,,,,,,,,,,,,,,,,152249,63.1,-1.4,-4.2,13,115721,63.5,-1.2,-4.6,110
10/1/2008,Rochdale,E08000005,115221,62,,-2.7,-8.3,,139,196251,60.3,-2.4,-6.5,119563,60.4,-2.6,-8,94696,62.5,-2.8,-8.8,80211,73.3,-2.5,-8.9,,,,,,,,,,,,,,,,,,,148158,61.4,-2.7,-7.7,10,112641,61.8,-2.7,-8.3,129
11/1/2008,Rochdale,E08000005,112968,60.8,,-2,-10.1,,111,192890,59.3,-1.7,-8.2,117436,59.3,-1.8,-9.6,92639,61.1,-2.2,-10.7,79005,72.2,-1.5,-10.7,,,,,,,,,,,,,,,,,,,146729,60.8,-1,-9,9,110360,60.6,-2,-10.1,102
12/1/2008,Rochdale,E08000005,111162,59.9,,-1.6,-13.2,,138,188678,58,-2.2,-11.9,115652,58.4,-1.5,-12.8,91292,60.2,-1.5,-13.7,77596,71,-1.8,-14.2,,,,,,,,,,,,,,,,,,,143842,59.6,-2,-12.9,21,108625,59.6,-1.6,-13.2,117
1/1/2009,Rochdale,E08000005,109689,59.1,,-1.3,-13.3,,64,186711,57.4,-1,-11.8,113988,57.6,-1.4,-12.9,90025,59.4,-1.4,-13.8,76803,70.2,-1,-14.2,,,,,,,,,,,,,,,,,,,142447,59,-1,-13,1,107159,58.8,-1.3,-13.4,63
2/1/2009,Rochdale,E08000005,107141,57.7,,-2.3,-15,,98,182494,56.1,-2.3,-13.5,111309,56.2,-2.4,-14.6,87905,58,-2.4,-15.4,75035,68.6,-2.3,-15.9,,,,,,,,,,,,,,,,,,,139212,57.7,-2.3,-15.6,18,104661,57.5,-2.3,-15,80
3/1/2009,Rochdale,E08000005,104537,56.3,,-2.4,-14.1,,85,178555,54.9,-2.2,-12.6,108656,54.9,-2.4,-13.8,85572,56.4,-2.7,-14.7,73834,67.5,-1.6,-13.7,,,,,,,,,,,,,,,,,,,137543,57,-1.2,-13.8,7,102016,56,-2.5,-14.1,78
4/1/2009,Rochdale,E08000005,102713,55.3,,-1.7,-16.2,,104,174548,53.6,-2.2,-15.3,107008,54.1,-1.5,-15.7,84132,55.5,-1.7,-16.7,72293,66.1,-2.1,-15.9,,,,,,,,,,,,,,,,,,,135124,56,-1.8,-16.3,5,100237,55,-1.7,-16.2,99
5/1/2009,Rochdale,E08000005,104269,56.1,,1.5,-13.4,,116,176742,54.3,1.3,-12.5,108714,54.9,1.6,-12.9,85557,56.4,1.7,-13.9,72812,66.6,0.7,-13.3,,,,,,,,,,,,,,,,,,,136231,56.5,0.8,-13.6,8,101821,55.9,1.6,-13.4,108
6/1/2009,Rochdale,E08000005,106681,57.4,,2.3,-11.9,,148,180705,55.5,2.2,-10.9,111313,56.2,2.4,-11.3,87699,57.8,2.5,-12.2,73575,67.3,1,-12.9,,,,,,,,,,,,,,,,,,,137579,57,1,-13.1,18,104299,57.3,2.4,-11.7,130
7/1/2009,Rochdale,E08000005,108693,58.5,,1.9,-9.4,,153,184411,56.7,2.1,-8.3,113398,57.3,1.9,-9,89474,59,2,-9.7,74203,67.9,0.9,-11.2,,,,,,,,,,,,,,,,,,,138879,57.6,0.9,-11,11,106356,58.4,2,-9.3,142
8/1/2009,Rochdale,E08000005,109253,58.8,,0.5,-8.8,,142,186085,57.2,0.9,-7.6,113992,57.6,0.5,-8.3,89929,59.3,0.5,-9,73996,67.7,-0.3,-11.2,,,,,,,,,,,,,,,,,,,138278,57.3,-0.4,-10.4,9,106997,58.7,0.6,-8.6,133
9/1/2009,Rochdale,E08000005,107328,57.8,,-1.8,-9.3,,137,183169,56.3,-1.6,-8.9,112041,56.6,-1.7,-8.8,88310,58.2,-1.8,-9.3,72392,66.2,-2.2,-12,,,,,,,,,,,,,,,,,,,135662,56.2,-1.9,-10.9,8,105125,57.7,-1.7,-9.2,129
10/1/2009,Rochdale,E08000005,108611,58.5,,1.2,-5.7,,169,185658,57.1,1.4,-5.4,113505,57.3,1.3,-5.1,89299,58.9,1.1,-5.7,72960,66.7,0.8,-9,,,,,,,,,,,,,,,,,,,136712,56.7,0.8,-7.7,7,106422,58.4,1.2,-5.5,162
11/1/2009,Rochdale,E08000005,109792,59.1,,1.1,-2.8,,180,187716,57.7,1.1,-2.7,114622,57.9,1,-2.4,90374,59.6,1.2,-2.4,73597,67.3,0.9,-6.8,,,,,,,,,,,,,,,,,,,138251,57.3,1.1,-5.8,37,107576,59.1,1.1,-2.5,143
12/1/2009,Rochdale,E08000005,111942,60.3,,2,0.7,,210,190067,58.4,1.3,0.7,116875,59,2,1.1,92457,61,2.3,1.3,74664,68.3,1.4,-3.8,,,,,,,,,,,,,,,,,,,140069,58,1.3,-2.6,19,109745,60.2,2,1,191
1/1/2010,Rochdale,E08000005,109062,58.7,,-2.6,-0.6,,99,186267,57.2,-2,-0.2,114003,57.6,-2.5,0,89994,59.4,-2.7,0,71908,65.8,-3.7,-6.4,,,,,,,,,,,,,,,,,,,134542,55.8,-3.9,-5.5,3,107063,58.8,-2.4,-0.1,96
2/1/2010,Rochdale,E08000005,107069,57.7,,-1.8,-0.1,,139,183204,56.3,-1.6,0.4,112298,56.7,-1.5,0.9,88161,58.1,-2,0.3,70257,64.2,-2.3,-6.4,,,,,,,,,,,,,,,,,,,132166,54.8,-1.8,-5.1,7,105139,57.7,-1.8,0.5,132
3/1/2010,Rochdale,E08000005,104814,56.4,,-2.1,0.3,,121,181358,55.7,-1,1.6,110099,55.6,-2,1.3,85861,56.6,-2.6,0.3,68908,63,-1.9,-6.7,,,,,,,,,,,,,,,,,,,129776,53.8,-1.8,-5.6,6,102935,56.5,-2.1,0.9,115
4/1/2010,Rochdale,E08000005,107140,57.7,,2.2,4.3,,149,184408,56.7,1.7,5.6,112568,56.9,2.2,5.2,87825,57.9,2.3,4.4,70951,64.9,3,-1.9,,,,,,,,,,,,,,,,,,,133912,55.5,3.2,-0.9,15,105149,57.7,2.2,4.9,134
5/1/2010,Rochdale,E08000005,106567,57.4,,-0.5,2.2,,136,183335,56.3,-0.6,3.7,111800,56.5,-0.7,2.8,87444,57.7,-0.4,2.2,70658,64.6,-0.4,-3,,,,,,,,,,,,,,,,,,,132444,54.9,-1.1,-2.8,10,104629,57.4,-0.5,2.8,126
6/1/2010,Rochdale,E08000005,108322,58.3,,1.6,1.5,,143,185705,57.1,1.3,2.8,113622,57.4,1.6,2.1,89096,58.8,1.9,1.6,71232,65.1,0.8,-3.2,,,,,,,,,,,,,,,,,,,133585,55.4,0.9,-2.9,10,106408,58.4,1.7,2,133
7/1/2010,Rochdale,E08000005,108208,58.3,,-0.1,-0.4,,181,186249,57.2,0.3,1,113466,57.3,-0.1,0.1,88988,58.7,-0.1,-0.5,70634,64.6,-0.8,-4.8,,,,,,,,,,,,,,,,,,,132326,54.8,-0.9,-4.7,10,106359,58.4,0,0,171
8/1/2010,Rochdale,E08000005,109170,58.8,,0.9,-0.1,,159,188646,58,1.3,1.4,114769,58,1.1,0.7,89573,59.1,0.7,-0.4,70836,64.8,0.3,-4.3,,,,,,,,,,,,,,,,,,,133279,55.2,0.7,-3.6,6,107317,58.9,0.9,0.3,153
9/1/2010,Rochdale,E08000005,109330,58.9,,0.1,1.9,,138,190108,58.4,0.8,3.8,114934,58.1,0.1,2.6,89534,59.1,0,1.4,70814,64.8,0,-2.2,,,,,,,,,,,,,,,,,,,133838,55.5,0.4,-1.3,13,107454,59,0.1,2.2,125
10/1/2010,Rochdale,E08000005,108412,58.4,,-0.8,-0.2,,126,188830,58,-0.7,1.7,114043,57.6,-0.8,0.5,88625,58.5,-1,-0.8,70628,64.6,-0.3,-3.2,,,,,,,,,,,,,,,,,,,134311,55.7,0.4,-1.8,4,106463,58.4,-0.9,0,122
11/1/2010,Rochdale,E08000005,107800,58,,-0.6,-1.8,,139,188071,57.8,-0.4,0.2,113307,57.2,-0.6,-1.1,88080,58.1,-0.6,-2.5,70493,64.5,-0.2,-4.2,,,,,,,,,,,,,,,,,,,133999,55.5,-0.2,-3.1,8,105837,58.1,-0.6,-1.6,131
12/1/2010,Rochdale,E08000005,104151,56.1,,-3.4,-7,,168,181413,55.8,-3.5,-4.6,109666,55.4,-3.2,-6.2,84996,56.1,-3.5,-8.1,68405,62.6,-3,-8.4,,,,,,,,,,,,,,,,,,,130429,54,-2.7,-6.9,19,102203,56.1,-3.4,-6.9,149
1/1/2011,Rochdale,E08000005,102082,55,,-2,-6.4,,110,178346,54.8,-1.7,-4.3,107417,54.3,-2.1,-5.8,83227,54.9,-2.1,-7.5,67240,61.5,-1.7,-6.5,,,,,,,,,,,,,,,,,,,128778,53.4,-1.3,-4.3,6,100121,55,-2,-6.5,104
2/1/2011,Rochdale,E08000005,100103,53.9,,-1.9,-6.5,,126,175314,53.9,-1.7,-4.3,105158,53.1,-2.1,-6.4,81614,53.8,-1.9,-7.4,66183,60.5,-1.6,-5.8,,,,,,,,,,,,,,,,,,,127487,52.8,-1,-3.5,16,98115,53.9,-2,-6.7,110
3/1/2011,Rochdale,E08000005,100088,53.9,,0,-4.5,,169,176283,54.2,0.6,-2.8,104954,53,-0.2,-4.7,81553,53.8,-0.1,-5,66194,60.5,0,-3.9,,,,,,,,,,,,,,,,,,,128203,53.1,0.6,-1.2,25,98053,53.8,-0.1,-4.7,144
4/1/2011,Rochdale,E08000005,100566,54.2,,0.5,-6.1,,126,176754,54.3,0.3,-4.2,105356,53.2,0.4,-6.4,82074,54.1,0.6,-6.5,66497,60.8,0.5,-6.3,,,,,,,,,,,,,,,,,,,128985,53.5,0.6,-3.7,5,98509,54.1,0.5,-6.3,121
5/1/2011,Rochdale,E08000005,101656,54.7,,1.1,-4.6,,150,178015,54.7,0.7,-2.9,106609,53.9,1.2,-4.6,82989,54.7,1.1,-5.1,67377,61.6,1.3,-4.6,,,,,,,,,,,,,,,,,,,130680,54.2,1.3,-1.3,3,99557,54.7,1.1,-4.8,147
6/1/2011,Rochdale,E08000005,101039,54.4,,-0.6,-6.7,,153,175840,54,-1.2,-5.3,106171,53.6,-0.4,-6.6,82532,54.4,-0.6,-7.4,67072,61.3,-0.5,-5.8,,,,,,,,,,,,,,,,,,,129163,53.5,-1.2,-3.3,21,99002,54.3,-0.6,-7,132
7/1/2011,Rochdale,E08000005,99880,53.8,,-1.1,-7.7,,167,173722,53.4,-1.2,-6.7,105072,53.1,-1,-7.4,81506,53.8,-1.2,-8.4,66465,60.8,-0.9,-5.9,,,,,,,,,,,,,,,,,,,127794,53,-1.1,-3.4,15,97859,53.7,-1.2,-8,152
8/1/2011,Rochdale,E08000005,101973,54.9,,2.1,-6.6,,153,177562,54.6,2.2,-5.9,107386,54.2,2.2,-6.4,83195,54.9,2.1,-7.1,67147,61.4,1,-5.2,,,,,,,,,,,,,,,,,,,129382,53.6,1.2,-2.9,14,99985,54.9,2.2,-6.8,139
9/1/2011,Rochdale,E08000005,103830,55.9,,1.8,-5,,170,181478,55.8,2.2,-4.5,109215,55.2,1.7,-5,84715,55.9,1.8,-5.4,68017,62.2,1.3,-4,,,,,,,,,,,,,,,,,,,131373,54.4,1.5,-1.8,17,101833,55.9,1.8,-5.2,153
10/1/2011,Rochdale,E08000005,105117,56.6,,1.2,-3,,152,184187,56.6,1.5,-2.5,110720,55.9,1.4,-2.9,85632,56.5,1.1,-3.4,68491,62.6,0.7,-3,,,,,,,,,,,,,,,,,,,132723,55,1,-1.2,11,103114,56.6,1.3,-3.1,141
11/1/2011,Rochdale,E08000005,102751,55.3,,-2.3,-4.7,,153,180306,55.4,-2.1,-4.1,108302,54.7,-2.2,-4.4,83537,55.1,-2.4,-5.2,67532,61.8,-1.4,-4.2,,,,,,,,,,,,,,,,,,,130856,54.2,-1.4,-2.3,17,100714,55.3,-2.3,-4.8,136
12/1/2011,Rochdale,E08000005,102966,55.4,,0.2,-1.1,,171,180113,55.4,-0.1,-0.7,108683,54.9,0.4,-0.9,83683,55.2,0.2,-1.5,67922,62.1,0.6,-0.7,,,,,,,,,,,,,,,,,,,131770,54.6,0.7,1,28,100880,55.4,0.2,-1.3,143
1/1/2012,Rochdale,E08000005,101646,54.7,,-1.3,-0.4,,113,177161,54.4,-1.6,-0.7,107336,54.2,-1.2,-0.1,82701,54.5,-1.2,-0.6,66999,61.3,-1.4,-0.4,93667,53.5,,,35,99685,52.8,,,78,88670,53,,,116246,53,,,129973,53.9,-1.4,0.9,6,99594,54.7,-1.3,-0.5,107
2/1/2012,Rochdale,E08000005,102492,55.2,,0.8,2.4,,122,178104,54.7,0.5,1.6,108092,54.6,0.7,2.8,83625,55.2,1.1,2.5,67111,61.4,0.2,1.4,96753,55.2,3.3,,35,102952,54.5,3.3,,87,91650,54.8,3.4,,119978,54.7,3.2,,130245,54,0.2,2.2,11,100491,55.2,0.9,2.4,111
3/1/2012,Rochdale,E08000005,101472,54.6,,-1,1.4,,168,175459,53.9,-1.5,-0.5,106974,54,-1,1.9,83024,54.8,-0.7,1.8,66305,60.6,-1.2,0.2,96629,55.2,-0.1,,38,102757,54.4,-0.2,,130,91675,54.8,0,,119558,54.5,-0.4,,128901,53.4,-1,0.5,25,99489,54.6,-1,1.5,143
4/1/2012,Rochdale,E08000005,102086,55,,0.6,1.5,,112,176651,54.3,0.7,-0.1,107573,54.3,0.6,2.1,83488,55.1,0.6,1.7,66984,61.3,1,0.7,97203,55.5,0.6,,34,103382,54.8,0.6,,78,92192,55.1,0.6,,120325,54.9,0.6,,129759,53.8,0.7,0.6,5,100082,54.9,0.6,1.6,107
5/1/2012,Rochdale,E08000005,100615,54.2,,-1.4,-1,,126,173963,53.5,-1.5,-2.3,106086,53.6,-1.4,-0.5,82255,54.3,-1.5,-0.9,66174,60.5,-1.2,-1.8,95823,54.7,-1.4,,31,101884,54,-1.4,,95,90865,54.3,-1.4,,118589,54.1,-1.4,,128196,53.1,-1.2,-1.9,9,98608,54.1,-1.5,-1,117
6/1/2012,Rochdale,E08000005,100758,54.3,,0.1,-0.3,,153,174402,53.6,0.3,-0.8,106136,53.6,0,0,82403,54.4,0.2,-0.2,66193,60.5,0,-1.3,95887,54.7,0.1,,33,102059,54.1,0.2,,120,90902,54.3,0,,118865,54.2,0.2,,127852,53,-0.3,-1,38,98804,54.2,0.2,-0.2,115
7/1/2012,Rochdale,E08000005,101668,54.7,,0.9,1.8,,131,175491,53.9,0.6,1,106916,54,0.7,1.8,83377,55,1.2,2.3,66624,60.9,0.7,0.2,96836,55.3,1,,49,102946,54.5,0.9,,82,91813,54.9,1,,119833,54.6,0.8,,127571,52.9,-0.2,-0.2,15,99851,54.8,1.1,2,116
8/1/2012,Rochdale,E08000005,103541,55.8,,1.8,1.5,,154,178381,54.8,1.6,0.5,108781,55,1.7,1.3,85101,56.1,2.1,2.3,67478,61.7,1.3,0.5,98630,56.3,1.9,,47,104838,55.5,1.8,,107,93550,55.9,1.9,,121987,55.6,1.8,,128784,53.4,1,-0.5,23,101814,55.9,2,1.8,131
9/1/2012,Rochdale,E08000005,104196,56.1,,0.6,0.4,,127,180208,55.4,1,-0.7,109471,55.3,0.6,0.2,85507,56.4,0.5,0.9,67802,62,0.5,-0.3,99295,56.7,0.7,,38,105485,55.9,0.6,,89,94100,56.2,0.6,,122809,56,0.7,,129364,53.6,0.5,-1.5,18,102484,56.3,0.7,0.6,109
10/1/2012,Rochdale,E08000005,104163,56.1,,0,-0.9,,138,180284,55.4,0,-2.1,109622,55.4,0.1,-1,85358,56.3,-0.2,-0.3,67654,61.9,-0.2,-1.2,99147,56.6,-0.1,,45,105500,55.9,0,,93,94027,56.2,-0.1,,122819,56,0,,130936,54.3,1.2,-1.3,14,102277,56.1,-0.2,-0.8,124
11/1/2012,Rochdale,E08000005,102380,55.1,,-1.7,-0.4,,166,177629,54.6,-1.5,-1.5,107795,54.5,-1.7,-0.5,83776,55.3,-1.9,0.3,66511,60.8,-1.7,-1.5,97381,55.6,-1.8,,42,103723,54.9,-1.7,,124,92367,55.2,-1.8,,120778,55.1,-1.7,,130333,54,-0.5,-0.4,18,100351,55.1,-1.9,-0.4,148
12/1/2012,Rochdale,E08000005,102423,55.2,,0,-0.5,,154,177823,54.7,0.1,-1.3,107870,54.5,0.1,-0.7,83803,55.3,0,0.1,66290,60.6,-0.3,-2.4,97315,55.6,-0.1,,36,103810,55,0.1,,118,92377,55.2,0,,120861,55.1,0.1,,131726,54.6,1.1,0,38,100250,55,-0.1,-0.6,116
1/1/2013,Rochdale,E08000005,99449,53.5,,-2.9,-2.2,,108,172877,53.1,-2.8,-2.4,104909,53,-2.7,-2.3,81256,53.6,-3,-1.7,64135,58.6,-3.2,-4.3,94484,53.9,-2.9,0.9,30,100798,53.4,-2.9,1.1,78,89650,53.6,-3,1.1,117405,53.5,-2.9,1,127334,52.8,-3.3,-2,10,97400,53.5,-2.8,-2.2,98
2/1/2013,Rochdale,E08000005,97807,52.7,,-1.7,-4.6,,123,170075,52.3,-1.6,-4.5,103224,52.1,-1.6,-4.5,79893,52.7,-1.7,-4.5,62999,57.6,-1.8,-6.1,92927,53.1,-1.6,-4,36,99132,52.5,-1.7,-3.7,87,88173,52.7,-1.6,-3.8,115451,52.6,-1.7,-3.8,124546,51.6,-2.2,-4.4,10,95863,52.6,-1.6,-4.6,113
3/1/2013,Rochdale,E08000005,98113,52.8,,0.3,-3.3,,156,171017,52.6,0.6,-2.5,103547,52.3,0.3,-3.2,80049,52.8,0.2,-3.6,63243,57.8,0.4,-4.6,93239,53.2,0.3,-3.5,39,99434,52.7,0.3,-3.2,117,88403,52.8,0.3,-3.6,115862,52.8,0.4,-3.1,125072,51.8,0.4,-3,27,96146,52.8,0.3,-3.4,129
4/1/2013,Rochdale,E08000005,102803,55.4,,4.8,0.7,,139,179247,55.1,4.8,1.5,108328,54.7,4.6,0.7,83976,55.4,4.9,0.6,66156,60.5,4.6,-1.2,97657,55.8,4.7,0.5,39,104204,55.2,4.8,0.8,100,92637,55.4,4.8,0.5,121390,55.4,4.8,0.9,131991,54.7,5.5,1.7,18,100639,55.2,4.7,0.6,121
5/1/2013,Rochdale,E08000005,104227,56.1,,1.4,3.6,,164,181632,55.8,1.3,4.4,109852,55.5,1.4,3.6,85130,56.1,1.4,3.5,67235,61.5,1.6,1.6,98982,56.5,1.4,3.3,45,105658,56,1.4,3.7,119,93897,56.1,1.4,3.3,123099,56.1,1.4,3.8,134184,55.6,1.7,4.7,23,101993,56,1.3,3.4,141
6/1/2013,Rochdale,E08000005,102288,55.1,,-1.9,1.5,,180,177475,54.5,-2.3,1.8,107869,54.5,-1.8,1.6,83697,55.2,-1.7,1.6,66002,60.4,-1.8,-0.3,97167,55.5,-1.8,1.3,53,103682,54.9,-1.9,1.6,127,92234,55.1,-1.8,1.5,120701,55,-1.9,1.5,130950,54.3,-2.4,2.4,50,100175,55,-1.8,1.4,130
7/1/2013,Rochdale,E08000005,100164,53.9,,-2.1,-1.5,,205,173440,53.3,-2.3,-1.2,105564,53.3,-2.1,-1.3,82065,54.1,-1.9,-1.6,64799,59.3,-1.8,-2.7,95208,54.4,-2,-1.7,68,101504,53.8,-2.1,-1.4,137,90364,54,-2,-1.6,118136,53.9,-2.1,-1.4,127358,52.8,-2.7,-0.2,11,98190,53.9,-2,-1.7,194
8/1/2013,Rochdale,E08000005,101584,54.7,,1.4,-1.9,,186,175841,54,1.4,-1.4,107069,54.1,1.4,-1.6,83269,54.9,1.5,-2.2,65439,59.8,1,-3,96581,55.1,1.4,-2.1,54,102934,54.5,1.4,-1.8,132,91653,54.8,1.4,-2,119801,54.6,1.4,-1.8,128635,53.3,1,-0.1,21,99641,54.7,1.5,-2.1,165
9/1/2013,Rochdale,E08000005,103961,56,,2.3,-0.2,,176,180788,55.6,2.8,0.3,109523,55.3,2.3,0,85058,56.1,2.1,-0.5,66856,61.1,2.2,-1.4,98802,56.4,2.3,-0.5,41,105359,55.8,2.4,-0.1,135,93695,56,2.2,-0.4,122739,56,2.5,-0.1,132209,54.8,2.8,2.2,24,101911,55.9,2.3,-0.6,152
10/1/2013,Rochdale,E08000005,102968,55.4,,-1,-1.1,,202,179803,55.3,-0.5,-0.3,108538,54.8,-0.9,-1,84059,55.4,-1.2,-1.5,65956,60.3,-1.3,-2.5,97787,55.8,-1,-1.4,62,104383,55.3,-0.9,-1.1,140,92713,55.4,-1,-1.4,121679,55.5,-0.9,-0.9,131765,54.6,-0.3,0.6,17,100848,55.4,-1,-1.4,185
11/1/2013,Rochdale,E08000005,103470,55.7,,0.5,1.1,,229,181003,55.6,0.7,1.9,109159,55.1,0.6,1.3,84329,55.6,0.3,0.7,66312,60.6,0.5,-0.3,98229,56.1,0.5,0.9,60,104905,55.6,0.5,1.1,169,93116,55.7,0.4,0.8,122335,55.8,0.5,1.3,133272,55.2,1.1,2.3,33,101245,55.6,0.4,0.9,196
12/1/2013,Rochdale,E08000005,103130,55.5,,-0.3,0.7,,208,179806,55.3,-0.7,1.1,109019,55.1,-0.1,1.1,84051,55.4,-0.3,0.3,66232,60.6,-0.1,-0.1,97893,55.9,-0.3,0.6,61,104566,55.4,-0.3,0.7,147,92865,55.5,-0.3,0.5,121862,55.6,-0.4,0.8,133283,55.2,0,1.2,31,100864,55.4,-0.4,0.6,177
1/1/2014,Rochdale,E08000005,103699,55.8,,0.6,4.3,,169,180407,55.4,0.3,4.4,109573,55.4,0.5,4.4,84607,55.8,0.7,4.1,66875,61.2,1,4.3,98496,56.2,0.6,4.2,49,105117,55.7,0.5,4.3,120,93453,55.9,0.6,4.2,122435,55.8,0.5,4.3,133909,55.5,0.5,5.2,12,101433,55.7,0.6,4.1,157
2/1/2014,Rochdale,E08000005,102492,55.2,,-1.2,4.8,,195,178217,54.8,-1.2,4.8,108247,54.7,-1.2,4.9,83682,55.2,-1.1,4.7,66013,60.4,-1.3,4.8,97358,55.6,-1.2,4.8,61,103890,55,-1.2,4.8,134,92443,55.3,-1.1,4.8,120910,55.1,-1.2,4.7,132882,55.1,-0.8,6.7,11,100209,55,-1.2,4.5,184
3/1/2014,Rochdale,E08000005,101708,54.8,,-0.8,3.7,,197,176695,54.3,-0.9,3.3,107475,54.3,-0.7,3.8,83062,54.8,-0.7,3.8,65307,59.7,-1.1,3.3,96662,55.2,-0.7,3.7,51,103075,54.6,-0.8,3.7,146,91805,54.9,-0.7,3.8,119899,54.7,-0.8,3.5,131727,54.6,-0.9,5.3,17,99469,54.6,-0.7,3.5,180
4/1/2014,Rochdale,E08000005,104704,56.4,,2.9,1.8,,188,181347,55.7,2.6,1.2,110652,55.9,3,2.1,85658,56.5,3.1,2,66995,61.3,2.6,1.3,99483,56.8,2.9,1.9,66,106125,56.2,3,1.8,122,94588,56.5,3,2.1,123333,56.2,2.9,1.6,136052,56.4,3.3,3.1,16,102363,56.2,2.9,1.7,172
5/1/2014,Rochdale,E08000005,106174,57.2,,1.4,1.9,,205,183325,56.3,1.1,0.9,112226,56.7,1.4,2.2,86973,57.4,1.5,2.2,68005,62.2,1.5,1.1,100856,57.6,1.4,1.9,69,107625,57,1.4,1.9,136,95957,57.4,1.4,2.2,125012,57,1.4,1.6,138129,57.2,1.5,2.9,23,103786,57,1.4,1.8,182
6/1/2014,Rochdale,E08000005,107117,57.7,,0.9,4.7,,248,184745,56.8,0.8,4.1,113178,57.2,0.8,4.9,87823,57.9,1,4.9,68589,62.7,0.9,3.9,101763,58.1,0.9,4.7,66,108575,57.5,0.9,4.7,182,96839,57.9,0.9,5,126084,57.5,0.9,4.5,139189,57.7,0.8,6.3,51,104721,57.5,0.9,4.5,197
7/1/2014,Rochdale,E08000005,107183,57.7,,0.1,7,,245,184856,56.8,0.1,6.6,113228,57.2,0,7.3,87903,58,0.1,7.1,68517,62.7,-0.1,5.7,101871,58.2,0.1,7,70,108621,57.5,0,7,175,96916,57.9,0.1,7.3,126140,57.5,0,6.8,138659,57.5,-0.4,8.9,21,104837,57.5,0.1,6.8,224
8/1/2014,Rochdale,E08000005,109074,58.7,,1.8,7.4,,243,188337,57.9,1.9,7.1,115186,58.2,1.7,7.6,89448,59,1.8,7.4,69534,63.6,1.5,6.3,103719,59.2,1.8,7.4,61,110515,58.5,1.7,7.4,182,98610,58.9,1.7,7.6,128386,58.5,1.8,7.2,139765,57.9,0.8,8.7,20,106799,58.6,1.9,7.2,223
9/1/2014,Rochdale,E08000005,109393,58.9,,0.3,5.2,,215,189078,58.1,0.4,4.6,115394,58.3,0.2,5.4,89738,59.2,0.3,5.5,69790,63.8,0.4,4.4,104072,59.4,0.3,5.3,64,110817,58.7,0.3,5.2,151,98878,59.1,0.3,5.5,128789,58.7,0.3,4.9,139272,57.7,-0.4,5.3,27,107188,58.8,0.4,5.2,188
10/1/2014,Rochdale,E08000005,108524,58.4,,-0.8,5.4,,228,187797,57.7,-0.7,4.4,114559,57.9,-0.7,5.5,88907,58.6,-0.9,5.8,69385,63.4,-0.6,5.2,103235,58.9,-0.8,5.6,65,109941,58.2,-0.8,5.3,163,98065,58.6,-0.8,5.8,127799,58.3,-0.8,5,138133,57.2,-0.8,4.8,16,106339,58.4,-0.8,5.4,212
11/1/2014,Rochdale,E08000005,107223,57.7,,-1.2,3.6,,210,185880,57.1,-1,2.7,113293,57.2,-1.1,3.8,87675,57.8,-1.4,4,68764,62.9,-0.9,3.7,102003,58.2,-1.2,3.8,65,108621,57.5,-1.2,3.5,145,96852,57.9,-1.2,4,126315,57.6,-1.2,3.3,136587,56.6,-1.1,2.5,13,105055,57.7,-1.2,3.8,197
12/1/2014,Rochdale,E08000005,106904,57.6,,-0.3,3.7,,203,185617,57,-0.1,3.2,113052,57.1,-0.2,3.7,87284,57.6,-0.4,3.8,68581,62.7,-0.3,3.5,101665,58,-0.3,3.9,64,108312,57.4,-0.3,3.6,139,96533,57.7,-0.3,3.9,125976,57.4,-0.3,3.4,137102,56.8,0.4,2.9,38,104664,57.5,-0.4,3.8,165
1/1/2015,Rochdale,E08000005,106436,57.3,,-0.4,2.6,,138,184892,56.8,-0.4,2.5,112629,56.9,-0.4,2.8,86842,57.3,-0.5,2.6,68240,62.4,-0.5,2,101215,57.8,-0.4,2.8,44,107840,57.1,-0.4,2.6,94,96086,57.4,-0.5,2.8,125456,57.2,-0.4,2.5,137197,56.9,0.1,2.5,11,104148,57.2,-0.5,2.7,127
2/1/2015,Rochdale,E08000005,104562,56.3,,-1.8,2,,145,181483,55.8,-1.8,1.8,110523,55.8,-1.9,2.1,85419,56.3,-1.6,2.1,67104,61.4,-1.7,1.7,99428,56.8,-1.8,2.1,51,105944,56.1,-1.8,2,94,94405,56.4,-1.7,2.1,123235,56.2,-1.8,1.9,135931,56.3,-0.9,2.3,10,102219,56.1,-1.9,2,135
3/1/2015,Rochdale,E08000005,104802,56.4,,0.2,3,,212,182391,56.1,0.5,3.2,110928,56,0.4,3.2,85410,56.3,0,2.8,67220,61.5,0.2,2.9,99582,56.9,0.2,3,73,106220,56.3,0.3,3.1,139,94543,56.5,0.1,3,123615,56.4,0.3,3.1,136907,56.7,0.7,3.9,44,102401,56.2,0.2,2.9,168
4/1/2015,Rochdale,E08000005,106659,57.4,,1.8,1.9,,174,185902,57.1,1.9,2.5,112846,57,1.7,2,86898,57.3,1.7,1.4,68331,62.5,1.7,2,101331,57.9,1.8,1.9,52,108109,57.3,1.8,1.9,122,96208,57.5,1.8,1.7,125818,57.4,1.8,2,139400,57.8,1.8,2.5,22,104210,57.2,1.8,1.8,152
5/1/2015,Rochdale,E08000005,108936,58.7,,2.1,2.6,,233,189799,58.3,2.1,3.5,115396,58.3,2.3,2.8,88688,58.5,2.1,2,69721,63.8,2,2.5,103493,59.1,2.1,2.6,59,110418,58.5,2.1,2.6,174,98266,58.7,2.1,2.4,128498,58.6,2.1,2.8,141807,58.8,1.7,2.7,30,106479,58.5,2.2,2.6,203
6/1/2015,Rochdale,E08000005,110560,59.5,,1.5,3.2,,316,191992,59,1.2,3.9,116989,59.1,1.4,3.4,90269,59.5,1.8,2.8,70519,64.5,1.1,2.8,105120,60,1.6,3.3,87,112026,59.3,1.5,3.2,229,99819,59.7,1.6,3.1,130308,59.4,1.4,3.3,142379,59,0.4,2.3,65,108189,59.4,1.6,3.3,251
7/1/2015,Rochdale,E08000005,109554,59,,-0.9,2.2,,303,189810,58.3,-1.1,2.7,115997,58.6,-0.8,2.4,89497,59,-0.9,1.8,69941,64,-0.8,2.1,104171,59.5,-0.9,2.3,91,111003,58.8,-0.9,2.2,212,98938,59.1,-0.9,2.1,129088,58.9,-0.9,2.3,140422,58.2,-1.4,1.3,28,107257,58.9,-0.9,2.3,275
8/1/2015,Rochdale,E08000005,109149,58.8,,-0.4,0.1,,256,189284,58.2,-0.3,0.5,115506,58.4,-0.4,0.3,89192,58.8,-0.3,-0.3,69454,63.5,-0.7,-0.1,103794,59.3,-0.4,0.1,66,110590,58.6,-0.4,0.1,190,98556,58.9,-0.4,-0.1,128632,58.7,-0.4,0.2,139288,57.7,-0.8,-0.3,42,106910,58.7,-0.3,0.1,214
9/1/2015,Rochdale,E08000005,108305,58.3,,-0.8,-1,,260,188695,58,-0.3,-0.2,114498,57.8,-0.9,-0.8,88359,58.3,-0.9,-1.5,68993,63.1,-0.7,-1.1,102967,58.8,-0.8,-1.1,66,109745,58.1,-0.8,-1,194,97688,58.4,-0.9,-1.2,127764,58.3,-0.7,-0.8,138422,57.4,-0.6,-0.6,38,106066,58.2,-0.8,-1,222
10/1/2015,Rochdale,E08000005,108507,58.4,,0.2,0,,273,189686,58.3,0.5,1,114686,57.9,0.2,0.1,88409,58.3,0.1,-0.6,68972,63.1,0,-0.6,103161,58.9,0.2,-0.1,62,109949,58.2,0.2,0,211,97822,58.5,0.1,-0.2,128061,58.4,0.2,0.2,138871,57.5,0.3,0.5,39,106248,58.3,0.2,-0.1,234
11/1/2015,Rochdale,E08000005,109157,58.8,,0.6,1.8,,231,191083,58.7,0.7,2.8,115442,58.3,0.7,1.9,88836,58.6,0.5,1.3,69365,63.4,0.6,0.9,103756,59.2,0.6,1.7,71,110618,58.6,0.6,1.8,159,98377,58.8,0.6,1.6,128867,58.8,0.6,2,139917,58,0.8,2.4,30,106868,58.7,0.6,1.7,201
12/1/2015,Rochdale,E08000005,109352,58.9,,0.2,2.3,,250,191236,58.8,0.1,3,115764,58.5,0.3,2.4,88995,58.7,0.2,2,69257,63.3,-0.2,1,103919,59.3,0.2,2.2,57,110826,58.7,0.2,2.3,192,98616,58.9,0.2,2.2,129020,58.8,0.1,2.4,141482,58.6,1.1,3.2,51,106955,58.7,0.1,2.2,199
1/1/2016,Rochdale,E08000005,110474,59.5,,1,3.8,,161,192905,59.3,0.9,4.3,117136,59.2,1.2,4,89863,59.3,1,3.5,69952,64,1,2.5,104964,59.9,1,3.7,53,111972,59.3,1,3.8,108,99640,59.6,1,3.7,130329,59.4,1,3.9,143213,59.3,1.2,4.4,13,108030,59.3,1,3.7,148
2/1/2016,Rochdale,E08000005,110748,59.6,,0.2,5.9,,241,193252,59.4,0.2,6.5,117409,59.3,0.2,6.2,90139,59.5,0.3,5.5,70042,64,0.1,4.4,105260,60.1,0.3,5.9,64,112235,59.4,0.2,5.9,177,99939,59.7,0.3,5.9,130590,59.6,0.2,6,143368,59.4,0.1,5.5,29,108314,59.5,0.3,6,212
3/1/2016,Rochdale,E08000005,112004,60.3,,1.1,6.9,,345,195568,60.1,1.2,7.2,118707,60,1.1,7,91098,60.1,1.1,6.7,71285,65.2,1.8,6,106517,60.8,1.2,7,112,113479,60.1,1.1,6.8,232,101025,60.4,1.1,6.9,132129,60.3,1.2,6.9,142705,59.1,-0.5,4.2,41,109726,60.2,1.3,7.2,304
4/1/2016,Rochdale,E08000005,113467,61.1,,1.3,6.4,,204,197863,60.8,1.2,6.4,120179,60.7,1.2,6.5,92430,61,1.5,6.4,71951,65.8,0.9,5.3,107893,61.6,1.3,6.5,51,114967,60.9,1.3,6.3,152,102441,61.2,1.4,6.5,133736,61,1.2,6.3,145920,60.5,2.3,4.7,42,111053,61,1.2,6.6,162
5/1/2016,Rochdale,E08000005,115663,62.3,,1.9,6.2,,190,201190,61.8,1.7,6,122545,61.9,2,6.2,94298,62.2,2,6.3,73459,67.2,2.1,5.4,109940,62.8,1.9,6.2,36,117212,62.1,2,6.2,154,104507,62.5,2,6.4,136225,62.1,1.9,6,151697,62.9,4,7,29,112973,62,1.7,6.1,161
6/1/2016,Rochdale,E08000005,117116,63.1,,1.3,5.9,,293,203189,62.4,1,5.8,124073,62.7,1.2,6.1,95657,63.1,1.4,6,74018,67.7,0.8,5,111268,63.5,1.2,5.8,67,118707,62.9,1.3,6,226,105942,63.3,1.4,6.1,137787,62.8,1.1,5.7,155790,64.6,2.7,9.4,74,114216,62.7,1.1,5.6,219
7/1/2016,Rochdale,E08000005,116494,62.7,,-0.5,6.3,,248,202163,62.1,-0.5,6.5,123300,62.3,-0.6,6.3,95201,62.8,-0.5,6.4,73685,67.4,-0.5,5.4,110693,63.2,-0.5,6.3,60,118069,62.5,-0.5,6.4,188,105342,63,-0.6,6.5,137101,62.5,-0.5,6.2,153880,63.8,-1.2,9.6,18,113693,62.4,-0.5,6,230
8/1/2016,Rochdale,E08000005,116653,62.8,,0.1,6.9,,229,202909,62.4,0.4,7.2,123377,62.3,0.1,6.8,95274,62.8,0.1,6.8,73823,67.5,0.2,6.3,110880,63.3,0.2,6.8,69,118216,62.6,0.1,6.9,160,105416,63,0.1,7,137373,62.6,0.2,6.8,151957,63,-1.3,9.1,16,114014,62.6,0.3,6.6,213
9/1/2016,Rochdale,E08000005,116972,63,,0.3,8,,244,203855,62.7,0.5,8,123850,62.6,0.4,8.2,95358,62.9,0.1,7.9,74015,67.7,0.3,7.3,111168,63.5,0.3,8,79,118544,62.8,0.3,8,165,105614,63.1,0.2,8.1,137857,62.9,0.4,7.9,152186,63.1,0.2,9.9,33,114340,62.8,0.3,7.8,211
10/1/2016,Rochdale,E08000005,116617,62.8,,-0.3,7.5,,236,204058,62.7,0.1,7.6,123628,62.5,-0.2,7.8,94736,62.5,-0.7,7.2,74168,67.8,0.2,7.5,110799,63.3,-0.3,7.4,70,118200,62.6,-0.3,7.5,166,105196,62.9,-0.4,7.5,137558,62.7,-0.2,7.4,152626,63.2,0.3,9.9,18,113923,62.5,-0.4,7.2,218
11/1/2016,Rochdale,E08000005,115955,62.4,,-0.6,6.2,,264,203973,62.7,0,6.7,123098,62.2,-0.4,6.6,93835,61.9,-1,5.6,73798,67.5,-0.5,6.4,110104,62.9,-0.6,6.1,78,117558,62.3,-0.5,6.3,186,104484,62.5,-0.7,6.2,136916,62.4,-0.5,6.2,152971,63.4,0.2,9.3,28,113181,62.1,-0.7,5.9,236
12/1/2016,Rochdale,E08000005,114579,61.7,,-1.2,4.8,,273,202022,62.1,-1,5.6,121613,61.4,-1.2,5.1,92604,61.1,-1.3,4.1,73128,66.9,-0.9,5.6,108789,62.1,-1.2,4.7,67,116167,61.5,-1.2,4.8,205,103231,61.7,-1.2,4.7,135307,61.7,-1.2,4.9,151948,63,-0.7,7.4,47,111777,61.4,-1.2,4.5,226
1/1/2017,Rochdale,E08000005,114509,61.7,,-0.1,3.7,,163,202406,62.2,0.2,4.9,121589,61.4,0,3.8,92431,61,-0.2,2.9,72830,66.6,-0.4,4.1,108678,62.1,-0.1,3.5,43,116116,61.5,0,3.7,120,103128,61.6,-0.1,3.5,135274,61.7,0,3.8,152899,63.4,0.6,6.8,12,111630,61.3,-0.1,3.3,151
2/1/2017,Rochdale,E08000005,113532,61.1,,-0.9,2.5,,192,200427,61.6,-1,3.7,120449,60.8,-0.9,2.6,91720,60.5,-0.8,1.8,72621,66.4,-0.3,3.7,107782,61.5,-0.8,2.4,60,115112,61,-0.9,2.6,131,102310,61.2,-0.8,2.4,134022,61.1,-0.9,2.6,151863,62.9,-0.7,5.9,13,110653,60.7,-0.9,2.2,179
3/1/2017,Rochdale,E08000005,113275,61,,-0.2,1.1,,249,200246,61.5,-0.1,2.4,120273,60.8,-0.1,1.3,91382,60.3,-0.4,0.3,72548,66.3,-0.1,1.8,107506,61.4,-0.3,0.9,81,114867,60.8,-0.2,1.2,165,102055,61,-0.2,1,133734,61,-0.2,1.2,152150,63,0.2,6.6,25,110352,60.6,-0.3,0.6,224
4/1/2017,Rochdale,E08000005,114442,61.6,,1,0.9,,212,201851,62,0.8,2,121404,61.3,0.9,1,92463,61,1.2,0,73609,67.3,1.5,2.3,108652,62,1.1,0.7,71,116035,61.5,1,0.9,141,103193,61.7,1.1,0.7,134988,61.6,0.9,0.9,152747,63.3,0.4,4.7,25,111560,61.2,1.1,0.5,187
5/1/2017,Rochdale,E08000005,117313,63.2,,2.5,1.4,,242,206336,63.4,2.2,2.6,124705,63,2.7,1.8,94745,62.5,2.5,0.5,75455,69,2.5,2.7,111362,63.6,2.5,1.3,85,118952,63,2.5,1.5,157,105839,63.3,2.6,1.3,138288,63.1,2.4,1.5,156472,64.8,2.4,3.1,19,114366,62.8,2.5,1.2,223
6/1/2017,Rochdale,E08000005,119778,64.5,,2.1,2.3,,274,209866,64.5,1.7,3.3,127300,64.3,2.1,2.6,96916,63.9,2.3,1.3,77217,70.6,2.3,4.3,113720,64.9,2.1,2.2,67,121444,64.3,2.1,2.3,207,108131,64.6,2.2,2.1,141097,64.3,2,2.4,158585,65.7,1.4,1.8,63,116855,64.1,2.2,2.3,211
7/1/2017,Rochdale,E08000005,119938,64.6,,0.1,3,,252,209803,64.5,0,3.8,127535,64.4,0.2,3.4,97059,64,0.1,2,77505,70.9,0.4,5.2,113911,65,0.2,2.9,73,121590,64.4,0.1,3,179,108282,64.7,0.1,2.8,141276,64.4,0.1,3,158375,65.6,-0.1,2.9,12,117043,64.3,0.2,2.9,240
8/1/2017,Rochdale,E08000005,118888,64,,-0.9,1.9,,316,208008,63.9,-0.9,2.5,126153,63.7,-1.1,2.3,96400,63.6,-0.7,1.2,76618,70.1,-1.1,3.8,112908,64.5,-0.9,1.8,100,120528,63.8,-0.9,2,216,107288,64.1,-0.9,1.8,140106,63.9,-0.8,2,155844,64.6,-1.6,2.6,23,116102,63.7,-0.8,1.8,293
9/1/2017,Rochdale,E08000005,119439,64.3,,0.5,2.1,,314,209575,64.4,0.8,2.8,126684,64,0.4,2.3,96772,63.8,0.4,1.5,76736,70.2,0.2,3.7,113420,64.8,0.5,2,81,121091,64.1,0.5,2.1,233,107722,64.4,0.4,2,140846,64.2,0.5,2.2,156808,65,0.6,3,29,116622,64,0.4,2,285
10/1/2017,Rochdale,E08000005,121113,65.2,,1.4,3.9,,255,212933,65.4,1.6,4.3,128530,64.9,1.5,4,98030,64.7,1.3,3.5,77444,70.8,0.9,4.4,114942,65.6,1.3,3.7,81,122817,65.1,1.4,3.9,174,109175,65.3,1.3,3.8,142904,65.2,1.5,3.9,159288,66,1.6,4.4,28,118237,64.9,1.4,3.8,227
11/1/2017,Rochdale,E08000005,122118,65.8,,0.8,5.3,,286,214937,66.1,0.9,5.4,129790,65.6,1,5.4,98658,65.1,0.6,5.1,78093,71.4,0.8,5.8,115916,66.2,0.8,5.3,89,123827,65.6,0.8,5.3,197,110079,65.8,0.8,5.4,144091,65.7,0.8,5.2,160815,66.6,1,5.1,26,119201,65.4,0.8,5.3,260
12/1/2017,Rochdale,E08000005,123195,66.3,,0.9,7.5,,280,216347,66.5,0.7,7.1,131083,66.2,1,7.8,99540,65.7,0.9,7.5,78801,72.1,0.9,7.8,116935,66.8,0.9,7.5,71,124920,66.2,0.9,7.5,209,111106,66.4,0.9,7.6,145280,66.3,0.8,7.4,162247,67.2,0.9,6.8,56,120252,66,0.9,7.6,224
1/1/2018,Rochdale,E08000005,123987,66.8,,0.6,8.3,,188,217874,67,0.7,7.6,132106,66.7,0.8,8.7,100016,66,0.5,8.2,79424,72.6,0.8,9.1,117631,67.2,0.6,8.2,60,125747,66.6,0.7,8.3,128,111783,66.8,0.6,8.4,146268,66.7,0.7,8.1,164316,68.1,1.3,7.5,8,120950,66.4,0.6,8.3,180
2/1/2018,Rochdale,E08000005,123827,66.7,,-0.1,9.1,,210,217855,67,0,8.7,131983,66.7,-0.1,9.6,99849,65.9,-0.2,8.9,78864,72.1,-0.7,8.6,117302,67,-0.3,8.8,52,125663,66.6,-0.1,9.2,158,111602,66.7,-0.2,9.1,146135,66.6,-0.1,9,167462,69.4,1.9,10.3,17,120548,66.2,-0.3,8.9,193
3/1/2018,Rochdale,E08000005,123052,66.3,,-0.6,8.6,,301,216910,66.7,-0.4,8.3,131181,66.3,-0.6,9.1,99151,65.4,-0.7,8.5,78022,71.3,-1.1,7.5,116500,66.5,-0.7,8.4,90,124905,66.2,-0.6,8.7,210,110848,66.3,-0.7,8.6,145303,66.3,-0.6,8.7,167560,69.4,0.1,10.1,32,119711,65.7,-0.7,8.5,269
4/1/2018,Rochdale,E08000005,122530,66,,-0.4,7.1,,200,215531,66.2,-0.6,6.8,130507,65.9,-0.5,7.5,98977,65.3,-0.2,7,77134,70.5,-1.1,4.8,116001,66.2,-0.4,6.8,72,124378,65.9,-0.4,7.2,128,110448,66,-0.4,7,144587,65.9,-0.5,7.1,167081,69.2,-0.3,9.4,20,119186,65.4,-0.4,6.8,180
5/1/2018,Rochdale,E08000005,124576,67.1,,1.7,6.2,,235,218799,67.2,1.5,6,132700,67,1.7,6.4,100726,66.4,1.8,6.3,78149,71.5,1.3,3.6,118019,67.4,1.7,6,55,126418,67,1.6,6.3,180,112314,67.1,1.7,6.1,146968,67,1.6,6.3,167089,69.2,0,6.8,11,121382,66.6,1.8,6.1,224
6/1/2018,Rochdale,E08000005,124624,67.1,,0,4,,291,218714,67.2,0,4.2,132880,67.1,0.1,4.4,100719,66.4,0,3.9,78186,71.5,0,1.3,118068,67.4,0,3.8,66,126465,67,0,4.1,225,112337,67.2,0,3.9,147056,67.1,0.1,4.2,166552,69,-0.3,5,59,121475,66.7,0.1,4,232
7/1/2018,Rochdale,E08000005,125878,67.8,,1,5,,255,221332,68,1.2,5.5,134217,67.8,1,5.2,101641,67,0.9,4.7,78966,72.2,1,1.9,119264,68.1,1,4.7,71,127734,67.7,1,5.1,184,113406,67.8,1,4.7,148622,67.8,1.1,5.2,167430,69.4,0.5,5.7,13,122757,67.4,1.1,4.9,242
8/1/2018,Rochdale,E08000005,125941,67.8,,0.1,5.9,,295,221538,68.1,0.1,6.5,134305,67.8,0.1,6.5,101657,67.1,0,5.5,79016,72.3,0.1,3.1,119316,68.1,0,5.7,74,127802,67.7,0.1,6,221,113440,67.8,0,5.7,148730,67.8,0.1,6.2,168237,69.7,0.5,8,19,122764,67.4,0,5.7,276
9/1/2018,Rochdale,E08000005,127206,68.5,,1,6.5,,251,224145,68.9,1.2,7,135588,68.5,1,7,102680,67.7,1,6.1,79465,72.7,0.6,3.6,120498,68.8,1,6.2,67,129092,68.4,1,6.6,183,114559,68.5,1,6.3,150253,68.5,1,6.7,169989,70.4,1,8.4,24,123992,68.1,1,6.3,227
10/1/2018,Rochdale,E08000005,128980,69.5,,1.4,6.5,,282,227304,69.9,1.4,6.7,137576,69.5,1.5,7,104047,68.6,1.3,6.1,80548,73.7,1.4,4,122170,69.8,1.4,6.3,75,130897,69.3,1.4,6.6,207,116180,69.4,1.4,6.4,152315,69.5,1.4,6.6,173308,71.8,2,8.8,35,125651,69,1.3,6.3,247
11/1/2018,Rochdale,E08000005,130280,70.2,,1,6.7,,316,230190,70.7,1.3,7.1,138995,70.2,1,7.1,104953,69.2,0.9,6.4,81304,74.3,0.9,4.1,123420,70.5,1,6.5,82,132209,70,1,6.8,234,117296,70.1,1,6.6,153930,70.2,1.1,6.8,173709,72,0.2,8,32,127020,69.7,1.1,6.6,284
12/1/2018,Rochdale,E08000005,132090,71.1,,1.4,7.2,,242,232947,71.6,1.2,7.7,141022,71.2,1.5,7.6,106404,70.2,1.4,6.9,82747,75.7,1.8,5,125140,71.5,1.4,7,64,134042,71,1.4,7.3,178,118987,71.1,1.4,7.1,155979,71.1,1.3,7.4,176262,73,1.5,8.6,41,128773,70.7,1.4,7.1,201
1/1/2019,Rochdale,E08000005,131187,70.6,,-0.7,5.8,,156,231929,71.3,-0.4,6.5,140175,70.8,-0.6,6.1,105485,69.6,-0.9,5.5,82124,75.1,-0.8,3.4,124254,70.9,-0.7,5.6,32,133139,70.5,-0.7,5.9,124,118075,70.6,-0.8,5.6,155055,70.7,-0.6,6,174428,72.3,-1,6.2,16,127940,70.2,-0.6,5.8,140
2/1/2019,Rochdale,E08000005,130702,70.4,,-0.4,5.6,,224,230941,71,-0.4,6,139782,70.6,-0.3,5.9,105027,69.3,-0.4,5.2,81890,74.9,-0.3,3.8,123725,70.6,-0.4,5.5,65,132679,70.3,-0.3,5.6,159,117668,70.3,-0.3,5.4,154403,70.4,-0.4,5.7,177346,73.5,1.7,5.9,12,127210,69.8,-0.6,5.5,212
3/1/2019,Rochdale,E08000005,129539,69.8,,-0.9,5.3,,282,229175,70.4,-0.8,5.7,138767,70.1,-0.7,5.8,103934,68.6,-1,4.8,80770,73.9,-1.4,3.5,122540,70,-1,5.2,59,131535,69.7,-0.9,5.3,223,116551,69.7,-0.9,5.1,153097,69.8,-0.8,5.4,176833,73.3,-0.3,5.5,33,126001,69.2,-1,5.3,249
4/1/2019,Rochdale,E08000005,129558,69.8,,0,5.7,,246,228352,70.2,-0.4,5.9,138810,70.1,0,6.4,104147,68.7,0.2,5.2,80618,73.7,-0.2,4.5,122564,70,0,5.7,54,131552,69.7,0,5.8,191,116668,69.7,0.1,5.6,152939,69.7,-0.1,5.8,177793,73.7,0.5,6.4,23,125953,69.1,0,5.7,223
5/1/2019,Rochdale,E08000005,130954,70.5,,1.1,5.1,,252,230298,70.8,0.9,5.3,140286,70.9,1.1,5.7,105441,69.5,1.2,4.7,81234,74.3,0.8,3.9,123911,70.7,1.1,5,56,132959,70.4,1.1,5.2,195,117913,70.5,1.1,5,154611,70.5,1.1,5.2,177501,73.6,-0.2,6.2,13,127465,70,1.2,5,239
6/1/2019,Rochdale,E08000005,133461,71.9,,1.9,7.1,,236,234367,72,1.8,7.2,142872,72.2,1.8,7.5,107567,70.9,2,6.8,82941,75.8,2.1,6.1,126394,72.2,2,7.1,42,135458,71.7,1.9,7.1,192,120160,71.8,1.9,7,157589,71.9,1.9,7.2,179248,74.3,1,7.6,47,130023,71.4,2,7,189
7/1/2019,Rochdale,E08000005,134854,72.6,,1,7.1,,272,236800,72.8,1,7,144274,72.9,1,7.5,108723,71.7,1.1,7,83945,76.8,1.2,6.3,127693,72.9,1,7.1,80,136879,72.5,1,7.2,189,121420,72.6,1,7.1,159222,72.6,1,7.1,181519,75.2,1.3,8.4,24,131352,72.1,1,7,248
8/1/2019,Rochdale,E08000005,136169,73.3,,1,8.1,,345,239118,73.5,1,7.9,145564,73.5,0.9,8.4,109909,72.5,1.1,8.1,84497,77.3,0.7,6.9,128921,73.6,1,8.1,85,138221,73.2,1,8.2,260,122584,73.3,1,8.1,160810,73.3,1,8.1,182838,75.8,0.7,8.7,39,132664,72.8,1,8.1,306
9/1/2019,Rochdale,E08000005,135444,72.9,,-0.5,6.5,,228,237828,73.1,-0.5,6.1,144537,73,-0.7,6.6,109509,72.2,-0.4,6.7,83964,76.8,-0.6,5.7,128186,73.2,-0.6,6.4,48,137505,72.8,-0.5,6.5,176,121950,72.9,-0.5,6.5,159919,72.9,-0.6,6.4,183100,75.9,0.1,7.7,35,131870,72.4,-0.6,6.4,193
10/1/2019,Rochdale,E08000005,136774,73.6,,1,6,,298,240023,73.8,0.9,5.6,146272,73.9,1.2,6.3,110453,72.9,0.9,6.2,84561,77.3,0.7,5,129387,73.9,0.9,5.9,72,138880,73.6,1,6.1,222,123117,73.6,1,6,161545,73.7,1,6.1,184541,76.5,0.8,6.5,32,133190,73.1,1,6,266
11/1/2019,Rochdale,E08000005,136344,73.4,,-0.3,4.7,,310,239607,73.6,-0.2,4.1,146116,73.8,-0.1,5.1,109821,72.4,-0.6,4.6,84362,77.1,-0.2,3.8,129012,73.7,-0.3,4.5,69,138430,73.3,-0.3,4.7,236,122706,73.3,-0.3,4.6,161081,73.5,-0.3,4.6,182594,75.7,-1.1,5.1,34,132870,72.9,-0.2,4.6,276
12/1/2019,Rochdale,E08000005,137565,74.1,,0.9,4.1,,274,241713,74.3,0.9,3.8,147606,74.6,1,4.7,110704,73,0.8,4,85067,77.8,0.8,2.8,130260,74.4,1,4.1,47,139631,74,0.9,4.2,221,123846,74,0.9,4.1,162449,74.1,0.8,4.1,182260,75.5,-0.2,3.4,60,134202,73.7,1,4.2,214
1/1/2020,Rochdale,E08000005,135711,73.1,,-1.3,3.4,,176,238872,73.4,-1.2,3,145622,73.6,-1.3,3.9,109171,72,-1.4,3.5,83658,76.5,-1.7,1.9,128397,73.3,-1.4,3.3,44,137795,73,-1.3,3.5,128,122162,73,-1.4,3.5,160287,73.1,-1.3,3.4,181023,75,-0.7,3.8,16,132310,72.6,-1.4,3.4,160
2/1/2020,Rochdale,E08000005,134529,72.4,,-0.9,2.9,,232,236952,72.8,-0.8,2.6,144274,72.9,-0.9,3.2,108319,71.4,-0.8,3.1,82582,75.5,-1.3,0.8,127123,72.6,-1,2.7,69,136665,72.4,-0.8,3,161,121124,72.4,-0.9,2.9,158844,72.4,-0.9,2.9,181257,75.1,0.1,2.2,24,131071,72,-0.9,3,208
3/1/2020,Rochdale,E08000005,133840,72.1,,-0.5,3.3,,198,236123,72.6,-0.3,3,143673,72.6,-0.4,3.5,107677,71,-0.6,3.6,81793,74.8,-1,1.3,126224,72.1,-0.7,3,42,136074,72.1,-0.4,3.5,148,120462,72,-0.5,3.4,158105,72.1,-0.5,3.3,183067,75.9,1,3.5,36,130226,71.5,-0.6,3.4,162
4/1/2020,Rochdale,E08000005,135081,72.7,,0.9,4.3,,87,238611,73.3,1.1,4.5,144938,73.2,0.9,4.4,108753,71.7,1,4.4,82005,75,0.3,1.7,127384,72.7,0.9,3.9,24,137339,72.7,0.9,4.4,62,121613,72.7,1,4.2,159508,72.7,0.9,4.3,185390,76.8,1.3,4.3,5,131379,72.1,0.9,4.3,82
5/1/2020,Rochdale,E08000005,136158,73.3,,0.8,4,,155,240546,73.9,0.8,4.4,146337,73.9,1,4.3,109429,72.2,0.6,3.8,82697,75.6,0.8,1.8,128349,73.3,0.8,3.6,33,138453,73.3,0.8,4.1,120,122596,73.3,0.8,4,160758,73.3,0.8,4,189166,78.4,2,6.6,1,132222,72.6,0.6,3.7,154
6/1/2020,Rochdale,E08000005,135515,73,,-0.5,1.5,,139,239371,73.6,-0.5,2.1,145632,73.6,-0.5,1.9,108962,71.9,-0.4,1.3,82115,75.1,-0.7,-1,127781,73,-0.4,1.1,32,137785,73,-0.5,1.7,102,121988,72.9,-0.5,1.5,160052,73,-0.4,1.6,186482,77.3,-1.4,4,11,131760,72.3,-0.3,1.3,128
7/1/2020,Rochdale,E08000005,137509,74,,1.5,2,,226,242389,74.5,1.3,2.4,147778,74.7,1.5,2.4,110588,72.9,1.5,1.7,83809,76.6,2.1,-0.2,129674,74,1.5,1.6,48,139808,74,1.5,2.1,176,123753,74,1.4,1.9,162461,74.1,1.5,2,187531,77.7,0.6,3.3,16,133848,73.5,1.6,1.9,210
8/1/2020,Rochdale,E08000005,138253,74.4,,0.5,1.5,,210,243918,75,0.6,2,148529,75,0.5,2,111271,73.4,0.6,1.2,83695,76.5,-0.1,-0.9,130270,74.4,0.5,1,39,140601,74.5,0.6,1.7,164,124325,74.3,0.5,1.4,163518,74.6,0.7,1.7,187029,77.5,-0.3,2.3,27,134707,73.9,0.6,1.5,183
9/1/2020,Rochdale,E08000005,140692,75.8,,1.8,3.9,,225,248805,76.5,2,4.6,151099,76.3,1.7,4.5,113227,74.7,1.8,3.4,84693,77.4,1.2,0.9,132462,75.6,1.7,3.3,67,143118,75.8,1.8,4.1,155,126424,75.6,1.7,3.7,166574,76,1.9,4.2,190989,79.1,2.1,4.3,17,137023,75.2,1.7,3.9,208
10/1/2020,Rochdale,E08000005,141898,76.4,,0.9,3.7,,251,251816,77.4,1.2,4.9,152178,76.9,0.7,4,114272,75.4,0.9,3.5,84821,77.6,0.2,0.3,133659,76.3,0.9,3.3,49,144323,76.4,0.8,3.9,196,127409,76.2,0.8,3.5,168182,76.7,1,4.1,190605,79,-0.2,3.3,19,138381,76,1,3.9,232
11/1/2020,Rochdale,E08000005,143270,77.1,,1,5.1,,234,254568,78.2,1.1,6.2,153229,77.4,0.7,4.9,115598,76.2,1.2,5.3,85788,78.4,1.1,1.7,135119,77.1,1.1,4.7,58,145661,77.1,0.9,5.2,171,128611,76.9,0.9,4.8,169863,77.5,1,5.5,189898,78.7,-0.4,4,11,139955,76.8,1.1,5.3,223
12/1/2020,Rochdale,E08000005,145421,78.3,,1.5,5.7,,285,258314,79.4,1.5,6.9,155224,78.4,1.3,5.2,117586,77.6,1.7,6.2,87016,79.6,1.4,2.3,137215,78.3,1.6,5.3,71,147824,78.3,1.5,5.9,208,130557,78,1.5,5.4,172384,78.6,1.5,6.1,191153,79.2,0.7,4.9,23,142203,78.1,1.6,6,262
1/1/2021,Rochdale,E08000005,145886,78.6,,0.3,7.5,,192,257628,79.2,-0.3,7.9,155574,78.6,0.2,6.8,118258,78,0.6,8.3,88084,80.5,1.2,5.3,137743,78.6,0.4,7.3,47,148267,78.5,0.3,7.6,145,131073,78.4,0.4,7.3,172756,78.8,0.2,7.8,190064,78.8,-0.6,5,16,142818,78.4,0.4,7.9,176
2/1/2021,Rochdale,E08000005,149620,80.6,,2.6,11.2,,244,262312,80.6,1.8,10.7,159438,80.5,2.5,10.5,121640,80.2,2.9,12.3,91152,83.4,3.5,10.4,141345,80.7,2.6,11.2,60,152036,80.5,2.5,11.2,184,134630,80.5,2.7,11.2,176809,80.6,2.3,11.3,195001,80.8,2.6,7.6,14,146474,80.4,2.6,11.8,230
3/1/2021,Rochdale,E08000005,152112,81.9,,1.7,13.7,,347,264788,81.4,0.9,12.1,162045,81.9,1.6,12.8,123924,81.7,1.9,15.1,93757,85.7,2.9,14.6,143759,82.1,1.7,13.9,78,154546,81.9,1.7,13.6,266,137055,81.9,1.8,13.8,179420,81.8,1.5,13.5,198663,82.3,1.9,8.5,28,148885,81.7,1.6,14.3,319
4/1/2021,Rochdale,E08000005,154576,83.2,,1.6,14.4,,313,268870,82.6,1.5,12.7,164532,83.1,1.5,13.5,126087,83.2,1.7,15.9,95183,87,1.5,16.1,146026,83.4,1.6,14.6,61,157069,83.2,1.6,14.4,250,139411,83.3,1.7,14.6,182076,83,1.5,14.1,204127,84.6,2.8,10.1,36,151106,82.9,1.5,15,277
5/1/2021,Rochdale,E08000005,155340,83.6,,0.5,14.1,,253,270411,83.1,0.6,12.4,165259,83.5,0.4,12.9,126759,83.6,0.5,15.8,95431,87.3,0.3,15.4,146755,83.8,0.5,14.3,53,157843,83.6,0.5,14,199,140124,83.8,0.5,14.3,182932,83.4,0.5,13.8,205183,85,0.5,8.5,31,151848,83.4,0.5,14.8,222
6/1/2021,Rochdale,E08000005,158354,85.3,,1.9,16.9,,406,274639,84.4,1.6,14.7,167923,84.8,1.6,15.3,129821,85.6,2.4,19.1,97377,89,2,18.6,149849,85.6,2.1,17.3,104,160828,85.2,1.9,16.7,300,142939,85.4,2,17.2,186307,85,1.8,16.4,205907,85.3,0.4,10.4,38,155079,85.1,2.1,17.7,368
7/1/2021,Rochdale,E08000005,161913,87.2,,2.2,17.7,,225,280816,86.3,2.2,15.9,171882,86.8,2.4,16.3,132636,87.5,2.2,19.9,99347,90.8,2,18.5,153245,87.5,2.3,18.2,42,164435,87.1,2.2,17.6,183,146177,87.4,2.3,18.1,190449,86.9,2.2,17.2,211250,87.5,2.6,12.6,16,158505,87,2.2,18.4,209
8/1/2021,Rochdale,E08000005,163492,88,,1,18.3,,324,284083,87.3,1.2,16.5,173591,87.7,1,16.9,133848,88.3,0.9,20.3,99932,91.4,0.6,19.4,154787,88.4,1,18.8,73,166023,87.9,1,18.1,251,147488,88.2,0.9,18.6,192515,87.8,1.1,17.7,211519,87.7,0.1,13.1,19,160206,87.9,1.1,18.9,305
9/1/2021,Rochdale,E08000005,164791,88.7,,0.8,17.1,,411,286917,88.2,1,15.3,175180,88.5,0.9,15.9,134692,88.8,0.6,19,100308,91.7,0.4,18.4,155950,89,0.8,17.7,101,167363,88.6,0.8,16.9,309,148627,88.8,0.8,17.6,194106,88.5,0.8,16.5,213646,88.5,1,11.9,31,161439,88.6,0.8,17.8,380
10/1/2021,Rochdale,E08000005,162849,87.7,,-1.2,14.8,,238,285968,87.9,-0.3,13.6,172902,87.3,-1.3,13.6,132800,87.6,-1.4,16.2,98815,90.4,-1.5,16.5,154144,88,-1.2,15.3,46,165381,87.6,-1.2,14.6,192,146567,87.6,-1.4,15,192384,87.7,-0.9,14.4,207271,85.9,-3,8.7,25,159865,87.8,-1,15.5,213
11/1/2021,Rochdale,E08000005,162467,87.5,,-0.2,13.4,,217,285999,87.9,0,12.3,172658,87.2,-0.1,12.7,132259,87.2,-0.4,14.4,98345,89.9,-0.5,14.6,153668,87.7,-0.3,13.7,59,165028,87.4,-0.2,13.3,158,146165,87.4,-0.3,13.6,192039,87.6,-0.2,13.1,207772,86.1,0.2,9.4,21,159403,87.5,-0.3,13.9,196
12/1/2021,Rochdale,E08000005,161251,86.8,,-0.7,10.9,,328,285557,87.8,-0.2,10.5,171330,86.6,-0.8,10.4,131006,86.4,-0.9,11.4,97117,88.8,-1.2,11.6,152489,87.1,-0.8,11.1,64,163802,86.8,-0.7,10.8,264,144892,86.6,-0.9,11,190929,87.1,-0.6,10.8,205260,85.1,-1.2,7.4,59,158296,86.9,-0.7,11.3,269
1/1/2022,Rochdale,E08000005,164140,88.4,,1.8,12.5,,182,289114,88.9,1.2,12.2,174555,88.2,1.9,12.2,133604,88.1,2,13,98560,90.1,1.5,11.9,155164,88.6,1.8,12.6,42,166755,88.3,1.8,12.5,140,147598,88.2,1.9,12.6,194148,88.5,1.7,12.4,208866,86.6,1.8,9.9,16,161139,88.5,1.8,12.8,166
2/1/2022,Rochdale,E08000005,165942,89.4,,1.1,10.9,,222,291665,89.6,0.9,11.2,176439,89.1,1.1,10.7,135188,89.2,1.2,11.1,99929,91.4,1.4,9.6,156891,89.6,1.1,11,54,168579,89.3,1.1,10.9,168,149347,89.3,1.2,10.9,196098,89.4,1,10.9,212421,88,1.7,8.9,26,162942,89.4,1.1,11.2,196
3/1/2022,Rochdale,E08000005,167049,90,,0.7,9.8,,286,293759,90.3,0.7,10.9,178107,90,0.9,9.9,135755,89.5,0.4,9.5,100225,91.7,0.3,6.9,157742,90.1,0.5,9.7,57,169765,89.9,0.7,9.8,228,150343,89.9,0.7,9.7,197418,90,0.7,10,217088,90,2.2,9.3,17,163858,89.9,0.6,10.1,269
4/1/2022,Rochdale,E08000005,168824,90.9,,1.1,9.2,,276,296667,91.2,1,10.3,179805,90.8,1,9.3,137411,90.6,1.2,9,101154,92.5,0.9,6.3,159402,91,1.1,9.2,64,171573,90.9,1.1,9.2,211,151990,90.9,1.1,9,199451,91,1,9.5,219900,91.1,1.3,7.7,35,165587,90.9,1.1,9.6,241
5/1/2022,Rochdale,E08000005,172440,92.9,,2.1,11,,248,302690,93,2,11.9,183681,92.8,2.2,11.1,140505,92.7,2.3,10.8,102805,94,1.6,7.7,162760,92.9,2.1,10.9,53,175267,92.8,2.2,11,194,155219,92.8,2.1,10.8,203758,92.9,2.2,11.4,222442,92.2,1.2,8.4,26,169184,92.9,2.2,11.4,222
6/1/2022,Rochdale,E08000005,172918,93.1,,0.3,9.2,,254,302816,93.1,0,10.3,184037,93,0.2,9.6,141160,93.1,0.5,8.7,103277,94.4,0.5,6.1,163232,93.2,0.3,8.9,52,175746,93.1,0.3,9.3,201,155704,93.1,0.3,8.9,204252,93.1,0.2,9.6,221237,91.7,-0.5,7.4,52,169694,93.2,0.3,9.4,202
7/1/2022,Rochdale,E08000005,175724,94.6,,1.6,8.5,,306,306902,94.3,1.3,9.3,187213,94.6,1.7,8.9,143583,94.7,1.7,8.3,104654,95.7,1.3,5.3,165855,94.7,1.6,8.2,76,178606,94.6,1.6,8.6,230,158295,94.6,1.7,8.3,207484,94.6,1.6,8.9,224570,93.1,1.5,6.3,30,172454,94.7,1.6,8.8,276
8/1/2022,Rochdale,E08000005,179483,96.6,,2.1,9.8,,267,313063,96.2,2,10.2,191054,96.5,2.1,10.1,146945,96.9,2.3,9.8,106472,97.4,1.7,6.5,169359,96.7,2.1,9.4,66,182441,96.6,2.1,9.9,197,161686,96.7,2.1,9.6,211917,96.6,2.1,10.1,228928,94.9,1.9,8.2,20,176154,96.7,2.1,10,247
9/1/2022,Rochdale,E08000005,186221,100.3,,3.8,13,,289,324670,99.8,3.7,13.2,198179,100.1,3.7,13.1,152636,100.7,3.9,13.3,109822,100.4,3.1,9.5,175678,100.3,3.7,12.7,62,189302,100.3,3.8,13.1,223,167775,100.3,3.8,12.9,219845,100.3,3.7,13.3,236673,98.1,3.4,10.8,31,182786,100.3,3.8,13.2,258
10/1/2022,Rochdale,E08000005,185902,100.1,,-0.2,14.2,,244,324809,99.8,0,13.6,197713,99.9,-0.2,14.3,152291,100.4,-0.2,14.7,109569,100.2,-0.2,10.9,175415,100.2,-0.1,13.8,51,188966,100.1,-0.2,14.3,193,167441,100.1,-0.2,14.2,219530,100.1,-0.1,14.1,235329,97.5,-0.6,13.5,25,182495,100.2,-0.2,14.2,219
11/1/2022,Rochdale,E08000005,186604,100.5,,0.4,14.9,,228,326543,100.4,0.5,14.2,198490,100.3,0.4,15,152729,100.7,0.3,15.5,109863,100.5,0.3,11.7,176086,100.5,0.4,14.6,47,189677,100.5,0.4,14.9,178,168099,100.5,0.4,15,220325,100.5,0.4,14.7,237689,98.5,1,14.4,21,183150,100.5,0.4,14.9,207
12/1/2022,Rochdale,E08000005,186235,100.3,,-0.2,15.5,,261,325770,100.1,-0.2,14.1,198135,100.1,-0.2,15.6,152387,100.5,-0.2,16.3,109945,100.5,0.1,13.2,175769,100.4,-0.2,15.3,68,189292,100.3,-0.2,15.6,188,167816,100.3,-0.2,15.8,219827,100.2,-0.2,15.1,237524,98.4,-0.1,15.7,19,182781,100.3,-0.2,15.5,242
1/1/2023,Rochdale,E08000005,185713,100,,-0.3,13.1,,169,325366,100,-0.1,12.5,197947,100,-0.1,13.4,151613,100,-0.5,13.5,109356,100,-0.5,11,175142,100,-0.4,12.9,38,188804,100,-0.3,13.2,131,167290,100,-0.3,13.3,219283,100,-0.2,12.9,241317,100,1.6,15.5,3,182167,100,-0.3,13,166
2/1/2023,Rochdale,E08000005,184967,99.6,,-0.4,11.5,,185,325119,99.9,-0.1,11.5,197397,99.7,-0.3,11.9,150585,99.3,-0.7,11.4,108846,99.5,-0.5,8.9,174361,99.6,-0.4,11.1,44,188070,99.6,-0.4,11.6,136,166547,99.6,-0.4,11.5,218470,99.6,-0.4,11.4,243743,101,1,14.7,11,181343,99.5,-0.5,11.3,174
3/1/2023,Rochdale,E08000005,183863,99,,-0.6,10.1,,194,325155,99.9,0,10.7,196826,99.4,-0.3,10.5,148880,98.2,-1.1,9.7,107823,98.6,-0.9,7.6,173163,98.9,-0.7,9.8,57,186998,99,-0.6,10.2,131,165406,98.9,-0.7,10,217359,99.1,-0.5,10.1,249248,103.3,2.3,14.8,9,180036,98.8,-0.7,9.9,185
4/1/2023,Rochdale,E08000005,184159,99.2,,0.2,9.1,,154,326395,100.3,0.4,10,197296,99.7,0.2,9.7,148899,98.2,0,8.4,108000,98.8,0.2,6.8,173403,99,0.1,8.8,33,187311,99.2,0.2,9.2,118,165633,99,0.1,9,217792,99.3,0.2,9.2,251824,104.4,1,14.5,5,180218,98.9,0.1,8.8,149
5/1/2023,Rochdale,E08000005,182672,98.4,,-0.8,5.9,,164,323283,99.4,-1,6.8,195837,98.9,-0.7,6.6,147653,97.4,-0.8,5.1,107389,98.2,-0.6,4.5,172031,98.2,-0.8,5.7,40,185790,98.4,-0.8,6,120,164274,98.2,-0.8,5.8,216078,98.5,-0.8,6,250250,103.7,-0.6,12.5,15,178740,98.1,-0.8,5.6,149
6/1/2023,Rochdale,E08000005,181521,97.7,,-0.6,5,,173,319797,98.3,-1.1,5.6,194119,98.1,-0.9,5.5,147308,97.2,-0.2,4.4,106545,97.4,-0.8,3.2,171058,97.7,-0.6,4.8,50,184585,97.8,-0.6,5,109,163266,97.6,-0.6,4.9,214661,97.9,-0.7,5.1,244806,101.4,-2.2,10.7,20,177808,97.6,-0.5,4.8,153
7/1/2023,Rochdale,E08000005,183137,98.6,,0.9,4.2,,173,321377,98.8,0.5,4.7,195781,98.9,0.9,4.6,148929,98.2,1.1,3.7,107192,98,0.6,2.4,172523,98.5,0.9,4,35,186246,98.6,0.9,4.3,133,164755,98.5,0.9,4.1,216498,98.7,0.9,4.3,245812,101.9,0.4,9.5,5,179449,98.5,0.9,4.1,168
8/1/2023,Rochdale,E08000005,183260,98.7,,0.1,2.1,,192,321013,98.7,-0.1,2.5,195697,98.9,0,2.4,149369,98.5,0.3,1.6,106624,97.5,-0.5,0.1,172583,98.5,0,1.9,48,186389,98.7,0.1,2.2,138,164892,98.6,0.1,2,216590,98.8,0,2.2,244514,101.3,-0.5,6.8,3,179644,98.6,0.1,2,189
9/1/2023,Rochdale,E08000005,182864,98.5,,-0.2,-1.8,,210,320178,98.4,-0.3,-1.4,195293,98.7,-0.2,-1.5,149100,98.3,-0.2,-2.3,106139,97.1,-0.5,-3.4,172181,98.3,-0.2,-2,59,185995,98.5,-0.2,-1.7,142,164575,98.4,-0.2,-1.9,216039,98.5,-0.3,-1.7,244573,101.3,0,3.3,8,179225,98.4,-0.2,-1.9,202
10/1/2023,Rochdale,E08000005,182519,98.3,,-0.2,-1.8,,199,319140,98.1,-0.3,-1.7,194774,98.4,-0.3,-1.5,148927,98.2,-0.1,-2.2,106332,97.2,0.2,-3,171931,98.2,-0.1,-2,55,185620,98.3,-0.2,-1.8,138,164350,98.2,-0.1,-1.8,215453,98.3,-0.3,-1.9,244322,101.2,-0.1,3.8,5,178876,98.2,-0.2,-2,194
11/1/2023,Rochdale,E08000005,182749,98.4,,0.1,-2.1,,205,320018,98.4,0.3,-2,195241,98.6,0.2,-1.6,148866,98.2,0,-2.5,106626,97.5,0.3,-2.9,172163,98.3,0.1,-2.2,57,185850,98.4,0.1,-2,139,164569,98.4,0.1,-2.1,215701,98.4,0.1,-2.1,246913,102.3,1.1,3.9,7,178988,98.3,0.1,-2.3,198
12/1/2023,Rochdale,E08000005,182937,98.5,,0.1,-1.8,,181,320103,98.4,0,-1.7,195549,98.8,0.2,-1.3,148936,98.2,0,-2.3,107091,97.9,0.4,-2.6,172318,98.4,0.1,-2,38,186048,98.5,0.1,-1.7,133,164793,98.5,0.1,-1.8,215809,98.4,0,-1.8,247649,102.6,0.3,4.3,9,179147,98.3,0.1,-2,172
1/1/2024,Rochdale,E08000005,181788,97.9,,-0.6,-2.1,,160,318766,98,-0.4,-2,194337,98.2,-0.6,-1.8,147899,97.6,-0.7,-2.4,106250,97.2,-0.8,-2.8,171180,97.7,-0.7,-2.3,41,184896,97.9,-0.6,-2.1,110,163702,97.9,-0.7,-2.1,214570,97.9,-0.6,-2.1,246895,102.3,-0.3,2.3,,177982,97.7,-0.7,-2.3,160
2/1/2024,Rochdale,E08000005,182084,98,,0.2,-1.6,,147,318031,97.7,-0.2,-2.2,194615,98.3,0.1,-1.4,148377,97.9,0.3,-1.5,106519,97.4,0.3,-2.1,171442,97.9,0.2,-1.7,42,185200,98.1,0.2,-1.5,98,164102,98.1,0.2,-1.5,214670,97.9,0,-1.7,247817,102.7,0.4,1.7,7,178255,97.9,0.2,-1.7,140
3/1/2024,Rochdale,E08000005,185891,100.1,,2.1,1.1,,183,324693,99.8,2.1,-0.1,198705,100.4,2.1,1,151417,99.9,2,1.7,109030,99.7,2.4,1.1,174980,99.9,2.1,1,40,189082,100.1,2.1,1.1,135,167534,100.1,2.1,1.3,219171,99.9,2.1,0.8,255731,106,3.2,2.6,7,181852,99.8,2,1,176
4/1/2024,Rochdale,E08000005,187644,101,,0.9,1.9,,182,326518,100.4,0.6,0,200504,101.3,0.9,1.6,153038,100.9,1.1,2.8,110527,101.1,1.4,2.3,176635,100.9,0.9,1.9,57,190864,101.1,0.9,1.9,111,169231,101.2,1,2.2,221017,100.8,0.8,1.5,256667,106.4,0.4,1.9,10,183594,100.8,1,1.9,172
5/1/2024,Rochdale,E08000005,187977,101.2,,0.2,2.9,,211,326677,100.4,0,1,200858,101.5,0.2,2.6,153330,101.1,0.2,3.8,111036,101.5,0.5,3.4,176904,101,0.2,2.8,38,191218,101.3,0.2,2.9,157,169536,101.3,0.2,3.2,221398,101,0.2,2.5,255943,106.1,-0.3,2.3,13,183940,101,0.2,2.9,198
6/1/2024,Rochdale,E08000005,186585,100.5,,-0.7,2.8,,191,323371,99.4,-1,1.1,199147,100.6,-0.9,2.6,152548,100.6,-0.5,3.6,110062,100.6,-0.9,3.3,175574,100.2,-0.8,2.6,56,189810,100.5,-0.7,2.8,120,168366,100.6,-0.7,3.1,219599,100.1,-0.8,2.3,250355,103.7,-2.2,2.3,18,182644,100.3,-0.7,2.7,173
7/1/2024,Rochdale,E08000005,188820,101.7,,1.2,3.1,,224,326866,100.5,1.1,1.7,201511,101.8,1.2,2.9,154581,102,1.3,3.8,110736,101.3,0.6,3.3,177629,101.4,1.2,3,51,192101,101.7,1.2,3.1,170,170422,101.9,1.2,3.4,222155,101.3,1.2,2.6,253559,105.1,1.3,3.2,4,184828,101.5,1.2,3,220
8/1/2024,Rochdale,E08000005,191322,103,,1.3,4.4,,255,331119,101.8,1.3,3.1,203910,103,1.2,4.2,156950,103.5,1.5,5.1,111601,102.1,0.8,4.7,179944,102.7,1.3,4.3,71,194659,103.1,1.3,4.4,164,172692,103.2,1.3,4.7,225075,102.6,1.3,3.9,255127,105.7,0.6,4.3,19,187309,102.8,1.3,4.3,236
9/1/2024,Rochdale,E08000005,193672,104.3,,1.2,5.9,,194,336192,103.3,1.5,5,206632,104.4,1.3,5.8,158686,104.7,1.1,6.4,112179,102.6,0.5,5.7,182122,104,1.2,5.8,32,197062,104.4,1.2,6,150,174737,104.5,1.2,6.2,227985,104,1.3,5.5,259665,107.6,1.8,6.2,11,189584,104.1,1.2,5.8,183
10/1/2024,Rochdale,E08000005,195285,105.2,,0.8,7,,207,339829,104.4,1.1,6.5,208088,105.1,0.7,6.8,160001,105.5,0.8,7.4,113320,103.6,1,6.6,183782,104.9,0.9,6.9,41,198652,105.2,0.8,7,150,176154,105.3,0.8,7.2,229955,104.9,0.9,6.7,261553,108.4,0.7,7.1,12,191168,104.9,0.8,6.9,195
11/1/2024,Rochdale,E08000005,195755,105.4,,0.2,7.1,,253,341099,104.8,0.4,6.6,208966,105.6,0.4,7,160116,105.6,0.1,7.6,113163,103.5,-0.1,6.1,184260,105.2,0.3,7,48,199118,105.5,0.2,7.1,182,176569,105.5,0.2,7.3,230527,105.1,0.2,6.9,263194,109.1,0.6,6.6,23,191610,105.2,0.2,7.1,230
12/1/2024,Rochdale,E08000005,196682,105.9,,0.5,7.5,,212,342929,105.4,0.5,7.1,209912,106,0.5,7.3,160919,106.1,0.5,8,113422,103.7,0.2,5.9,185135,105.7,0.5,7.4,29,200059,106,0.5,7.5,170,177439,106.1,0.5,7.7,231553,105.6,0.4,7.3,265711,110.1,1,7.3,21,192495,105.7,0.5,7.5,191
1/1/2025,Rochdale,E08000005,195531,105.3,,-0.6,7.6,,166,341284,104.9,-0.5,7.1,209144,105.7,-0.4,7.6,159755,105.4,-0.7,8,111862,102.3,-1.4,5.3,183932,105,-0.6,7.4,26,198931,105.4,-0.6,7.6,123,176386,105.4,-0.6,7.7,230225,105,-0.6,7.3,267704,110.9,0.8,8.4,9,191306,105,-0.6,7.5,157
2/1/2025,Rochdale,E08000005,197149,106.2,,0.8,8.3,,203,344428,105.9,0.9,8.3,210750,106.5,0.8,8.3,161100,106.3,0.8,8.6,112900,103.2,0.9,6,185480,105.9,0.8,8.2,39,200569,106.2,0.8,8.3,146,177850,106.3,0.8,8.4,232114,105.9,0.8,8.1,272689,113,1.9,10,7,192844,105.9,0.8,8.2,196
3/1/2025,Rochdale,E08000005,199573,107.5,,1.2,7.4,,391,345802,106.3,0.4,6.5,213286,107.7,1.2,7.3,163516,107.9,1.5,8,115547,105.7,2.3,6,187826,107.2,1.3,7.3,86,203011,107.5,1.2,7.4,274,180316,107.8,1.4,7.6,234388,106.9,1,6.9,276544,114.6,1.4,8.1,28,195213,107.2,1.2,7.3,363
4/1/2025,Rochdale,E08000005,201399,108.4,,0.9,7.3,,126,350761,107.8,1.4,7.4,215624,108.9,1.1,7.5,164450,108.5,0.6,7.5,116070,106.1,0.5,5,189503,108.2,0.9,7.3,19,204884,108.5,0.9,7.3,93,181769,108.7,0.8,7.4,236940,108.1,1.1,7.2,281990,116.9,2,9.9,2,196941,108.1,0.9,7.3,124
5/1/2025,Rochdale,E08000005,199867,107.6,,-0.8,6.3,,199,349151,107.3,-0.5,6.9,214241,108.2,-0.6,6.7,162934,107.5,-0.9,6.3,114466,104.7,-1.4,3.1,187982,107.3,-0.8,6.3,29,203354,107.7,-0.7,6.3,148,180256,107.8,-0.8,6.3,235408,107.4,-0.6,6.3,281070,116.5,-0.3,9.8,11,195419,107.3,-0.8,6.2,188
6/1/2025,Rochdale,E08000005,201195,108.3,,0.7,7.8,,197,353816,108.7,1.3,9.4,216108,109.2,0.9,8.5,163532,107.9,0.4,7.2,113462,103.8,-0.9,3.1,189036,107.9,0.6,7.7,35,204773,108.5,0.7,7.9,130,181173,108.3,0.5,7.6,237547,108.3,0.9,8.2,283356,117.4,0.8,13.1,14,196708,108,0.7,7.7,183
7/1/2025,Rochdale,E08000005,200877,108.2,,-0.2,6.4,,208,350717,107.8,-0.9,7.3,215517,108.9,-0.3,7,164022,108.2,0.3,6.1,113325,103.6,-0.1,2.4,188718,107.8,-0.2,6.2,42,204457,108.3,-0.2,6.4,143,181142,108.3,0,6.3,236643,107.9,-0.4,6.5,278724,115.5,-1.6,9.9,3,196481,107.9,-0.1,6.3,205
8/1/2025,Rochdale,E08000005,204391,110.1,,1.7,6.8,,199,355403,109.2,1.3,7.3,219463,110.9,1.8,7.6,167174,110.3,1.9,6.5,114989,105.2,1.5,3,191968,109.6,1.7,6.7,31,208051,110.2,1.8,6.9,131,184460,110.3,1.8,6.8,240473,109.7,1.6,6.8,283336,117.4,1.7,11.1,1,199923,109.7,1.8,6.7,198
9/1/2025,Rochdale,E08000005,203759,109.7,,-0.3,5.2,,190,354557,109,-0.2,5.5,218891,110.6,-0.3,5.9,166665,109.9,-0.3,5,114002,104.2,-0.9,1.6,191351,109.3,-0.3,5.1,25,207416,109.9,-0.3,5.3,126,183855,109.9,-0.3,5.2,239801,109.4,-0.3,5.2,284026,117.7,0.2,9.4,,199273,109.4,-0.3,5.1,190
10/1/2025,Rochdale,E08000005,205760,110.8,,1,5.4,,215,357913,110,0.9,5.3,221400,111.8,1.1,6.4,168170,110.9,0.9,5.1,114724,104.9,0.6,1.2,193148,110.3,0.9,5.1,25,209482,111,1,5.5,129,185694,111,1,5.4,242088,110.4,1,5.3,292184,121.1,2.9,11.7,,201124,110.4,0.9,5.2,215
11/1/2025,Rochdale,E08000005,207150,111.5,,0.7,5.8,,164,360114,110.7,0.6,5.6,222947,112.6,0.7,6.7,169391,111.7,0.7,5.8,115182,105.3,0.4,1.8,194388,111,0.6,5.5,18,210919,111.7,0.7,5.9,66,186994,111.8,0.7,5.9,243628,111.1,0.6,5.7,301045,124.8,3,14.4,,202348,111.1,0.6,5.6,164
12/1/2025,Rochdale,E08000005,208859,112.5,,0.8,6.2,,179,361629,111.1,0.4,5.5,224880,113.6,0.9,7.1,171031,112.8,1,6.3,116280,106.3,1,2.5,195941,111.9,0.8,5.8,20,212678,112.6,0.8,6.3,95,188761,112.8,0.9,6.4,245178,111.8,0.6,5.9,304527,126.2,1.2,14.6,,203998,112,0.8,6,179
1/1/2026,Rochdale,E08000005,206599,111.2,,-1.1,5.7,,,356674,109.6,-1.4,4.5,222387,112.3,-1.1,6.3,169533,111.8,-0.9,6.1,114736,104.9,-1.3,2.6,193813,110.7,-1.1,5.4,,210379,111.4,-1.1,5.8,,186829,111.7,-1,5.9,242298,110.5,-1.2,5.2,,,,,,,,,,
2/1/2026,Rochdale,E08000005,206592,111.2,,0,4.8,,,356749,109.6,0,3.6,222483,112.4,0,5.6,169478,111.8,0,5.2,114461,104.7,-0.2,1.4,193787,110.6,0,4.5,,210378,111.4,0,4.9,,186873,111.7,0,5.1,242160,110.4,-0.1,4.3,,,,,,,,,,
1/1/1995,Salford,E08000006,34843,16.1,,,,,181,67448,16,,,39573,14.9,,,30736,14.8,,,28654,18.7,,,,,,,,,,,,,,,,,,,,,28466,16.1,,,45,34573,15.6,,,136
2/1/1995,Salford,E08000006,35284,16.3,,1.3,,,193,67962,16.1,0.8,,40240,15.2,1.7,,31039,14.9,1,,29077,19,1.5,,,,,,,,,,,,,,,,,,,,28973,16.4,1.8,,63,34959,15.8,1.1,,130
3/1/1995,Salford,E08000006,35938,16.7,,1.9,,,253,69121,16.4,1.7,,40945,15.4,1.8,,31671,15.2,2,,29583,19.3,1.7,,,,,,,,,,,,,,,,,,,,29547,16.8,2,,58,35594,16.1,1.8,,195
4/1/1995,Salford,E08000006,36420,16.9,,1.3,,,182,69826,16.5,1,,41508,15.6,1.4,,32108,15.5,1.4,,30029,19.6,1.5,,,,,,,,,,,,,,,,,,,,29931,17,1.3,,38,36076,16.3,1.4,,144
5/1/1995,Salford,E08000006,36381,16.9,,-0.1,,,206,69528,16.5,-0.4,,41413,15.6,-0.2,,32157,15.5,0.2,,29965,19.6,-0.2,,,,,,,,,,,,,,,,,,,,29799,16.9,-0.4,,45,36072,16.3,0,,161
6/1/1995,Salford,E08000006,36360,16.8,,-0.1,,,235,69456,16.4,-0.1,,41451,15.6,0.1,,32055,15.4,-0.3,,30087,19.6,0.4,,,,,,,,,,,,,,,,,,,,29780,16.9,-0.1,,70,36053,16.3,-0.1,,165
7/1/1995,Salford,E08000006,35896,16.6,,-1.3,,,202,68773,16.3,-1,,40959,15.4,-1.2,,31625,15.2,-1.3,,29574,19.3,-1.7,,,,,,,,,,,,,,,,,,,,29400,16.7,-1.3,,47,35591,16.1,-1.3,,155
8/1/1995,Salford,E08000006,35458,16.4,,-1.2,,,218,68452,16.2,-0.5,,40476,15.2,-1.2,,31182,15,-1.4,,29082,19,-1.7,,,,,,,,,,,,,,,,,,,,29073,16.5,-1.1,,47,35146,15.9,-1.3,,171
9/1/1995,Salford,E08000006,34926,16.2,,-1.5,,,243,67431,16,-1.5,,39860,15,-1.5,,30784,14.8,-1.3,,28449,18.6,-2.2,,,,,,,,,,,,,,,,,,,,28465,16.1,-2.1,,53,34680,15.7,-1.3,,190
10/1/1995,Salford,E08000006,34567,16,,-1,,,201,66884,15.8,-0.8,,39518,14.9,-0.9,,30362,14.6,-1.4,,28257,18.4,-0.7,,,,,,,,,,,,,,,,,,,,28316,16.1,-0.5,,41,34273,15.5,-1.2,,160
11/1/1995,Salford,E08000006,34893,16.2,,0.9,,,227,67501,16,0.9,,39924,15,1,,30567,14.7,0.7,,28706,18.7,1.6,,,,,,,,,,,,,,,,,,,,28685,16.3,1.3,,46,34560,15.6,0.8,,181
12/1/1995,Salford,E08000006,34429,16,,-1.3,,,233,66791,15.8,-1.1,,39438,14.8,-1.2,,30071,14.5,-1.6,,28402,18.5,-1.1,,,,,,,,,,,,,,,,,,,,28572,16.2,-0.4,,48,34007,15.4,-1.6,,185
1/1/1996,Salford,E08000006,34326,15.9,,-0.3,-1.5,,157,67033,15.9,0.4,-0.6,39316,14.8,-0.3,-0.6,29939,14.4,-0.4,-2.6,28232,18.4,-0.6,-1.5,,,,,,,,,,,,,,,,,,,28701,16.3,0.5,0.8,37,33832,15.3,-0.5,-2.1,120
2/1/1996,Salford,E08000006,34340,15.9,,0,-2.7,,188,67221,15.9,0.3,-1.1,39372,14.8,0.1,-2.2,29948,14.4,0,-3.5,28077,18.3,-0.6,-3.4,,,,,,,,,,,,,,,,,,,28906,16.4,0.7,-0.2,52,33780,15.3,-0.2,-3.4,136
3/1/1996,Salford,E08000006,34257,15.9,,-0.2,-4.7,,240,67385,16,0.2,-2.5,39349,14.8,-0.1,-3.9,29802,14.3,-0.5,-5.9,27903,18.2,-0.6,-5.7,,,,,,,,,,,,,,,,,,,28956,16.4,0.2,-2,57,33657,15.2,-0.4,-5.4,183
4/1/1996,Salford,E08000006,34661,16.1,,1.2,-4.8,,187,67873,16.1,0.7,-2.8,39758,15,1,-4.2,30222,14.5,1.4,-5.9,28289,18.5,1.4,-5.8,,,,,,,,,,,,,,,,,,,29216,16.6,0.9,-2.4,34,34081,15.4,1.3,-5.5,153
5/1/1996,Salford,E08000006,34831,16.1,,0.5,-4.3,,219,67973,16.1,0.1,-2.2,39864,15,0.3,-3.7,30493,14.7,0.9,-5.2,28352,18.5,0.2,-5.4,,,,,,,,,,,,,,,,,,,29088,16.5,-0.4,-2.4,52,34337,15.5,0.8,-4.8,167
6/1/1996,Salford,E08000006,35251,16.3,,1.2,-3,,239,68593,16.2,0.9,-1.2,40236,15.1,0.9,-2.9,30921,14.9,1.4,-3.5,28857,18.8,1.8,-4.1,,,,,,,,,,,,,,,,,,,29369,16.7,1,-1.4,41,34774,15.7,1.3,-3.5,198
7/1/1996,Salford,E08000006,35425,16.4,,0.5,-1.3,,265,69054,16.4,0.7,0.4,40474,15.2,0.6,-1.2,31061,15,0.5,-1.8,28889,18.9,0.1,-2.3,,,,,,,,,,,,,,,,,,,29432,16.7,0.2,0.1,50,34973,15.8,0.6,-1.7,215
8/1/1996,Salford,E08000006,35310,16.4,,-0.3,-0.4,,267,69286,16.4,0.3,1.2,40365,15.2,-0.3,-0.3,30861,14.9,-0.6,-1,28828,18.8,-0.2,-0.9,,,,,,,,,,,,,,,,,,,29434,16.7,0,1.2,50,34826,15.8,-0.4,-0.9,217
9/1/1996,Salford,E08000006,35699,16.5,,1.1,2.2,,250,70411,16.7,1.6,4.4,40815,15.4,1.1,2.4,31205,15,1.1,1.4,28943,18.9,0.4,1.7,,,,,,,,,,,,,,,,,,,29672,16.8,0.8,4.2,51,35239,15.9,1.2,1.6,199
10/1/1996,Salford,E08000006,35616,16.5,,-0.2,3,,310,70384,16.7,0,5.2,40764,15.3,-0.1,3.2,31095,15,-0.4,2.4,28825,18.8,-0.4,2,,,,,,,,,,,,,,,,,,,29601,16.8,-0.2,4.5,61,35157,15.9,-0.2,2.6,249
11/1/1996,Salford,E08000006,35710,16.5,,0.3,2.3,,307,70404,16.7,0,4.3,40893,15.4,0.3,2.4,31184,15,0.3,2,28915,18.9,0.3,0.7,,,,,,,,,,,,,,,,,,,29663,16.8,0.2,3.4,75,35255,16,0.3,2,232
12/1/1996,Salford,E08000006,36056,16.7,,1,4.7,,280,70806,16.8,0.6,6,41365,15.6,1.2,4.9,31483,15.2,1,4.7,29165,19,0.9,2.7,,,,,,,,,,,,,,,,,,,29900,17,0.8,4.6,69,35613,16.1,1,4.7,211
1/1/1997,Salford,E08000006,36062,16.7,,0,5.1,,200,70799,16.8,0,5.6,41348,15.6,0,5.2,31529,15.2,0.1,5.3,29111,19,-0.2,3.1,,,,,,,,,,,,,,,,,,,29782,16.9,-0.4,3.8,32,35661,16.1,0.1,5.4,168
2/1/1997,Salford,E08000006,35856,16.6,,-0.6,4.4,,199,70556,16.7,-0.3,5,41133,15.5,-0.5,4.5,31305,15.1,-0.7,4.5,28956,18.9,-0.5,3.1,,,,,,,,,,,,,,,,,,,29678,16.8,-0.3,2.7,41,35440,16,-0.6,4.9,158
3/1/1997,Salford,E08000006,35102,16.3,,-2.1,2.5,,246,69192,16.4,-1.9,2.7,40194,15.1,-2.3,2.1,30681,14.8,-2,3,28344,18.5,-2.1,1.6,,,,,,,,,,,,,,,,,,,29129,16.5,-1.9,0.6,30,34675,15.7,-2.2,3,216
4/1/1997,Salford,E08000006,34624,16,,-1.4,-0.1,,258,67997,16.1,-1.7,0.2,39658,14.9,-1.3,-0.3,30298,14.6,-1.3,0.3,27938,18.2,-1.4,-1.2,,,,,,,,,,,,,,,,,,,28815,16.3,-1.1,-1.4,54,34179,15.5,-1.4,0.3,204
5/1/1997,Salford,E08000006,35319,16.4,,2,1.4,,296,69147,16.4,1.7,1.7,40493,15.2,2.1,1.6,30959,14.9,2.2,1.5,28328,18.5,1.4,-0.1,,,,,,,,,,,,,,,,,,,29288,16.6,1.6,0.7,61,34896,15.8,2.1,1.6,235
6/1/1997,Salford,E08000006,36289,16.8,,2.7,2.9,,308,71135,16.8,2.9,3.7,41649,15.7,2.9,3.5,31812,15.3,2.8,2.9,28945,18.9,2.2,0.3,,,,,,,,,,,,,,,,,,,29931,17,2.2,1.9,65,35900,16.2,2.9,3.2,243
7/1/1997,Salford,E08000006,37218,17.2,,2.6,5.1,,294,73137,17.3,2.8,5.9,42710,16.1,2.5,5.5,32655,15.7,2.7,5.1,29514,19.3,2,2.2,,,,,,,,,,,,,,,,,,,30485,17.3,1.9,3.6,42,36881,16.7,2.7,5.5,252
8/1/1997,Salford,E08000006,36722,17,,-1.3,4,,276,72467,17.2,-0.9,4.6,42142,15.9,-1.3,4.4,32195,15.5,-1.4,4.3,29052,19,-1.6,0.8,,,,,,,,,,,,,,,,,,,29944,17,-1.8,1.7,45,36428,16.5,-1.2,4.6,231
9/1/1997,Salford,E08000006,36601,17,,-0.3,2.5,,275,72339,17.1,-0.2,2.7,42025,15.8,-0.3,3,32069,15.4,-0.4,2.8,28917,18.9,-0.5,-0.1,,,,,,,,,,,,,,,,,,,29832,16.9,-0.4,0.5,51,36313,16.4,-0.3,3,224
10/1/1997,Salford,E08000006,36486,16.9,,-0.3,2.4,,351,72280,17.1,-0.1,2.7,41958,15.8,-0.2,2.9,31879,15.3,-0.6,2.5,28888,18.9,-0.1,0.2,,,,,,,,,,,,,,,,,,,29786,16.9,-0.2,0.6,72,36184,16.4,-0.4,2.9,279
11/1/1997,Salford,E08000006,37156,17.2,,1.8,4.1,,246,73671,17.4,1.9,4.6,42753,16.1,1.9,4.6,32458,15.6,1.8,4.1,29354,19.2,1.6,1.5,,,,,,,,,,,,,,,,,,,30330,17.2,1.8,2.3,60,36850,16.7,1.8,4.5,186
12/1/1997,Salford,E08000006,37012,17.2,,-0.4,2.7,,301,73397,17.4,-0.4,3.7,42664,16.1,-0.2,3.1,32273,15.5,-0.6,2.5,29245,19.1,-0.4,0.3,,,,,,,,,,,,,,,,,,,30304,17.2,-0.1,1.4,71,36680,16.6,-0.5,3,230
1/1/1998,Salford,E08000006,37002,17.1,,0,2.6,,191,73661,17.4,0.4,4,42593,16,-0.2,3,32277,15.5,0,2.4,29202,19.1,-0.1,0.3,,,,,,,,,,,,,,,,,,,30469,17.3,0.5,2.3,33,36620,16.6,-0.2,2.7,158
2/1/1998,Salford,E08000006,37015,17.2,,0,3.2,,206,73644,17.4,0,4.4,42603,16,0,3.6,32210,15.5,-0.2,2.9,29488,19.3,1,1.8,,,,,,,,,,,,,,,,,,,30866,17.5,1.3,4,36,36537,16.5,-0.2,3.1,170
3/1/1998,Salford,E08000006,36978,17.1,,-0.1,5.3,,258,73626,17.4,0,6.4,42554,16,-0.1,5.9,32172,15.5,-0.1,4.9,29464,19.2,-0.1,4,,,,,,,,,,,,,,,,,,,31005,17.6,0.5,6.4,40,36459,16.5,-0.2,5.1,218
4/1/1998,Salford,E08000006,37967,17.6,,2.7,9.7,,240,75252,17.8,2.2,10.7,43775,16.5,2.9,10.4,33041,15.9,2.7,9.1,30197,19.7,2.5,8.1,,,,,,,,,,,,,,,,,,,31775,18,2.5,10.3,45,37447,16.9,2.7,9.6,195
5/1/1998,Salford,E08000006,38178,17.7,,0.6,8.1,,248,75454,17.9,0.3,9.1,43994,16.6,0.5,8.6,33361,16.1,1,7.8,30109,19.7,-0.3,6.3,,,,,,,,,,,,,,,,,,,31632,17.9,-0.5,8,33,37721,17.1,0.7,8.1,215
6/1/1998,Salford,E08000006,38065,17.6,,-0.3,4.9,,288,75179,17.8,-0.4,5.7,43819,16.5,-0.4,5.2,33269,16,-0.3,4.6,30126,19.7,0.1,4.1,,,,,,,,,,,,,,,,,,,31398,17.8,-0.7,4.9,52,37638,17,-0.2,4.8,236
7/1/1998,Salford,E08000006,37868,17.5,,-0.5,1.7,,304,74918,17.7,-0.3,2.4,43566,16.4,-0.6,2,33092,15.9,-0.5,1.3,29986,19.6,-0.5,1.6,,,,,,,,,,,,,,,,,,,31210,17.7,-0.6,2.4,35,37450,16.9,-0.5,1.5,269
8/1/1998,Salford,E08000006,37551,17.4,,-0.8,2.3,,250,74686,17.7,-0.3,3.1,43187,16.3,-0.9,2.5,32749,15.8,-1,1.7,29780,19.4,-0.7,2.5,,,,,,,,,,,,,,,,,,,31068,17.6,-0.5,3.8,30,37110,16.8,-0.9,1.9,220
9/1/1998,Salford,E08000006,37385,17.3,,-0.4,2.1,,291,74573,17.7,-0.2,3.1,43005,16.2,-0.4,2.3,32637,15.7,-0.3,1.8,29433,19.2,-1.2,1.8,,,,,,,,,,,,,,,,,,,30762,17.4,-1,3.1,34,36982,16.7,-0.3,1.8,257
10/1/1998,Salford,E08000006,36984,17.1,,-1.1,1.4,,311,73967,17.5,-0.8,2.3,42534,16,-1.1,1.4,32222,15.5,-1.3,1.1,29248,19.1,-0.6,1.2,,,,,,,,,,,,,,,,,,,30480,17.3,-0.9,2.3,55,36576,16.6,-1.1,1.1,256
11/1/1998,Salford,E08000006,36883,17.1,,-0.3,-0.7,,288,73876,17.5,-0.1,0.3,42502,16,-0.1,-0.6,32035,15.4,-0.6,-1.3,29222,19.1,-0.1,-0.5,,,,,,,,,,,,,,,,,,,30457,17.3,-0.1,0.4,38,36463,16.5,-0.3,-1.1,250
12/1/1998,Salford,E08000006,37630,17.4,,2,1.7,,300,75124,17.8,1.7,2.4,43404,16.3,2.1,1.7,32601,15.7,1.8,1,30081,19.6,2.9,2.9,,,,,,,,,,,,,,,,,,,31379,17.8,3,3.5,33,37138,16.8,1.8,1.2,267
1/1/1999,Salford,E08000006,37190,17.2,,-1.2,0.5,,180,74196,17.6,-1.2,0.7,42927,16.2,-1.1,0.8,32193,15.5,-1.3,-0.3,29765,19.4,-1.1,1.9,,,,,,,,,,,,,,,,,,,31229,17.7,-0.5,2.5,26,36659,16.6,-1.3,0.1,154
2/1/1999,Salford,E08000006,36657,17,,-1.4,-1,,217,73063,17.3,-1.5,-0.8,42326,15.9,-1.4,-0.7,31717,15.3,-1.5,-1.5,29384,19.2,-1.3,-0.4,,,,,,,,,,,,,,,,,,,30875,17.5,-1.1,0,34,36110,16.3,-1.5,-1.2,183
3/1/1999,Salford,E08000006,36080,16.7,,-1.6,-2.4,,294,72115,17.1,-1.3,-2.1,41647,15.7,-1.6,-2.1,31179,15,-1.7,-3.1,28967,18.9,-1.4,-1.7,,,,,,,,,,,,,,,,,,,30431,17.3,-1.4,-1.9,39,35529,16.1,-1.6,-2.6,255
4/1/1999,Salford,E08000006,36155,16.8,,0.2,-4.8,,278,71934,17,-0.3,-4.4,41686,15.7,0.1,-4.8,31325,15.1,0.5,-5.2,29040,19,0.3,-3.8,,,,,,,,,,,,,,,,,,,30289,17.2,-0.5,-4.7,26,35628,16.1,0.3,-4.9,252
5/1/1999,Salford,E08000006,37454,17.4,,3.6,-1.9,,283,74251,17.6,3.2,-1.6,43124,16.2,3.4,-2,32514,15.6,3.8,-2.5,30139,19.7,3.8,0.1,,,,,,,,,,,,,,,,,,,31349,17.8,3.5,-0.9,40,36911,16.7,3.6,-2.1,243
6/1/1999,Salford,E08000006,38167,17.7,,1.9,0.3,,338,75585,17.9,1.8,0.5,43911,16.5,1.8,0.2,33188,16,2.1,-0.2,30660,20,1.7,1.8,,,,,,,,,,,,,,,,,,,31857,18.1,1.6,1.5,53,37625,17,1.9,0,285
7/1/1999,Salford,E08000006,39581,18.3,,3.7,4.5,,362,78717,18.6,4.1,5.1,45522,17.1,3.7,4.5,34408,16.6,3.7,4,31714,20.7,3.4,5.8,,,,,,,,,,,,,,,,,,,33043,18.7,3.7,5.9,36,39019,17.7,3.7,4.2,326
8/1/1999,Salford,E08000006,39660,18.4,,0.2,5.6,,305,79113,18.7,0.5,5.9,45555,17.2,0.1,5.5,34515,16.6,0.3,5.4,31687,20.7,-0.1,6.4,,,,,,,,,,,,,,,,,,,32940,18.7,-0.3,6,29,39118,17.7,0.3,5.4,276
9/1/1999,Salford,E08000006,39537,18.3,,-0.3,5.8,,320,79166,18.7,0.1,6.2,45354,17.1,-0.4,5.5,34404,16.6,-0.3,5.4,31598,20.6,-0.3,7.4,,,,,,,,,,,,,,,,,,,32708,18.5,-0.7,6.3,31,39013,17.7,-0.3,5.5,289
10/1/1999,Salford,E08000006,39351,18.2,,-0.5,6.4,,362,78894,18.7,-0.3,6.7,45214,17,-0.3,6.3,34109,16.4,-0.9,5.9,31632,20.6,0.1,8.1,,,,,,,,,,,,,,,,,,,32580,18.5,-0.4,6.9,35,38826,17.6,-0.5,6.2,327
11/1/1999,Salford,E08000006,39111,18.1,,-0.6,6,,330,78376,18.6,-0.7,6.1,44971,16.9,-0.5,5.8,33857,16.3,-0.7,5.7,31512,20.6,-0.4,7.8,,,,,,,,,,,,,,,,,,,32341,18.3,-0.7,6.2,20,38595,17.5,-0.6,5.8,310
12/1/1999,Salford,E08000006,39619,18.4,,1.3,5.3,,321,79056,18.7,0.9,5.2,45567,17.2,1.3,5,34272,16.5,1.2,5.1,32110,21,1.9,6.7,,,,,,,,,,,,,,,,,,,32993,18.7,2,5.1,23,39066,17.7,1.2,5.2,298
1/1/2000,Salford,E08000006,38718,17.9,,-2.3,4.1,,186,77395,18.3,-2.1,4.3,44531,16.8,-2.3,3.7,33509,16.1,-2.2,4.1,31276,20.4,-2.6,5.1,,,,,,,,,,,,,,,,,,,32228,18.3,-2.3,3.2,12,38180,17.3,-2.3,4.1,174
2/1/2000,Salford,E08000006,38863,18,,0.4,6,,234,77872,18.4,0.6,6.6,44713,16.8,0.4,5.6,33572,16.2,0.2,5.8,31444,20.5,0.5,7,,,,,,,,,,,,,,,,,,,32712,18.5,1.5,5.9,17,38283,17.3,0.3,6,217
3/1/2000,Salford,E08000006,40424,18.7,,4,12,,399,81184,19.2,4.3,12.6,46601,17.5,4.2,11.9,34866,16.8,3.9,11.8,32546,21.2,3.5,12.4,,,,,,,,,,,,,,,,,,,34086,19.3,4.2,12,50,39817,18,4,12.1,349
4/1/2000,Salford,E08000006,42288,19.6,,4.6,17,,325,84515,20,4.1,17.5,48662,18.3,4.4,16.7,36507,17.6,4.7,16.5,34261,22.4,5.3,18,,,,,,,,,,,,,,,,,,,35737,20.3,4.8,18,43,41645,18.8,4.6,16.9,282
5/1/2000,Salford,E08000006,42888,19.9,,1.4,14.5,,333,85503,20.2,1.2,15.2,49393,18.6,1.5,14.5,36992,17.8,1.3,13.8,34821,22.7,1.6,15.5,,,,,,,,,,,,,,,,,,,36068,20.5,0.9,15.1,17,42254,19.1,1.5,14.5,316
6/1/2000,Salford,E08000006,42180,19.5,,-1.7,10.5,,339,83945,19.9,-1.8,11.1,48566,18.3,-1.7,10.6,36341,17.5,-1.8,9.5,34420,22.5,-1.2,12.3,,,,,,,,,,,,,,,,,,,35351,20,-2,11,30,41569,18.8,-1.6,10.5,309
7/1/2000,Salford,E08000006,41990,19.5,,-0.4,6.1,,326,84213,19.9,0.3,7,48474,18.3,-0.2,6.5,36062,17.4,-0.8,4.8,34110,22.3,-0.9,7.6,,,,,,,,,,,,,,,,,,,35076,19.9,-0.8,6.2,27,41394,18.7,-0.4,6.1,299
8/1/2000,Salford,E08000006,44006,20.4,,4.8,11,,338,88730,21,5.4,12.2,50884,19.2,5,11.7,37626,18.1,4.3,9,35867,23.4,5.2,13.2,,,,,,,,,,,,,,,,,,,36849,20.9,5.1,11.9,43,43372,19.6,4.8,10.9,295
9/1/2000,Salford,E08000006,44011,20.4,,0,11.3,,330,89471,21.2,0.8,13,50870,19.2,0,12.2,37550,18.1,-0.2,9.1,35891,23.4,0.1,13.6,,,,,,,,,,,,,,,,,,,36838,20.9,0,12.6,11,43379,19.6,0,11.2,319
10/1/2000,Salford,E08000006,44873,20.8,,2,14,,323,91269,21.6,2,15.7,51954,19.6,2.1,14.9,38165,18.4,1.6,11.9,36719,24,2.3,16.1,,,,,,,,,,,,,,,,,,,37750,21.4,2.5,15.9,12,44209,20,1.9,13.9,311
11/1/2000,Salford,E08000006,43343,20.1,,-3.4,10.8,,298,88317,20.9,-3.2,12.7,50132,18.9,-3.5,11.5,36851,17.7,-3.4,8.8,35546,23.2,-3.2,12.8,,,,,,,,,,,,,,,,,,,36630,20.8,-3,13.3,13,42684,19.3,-3.4,10.6,285
12/1/2000,Salford,E08000006,43362,20.1,,0,9.4,,302,87921,20.8,-0.4,11.2,50201,18.9,0.1,10.2,36795,17.7,-0.2,7.4,35799,23.4,0.7,11.5,,,,,,,,,,,,,,,,,,,37070,21,1.2,12.4,12,42659,19.3,-0.1,9.2,290
1/1/2001,Salford,E08000006,42977,19.9,,-0.9,11,,216,86970,20.6,-1.1,12.4,49643,18.7,-1.1,11.5,36518,17.6,-0.8,9,35627,23.3,-0.5,13.9,,,,,,,,,,,,,,,,,,,37139,21.1,0.2,15.2,15,42240,19.1,-1,10.6,201
2/1/2001,Salford,E08000006,42613,19.7,,-0.8,9.6,,257,85951,20.4,-1.2,10.4,49241,18.5,-0.8,10.1,36252,17.4,-0.7,8,35274,23,-1,12.2,,,,,,,,,,,,,,,,,,,37144,21.1,0,13.6,9,41853,18.9,-0.9,9.3,248
3/1/2001,Salford,E08000006,42955,19.9,,0.8,6.3,,371,86703,20.5,0.9,6.8,49648,18.7,0.8,6.5,36571,17.6,0.9,4.9,35424,23.1,0.4,8.8,,,,,,,,,,,,,,,,,,,37407,21.2,0.7,9.7,35,42190,19.1,0.8,6,336
4/1/2001,Salford,E08000006,43275,20.1,,0.7,2.3,,329,87216,20.7,0.6,3.2,49926,18.8,0.6,2.6,36893,17.8,0.9,1.1,35746,23.3,0.9,4.3,,,,,,,,,,,,,,,,,,,37559,21.3,0.4,5.1,18,42514,19.2,0.8,2.1,311
5/1/2001,Salford,E08000006,44254,20.5,,2.3,3.2,,345,88888,21,1.9,4,50999,19.2,2.1,3.3,37761,18.2,2.4,2.1,36647,23.9,2.5,5.2,,,,,,,,,,,,,,,,,,,37930,21.5,1,5.2,26,43515,19.7,2.4,3,319
6/1/2001,Salford,E08000006,44971,20.8,,1.6,6.6,,356,90012,21.3,1.3,7.2,51728,19.5,1.4,6.5,38371,18.5,1.6,5.6,37495,24.5,2.3,8.9,,,,,,,,,,,,,,,,,,,38590,21.9,1.7,9.2,21,44216,20,1.6,6.4,335
7/1/2001,Salford,E08000006,45699,21.2,,1.6,8.8,,382,91606,21.7,1.8,8.8,52636,19.8,1.8,8.6,38947,18.7,1.5,8,38067,24.9,1.5,11.6,,,,,,,,,,,,,,,,,,,39053,22.1,1.2,11.3,31,44946,20.3,1.6,8.6,351
8/1/2001,Salford,E08000006,45845,21.2,,0.3,4.2,,386,92314,21.9,0.8,4,52728,19.9,0.2,3.6,39030,18.8,0.2,3.7,38288,25,0.6,6.8,,,,,,,,,,,,,,,,,,,39379,22.3,0.8,6.9,23,45072,20.4,0.3,3.9,363
9/1/2001,Salford,E08000006,46163,21.4,,0.7,4.9,,324,93457,22.1,1.2,4.5,53025,20,0.6,4.2,39313,18.9,0.7,4.7,38485,25.1,0.5,7.2,,,,,,,,,,,,,,,,,,,39688,22.5,0.8,7.7,15,45382,20.5,0.7,4.6,309
10/1/2001,Salford,E08000006,46023,21.3,,-0.3,2.6,,384,93112,22,-0.4,2,52867,19.9,-0.3,1.8,39143,18.8,-0.4,2.6,38506,25.1,0.1,4.9,,,,,,,,,,,,,,,,,,,39953,22.7,0.7,5.8,29,45213,20.5,-0.4,2.3,355
11/1/2001,Salford,E08000006,46209,21.4,,0.4,6.6,,463,93408,22.1,0.3,5.8,53171,20,0.6,6.1,39207,18.9,0.2,6.4,38780,25.3,0.7,9.1,,,,,,,,,,,,,,,,,,,40231,22.8,0.7,9.8,24,45386,20.5,0.4,6.3,439
12/1/2001,Salford,E08000006,46091,21.4,,-0.3,6.3,,360,92704,21.9,-0.8,5.4,53125,20,-0.1,5.8,38960,18.8,-0.6,5.9,39057,25.5,0.7,9.1,,,,,,,,,,,,,,,,,,,40336,22.9,0.3,8.8,35,45254,20.5,-0.3,6.1,325
1/1/2002,Salford,E08000006,46316,21.5,,0.5,7.8,,267,93245,22.1,0.6,7.2,53387,20.1,0.5,7.5,39084,18.8,0.3,7,39390,25.7,0.9,10.6,,,,,,,,,,,,,,,,,,,40593,23,0.6,9.3,21,45471,20.6,0.5,7.6,246
2/1/2002,Salford,E08000006,46471,21.5,,0.3,9.1,,319,93520,22.1,0.3,8.8,53482,20.1,0.2,8.6,39247,18.9,0.4,8.3,39585,25.8,0.5,12.2,,,,,,,,,,,,,,,,,,,41201,23.4,1.5,10.9,11,45586,20.6,0.3,8.9,308
3/1/2002,Salford,E08000006,47292,21.9,,1.8,10.1,,369,95191,22.5,1.8,9.8,54424,20.5,1.8,9.6,39986,19.2,1.9,9.3,40158,26.2,1.4,13.4,,,,,,,,,,,,,,,,,,,41933,23.8,1.8,12.1,24,46390,21,1.8,10,345
4/1/2002,Salford,E08000006,48319,22.4,,2.2,11.7,,376,96763,22.9,1.7,10.9,55504,20.9,2,11.2,40882,19.7,2.2,10.8,41273,26.9,2.8,15.5,,,,,,,,,,,,,,,,,,,42920,24.3,2.4,14.3,22,47392,21.4,2.2,11.5,354
5/1/2002,Salford,E08000006,50326,23.3,,4.2,13.7,,524,100287,23.7,3.6,12.8,57849,21.8,4.2,13.4,42559,20.5,4.1,12.7,43123,28.2,4.5,17.7,,,,,,,,,,,,,,,,,,,44240,25.1,3.1,16.6,44,49396,22.4,4.2,13.5,480
6/1/2002,Salford,E08000006,51188,23.7,,1.7,13.8,,353,101860,24.1,1.6,13.2,58708,22.1,1.5,13.5,43305,20.8,1.8,12.9,44084,28.8,2.2,17.6,,,,,,,,,,,,,,,,,,,44956,25.5,1.6,16.5,33,50247,22.7,1.7,13.6,320
7/1/2002,Salford,E08000006,52255,24.2,,2.1,14.3,,424,104157,24.7,2.3,13.7,59912,22.6,2.1,13.8,44250,21.3,2.2,13.6,44867,29.3,1.8,17.9,,,,,,,,,,,,,,,,,,,45405,25.7,1,16.3,37,51332,23.2,2.2,14.2,387
8/1/2002,Salford,E08000006,54069,25.1,,3.5,17.9,,464,107908,25.5,3.6,16.9,61969,23.3,3.4,17.5,45800,22,3.5,17.3,46385,30.3,3.4,21.1,,,,,,,,,,,,,,,,,,,46877,26.6,3.2,19,22,53123,24,3.5,17.9,442
9/1/2002,Salford,E08000006,56924,26.4,,5.3,23.3,,403,113913,27,5.6,21.9,65407,24.6,5.5,23.4,48171,23.2,5.2,22.5,48599,31.7,4.8,26.3,,,,,,,,,,,,,,,,,,,48889,27.7,4.3,23.2,21,55966,25.3,5.4,23.3,382
10/1/2002,Salford,E08000006,58964,27.3,,3.6,28.1,,474,117996,27.9,3.6,26.7,67919,25.6,3.8,28.5,49786,24,3.4,27.2,50355,32.9,3.6,30.8,,,,,,,,,,,,,,,,,,,50758,28.8,3.8,27,28,57961,26.2,3.6,28.2,446
11/1/2002,Salford,E08000006,60986,28.3,,3.4,32,,527,122345,29,3.7,31,70219,26.4,3.4,32.1,51439,24.8,3.3,31.2,52176,34.1,3.6,34.5,,,,,,,,,,,,,,,,,,,52339,29.7,3.1,30.1,49,59962,27.1,3.5,32.1,478
12/1/2002,Salford,E08000006,60625,28.1,,-0.6,31.5,,428,121055,28.7,-1.1,30.6,69827,26.3,-0.6,31.4,51099,24.6,-0.7,31.2,52095,34,-0.2,33.4,,,,,,,,,,,,,,,,,,,52140,29.6,-0.4,29.3,29,59598,27,-0.6,31.7,399
1/1/2003,Salford,E08000006,60275,27.9,,-0.6,30.1,,334,120104,28.4,-0.8,28.8,69223,26.1,-0.9,29.7,50903,24.5,-0.4,30.2,51940,33.9,-0.3,31.9,,,,,,,,,,,,,,,,,,,51507,29.2,-1.2,26.9,24,59281,26.8,-0.5,30.4,310
2/1/2003,Salford,E08000006,59573,27.6,,-1.2,28.2,,368,117995,27.9,-1.8,26.2,68466,25.8,-1.1,28,50296,24.2,-1.2,28.2,51508,33.6,-0.8,30.1,,,,,,,,,,,,,,,,,,,51081,29,-0.8,24,25,58576,26.5,-1.2,28.5,343
3/1/2003,Salford,E08000006,59529,27.6,,-0.1,25.9,,382,118104,28,0.1,24.1,68341,25.7,-0.2,25.6,50284,24.2,0,25.8,51467,33.6,-0.1,28.2,,,,,,,,,,,,,,,,,,,51240,29.1,0.3,22.2,26,58518,26.5,-0.1,26.1,356
4/1/2003,Salford,E08000006,60626,28.1,,1.8,25.5,,378,119883,28.4,1.5,23.9,69767,26.3,2.1,25.7,51123,24.6,1.7,25,52494,34.3,2,27.2,,,,,,,,,,,,,,,,,,,52471,29.8,2.4,22.3,20,59572,27,1.8,25.7,358
5/1/2003,Salford,E08000006,62858,29.1,,3.7,24.9,,439,124334,29.4,3.7,24,72410,27.3,3.8,25.2,53032,25.5,3.7,24.6,54222,35.4,3.3,25.7,,,,,,,,,,,,,,,,,,,54218,30.7,3.3,22.6,33,61780,28,3.7,25.1,406
6/1/2003,Salford,E08000006,66361,30.8,,5.6,29.6,,513,130553,30.9,5,28.2,76396,28.8,5.5,30.1,56050,27,5.7,29.4,57385,37.5,5.8,30.2,,,,,,,,,,,,,,,,,,,57169,32.4,5.4,27.2,111,65229,29.5,5.6,29.8,402
7/1/2003,Salford,E08000006,69429,32.2,,4.6,32.9,,457,136102,32.2,4.3,30.7,79972,30.1,4.7,33.5,58785,28.3,4.9,32.8,59737,39,4.1,33.1,,,,,,,,,,,,,,,,,,,59742,33.9,4.5,31.6,47,68250,30.9,4.6,33,410
8/1/2003,Salford,E08000006,70387,32.6,,1.4,30.2,,508,137311,32.5,0.9,27.2,81021,30.5,1.3,30.7,59750,28.8,1.6,30.5,60458,39.5,1.2,30.3,,,,,,,,,,,,,,,,,,,60385,34.2,1.1,28.8,43,69207,31.3,1.4,30.3,465
9/1/2003,Salford,E08000006,73067,33.9,,3.8,28.4,,492,142432,33.7,3.7,25,84175,31.7,3.9,28.7,62178,29.9,4.1,29.1,62279,40.7,3,28.1,,,,,,,,,,,,,,,,,,,62137,35.2,2.9,27.1,57,71886,32.5,3.9,28.4,435
10/1/2003,Salford,E08000006,73398,34,,0.5,24.5,,584,142861,33.8,0.3,21.1,84453,31.8,0.3,24.3,62546,30.1,0.6,25.6,62571,40.8,0.5,24.3,,,,,,,,,,,,,,,,,,,62241,35.3,0.2,22.6,43,72226,32.7,0.5,24.6,541
11/1/2003,Salford,E08000006,75423,34.9,,2.8,23.7,,545,146633,34.7,2.6,19.9,86794,32.7,2.8,23.6,64321,31,2.8,25,64207,41.9,2.6,23.1,,,,,,,,,,,,,,,,,,,63983,36.3,2.8,22.2,98,74217,33.6,2.8,23.8,447
12/1/2003,Salford,E08000006,76741,35.6,,1.7,26.6,,625,147739,35,0.8,22,88146,33.2,1.6,26.2,65651,31.6,2.1,28.5,65526,42.8,2.1,25.8,,,,,,,,,,,,,,,,,,,65201,37,1.9,25.1,141,75506,34.2,1.7,26.7,484
1/1/2004,Salford,E08000006,79621,36.9,,3.8,32.1,,362,153130,36.3,3.6,27.5,91349,34.4,3.6,32,68247,32.8,4,34.1,67862,44.3,3.6,30.7,,,,,,,,,,,,,,,,,,,67825,38.5,4,31.7,34,78325,35.4,3.7,32.1,328
2/1/2004,Salford,E08000006,79700,36.9,,0.1,33.8,,422,152536,36.1,-0.4,29.3,91245,34.4,-0.1,33.3,68450,32.9,0.3,36.1,68014,44.4,0.2,32,,,,,,,,,,,,,,,,,,,68377,38.8,0.8,33.9,39,78307,35.4,0,33.7,383
3/1/2004,Salford,E08000006,78727,36.5,,-1.2,32.2,,471,150909,35.7,-1.1,27.8,89941,33.9,-1.4,31.6,67648,32.6,-1.2,34.5,67102,43.8,-1.3,30.4,,,,,,,,,,,,,,,,,,,67966,38.5,-0.6,32.6,62,77281,35,-1.3,32.1,409
4/1/2004,Salford,E08000006,79828,37,,1.4,31.7,,543,151139,35.8,0.2,26.1,91115,34.3,1.3,30.6,68972,33.2,2,34.9,67847,44.3,1.1,29.2,,,,,,,,,,,,,,,,,,,68354,38.8,0.6,30.3,82,78513,35.5,1.6,31.8,461
5/1/2004,Salford,E08000006,82854,38.4,,3.8,31.8,,526,154978,36.7,2.5,24.6,94268,35.5,3.5,30.2,72030,34.7,4.4,35.8,70318,45.9,3.6,29.7,,,,,,,,,,,,,,,,,,,70401,39.9,3,29.8,113,81633,36.9,4,32.1,413
6/1/2004,Salford,E08000006,85287,39.5,,2.9,28.5,,583,158065,37.4,2,21.1,96959,36.5,2.9,26.9,74351,35.8,3.2,32.7,72395,47.3,3,26.2,,,,,,,,,,,,,,,,,,,72317,41,2.7,26.5,116,84071,38,3,28.9,467
7/1/2004,Salford,E08000006,88586,41,,3.9,27.6,,573,163754,38.8,3.6,20.3,100813,38,4,26.1,77468,37.3,4.2,31.8,74794,48.8,3.3,25.2,,,,,,,,,,,,,,,,,,,74602,42.3,3.2,24.9,88,87464,39.6,4,28.2,485
8/1/2004,Salford,E08000006,92258,42.8,,4.1,31.1,,539,170854,40.5,4.3,24.4,105092,39.6,4.2,29.7,80772,38.9,4.3,35.2,77591,50.7,3.7,28.3,,,,,,,,,,,,,,,,,,,77239,43.8,3.5,27.9,79,91212,41.3,4.3,31.8,460
9/1/2004,Salford,E08000006,96892,44.9,,5,32.6,,457,179860,42.6,5.3,26.3,110377,41.6,5,31.1,85069,40.9,5.3,36.8,81011,52.9,4.4,30.1,,,,,,,,,,,,,,,,,,,80535,45.7,4.3,29.6,117,95952,43.4,5.2,33.5,340
10/1/2004,Salford,E08000006,98502,45.6,,1.7,34.2,,399,182796,43.3,1.6,28,111831,42.1,1.3,32.4,86330,41.6,1.5,38,82949,54.2,2.4,32.6,,,,,,,,,,,,,,,,,,,82584,46.8,2.5,32.7,75,97350,44.1,1.5,34.8,324
11/1/2004,Salford,E08000006,100423,46.5,,2,33.1,,455,185873,44,1.7,26.8,113758,42.8,1.7,31.1,88035,42.4,2,36.9,84856,55.4,2.3,32.2,,,,,,,,,,,,,,,,,,,84612,48,2.5,32.2,91,99135,44.9,1.8,33.6,364
12/1/2004,Salford,E08000006,102032,47.3,,1.6,33,,474,187710,44.4,1,27.1,115268,43.4,1.3,30.8,89481,43.1,1.6,36.3,86665,56.6,2.1,32.3,,,,,,,,,,,,,,,,,,,86654,49.1,2.4,32.9,151,100539,45.5,1.4,33.2,323
1/1/2005,Salford,E08000006,100859,46.7,,-1.2,26.7,,245,185479,43.9,-1.2,21.1,113695,42.8,-1.4,24.5,88477,42.6,-1.1,29.6,85867,56.1,-0.9,26.5,,,,,,,,,,,,,,,,,,,86307,48.9,-0.4,27.3,25,99210,44.9,-1.3,26.7,220
2/1/2005,Salford,E08000006,99098,45.9,,-1.7,24.3,,289,182154,43.1,-1.8,19.4,111775,42.1,-1.7,22.5,86788,41.8,-1.9,26.8,84552,55.2,-1.5,24.3,,,,,,,,,,,,,,,,,,,85587,48.5,-0.8,25.2,66,97257,44,-2,24.2,223
3/1/2005,Salford,E08000006,100480,46.6,,1.4,27.6,,421,184796,43.8,1.5,22.5,113491,42.7,1.5,26.2,87916,42.3,1.3,30,85705,56,1.4,27.7,,,,,,,,,,,,,,,,,,,87249,49.5,1.9,28.4,148,98476,44.6,1.3,27.4,273
4/1/2005,Salford,E08000006,103494,48,,3,29.6,,392,189222,44.8,2.4,25.2,117061,44.1,3.1,28.5,90702,43.7,3.2,31.5,88137,57.5,2.8,29.9,,,,,,,,,,,,,,,,,,,90071,51.1,3.2,31.8,77,101361,45.9,2.9,29.1,315
5/1/2005,Salford,E08000006,106621,49.4,,3,28.7,,356,194617,46.1,2.9,25.6,120473,45.4,2.9,27.8,93720,45.1,3.3,30.1,90592,59.1,2.8,28.8,,,,,,,,,,,,,,,,,,,92607,52.5,2.8,31.5,60,104486,47.3,3.1,28,296
6/1/2005,Salford,E08000006,104436,48.4,,-2,22.5,,474,189131,44.8,-2.8,19.7,117799,44.4,-2.2,21.5,92247,44.4,-1.6,24.1,88527,57.8,-2.3,22.3,,,,,,,,,,,,,,,,,,,90358,51.2,-2.4,24.9,94,102460,46.4,-1.9,21.9,380
7/1/2005,Salford,E08000006,104355,48.4,,-0.1,17.8,,467,189025,44.8,-0.1,15.4,117910,44.4,0.1,17,92443,44.5,0.2,19.3,88022,57.5,-0.6,17.7,,,,,,,,,,,,,,,,,,,89652,50.8,-0.8,20.2,74,102593,46.4,0.1,17.3,393
8/1/2005,Salford,E08000006,106166,49.2,,1.7,15.1,,372,192282,45.5,1.7,12.5,119919,45.2,1.7,14.1,94346,45.4,2.1,16.8,89229,58.3,1.4,15,,,,,,,,,,,,,,,,,,,90840,51.5,1.3,17.6,73,104496,47.3,1.9,14.6,299
9/1/2005,Salford,E08000006,107940,50,,1.7,11.4,,437,196253,46.5,2.1,9.1,121952,45.9,1.7,10.5,96089,46.3,1.8,13,90417,59,1.3,11.6,,,,,,,,,,,,,,,,,,,92101,52.2,1.4,14.4,119,106328,48.1,1.8,10.8,318
10/1/2005,Salford,E08000006,108775,50.4,,0.8,10.4,,367,197506,46.8,0.6,8,122404,46.1,0.4,9.5,96884,46.6,0.8,12.2,91388,59.7,1.1,10.2,,,,,,,,,,,,,,,,,,,93119,52.8,1.1,12.8,72,107049,48.4,0.7,10,295
11/1/2005,Salford,E08000006,105330,48.8,,-3.2,4.9,,456,190746,45.2,-3.4,2.6,118439,44.6,-3.2,4.1,93852,45.2,-3.1,6.6,88569,57.8,-3.1,4.4,,,,,,,,,,,,,,,,,,,90375,51.2,-2.9,6.8,127,103590,46.9,-3.2,4.5,329
12/1/2005,Salford,E08000006,104993,48.7,,-0.3,2.9,,483,188899,44.7,-1,0.6,117627,44.3,-0.7,2,93517,45,-0.4,4.5,88747,57.9,0.2,2.4,,,,,,,,,,,,,,,,,,,90582,51.4,0.2,4.5,110,103093,46.7,-0.5,2.5,373
1/1/2006,Salford,E08000006,105375,48.8,,0.4,4.5,,350,189582,44.9,0.4,2.2,118038,44.4,0.3,3.8,93995,45.2,0.5,6.2,88922,58.1,0.2,3.6,,,,,,,,,,,,,,,,,,,90799,51.5,0.2,5.2,89,103505,46.8,0.4,4.3,261
2/1/2006,Salford,E08000006,108311,50.2,,2.8,9.3,,377,193985,45.9,2.3,6.5,120992,45.6,2.5,8.2,96637,46.5,2.8,11.3,91653,59.8,3.1,8.4,,,,,,,,,,,,,,,,,,,93696,53.1,3.2,9.5,93,106257,48.1,2.7,9.3,284
3/1/2006,Salford,E08000006,108450,50.3,,0.1,7.9,,449,195243,46.2,0.6,5.7,121540,45.8,0.5,7.1,96857,46.6,0.2,10.2,91312,59.6,-0.4,6.5,,,,,,,,,,,,,,,,,,,93567,53.1,-0.1,7.2,120,106474,48.2,0.2,8.1,329
4/1/2006,Salford,E08000006,108868,50.4,,0.4,5.2,,395,195250,46.2,0,3.2,122065,46,0.4,4.3,97442,46.9,0.6,7.4,91534,59.8,0.2,3.9,,,,,,,,,,,,,,,,,,,93933,53.3,0.4,4.3,102,106883,48.4,0.4,5.4,293
5/1/2006,Salford,E08000006,108629,50.3,,-0.2,1.9,,464,194797,46.1,-0.2,0.1,122121,46,0,1.4,97404,46.9,0,3.9,90997,59.4,-0.6,0.4,,,,,,,,,,,,,,,,,,,93263,52.9,-0.7,0.7,125,106812,48.3,-0.1,2.2,339
6/1/2006,Salford,E08000006,110206,51.1,,1.5,5.5,,548,196547,46.5,0.9,3.9,123914,46.7,1.5,5.2,99086,47.7,1.7,7.4,92199,60.2,1.3,4.1,,,,,,,,,,,,,,,,,,,94272,53.5,1.1,4.3,119,108487,49.1,1.6,5.9,429
7/1/2006,Salford,E08000006,112028,51.9,,1.7,7.4,,578,199835,47.3,1.7,5.7,126037,47.5,1.7,6.9,101097,48.7,2,9.4,93368,61,1.3,6.1,,,,,,,,,,,,,,,,,,,95217,54,1,6.2,167,110502,50,1.9,7.7,411
8/1/2006,Salford,E08000006,112887,52.3,,0.8,6.3,,477,201830,47.8,1,5,127252,47.9,1,6.1,102281,49.2,1.2,8.4,93553,61.1,0.2,4.8,,,,,,,,,,,,,,,,,,,95039,53.9,-0.2,4.6,97,111680,50.5,1.1,6.9,380
9/1/2006,Salford,E08000006,113781,52.7,,0.8,5.4,,478,204184,48.3,1.2,4,128388,48.3,0.9,5.3,103165,49.7,0.9,7.4,94075,61.4,0.6,4,,,,,,,,,,,,,,,,,,,95490,54.1,0.5,3.7,75,112673,51,0.9,6,403
10/1/2006,Salford,E08000006,113317,52.5,,-0.4,4.2,,455,203614,48.2,-0.3,3.1,127888,48.2,-0.4,4.5,102603,49.4,-0.5,5.9,93766,61.2,-0.3,2.6,,,,,,,,,,,,,,,,,,,95091,53.9,-0.4,2.1,88,112218,50.8,-0.4,4.8,367
11/1/2006,Salford,E08000006,114058,52.9,,0.7,8.3,,530,205007,48.5,0.7,7.5,128782,48.5,0.7,8.7,103302,49.7,0.7,10.1,94317,61.6,0.6,6.5,,,,,,,,,,,,,,,,,,,95665,54.2,0.6,5.9,120,112969,51.1,0.7,9.1,410
12/1/2006,Salford,E08000006,115594,53.6,,1.3,10.1,,584,206689,48.9,0.8,9.4,130318,49.1,1.2,10.8,104920,50.5,1.6,12.2,95631,62.4,1.4,7.8,,,,,,,,,,,,,,,,,,,96899,54.9,1.3,7,133,114510,51.8,1.4,11.1,451
1/1/2007,Salford,E08000006,115958,53.7,,0.3,10,,345,207289,49.1,0.3,9.3,130781,49.2,0.4,10.8,105421,50.7,0.5,12.2,95769,62.5,0.1,7.7,,,,,,,,,,,,,,,,,,,97115,55.1,0.2,7,46,114903,52,0.3,11,299
2/1/2007,Salford,E08000006,117320,54.4,,1.2,8.3,,400,209132,49.5,0.9,7.8,131970,49.7,0.9,9.1,106381,51.2,0.9,10.1,97330,63.5,1.6,6.2,,,,,,,,,,,,,,,,,,,98543,55.9,1.5,5.2,62,116150,52.6,1.1,9.3,338
3/1/2007,Salford,E08000006,115941,53.7,,-1.2,6.9,,646,207243,49.1,-0.9,6.1,130572,49.2,-1.1,7.4,105155,50.6,-1.2,8.6,96002,62.7,-1.4,5.1,,,,,,,,,,,,,,,,,,,96996,55,-1.6,3.7,81,114900,52,-1.1,7.9,565
4/1/2007,Salford,E08000006,118474,54.9,,2.2,8.8,,503,210957,49.9,1.8,8,133354,50.2,2.1,9.2,107694,51.8,2.4,10.5,98020,64,2.1,7.1,,,,,,,,,,,,,,,,,,,98650,55.9,1.7,5,92,117543,53.2,2.3,10,411
5/1/2007,Salford,E08000006,118903,55.1,,0.4,9.5,,495,210797,49.9,-0.1,8.2,133745,50.4,0.3,9.5,108477,52.2,0.7,11.4,98198,64.1,0.2,7.9,,,,,,,,,,,,,,,,,,,99137,56.2,0.5,6.3,77,117931,53.4,0.3,10.4,418
6/1/2007,Salford,E08000006,120672,55.9,,1.5,9.5,,633,213495,50.6,1.3,8.6,135613,51.1,1.4,9.4,110283,53.1,1.7,11.3,99613,65,1.4,8,,,,,,,,,,,,,,,,,,,100592,57,1.5,6.7,134,119693,54.2,1.5,10.3,499
7/1/2007,Salford,E08000006,121233,56.2,,0.5,8.2,,567,215172,50.9,0.8,7.7,136253,51.3,0.5,8.1,110847,53.4,0.5,9.6,99981,65.3,0.4,7.1,,,,,,,,,,,,,,,,,,,101446,57.5,0.8,6.5,106,120139,54.4,0.4,8.7,461
8/1/2007,Salford,E08000006,121897,56.5,,0.5,8,,605,217879,51.6,1.3,8,137414,51.7,0.9,8,111709,53.8,0.8,9.2,100019,65.3,0,6.9,,,,,,,,,,,,,,,,,,,101008,57.3,-0.4,6.3,91,121079,54.8,0.8,8.4,514
9/1/2007,Salford,E08000006,124341,57.6,,2,9.3,,636,223171,52.8,2.4,9.3,140294,52.8,2.1,9.3,113965,54.9,2,10.5,101880,66.5,1.9,8.3,,,,,,,,,,,,,,,,,,,102838,58.3,1.8,7.7,140,123563,55.9,2.1,9.7,496
10/1/2007,Salford,E08000006,125582,58.2,,1,10.8,,630,225785,53.5,1.2,10.9,141489,53.3,0.9,10.6,114894,55.3,0.8,12,103120,67.3,1.2,10,,,,,,,,,,,,,,,,,,,103641,58.8,0.8,9,202,124859,56.5,1,11.3,428
11/1/2007,Salford,E08000006,124726,57.8,,-0.7,9.4,,493,224530,53.2,-0.6,9.5,140495,52.9,-0.7,9.1,113923,54.8,-0.8,10.3,102548,66.9,-0.6,8.7,,,,,,,,,,,,,,,,,,,103287,58.6,-0.3,8,52,123908,56.1,-0.8,9.7,441
12/1/2007,Salford,E08000006,122486,56.8,,-1.8,6,,450,220155,52.1,-1.9,6.5,137821,51.9,-1.9,5.8,111781,53.8,-1.9,6.5,100877,65.9,-1.6,5.5,,,,,,,,,,,,,,,,,,,101738,57.7,-1.5,5,104,121594,55,-1.9,6.2,346
1/1/2008,Salford,E08000006,120689,55.9,,-1.5,4.1,,249,217164,51.4,-1.4,4.8,135815,51.1,-1.5,3.8,110249,53.1,-1.4,4.6,99290,64.8,-1.6,3.7,,,,,,,,,,,,,,,,,,,100476,57,-1.2,3.5,34,119745,54.2,-1.5,4.2,215
2/1/2008,Salford,E08000006,120596,55.9,,-0.1,2.8,,303,216629,51.3,-0.2,3.6,135425,51,-0.3,2.6,110088,53,-0.1,3.5,99468,64.9,0.2,2.2,,,,,,,,,,,,,,,,,,,101321,57.5,0.8,2.8,56,119301,54,-0.4,2.7,247
3/1/2008,Salford,E08000006,118848,55.1,,-1.4,2.5,,375,213946,50.7,-1.2,3.2,133713,50.3,-1.3,2.4,108501,52.2,-1.4,3.2,97836,63.9,-1.6,1.9,,,,,,,,,,,,,,,,,,,100246,56.8,-1.1,3.4,131,117421,53.1,-1.6,2.2,244
4/1/2008,Salford,E08000006,118205,54.8,,-0.5,-0.2,,406,213213,50.5,-0.3,1.1,133080,50.1,-0.5,-0.2,107941,52,-0.5,0.2,97188,63.4,-0.7,-0.8,,,,,,,,,,,,,,,,,,,99945,56.7,-0.3,1.3,155,116675,52.8,-0.6,-0.7,251
5/1/2008,Salford,E08000006,115652,53.6,,-2.2,-2.7,,280,208465,49.4,-2.2,-1.1,130425,49.1,-2,-2.5,105702,50.9,-2.1,-2.6,94886,61.9,-2.4,-3.4,,,,,,,,,,,,,,,,,,,97483,55.3,-2.5,-1.7,50,114291,51.7,-2,-3.1,230
6/1/2008,Salford,E08000006,115776,53.6,,0.1,-4.1,,221,208382,49.3,0,-2.4,130509,49.1,0.1,-3.8,105869,51,0.2,-4,95001,62,0.1,-4.6,,,,,,,,,,,,,,,,,,,97448,55.3,0,-3.1,46,114478,51.8,0.2,-4.4,175
7/1/2008,Salford,E08000006,113846,52.8,,-1.7,-6.1,,220,204822,48.5,-1.7,-4.8,128626,48.4,-1.4,-5.6,103940,50,-1.8,-6.2,93405,61,-1.7,-6.6,,,,,,,,,,,,,,,,,,,95607,54.2,-1.9,-5.8,64,112668,51,-1.6,-6.2,156
8/1/2008,Salford,E08000006,115248,53.4,,1.2,-5.5,,184,208073,49.3,1.6,-4.5,130364,49.1,1.4,-5.1,105285,50.7,1.3,-5.8,94335,61.6,1,-5.7,,,,,,,,,,,,,,,,,,,96100,54.5,0.5,-4.9,41,114370,51.8,1.5,-5.5,143
9/1/2008,Salford,E08000006,114118,52.9,,-1,-8.2,,192,208310,49.3,0.1,-6.7,129128,48.6,-0.9,-8,104014,50.1,-1.2,-8.7,93395,61,-1,-8.3,,,,,,,,,,,,,,,,,,,94927,53.8,-1.2,-7.7,67,113354,51.3,-0.9,-8.3,125
10/1/2008,Salford,E08000006,113197,52.5,,-0.8,-9.9,,189,206997,49,-0.6,-8.3,128079,48.2,-0.8,-9.5,103059,49.6,-0.9,-10.3,92716,60.5,-0.7,-10.1,,,,,,,,,,,,,,,,,,,94113,53.4,-0.9,-9.2,41,112460,50.9,-0.8,-9.9,148
11/1/2008,Salford,E08000006,108761,50.4,,-3.9,-12.8,,135,199131,47.1,-3.8,-11.3,123096,46.3,-3.9,-12.4,98820,47.6,-4.1,-13.3,89225,58.2,-3.8,-13,,,,,,,,,,,,,,,,,,,90852,51.5,-3.5,-12,25,107857,48.8,-4.1,-13,110
12/1/2008,Salford,E08000006,107170,49.7,,-1.5,-12.5,,227,195055,46.2,-2,-11.4,121528,45.8,-1.3,-11.8,97682,47,-1.2,-12.6,87609,57.2,-1.8,-13.2,,,,,,,,,,,,,,,,,,,89185,50.6,-1.8,-12.3,90,106437,48.2,-1.3,-12.5,137
1/1/2009,Salford,E08000006,106241,49.2,,-0.9,-12,,123,194082,46,-0.5,-10.6,120288,45.3,-1,-11.4,96838,46.6,-0.9,-12.2,86890,56.7,-0.8,-12.5,,,,,,,,,,,,,,,,,,,88530,50.2,-0.7,-11.9,36,105459,47.7,-0.9,-11.9,87
2/1/2009,Salford,E08000006,105710,49,,-0.5,-12.3,,142,192961,45.7,-0.6,-10.9,119521,45,-0.6,-11.7,96216,46.3,-0.6,-12.6,86693,56.6,-0.2,-12.8,,,,,,,,,,,,,,,,,,,88304,50.1,-0.3,-12.8,63,104831,47.4,-0.6,-12.1,79
3/1/2009,Salford,E08000006,105365,48.8,,-0.3,-11.3,,202,192072,45.5,-0.5,-10.2,118709,44.7,-0.7,-11.2,95431,45.9,-0.8,-12,87111,56.9,0.5,-11,,,,,,,,,,,,,,,,,,,88930,50.4,0.7,-11.3,70,104063,47.1,-0.7,-11.4,132
4/1/2009,Salford,E08000006,103721,48.1,,-1.6,-12.3,,169,187900,44.5,-2.2,-11.9,116933,44,-1.5,-12.1,93870,45.2,-1.6,-13,85882,56.1,-1.4,-11.6,,,,,,,,,,,,,,,,,,,87670,49.7,-1.4,-12.3,53,102380,46.3,-1.6,-12.3,116
5/1/2009,Salford,E08000006,104339,48.3,,0.6,-9.8,,143,188723,44.7,0.4,-9.5,117885,44.4,0.8,-9.6,94654,45.6,0.8,-10.5,86126,56.2,0.3,-9.2,,,,,,,,,,,,,,,,,,,87808,49.8,0.2,-9.9,39,103174,46.7,0.8,-9.7,104
6/1/2009,Salford,E08000006,102889,47.7,,-1.4,-11.1,,246,186677,44.2,-1.1,-10.4,116778,44,-0.9,-10.5,93774,45.1,-0.9,-11.4,84269,55,-2.2,-11.3,,,,,,,,,,,,,,,,,,,85700,48.6,-2.4,-12.1,78,102164,46.2,-1,-10.8,168
7/1/2009,Salford,E08000006,102344,47.4,,-0.5,-10.1,,300,186366,44.1,-0.2,-9,116672,43.9,-0.1,-9.3,93799,45.1,0,-9.8,83114,54.3,-1.4,-11,,,,,,,,,,,,,,,,,,,84470,47.9,-1.4,-11.6,126,101998,46.2,-0.2,-9.5,174
8/1/2009,Salford,E08000006,102109,47.3,,-0.2,-11.4,,225,187265,44.3,0.5,-10,116731,43.9,0.1,-10.5,93852,45.2,0.1,-10.9,82422,53.8,-0.8,-12.6,,,,,,,,,,,,,,,,,,,83706,47.5,-0.9,-12.9,85,102042,46.2,0,-10.8,140
9/1/2009,Salford,E08000006,102566,47.5,,0.4,-10.1,,193,188579,44.7,0.7,-9.5,117452,44.2,0.6,-9,94368,45.4,0.5,-9.3,82568,53.9,0.2,-11.6,,,,,,,,,,,,,,,,,,,83889,47.6,0.2,-11.6,65,102593,46.4,0.5,-9.5,128
10/1/2009,Salford,E08000006,101749,47.1,,-0.8,-10.1,,189,187602,44.4,-0.5,-9.4,116790,44,-0.6,-8.8,93604,45.1,-0.8,-9.2,81716,53.3,-1,-11.9,,,,,,,,,,,,,,,,,,,82974,47,-1.1,-11.8,36,101899,46.1,-0.7,-9.4,153
11/1/2009,Salford,E08000006,102079,47.3,,0.3,-6.1,,179,188577,44.7,0.5,-5.3,117241,44.1,0.4,-4.8,94192,45.3,0.6,-4.7,81718,53.3,0,-8.4,,,,,,,,,,,,,,,,,,,83002,47.1,0,-8.6,15,102349,46.3,0.4,-5.1,164
12/1/2009,Salford,E08000006,102711,47.6,,0.6,-4.2,,277,189038,44.8,0.2,-3.1,118205,44.5,0.8,-2.7,95297,45.9,1.2,-2.4,81830,53.4,0.1,-6.6,,,,,,,,,,,,,,,,,,,83053,47.1,0.1,-6.9,39,103216,46.7,0.8,-3,238
1/1/2010,Salford,E08000006,102740,47.6,,0,-3.3,,110,190935,45.2,1,-1.6,118839,44.7,0.5,-1.2,95569,46,0.3,-1.3,81192,53,-0.8,-6.6,,,,,,,,,,,,,,,,,,,82142,46.6,-1.1,-7.2,14,103722,46.9,0.5,-1.6,96
2/1/2010,Salford,E08000006,102276,47.4,,-0.5,-3.2,,162,190570,45.1,-0.2,-1.2,118955,44.8,0.1,-0.5,95204,45.8,-0.4,-1.1,80454,52.5,-0.9,-7.2,,,,,,,,,,,,,,,,,,,81936,46.5,-0.3,-7.2,16,103455,46.8,-0.3,-1.3,146
3/1/2010,Salford,E08000006,103053,47.8,,0.8,-2.2,,196,194012,45.9,1.8,1,120108,45.2,1,1.2,95452,45.9,0.3,0,81315,53.1,1.1,-6.7,,,,,,,,,,,,,,,,,,,83304,47.2,1.7,-6.3,25,104292,47.2,0.8,0.2,171
4/1/2010,Salford,E08000006,102960,47.7,,-0.1,-0.7,,170,192646,45.6,-0.7,2.5,119898,45.1,-0.2,2.5,95326,45.9,-0.1,1.6,81557,53.2,0.3,-5,,,,,,,,,,,,,,,,,,,83942,47.6,0.8,-4.3,23,104040,47.1,-0.2,1.6,147
5/1/2010,Salford,E08000006,101846,47.2,,-1.1,-2.4,,166,190468,45.1,-1.1,0.9,118474,44.6,-1.2,0.5,94235,45.4,-1.1,-0.4,80861,52.8,-0.9,-6.1,,,,,,,,,,,,,,,,,,,82761,46.9,-1.4,-5.7,28,102973,46.6,-1,-0.2,138
6/1/2010,Salford,E08000006,100969,46.8,,-0.9,-1.9,,238,188408,44.6,-1.1,0.9,117602,44.3,-0.7,0.7,93741,45.1,-0.5,0,79756,52.1,-1.4,-5.4,,,,,,,,,,,,,,,,,,,81322,46.1,-1.7,-5.1,63,102242,46.3,-0.7,0.1,175
7/1/2010,Salford,E08000006,102496,47.5,,1.5,0.1,,234,192354,45.5,2.1,3.2,119563,45,1.7,2.5,95294,45.9,1.7,1.6,80491,52.5,0.9,-3.2,,,,,,,,,,,,,,,,,,,81779,46.4,0.6,-3.2,24,103958,47,1.7,1.9,210
8/1/2010,Salford,E08000006,104409,48.4,,1.9,2.3,,193,196805,46.6,2.3,5.1,122206,46,2.2,4.7,96987,46.7,1.8,3.3,81607,53.3,1.4,-1,,,,,,,,,,,,,,,,,,,83021,47.1,1.5,-0.8,23,105961,47.9,1.9,3.8,170
9/1/2010,Salford,E08000006,103100,47.8,,-1.3,0.5,,175,195648,46.3,-0.6,3.7,120741,45.5,-1.2,2.8,95661,46,-1.4,1.4,80440,52.5,-1.4,-2.6,,,,,,,,,,,,,,,,,,,82128,46.6,-1.1,-2.1,21,104601,47.3,-1.3,2,154
10/1/2010,Salford,E08000006,102288,47.4,,-0.8,0.5,,224,194220,46,-0.7,3.5,119717,45.1,-0.8,2.5,94683,45.6,-1,1.2,80092,52.3,-0.4,-2,,,,,,,,,,,,,,,,,,,82535,46.8,0.5,-0.5,45,103545,46.9,-1,1.6,179
11/1/2010,Salford,E08000006,102263,47.4,,0,0.2,,206,194626,46.1,0.2,3.2,119493,45,-0.2,1.9,94518,45.5,-0.2,0.3,80321,52.4,0.3,-1.7,,,,,,,,,,,,,,,,,,,82891,47,0.4,-0.1,40,103439,46.8,-0.1,1.1,166
12/1/2010,Salford,E08000006,101063,46.8,,-1.2,-1.6,,189,191845,45.4,-1.4,1.5,118175,44.5,-1.1,0,93241,44.9,-1.4,-2.2,79569,51.9,-0.9,-2.8,,,,,,,,,,,,,,,,,,,82455,46.8,-0.5,-0.7,29,102111,46.2,-1.3,-1.1,160
1/1/2011,Salford,E08000006,101505,47,,0.4,-1.2,,146,193174,45.7,0.7,1.2,118562,44.6,0.3,-0.2,93517,45,0.3,-2.1,80094,52.3,0.7,-1.4,,,,,,,,,,,,,,,,,,,83294,47.2,1,1.4,44,102456,46.4,0.3,-1.2,102
2/1/2011,Salford,E08000006,100675,46.7,,-0.8,-1.6,,131,192089,45.5,-0.6,0.8,117339,44.2,-1,-1.4,92747,44.6,-0.8,-2.6,79589,52,-0.6,-1.1,,,,,,,,,,,,,,,,,,,83420,47.3,0.2,1.8,12,101445,45.9,-1,-1.9,119
3/1/2011,Salford,E08000006,100763,46.7,,0.1,-2.2,,188,193547,45.8,0.8,-0.2,117336,44.2,0,-2.3,92732,44.6,0,-2.8,79658,52,0.1,-2,,,,,,,,,,,,,,,,,,,83917,47.6,0.6,0.7,46,101441,45.9,0,-2.7,142
4/1/2011,Salford,E08000006,99524,46.1,,-1.2,-3.3,,186,191004,45.2,-1.3,-0.9,115801,43.6,-1.3,-3.4,91679,44.1,-1.1,-3.8,78685,51.4,-1.2,-3.5,,,,,,,,,,,,,,,,,,,83050,47.1,-1,-1.1,15,100155,45.3,-1.3,-3.7,171
5/1/2011,Salford,E08000006,99018,45.9,,-0.5,-2.8,,204,189022,44.8,-1,-0.8,115182,43.4,-0.5,-2.8,91107,43.9,-0.6,-3.3,78623,51.3,-0.1,-2.8,,,,,,,,,,,,,,,,,,,82972,47,-0.1,0.3,20,99569,45.1,-0.6,-3.3,184
6/1/2011,Salford,E08000006,98480,45.6,,-0.5,-2.5,,210,186474,44.2,-1.3,-1,114629,43.2,-0.5,-2.5,90732,43.7,-0.4,-3.2,78241,51.1,-0.5,-1.9,,,,,,,,,,,,,,,,,,,82210,46.6,-0.9,1.1,37,99099,44.8,-0.5,-3.1,173
7/1/2011,Salford,E08000006,98786,45.8,,0.3,-3.6,,212,186502,44.2,0,-3,114988,43.3,0.3,-3.8,90949,43.8,0.2,-4.6,78658,51.4,0.5,-2.3,,,,,,,,,,,,,,,,,,,82483,46.8,0.3,0.9,21,99403,45,0.3,-4.4,191
8/1/2011,Salford,E08000006,99925,46.3,,1.2,-4.3,,201,189344,44.8,1.5,-3.8,116763,44,1.5,-4.5,92146,44.4,1.3,-5,78825,51.5,0.2,-3.4,,,,,,,,,,,,,,,,,,,82616,46.8,0.2,-0.5,27,100733,45.6,1.3,-4.9,174
9/1/2011,Salford,E08000006,101308,46.9,,1.4,-1.7,,253,193041,45.7,2,-1.3,118418,44.6,1.4,-1.9,93530,45,1.5,-2.2,79560,51.9,0.9,-1.1,,,,,,,,,,,,,,,,,,,83363,47.3,0.9,1.5,45,102218,46.3,1.5,-2.3,208
10/1/2011,Salford,E08000006,101009,46.8,,-0.3,-1.2,,210,193284,45.8,0.1,-0.5,118405,44.6,0,-1.1,93206,44.9,-0.3,-1.6,78922,51.5,-0.8,-1.5,,,,,,,,,,,,,,,,,,,82824,47,-0.6,0.3,32,101983,46.1,-0.2,-1.5,178
11/1/2011,Salford,E08000006,99198,46,,-1.8,-3,,237,189838,44.9,-1.8,-2.5,116129,43.7,-1.9,-2.8,91340,44,-2,-3.4,77891,50.8,-1.3,-3,,,,,,,,,,,,,,,,,,,81810,46.4,-1.2,-1.3,70,100046,45.3,-1.9,-3.3,167
12/1/2011,Salford,E08000006,99494,46.1,,0.3,-1.6,,230,189627,44.9,-0.1,-1.2,116555,43.9,0.4,-1.4,91538,44.1,0.2,-1.8,78273,51.1,0.5,-1.6,,,,,,,,,,,,,,,,,,,82442,46.7,0.8,0,37,100257,45.4,0.2,-1.8,193
1/1/2012,Salford,E08000006,98757,45.8,,-0.7,-2.7,,153,187617,44.4,-1.1,-2.9,115784,43.6,-0.7,-2.3,91010,43.8,-0.6,-2.7,77525,50.6,-1,-3.2,90452,46.3,,,49,99069,44.1,,,104,88937,45,,,112818,44.2,,,81730,46.3,-0.9,-1.9,15,99537,45,-0.7,-2.8,138
2/1/2012,Salford,E08000006,99224,46,,0.5,-1.4,,155,187952,44.5,0.2,-2.2,116407,43.8,0.5,-0.8,91802,44.2,0.9,-1,77502,50.6,0,-2.6,92159,47.2,1.9,,37,100755,44.8,1.7,,118,90546,45.8,1.8,,114742,45,1.7,,81564,46.2,-0.2,-2.2,17,100129,45.3,0.6,-1.3,138
3/1/2012,Salford,E08000006,98414,45.6,,-0.8,-2.3,,212,185629,44,-1.2,-4.1,115460,43.5,-0.8,-1.6,91288,43.9,-0.6,-1.6,76826,50.2,-0.9,-3.6,92476,47.3,0.3,,60,101008,44.9,0.3,,152,90923,46,0.4,,114926,45.1,0.2,,80678,45.7,-1.1,-3.9,32,99362,45,-0.8,-2,180
4/1/2012,Salford,E08000006,99111,45.9,,0.7,-0.4,,152,186962,44.3,0.7,-2.1,116142,43.7,0.6,0.3,91860,44.2,0.6,0.2,77616,50.7,1,-1.4,93163,47.7,0.7,,45,101709,45.2,0.7,,107,91560,46.3,0.7,,115746,45.4,0.7,,81316,46.1,0.8,-2.1,23,100051,45.3,0.7,-0.1,129
5/1/2012,Salford,E08000006,99453,46.1,,0.3,0.4,,162,187636,44.4,0.4,-0.7,116504,43.9,0.3,1.1,92102,44.3,0.3,1.1,78024,50.9,0.5,-0.8,93481,47.9,0.3,,54,102062,45.4,0.3,,108,91875,46.5,0.3,,116148,45.5,0.3,,81832,46.4,0.6,-1.4,7,100347,45.4,0.3,0.8,155
6/1/2012,Salford,E08000006,99953,46.3,,0.5,1.5,,197,188511,44.6,0.5,1.1,117010,44.1,0.4,2.1,92734,44.6,0.7,2.2,78290,51.1,0.3,0.1,93922,48.1,0.5,,47,102587,45.6,0.5,,150,92270,46.7,0.4,,116802,45.8,0.6,,81941,46.5,0.1,-0.3,45,100915,45.7,0.6,1.8,152
7/1/2012,Salford,E08000006,100486,46.6,,0.5,1.7,,196,188826,44.7,0.2,1.2,117616,44.3,0.5,2.3,93469,45,0.8,2.8,78580,51.3,0.4,-0.1,94474,48.4,0.6,,58,103113,45.9,0.5,,138,92795,47,0.6,,117390,46,0.5,,81560,46.2,-0.5,-1.1,33,101626,46,0.7,2.2,163
8/1/2012,Salford,E08000006,99006,45.9,,-1.5,-0.9,,201,185526,43.9,-1.7,-2,115970,43.7,-1.4,-0.7,92394,44.5,-1.1,0.3,77054,50.3,-1.9,-2.2,93075,47.6,-1.5,,54,101598,45.2,-1.5,,147,91474,46.3,-1.4,,115614,45.3,-1.5,,79646,45.2,-2.3,-3.6,29,100280,45.4,-1.3,-0.4,172
9/1/2012,Salford,E08000006,99024,45.9,,0,-2.3,,181,186376,44.1,0.5,-3.5,116034,43.7,0.1,-2,92252,44.4,-0.2,-1.4,77017,50.3,0,-3.2,93055,47.6,0,,46,101632,45.2,0,,135,91473,46.3,0,,115653,45.3,0,,79619,45.1,0,-4.5,35,100307,45.4,0,-1.9,146
10/1/2012,Salford,E08000006,98959,45.9,,-0.1,-2,,196,186644,44.2,0.1,-3.4,116008,43.7,0,-2,92090,44.3,-0.2,-1.2,76943,50.2,-0.1,-2.5,92917,47.6,-0.1,,52,101596,45.2,0,,144,91386,46.3,-0.1,,115604,45.3,0,,80452,45.6,1,-2.9,25,100054,45.3,-0.3,-1.9,171
11/1/2012,Salford,E08000006,100123,46.4,,1.2,0.9,,211,189627,44.9,1.6,-0.1,117343,44.2,1.2,1,93024,44.8,1,1.8,77873,50.8,1.2,0,93932,48.1,1.1,,64,102824,45.7,1.2,,147,92417,46.8,1.1,,117010,45.9,1.2,,82347,46.7,2.4,0.7,31,101032,45.7,1,1,180
12/1/2012,Salford,E08000006,100404,46.5,,0.3,0.9,,201,190611,45.1,0.5,0.5,117749,44.3,0.3,1,93230,44.9,0.2,1.8,77960,50.9,0.1,-0.4,94154,48.2,0.2,,57,103129,45.9,0.3,,144,92614,46.9,0.2,,117404,46,0.3,,83289,47.2,1.1,1,46,101167,45.8,0.1,0.9,155
1/1/2013,Salford,E08000006,100415,46.5,,0,1.7,,138,190883,45.2,0.1,1.7,118074,44.5,0.3,2,93152,44.8,-0.1,2.4,77686,50.7,-0.4,0.2,94095,48.2,-0.1,4,46,103170,45.9,0,4.1,92,92592,46.9,0,4.1,117452,46.1,0,4.1,82902,47,-0.5,1.4,12,101261,45.8,0.1,1.7,126
2/1/2013,Salford,E08000006,99755,46.2,,-0.7,0.5,,167,189480,44.9,-0.7,0.8,117345,44.2,-0.6,0.8,92492,44.5,-0.7,0.8,77203,50.4,-0.6,-0.4,93489,47.9,-0.6,1.4,41,102482,45.6,-0.7,1.7,126,91963,46.5,-0.7,1.6,116702,45.8,-0.6,1.7,81999,46.5,-1.1,0.5,22,100669,45.6,-0.6,0.5,145
3/1/2013,Salford,E08000006,98889,45.8,,-0.9,0.5,,168,188191,44.6,-0.7,1.4,116373,43.8,-0.8,0.8,91581,44.1,-1,0.3,76520,50,-0.9,-0.4,92634,47.4,-0.9,0.2,58,101609,45.2,-0.9,0.6,110,91149,46.1,-0.9,0.2,115707,45.4,-0.9,0.7,81335,46.1,-0.8,0.8,25,99779,45.2,-0.9,0.4,143
4/1/2013,Salford,E08000006,97385,45.1,,-1.5,-1.7,,203,185430,43.9,-1.5,-0.8,114336,43,-1.8,-1.6,90291,43.5,-1.4,-1.7,75452,49.3,-1.4,-2.8,91230,46.7,-1.5,-2.1,72,100062,44.5,-1.5,-1.6,131,89778,45.4,-1.5,-1.9,113932,44.7,-1.5,-1.6,80680,45.7,-0.8,-0.8,30,98136,44.4,-1.6,-1.9,173
5/1/2013,Salford,E08000006,98196,45.5,,0.8,-1.3,,229,186772,44.2,0.7,-0.5,115302,43.4,0.8,-1,91027,43.8,0.8,-1.2,76128,49.7,0.9,-2.4,91964,47.1,0.8,-1.6,64,100908,44.9,0.8,-1.1,165,90513,45.8,0.8,-1.5,114894,45,0.8,-1.1,81547,46.2,1.1,-0.3,31,98912,44.8,0.8,-1.4,198
6/1/2013,Salford,E08000006,99352,46,,1.2,-0.6,,268,187815,44.5,0.6,-0.4,116661,43.9,1.2,-0.3,92340,44.4,1.4,-0.4,76975,50.3,1.1,-1.7,93068,47.6,1.2,-0.9,78,102085,45.4,1.2,-0.5,190,91635,46.4,1.2,-0.7,116189,45.6,1.1,-0.5,82045,46.5,0.6,0.1,84,100175,45.3,1.3,-0.7,184
7/1/2013,Salford,E08000006,100509,46.6,,1.2,0,,253,189484,44.9,0.9,0.3,117953,44.4,1.1,0.3,93569,45,1.3,0.1,77857,50.8,1.1,-0.9,94200,48.2,1.2,-0.3,81,103251,45.9,1.1,0.1,172,92717,46.9,1.2,-0.1,117528,46.1,1.2,0.1,82522,46.8,0.6,1.2,32,101445,45.9,1.3,-0.2,221
8/1/2013,Salford,E08000006,101160,46.9,,0.6,2.2,,316,190634,45.1,0.6,2.8,118740,44.7,0.7,2.4,94261,45.4,0.7,2,78258,51.1,0.5,1.6,94808,48.5,0.6,1.9,92,103921,46.2,0.6,2.3,224,93316,47.2,0.6,2,118291,46.4,0.6,2.3,82779,46.9,0.3,3.9,29,102162,46.2,0.7,1.9,287
9/1/2013,Salford,E08000006,101553,47.1,,0.4,2.6,,255,192427,45.6,0.9,3.2,119265,44.9,0.4,2.8,94478,45.5,0.2,2.4,78468,51.2,0.3,1.9,95118,48.7,0.3,2.2,79,104352,46.4,0.4,2.7,176,93616,47.4,0.3,2.3,118812,46.6,0.4,2.7,83381,47.3,0.7,4.7,30,102498,46.4,0.3,2.2,225
10/1/2013,Salford,E08000006,101654,47.1,,0.1,2.7,,276,193775,45.9,0.7,3.8,119597,45,0.3,3.1,94293,45.4,-0.2,2.4,78451,51.2,0,2,95104,48.7,0,2.4,92,104509,46.5,0.2,2.9,184,93649,47.4,0,2.5,118991,46.7,0.2,2.9,83913,47.6,0.6,4.3,47,102503,46.4,0,2.4,229
11/1/2013,Salford,E08000006,99431,46.1,,-2.2,-0.7,,341,190041,45,-1.9,0.2,117130,44.1,-2.1,-0.2,92110,44.3,-2.3,-1,76647,50,-2.3,-1.6,92969,47.6,-2.2,-1,122,102251,45.5,-2.2,-0.6,219,91590,46.4,-2.2,-0.9,116401,45.6,-2.2,-0.5,82533,46.8,-1.6,0.2,50,100164,45.3,-2.3,-0.9,291
12/1/2013,Salford,E08000006,98464,45.6,,-1,-1.9,,278,187565,44.4,-1.3,-1.6,116071,43.7,-0.9,-1.4,91169,43.9,-1,-2.2,76005,49.6,-0.8,-2.5,92121,47.2,-0.9,-2.2,81,101229,45,-1,-1.8,197,90736,45.9,-0.9,-2,115232,45.2,-1,-1.8,82069,46.5,-0.6,-1.5,59,99118,44.9,-1,-2,219
1/1/2014,Salford,E08000006,98057,45.4,,-0.4,-2.3,,234,186306,44.1,-0.7,-2.4,115497,43.5,-0.5,-2.2,90930,43.8,-0.3,-2.4,75710,49.4,-0.4,-2.5,91829,47,-0.3,-2.4,78,100768,44.8,-0.5,-2.3,156,90422,45.8,-0.3,-2.3,114695,45,-0.5,-2.3,81678,46.3,-0.5,-1.5,40,98719,44.7,-0.4,-2.5,194
2/1/2014,Salford,E08000006,101901,47.2,,3.9,2.2,,303,193857,45.9,4.1,2.3,119939,45.2,3.8,2.2,94556,45.5,4,2.2,78649,51.3,3.9,1.9,95447,48.9,3.9,2.1,111,104709,46.6,3.9,2.2,192,94004,47.6,4,2.2,119152,46.7,3.9,2.1,85223,48.3,4.3,3.9,60,102504,46.4,3.8,1.8,243
3/1/2014,Salford,E08000006,103286,47.9,,1.4,4.4,,304,196523,46.5,1.4,4.4,121590,45.8,1.4,4.5,95793,46.1,1.3,4.6,79738,52.1,1.4,4.2,96724,49.5,1.3,4.4,100,106141,47.2,1.4,4.5,204,95328,48.2,1.4,4.6,120724,47.3,1.3,4.3,86244,48.9,1.2,6,76,103919,47,1.4,4.1,228
4/1/2014,Salford,E08000006,106963,49.6,,3.6,9.8,,326,203081,48.1,3.3,9.5,125868,47.4,3.5,10.1,99357,47.8,3.7,10,82539,53.9,3.5,9.4,100144,51.3,3.5,9.8,88,109931,48.9,3.6,9.9,238,98746,50,3.6,10,124996,49,3.5,9.7,89537,50.8,3.8,11,35,107563,48.7,3.5,9.6,291
5/1/2014,Salford,E08000006,105710,49,,-1.2,7.7,,373,200044,47.4,-1.5,7.1,124375,46.8,-1.2,7.9,98255,47.3,-1.1,7.9,81638,53.3,-1.1,7.2,98945,50.6,-1.2,7.6,138,108656,48.3,-1.2,7.7,235,97614,49.4,-1.1,7.8,123507,48.4,-1.2,7.5,88553,50.2,-1.1,8.6,61,106287,48.1,-1.2,7.5,312
6/1/2014,Salford,E08000006,107404,49.8,,1.6,8.1,,359,203197,48.1,1.6,8.2,126402,47.6,1.6,8.3,100037,48.2,1.8,8.3,82723,54,1.3,7.5,100482,51.4,1.6,8,98,110420,49.1,1.6,8.2,261,99197,50.2,1.6,8.3,125467,49.2,1.6,8,89836,50.9,1.4,9.5,82,108024,48.9,1.6,7.8,277
7/1/2014,Salford,E08000006,107497,49.8,,0.1,7,,359,203316,48.1,0.1,7.3,126590,47.7,0.1,7.3,100266,48.3,0.2,7.2,82603,53.9,-0.1,6.1,100520,51.5,0,6.7,120,110539,49.2,0.1,7.1,239,99313,50.3,0.1,7.1,125545,49.2,0.1,6.8,89439,50.7,-0.4,8.4,64,108236,49,0.2,6.7,295
8/1/2014,Salford,E08000006,109352,50.7,,1.7,8.1,,331,207062,49,1.8,8.6,128898,48.5,1.8,8.6,102155,49.2,1.9,8.4,83737,54.7,1.4,7,102213,52.3,1.7,7.8,105,112466,50,1.7,8.2,226,101003,51.1,1.7,8.2,127735,50.1,1.7,8,90158,51.1,0.8,8.9,46,110309,49.9,1.9,8,285
9/1/2014,Salford,E08000006,109622,50.8,,0.2,7.9,,375,207630,49.2,0.3,7.9,129153,48.6,0.2,8.3,102476,49.3,0.3,8.5,83914,54.8,0.2,6.9,102500,52.5,0.3,7.8,103,112727,50.1,0.2,8,272,101244,51.2,0.2,8.1,128058,50.2,0.3,7.8,89872,51,-0.3,7.8,69,110709,50.1,0.4,8,306
10/1/2014,Salford,E08000006,110090,51,,0.4,8.3,,382,208890,49.5,0.6,7.8,129804,48.9,0.5,8.5,102738,49.5,0.3,9,84304,55,0.5,7.5,102935,52.7,0.4,8.2,111,113209,50.4,0.4,8.3,271,101665,51.5,0.4,8.6,128617,50.4,0.4,8.1,90319,51.2,0.5,7.6,49,111166,50.3,0.4,8.5,333
11/1/2014,Salford,E08000006,110213,51.1,,0.1,10.8,,332,209503,49.6,0.3,10.2,130016,49,0.2,11,102621,49.4,-0.1,11.4,84510,55.2,0.2,10.3,103069,52.8,0.1,10.9,89,113327,50.4,0.1,10.8,243,101787,51.5,0.1,11.1,128751,50.5,0.1,10.6,90500,51.3,0.2,9.7,30,111270,50.4,0.1,11.1,302
12/1/2014,Salford,E08000006,111353,51.6,,1,13.1,,343,212089,50.2,1.2,13.1,131337,49.4,1,13.2,103451,49.8,0.8,13.5,85560,55.9,1.2,12.6,104162,53.3,1.1,13.1,88,114486,50.9,1,13.1,255,102831,52,1,13.3,130093,51,1,12.9,92022,52.2,1.7,12.1,67,112274,50.8,0.9,13.3,276
1/1/2015,Salford,E08000006,111918,51.9,,0.5,14.1,,282,213174,50.5,0.5,14.4,132002,49.7,0.5,14.3,103865,50,0.4,14.2,86103,56.2,0.6,13.7,104728,53.6,0.5,14,99,115050,51.2,0.5,14.2,183,103320,52.3,0.5,14.3,130787,51.3,0.5,14,92948,52.7,1,13.8,39,112729,51,0.4,14.2,243
2/1/2015,Salford,E08000006,113010,52.4,,1,10.9,,321,214830,50.9,0.8,10.8,132996,50.1,0.8,10.9,104873,50.5,1,10.9,87209,56.9,1.3,10.9,105833,54.2,1.1,10.9,113,116132,51.7,0.9,10.9,208,104312,52.8,1,11,132080,51.8,1,10.9,94636,53.7,1.8,11,54,113648,51.4,0.8,10.9,267
3/1/2015,Salford,E08000006,112929,52.3,,-0.1,9.3,,325,215112,50.9,0.1,9.5,133048,50.1,0,9.4,104534,50.3,-0.3,9.1,87208,56.9,0,9.4,105748,54.1,-0.1,9.3,101,116054,51.6,-0.1,9.3,224,104171,52.7,-0.1,9.3,132054,51.8,0,9.4,94899,53.8,0.3,10,56,113502,51.4,-0.1,9.2,269
4/1/2015,Salford,E08000006,112877,52.3,,0,5.5,,295,215538,51,0.2,6.1,132995,50.1,0,5.7,104538,50.3,0,5.2,87052,56.8,-0.2,5.5,105695,54.1,0,5.5,93,116001,51.6,0,5.5,202,104133,52.7,0,5.5,131981,51.7,-0.1,5.6,94691,53.7,-0.2,5.8,51,113476,51.3,0,5.5,244
5/1/2015,Salford,E08000006,112914,52.3,,0,6.8,,371,215760,51.1,0.1,7.9,133275,50.2,0.2,7.2,104521,50.3,0,6.4,86957,56.8,-0.1,6.5,105732,54.1,0,6.9,123,116038,51.6,0,6.8,248,104184,52.7,0,6.7,132007,51.8,0,6.9,94264,53.4,-0.5,6.4,66,113588,51.4,0.1,6.9,305
6/1/2015,Salford,E08000006,113056,52.4,,0.1,5.3,,392,215798,51.1,0,6.2,133617,50.3,0.3,5.7,105153,50.6,0.6,5.1,86570,56.5,-0.4,4.7,105789,54.2,0.1,5.3,117,116221,51.7,0.2,5.3,275,104383,52.8,0.2,5.2,132104,51.8,0.1,5.3,93315,52.9,-1,3.9,61,113909,51.5,0.3,5.4,331
7/1/2015,Salford,E08000006,115435,53.5,,2.1,7.4,,524,219825,52,1.9,8.1,136618,51.4,2.2,7.9,107428,51.7,2.2,7.1,88289,57.6,2,6.9,108005,55.3,2.1,7.4,159,118672,52.8,2.1,7.4,364,106601,54,2.1,7.3,134863,52.9,2.1,7.4,94754,53.7,1.5,5.9,84,116394,52.7,2.2,7.5,440
8/1/2015,Salford,E08000006,115223,53.4,,-0.2,5.4,,402,219826,52,0,6.2,136434,51.4,-0.1,5.8,107423,51.7,0,5.2,87874,57.4,-0.5,4.9,107737,55.2,-0.2,5.4,132,118487,52.7,-0.2,5.4,270,106398,53.8,-0.2,5.3,134622,52.8,-0.2,5.4,94093,53.4,-0.7,4.4,49,116261,52.6,-0.1,5.4,353
9/1/2015,Salford,E08000006,117068,54.2,,1.6,6.8,,369,224308,53.1,2,8,138425,52.1,1.5,7.2,108902,52.4,1.4,6.3,89480,58.4,1.8,6.6,109493,56,1.6,6.8,114,120370,53.5,1.6,6.8,253,108026,54.7,1.5,6.7,136854,53.7,1.7,6.9,95946,54.4,2,6.8,32,118064,53.4,1.6,6.6,337
10/1/2015,Salford,E08000006,115987,53.7,,-0.9,5.4,,469,223384,52.9,-0.4,6.9,137286,51.7,-0.8,5.8,107900,51.9,-0.9,5,88426,57.7,-1.2,4.9,108458,55.5,-0.9,5.4,185,119270,53.1,-0.9,5.4,283,107036,54.2,-0.9,5.3,135583,53.2,-0.9,5.4,94834,53.8,-1.2,5,88,117012,53,-0.9,5.3,381
11/1/2015,Salford,E08000006,117747,54.6,,1.5,6.8,,346,227128,53.8,1.7,8.4,139487,52.5,1.6,7.3,109371,52.6,1.4,6.6,89791,58.6,1.5,6.2,110086,56.4,1.5,6.8,106,121089,53.9,1.5,6.8,238,108626,55,1.5,6.7,137676,54,1.5,6.9,96575,54.8,1.8,6.7,25,118738,53.7,1.5,6.7,321
12/1/2015,Salford,E08000006,117165,54.3,,-0.5,5.2,,479,226011,53.5,-0.5,6.6,139048,52.4,-0.3,5.9,108890,52.4,-0.4,5.3,89144,58.2,-0.7,4.2,109506,56.1,-0.5,5.1,133,120509,53.6,-0.5,5.3,342,108153,54.7,-0.4,5.2,136930,53.7,-0.5,5.3,96580,54.8,0,5,85,118071,53.4,-0.6,5.2,394
1/1/2016,Salford,E08000006,117662,54.5,,0.4,5.1,,331,226342,53.6,0.1,6.2,139724,52.6,0.5,5.8,109292,52.6,0.4,5.2,89595,58.5,0.5,4.1,109964,56.3,0.4,5,86,121022,53.8,0.4,5.2,245,108579,55,0.4,5.1,137544,53.9,0.4,5.2,97334,55.2,0.8,4.7,65,118513,53.6,0.4,5.1,266
2/1/2016,Salford,E08000006,118672,55,,0.9,5,,357,228377,54.1,0.9,6.3,141050,53.1,0.9,6.1,110373,53.1,1,5.2,90160,58.9,0.6,3.4,110918,56.8,0.9,4.8,92,122057,54.3,0.9,5.1,265,109586,55.5,0.9,5.1,138650,54.4,0.8,5,97591,55.3,0.3,3.1,51,119629,54.1,0.9,5.3,306
3/1/2016,Salford,E08000006,119721,55.5,,0.9,6,,688,230353,54.5,0.9,7.1,142237,53.6,0.8,6.9,111326,53.6,0.9,6.5,91017,59.4,1,4.4,111968,57.3,0.9,5.9,248,123102,54.8,0.9,6.1,440,110538,55.9,0.9,6.1,139893,54.8,0.9,5.9,96767,54.9,-0.8,2,80,120972,54.7,1.1,6.6,608
4/1/2016,Salford,E08000006,122259,56.7,,2.1,8.3,,271,235338,55.7,2.2,9.2,145136,54.6,2,9.1,113711,54.7,2.1,8.8,92982,60.7,2.2,6.8,114336,58.5,2.1,8.2,56,125713,55.9,2.1,8.4,215,112958,57.2,2.2,8.5,142778,56,2.1,8.2,99849,56.6,3.2,5.4,41,123366,55.8,2,8.7,230
5/1/2016,Salford,E08000006,126077,58.4,,3.1,11.7,,306,241583,57.2,2.7,12,149223,56.2,2.8,12,117116,56.4,3,12.1,96418,62.9,3.7,10.9,117979,60.4,3.2,11.6,67,129604,57.7,3.1,11.7,239,116542,59,3.2,11.9,147182,57.7,3.1,11.5,105170,59.6,5.3,11.6,41,126856,57.4,2.8,11.7,265
6/1/2016,Salford,E08000006,128016,59.3,,1.5,13.2,,438,244915,58,1.4,13.5,151423,57,1.5,13.3,118875,57.2,1.5,13,98040,64,1.7,13.2,119772,61.3,1.5,13.2,174,131608,58.5,1.5,13.2,263,118417,59.9,1.6,13.4,149361,58.6,1.5,13.1,108567,61.6,3.2,16.3,127,128504,58.2,1.3,12.8,311
7/1/2016,Salford,E08000006,130424,60.4,,1.9,13,,412,249113,59,1.7,13.3,154024,58,1.7,12.7,121154,58.3,1.9,12.8,100049,65.3,2,13.3,122039,62.5,1.9,13,103,134076,59.6,1.9,13,309,120590,61,1.8,13.1,152225,59.7,1.9,12.9,110124,62.4,1.4,16.2,45,131001,59.3,1.9,12.5,367
8/1/2016,Salford,E08000006,129700,60.1,,-0.6,12.6,,344,248525,58.8,-0.2,13.1,153311,57.7,-0.5,12.4,120446,58,-0.6,12.1,99337,64.8,-0.7,13,121345,62.1,-0.6,12.6,69,133340,59.3,-0.5,12.5,275,119888,60.7,-0.6,12.7,151413,59.4,-0.5,12.5,108107,61.3,-1.8,14.9,26,130503,59.1,-0.4,12.2,318
9/1/2016,Salford,E08000006,131543,61,,1.4,12.4,,397,252174,59.7,1.5,12.4,155574,58.6,1.5,12.4,122002,58.7,1.3,12,100813,65.8,1.5,12.7,123085,63,1.4,12.4,77,135228,60.2,1.4,12.3,320,121517,61.5,1.4,12.5,153641,60.2,1.5,12.3,109585,62.1,1.4,14.2,37,132367,59.9,1.4,12.1,360
10/1/2016,Salford,E08000006,130615,60.5,,-0.7,12.6,,366,251326,59.5,-0.3,12.5,154624,58.2,-0.6,12.6,120627,58.1,-1.1,11.8,100327,65.5,-0.5,13.5,122271,62.6,-0.7,12.7,121,134246,59.7,-0.7,12.6,242,120610,61,-0.7,12.7,152607,59.8,-0.7,12.6,109324,62,-0.2,15.3,64,131349,59.4,-0.8,12.3,302
11/1/2016,Salford,E08000006,133416,61.8,,2.1,13.3,,436,257894,61.1,2.6,13.5,158019,59.5,2.2,13.3,122758,59.1,1.8,12.2,102669,67,2.3,14.3,124897,63.9,2.1,13.5,140,137124,61,2.1,13.2,296,123100,62.3,2.1,13.3,155978,61.2,2.2,13.3,112655,63.9,3,16.7,124,134004,60.6,2,12.9,312
12/1/2016,Salford,E08000006,134208,62.2,,0.6,14.5,,590,259879,61.5,0.8,15,158799,59.8,0.5,14.2,123247,59.3,0.4,13.2,103522,67.6,0.8,16.1,125674,64.3,0.6,14.8,273,137921,61.4,0.6,14.4,316,123842,62.7,0.6,14.5,156893,61.5,0.6,14.6,113870,64.6,1.1,17.9,253,134711,61,0.5,14.1,337
1/1/2017,Salford,E08000006,135504,62.8,,1,15.2,,294,262807,62.2,1.1,16.1,160198,60.3,0.9,14.7,124284,59.8,0.8,13.7,104683,68.3,1.1,16.8,126866,64.9,0.9,15.4,86,139263,62,1,15.1,207,125002,63.3,0.9,15.1,158443,62.1,1,15.2,115738,65.6,1.6,18.9,35,135888,61.5,0.9,14.7,259
2/1/2017,Salford,E08000006,136288,63.2,,0.6,14.8,,300,263598,62.4,0.3,15.4,160751,60.5,0.3,14,125026,60.2,0.6,13.3,105585,68.9,0.9,17.1,127760,65.4,0.7,15.2,81,140014,62.3,0.5,14.7,219,125763,63.6,0.6,14.8,159293,62.5,0.5,14.9,116733,66.2,0.9,19.6,29,136625,61.8,0.5,14.2,271
3/1/2017,Salford,E08000006,137274,63.6,,0.7,14.7,,429,265873,63,0.9,15.4,161987,61,0.8,13.9,125773,60.5,0.6,13,106394,69.5,0.8,16.9,128793,65.9,0.8,15,109,140994,62.7,0.7,14.5,320,126599,64.1,0.7,14.5,160512,62.9,0.8,14.7,117660,66.7,0.8,21.6,58,137606,62.3,0.7,13.7,371
4/1/2017,Salford,E08000006,137037,63.5,,-0.2,12.1,,285,265097,62.8,-0.3,12.6,161593,60.8,-0.2,11.3,125651,60.5,-0.1,10.5,106240,69.4,-0.1,14.3,128703,65.9,-0.1,12.6,88,140703,62.6,-0.2,11.9,197,126420,64,-0.1,11.9,160181,62.8,-0.2,12.2,116706,66.2,-0.8,16.9,18,137495,62.2,-0.1,11.5,267
5/1/2017,Salford,E08000006,136077,63.1,,-0.7,7.9,,350,262650,62.2,-0.9,8.7,160775,60.5,-0.5,7.7,124705,60,-0.8,6.5,105424,68.8,-0.8,9.3,127861,65.5,-0.7,8.4,110,139697,62.1,-0.7,7.8,240,125543,63.5,-0.7,7.7,159048,62.4,-0.7,8.1,115325,65.4,-1.2,9.7,42,136628,61.8,-0.6,7.7,308
6/1/2017,Salford,E08000006,137837,63.9,,1.3,7.7,,411,264546,62.6,0.7,8,162639,61.2,1.2,7.4,126398,60.8,1.4,6.3,107022,69.9,1.5,9.2,129500,66.3,1.3,8.1,109,141508,63,1.3,7.5,302,127233,64.4,1.3,7.4,161011,63.1,1.2,7.8,116755,66.2,1.2,7.5,52,138405,62.6,1.3,7.7,359
7/1/2017,Salford,E08000006,141146,65.4,,2.4,8.2,,397,269897,63.9,2,8.3,166579,62.7,2.4,8.2,129537,62.3,2.5,6.9,109599,71.5,2.4,9.5,132645,67.9,2.4,8.7,84,144893,64.5,2.4,8.1,313,130299,65.9,2.4,8.1,164862,64.6,2.4,8.3,119516,67.8,2.4,8.5,67,141735,64.1,2.4,8.2,330
8/1/2017,Salford,E08000006,143497,66.5,,1.7,10.6,,388,274335,65,1.6,10.4,169266,63.7,1.6,10.4,132058,63.6,1.9,9.6,111191,72.6,1.5,11.9,134797,69,1.6,11.1,93,147326,65.5,1.7,10.5,295,132401,67,1.6,10.4,167702,65.8,1.7,10.8,121101,68.7,1.3,12,33,144165,65.2,1.7,10.5,355
9/1/2017,Salford,E08000006,143252,66.4,,-0.2,8.9,,571,274820,65.1,0.2,9,169162,63.7,-0.1,8.7,131977,63.5,-0.1,8.2,110666,72.2,-0.5,9.8,134574,68.9,-0.2,9.3,235,147073,65.4,-0.2,8.8,334,132105,66.9,-0.2,8.7,167513,65.7,-0.1,9,120583,68.4,-0.4,10,214,143973,65.2,-0.1,8.8,357
10/1/2017,Salford,E08000006,142514,66,,-0.5,9.1,,524,274130,64.9,-0.3,9.1,168517,63.4,-0.4,9,131172,63.1,-0.6,8.7,109977,71.8,-0.6,9.6,133728,68.5,-0.6,9.4,166,146370,65.1,-0.5,9,358,131366,66.5,-0.6,8.9,166731,65.4,-0.5,9.3,120406,68.3,-0.1,10.1,192,143156,64.8,-0.6,9,332
11/1/2017,Salford,E08000006,141421,65.5,,-0.8,6,,489,272742,64.6,-0.5,5.8,167616,63.1,-0.5,6.1,130025,62.6,-0.9,5.9,108929,71.1,-1,6.1,132681,67.9,-0.8,6.2,143,145254,64.6,-0.8,5.9,346,130346,66,-0.8,5.9,165468,64.9,-0.8,6.1,119485,67.8,-0.8,6.1,154,142057,64.3,-0.8,6,335
12/1/2017,Salford,E08000006,142668,66.1,,0.9,6.3,,458,274856,65.1,0.8,5.8,169394,63.8,1.1,6.7,131298,63.2,1,6.5,109639,71.6,0.7,5.9,133753,68.5,0.8,6.4,139,146569,65.2,0.9,6.3,319,131506,66.6,0.9,6.2,166911,65.4,0.9,6.4,120822,68.5,1.1,6.1,122,143261,64.8,0.8,6.3,336
1/1/2018,Salford,E08000006,144050,66.7,,1,6.3,,310,277459,65.7,0.9,5.6,171085,64.4,1,6.8,132369,63.7,0.8,6.5,110840,72.4,1.1,5.9,134926,69.1,0.9,6.4,84,148034,65.9,1,6.3,225,132791,67.2,1,6.2,168514,66.1,1,6.4,122930,69.7,1.7,6.2,47,144493,65.4,0.9,6.3,263
2/1/2018,Salford,E08000006,146106,67.7,,1.4,7.2,,306,282007,66.8,1.6,7,173205,65.2,1.2,7.7,134033,64.5,1.3,7.2,112720,73.6,1.7,6.8,136647,69.9,1.3,7,83,150211,66.8,1.5,7.3,223,134700,68.2,1.4,7.1,170895,67,1.4,7.3,127623,72.4,3.8,9.3,53,145962,66.1,1,6.8,253
3/1/2018,Salford,E08000006,146388,67.8,,0.2,6.6,,391,282895,67,0.3,6.4,173529,65.3,0.2,7.1,134245,64.6,0.2,6.7,112983,73.8,0.2,6.2,136720,70,0.1,6.2,91,150576,67,0.2,6.8,300,134953,68.3,0.2,6.6,171228,67.1,0.2,6.7,128904,73.1,1,9.6,58,146100,66.1,0.1,6.2,333
4/1/2018,Salford,E08000006,147146,68.2,,0.5,7.4,,276,284766,67.4,0.7,7.4,174654,65.8,0.6,8.1,135500,65.2,0.9,7.8,112993,73.8,0,6.4,137258,70.3,0.4,6.6,72,151439,67.4,0.6,7.6,204,135636,68.6,0.5,7.3,172139,67.5,0.5,7.5,129375,73.4,0.4,10.9,34,146907,66.5,0.6,6.8,242
5/1/2018,Salford,E08000006,146603,67.9,,-0.4,7.7,,347,283209,67.1,-0.5,7.8,174483,65.7,-0.1,8.5,135440,65.2,0,8.6,112074,73.2,-0.8,6.3,136527,69.9,-0.5,6.8,78,150993,67.2,-0.3,8.1,268,135092,68.4,-0.4,7.6,171581,67.3,-0.3,7.9,127027,72,-1.8,10.1,52,146856,66.5,0,7.5,295
6/1/2018,Salford,E08000006,145360,67.4,,-0.8,5.5,,425,280786,66.5,-0.9,6.1,173314,65.3,-0.7,6.6,134243,64.6,-0.9,6.2,110996,72.5,-1,3.7,135213,69.2,-1,4.4,96,149791,66.6,-0.8,5.9,329,133894,67.8,-0.9,5.2,170216,66.7,-0.8,5.7,125475,71.1,-1.2,7.5,78,145737,65.9,-0.8,5.3,347
7/1/2018,Salford,E08000006,144660,67,,-0.5,2.5,,391,279800,66.2,-0.4,3.7,172554,65,-0.4,3.6,133534,64.3,-0.5,3.1,110420,72.1,-0.5,0.7,134495,68.8,-0.5,1.4,83,149103,66.3,-0.5,2.9,307,133189,67.4,-0.5,2.2,169501,66.5,-0.4,2.8,124375,70.5,-0.9,4.1,91,145167,65.7,-0.4,2.4,300
8/1/2018,Salford,E08000006,143714,66.6,,-0.7,0.2,,493,278239,65.9,-0.6,1.4,171419,64.5,-0.7,1.3,132600,63.8,-0.7,0.4,109712,71.6,-0.6,-1.3,133565,68.4,-0.7,-0.9,116,148154,65.9,-0.6,0.6,377,132316,67,-0.7,-0.1,168399,66,-0.7,0.4,123756,70.2,-0.5,2.2,109,144166,65.2,-0.7,0,384
9/1/2018,Salford,E08000006,146751,68,,2.1,2.4,,425,284486,67.4,2.2,3.5,174944,65.9,2.1,3.4,135461,65.2,2.2,2.6,111993,73.1,2.1,1.2,136493,69.9,2.2,1.4,142,151232,67.3,2.1,2.8,283,135083,68.4,2.1,2.3,172009,67.4,2.1,2.7,126395,71.7,2.1,4.8,124,147207,66.6,2.1,2.2,301
10/1/2018,Salford,E08000006,150558,69.8,,2.6,5.6,,566,292125,69.2,2.7,6.6,179514,67.6,2.6,6.5,138835,66.8,2.5,5.8,114948,75,2.6,4.5,140167,71.8,2.7,4.8,217,155089,69,2.6,6,349,138610,70.2,2.6,5.5,176431,69.2,2.6,5.8,130253,73.9,3.1,8.2,217,150871,68.3,2.5,5.4,349
11/1/2018,Salford,E08000006,152263,70.6,,1.1,7.7,,421,296352,70.2,1.4,8.7,181952,68.5,1.4,8.6,140516,67.6,1.2,8.1,115846,75.6,0.8,6.4,141629,72.5,1,6.7,135,156908,69.8,1.2,8,286,140109,70.9,1.1,7.5,178552,70,1.2,7.9,130889,74.2,0.5,9.5,86,152807,69.1,1.3,7.6,335
12/1/2018,Salford,E08000006,151404,70.2,,-0.6,6.1,,299,294570,69.7,-0.6,7.2,181112,68.2,-0.5,6.9,139800,67.3,-0.5,6.5,115054,75.1,-0.7,4.9,140651,72,-0.7,5.2,67,156113,69.4,-0.5,6.5,231,139361,70.5,-0.5,6,177469,69.6,-0.6,6.3,130174,73.8,-0.5,7.7,46,151939,68.8,-0.6,6.1,253
1/1/2019,Salford,E08000006,150106,69.6,,-0.9,4.2,,267,292701,69.3,-0.6,5.5,179836,67.7,-0.7,5.1,138345,66.6,-1,4.5,114021,74.4,-0.9,2.9,139338,71.3,-0.9,3.3,60,154827,68.9,-0.8,4.6,207,138088,69.9,-0.9,4,176084,69,-0.8,4.5,128768,73,-1.1,4.7,46,150712,68.2,-0.8,4.3,221
2/1/2019,Salford,E08000006,150952,69.9,,0.6,3.3,,302,294063,69.6,0.5,4.3,180442,67.9,0.3,4.2,138828,66.8,0.3,3.6,115113,75.1,1,2.1,140248,71.8,0.7,2.6,57,155636,69.2,0.5,3.6,245,138950,70.3,0.6,3.2,176864,69.3,0.4,3.5,131658,74.7,2.2,3.2,26,150960,68.3,0.2,3.4,276
3/1/2019,Salford,E08000006,151342,70.1,,0.3,3.4,,321,295531,70,0.5,4.5,181242,68.2,0.4,4.4,139036,66.9,0.1,3.6,115248,75.2,0.1,2,140509,71.9,0.2,2.8,68,156071,69.4,0.3,3.6,253,139235,70.5,0.2,3.2,177425,69.6,0.3,3.6,132486,75.1,0.6,2.8,40,151216,68.4,0.2,3.5,281
4/1/2019,Salford,E08000006,148974,69,,-1.6,1.2,,262,290310,68.7,-1.8,1.9,178432,67.2,-1.6,2.2,137317,66.1,-1.2,1.3,113178,73.9,-1.8,0.2,138190,70.7,-1.7,0.7,62,153677,68.4,-1.5,1.5,199,137118,69.4,-1.5,1.1,174507,68.4,-1.6,1.4,130420,74,-1.6,0.8,28,148849,67.4,-1.6,1.3,234
5/1/2019,Salford,E08000006,148964,69,,0,1.6,,506,290186,68.7,0,2.5,178949,67.4,0.3,2.6,137716,66.3,0.3,1.7,112621,73.5,-0.5,0.5,137947,70.6,-0.2,1,239,153758,68.4,0.1,1.8,266,137004,69.3,-0.1,1.4,174739,68.5,0.1,1.8,128890,73.1,-1.2,1.5,204,149275,67.5,0.3,1.6,302
6/1/2019,Salford,E08000006,150464,69.7,,1,3.5,,402,292520,69.3,0.8,4.2,180735,68,1,4.3,139299,67,1.2,3.8,113694,74.2,1,2.4,139432,71.4,1.1,3.1,157,155270,69.1,1,3.7,239,138362,70,1,3.3,176553,69.2,1,3.7,129252,73.3,0.3,3,140,151053,68.4,1.2,3.6,262
7/1/2019,Salford,E08000006,153826,71.3,,2.2,6.3,,401,298509,70.7,2,6.7,184551,69.5,2.1,7,142456,68.6,2.3,6.7,116379,76,2.4,5.4,142575,73,2.3,6,126,158727,70.6,2.2,6.5,271,141478,71.6,2.3,6.2,180438,70.7,2.2,6.5,132569,75.2,2.6,6.6,106,154304,69.8,2.2,6.3,295
8/1/2019,Salford,E08000006,154434,71.6,,0.4,7.5,,495,299459,70.9,0.3,7.6,185172,69.7,0.3,8,143260,69,0.6,8,116755,76.2,0.3,6.4,143271,73.3,0.5,7.3,182,159303,70.9,0.4,7.5,305,142018,71.9,0.4,7.3,181197,71,0.4,7.6,133032,75.4,0.3,7.5,208,154932,70.1,0.4,7.5,287
9/1/2019,Salford,E08000006,153837,71.3,,-0.4,4.8,,482,298126,70.6,-0.4,4.8,183989,69.3,-0.6,5.2,142937,68.8,-0.2,5.5,116403,76,-0.3,3.9,142685,73,-0.4,4.5,143,158700,70.6,-0.4,4.9,329,141503,71.6,-0.4,4.8,180417,70.7,-0.4,4.9,133356,75.6,0.2,5.5,198,154087,69.7,-0.5,4.7,284
10/1/2019,Salford,E08000006,152871,70.8,,-0.6,1.5,,423,296478,70.2,-0.6,1.5,183533,69.1,-0.2,2.2,141955,68.3,-0.7,2.2,115347,75.3,-0.9,0.3,141656,72.5,-0.7,1.1,117,157756,70.2,-0.6,1.7,293,140525,71.1,-0.7,1.4,179495,70.4,-0.5,1.7,132349,75,-0.8,1.6,136,153169,69.3,-0.6,1.5,287
11/1/2019,Salford,E08000006,152753,70.8,,-0.1,0.3,,389,297162,70.4,0.2,0.3,183958,69.3,0.2,1.1,141482,68.1,-0.3,0.7,115117,75.2,-0.2,-0.6,141526,72.4,-0.1,-0.1,92,157642,70.1,-0.1,0.5,279,140352,71,-0.1,0.2,179510,70.4,0,0.5,131582,74.6,-0.6,0.5,85,153247,69.3,0.1,0.3,304
12/1/2019,Salford,E08000006,153057,70.9,,0.2,1.1,,339,298868,70.8,0.6,1.5,185219,69.7,0.7,2.3,141853,68.3,0.3,1.5,114702,74.9,-0.4,-0.3,141656,72.5,0.1,0.7,77,158016,70.3,0.2,1.2,222,140564,71.1,0.2,0.9,180025,70.6,0.3,1.4,130383,73.9,-0.9,0.2,98,153985,69.7,0.5,1.3,241
1/1/2020,Salford,E08000006,153795,71.3,,0.5,2.5,,284,300741,71.2,0.6,2.7,185996,70,0.4,3.4,142484,68.6,0.4,3,115301,75.3,0.5,1.1,142340,72.9,0.5,2.2,65,158777,70.6,0.5,2.6,203,141260,71.5,0.5,2.3,180851,70.9,0.5,2.7,131873,74.8,1.1,2.4,48,154481,69.9,0.3,2.5,236
2/1/2020,Salford,E08000006,155058,71.9,,0.8,2.7,,280,303349,71.8,0.9,3.2,187562,70.6,0.8,3.9,144193,69.4,1.2,3.9,115960,75.7,0.6,0.7,143044,73.2,0.5,2,66,160315,71.3,1,3,204,142446,72.1,0.8,2.5,182258,71.5,0.8,3,133616,75.8,1.3,1.5,38,155802,70.5,0.9,3.2,242
3/1/2020,Salford,E08000006,155827,72.2,,0.5,3,,264,304440,72.1,0.4,3,188187,70.9,0.3,3.8,144748,69.7,0.4,4.1,116877,76.3,0.8,1.4,143776,73.6,0.5,2.3,54,161101,71.7,0.5,3.2,203,143182,72.5,0.5,2.8,183091,71.8,0.5,3.2,136081,77.2,1.8,2.7,47,156149,70.7,0.2,3.3,217
4/1/2020,Salford,E08000006,156712,72.6,,0.6,5.2,,154,307564,72.8,1,5.9,189439,71.3,0.7,6.2,145974,70.3,0.8,6.3,117102,76.4,0.2,3.5,144600,74,0.6,4.6,62,162014,72.1,0.6,5.4,82,143970,72.9,0.6,5,184187,72.2,0.6,5.5,136790,77.6,0.5,4.9,56,157064,71.1,0.6,5.5,98
5/1/2020,Salford,E08000006,157299,72.9,,0.4,5.6,,144,308624,73.1,0.3,6.4,189813,71.5,0.2,6.1,145734,70.1,-0.2,5.8,118142,77.1,0.9,4.9,145737,74.6,0.8,5.6,43,162303,72.2,0.2,5.6,98,144589,73.2,0.4,5.5,184704,72.4,0.3,5.7,139064,78.9,1.7,7.9,20,156867,71,-0.1,5.1,124
6/1/2020,Salford,E08000006,154389,71.5,,-1.9,2.6,,187,303122,71.8,-1.8,3.6,186937,70.4,-1.5,3.4,143588,69.1,-1.5,3.1,115342,75.3,-2.4,1.4,142587,73,-2.2,2.3,40,159543,71,-1.7,2.8,144,141847,71.8,-1.9,2.5,181429,71.1,-1.8,2.8,135359,76.8,-2.7,4.7,19,154479,69.9,-1.5,2.3,168
7/1/2020,Salford,E08000006,154857,71.8,,0.3,0.7,,253,302467,71.6,-0.2,1.3,187564,70.6,0.3,1.6,144151,69.4,0.4,1.2,115738,75.6,0.3,-0.6,142716,73.1,0.1,0.1,45,160188,71.3,0.4,0.9,203,142264,72,0.3,0.6,182008,71.4,0.3,0.9,134854,76.5,-0.4,1.7,43,155353,70.3,0.6,0.7,210
8/1/2020,Salford,E08000006,155540,72.1,,0.4,0.7,,260,304427,72.1,0.6,1.7,189301,71.3,0.9,2.2,145603,70.1,1,1.6,115322,75.3,-0.4,-1.2,142452,72.9,-0.2,-0.6,66,161372,71.8,0.7,1.3,183,142693,72.2,0.3,0.5,183232,71.8,0.7,1.1,133814,75.9,-0.8,0.6,47,156765,70.9,0.9,1.2,213
9/1/2020,Salford,E08000006,161161,74.7,,3.6,4.8,,279,316018,74.8,3.8,6,196045,73.8,3.6,6.6,150800,72.6,3.6,5.5,119515,78,3.6,2.7,147618,75.6,3.6,3.5,75,167194,74.4,3.6,5.4,196,147775,74.8,3.6,4.4,190015,74.5,3.7,5.3,138895,78.8,3.8,4.2,40,162318,73.5,3.5,5.3,239
10/1/2020,Salford,E08000006,163045,75.6,,1.2,6.7,,337,321285,76.1,1.7,8.4,198817,74.9,1.4,8.3,153060,73.7,1.5,7.8,120279,78.5,0.6,4.3,149040,76.3,1,5.2,79,169312,75.3,1.3,7.3,242,149361,75.6,1.1,6.3,192537,75.5,1.3,7.3,139316,79,0.3,5.3,54,164766,74.6,1.5,7.6,283
11/1/2020,Salford,E08000006,164991,76.5,,1.2,8,,360,325385,77,1.3,9.5,201134,75.7,1.2,9.3,155447,74.8,1.6,9.9,121413,79.3,0.9,5.5,150645,77.1,1.1,6.4,94,171428,76.3,1.2,8.7,252,151108,76.5,1.2,7.7,194912,76.4,1.2,8.6,139745,79.2,0.3,6.2,56,167306,75.7,1.5,9.2,304
12/1/2020,Salford,E08000006,165091,76.5,,0.1,7.9,,351,325740,77.1,0.1,9,201351,75.8,0.1,8.7,156114,75.1,0.4,10.1,121119,79.1,-0.2,5.6,150542,77.1,-0.1,6.3,123,171635,76.4,0.1,8.6,208,151170,76.5,0,7.5,195091,76.5,0.1,8.4,139039,78.8,-0.5,6.6,53,167773,75.9,0.3,9,298
1/1/2021,Salford,E08000006,172832,80.1,,4.7,12.4,,365,337948,80,3.7,12.4,210384,79.2,4.5,13.1,163495,78.7,4.7,14.7,127230,83.1,5,10.3,157603,80.7,4.7,10.7,136,179682,79.9,4.7,13.2,229,158376,80.2,4.8,12.1,203988,80,4.6,12.8,145138,82.3,4.4,10.1,97,175837,79.6,4.8,13.8,268
2/1/2021,Salford,E08000006,179980,83.4,,4.1,16.1,,486,348554,82.5,3.1,14.9,218094,82.1,3.7,16.3,170158,81.9,4.1,18,133448,87.1,4.9,15.1,164656,84.3,4.5,15.1,174,186886,83.1,4,16.6,310,165180,83.6,4.3,16,211897,83.1,3.9,16.3,152079,86.2,4.8,13.8,149,182837,82.7,4,17.4,337
3/1/2021,Salford,E08000006,188022,87.1,,4.5,20.7,,565,360829,85.4,3.5,18.5,226850,85.4,4,20.5,177468,85.4,4.3,22.6,140615,91.8,5.4,20.3,172438,88.3,4.7,19.9,208,195084,86.8,4.4,21.1,353,172805,87.5,4.6,20.7,220865,86.6,4.2,20.6,160125,90.8,5.3,17.7,130,190702,86.3,4.3,22.1,435
4/1/2021,Salford,E08000006,184793,85.6,,-1.7,17.9,,342,354890,84,-1.6,15.4,222312,83.7,-2,17.4,174415,84,-1.7,19.5,138638,90.5,-1.4,18.4,169872,87,-1.5,17.5,68,191602,85.2,-1.8,18.3,272,169988,86,-1.6,18.1,216769,85,-1.9,17.7,159090,90.2,-0.6,16.3,43,186966,84.6,-2,19,299
5/1/2021,Salford,E08000006,183865,85.2,,-0.5,16.9,,286,353925,83.8,-0.3,14.7,221350,83.3,-0.4,16.6,173667,83.6,-0.4,19.2,137592,89.8,-0.8,16.5,168890,86.5,-0.6,15.9,89,190683,84.8,-0.5,17.5,194,169118,85.6,-0.5,17,215713,84.6,-0.5,16.8,158112,89.7,-0.6,13.7,34,186076,84.2,-0.5,18.6,252
6/1/2021,Salford,E08000006,185236,85.8,,0.7,20,,507,355119,84.1,0.3,17.2,222808,83.9,0.7,19.2,176140,84.8,1.4,22.7,137988,90.1,0.3,19.6,169929,87,0.6,19.2,127,192178,85.5,0.8,20.5,377,170429,86.3,0.8,20.1,217223,85.2,0.7,19.7,157250,89.2,-0.5,16.2,40,188018,85.1,1,21.7,467
7/1/2021,Salford,E08000006,193412,89.6,,4.4,24.9,,385,372084,88.1,4.8,23,233311,87.8,4.7,24.4,183762,88.4,4.3,27.5,143513,93.7,4,24,177541,90.9,4.5,24.4,179,200623,89.2,4.4,25.2,206,177880,90,4.4,25,226951,89,4.5,24.7,164212,93.1,4.4,21.8,143,196309,88.8,4.4,26.4,242
8/1/2021,Salford,E08000006,198318,91.9,,2.5,27.5,,475,382872,90.7,2.9,25.8,240254,90.5,3,26.9,188867,90.9,2.8,29.7,145838,95.2,1.6,26.5,181668,93,2.3,27.5,227,205837,91.6,2.6,27.6,245,182186,92.2,2.4,27.7,233123,91.4,2.7,27.2,166496,94.4,1.4,24.4,199,201806,91.3,2.8,28.7,276
9/1/2021,Salford,E08000006,199697,92.5,,0.7,23.9,,558,387094,91.7,1.1,22.5,242691,91.4,1,23.8,190112,91.5,0.7,26.1,146104,95.4,0.2,22.2,182781,93.6,0.6,23.8,169,207319,92.2,0.7,24,388,183349,92.8,0.6,24.1,234953,92.1,0.8,23.6,167434,94.9,0.6,20.5,104,203272,92,0.7,25.2,454
10/1/2021,Salford,E08000006,199016,92.2,,-0.3,22.1,,326,388271,91.9,0.3,20.8,242634,91.4,0,22,189805,91.4,-0.2,24,144392,94.3,-1.2,20,181313,92.8,-0.8,21.7,114,206892,92,-0.2,22.2,207,182405,92.3,-0.5,22.1,234794,92.1,-0.1,21.9,163766,92.9,-2.2,17.6,71,203423,92.1,0.1,23.5,255
11/1/2021,Salford,E08000006,204041,94.5,,2.5,23.7,,450,399059,94.5,2.8,22.6,248780,93.7,2.5,23.7,194143,93.4,2.3,24.9,148253,96.8,2.7,22.1,185740,95.1,2.4,23.3,184,212166,94.4,2.5,23.8,256,186957,94.6,2.5,23.7,240829,94.4,2.6,23.6,168878,95.8,3.1,20.8,162,208287,94.3,2.4,24.5,288
12/1/2021,Salford,E08000006,208167,96.5,,2,26.1,,364,409673,97,2.7,25.8,254532,95.8,2.3,26.4,198273,95.4,2.1,27,150184,98,1.3,24,189064,96.8,1.8,25.6,128,216601,96.4,2.1,26.2,233,190499,96.4,1.9,26,246178,96.5,2.2,26.2,170822,96.9,1.2,22.9,87,212916,96.3,2.2,26.9,277
1/1/2022,Salford,E08000006,208471,96.6,,0.1,20.6,,294,408477,96.7,-0.3,20.9,255228,96.1,0.3,21.3,199167,95.9,0.5,21.8,149941,97.9,-0.2,17.9,189169,96.8,0.1,20,71,216974,96.5,0.2,20.8,222,190838,96.6,0.2,20.5,246412,96.6,0.1,20.8,170659,96.8,-0.1,17.6,37,213343,96.5,0.2,21.3,257
2/1/2022,Salford,E08000006,206335,95.6,,-1,14.6,,353,402722,95.4,-1.4,15.5,252410,95,-1.1,15.7,197356,95,-0.9,16,148508,97,-1,11.3,187384,95.9,-0.9,13.8,114,214670,95.5,-1.1,14.9,235,189067,95.7,-0.9,14.5,243622,95.5,-1.1,15,169242,96,-0.8,11.3,61,211184,95.6,-1,15.5,292
3/1/2022,Salford,E08000006,205999,95.5,,-0.2,9.6,,366,402481,95.3,-0.1,11.5,252362,95,0,11.2,196367,94.5,-0.5,10.6,148457,96.9,0,5.6,187129,95.8,-0.1,8.5,94,214290,95.3,-0.2,9.8,272,188793,95.5,-0.1,9.3,243186,95.3,-0.2,10.1,170684,96.8,0.9,6.6,51,210432,95.2,-0.4,10.3,315
4/1/2022,Salford,E08000006,206875,95.9,,0.4,11.9,,274,403778,95.6,0.3,13.8,253036,95.3,0.3,13.8,197427,95,0.5,13.2,149240,97.4,0.5,7.6,187982,96.2,0.5,10.7,71,215177,95.7,0.4,12.3,201,189656,96,0.5,11.6,244132,95.7,0.4,12.6,171835,97.4,0.7,8,39,211233,95.6,0.4,13,235
5/1/2022,Salford,E08000006,208247,96.5,,0.7,13.3,,312,407058,96.4,0.8,15,255365,96.1,0.9,15.4,199416,96,1,14.8,149235,97.4,0,8.5,188877,96.7,0.5,11.8,93,216756,96.4,0.7,13.7,214,190748,96.5,0.6,12.8,245994,96.5,0.8,14,170916,96.9,-0.5,8.1,60,213081,96.4,0.9,14.5,252
6/1/2022,Salford,E08000006,208113,96.4,,-0.1,12.4,,299,405909,96.1,-0.3,14.3,255200,96.1,-0.1,14.5,199883,96.2,0.2,13.5,148830,97.2,-0.3,7.9,188629,96.6,-0.1,11,62,216671,96.4,0,12.7,231,190633,96.5,-0.1,11.9,245824,96.4,-0.1,13.2,169715,96.2,-0.7,7.9,43,213181,96.5,0,13.4,256
7/1/2022,Salford,E08000006,210200,97.4,,1,8.7,,337,409257,96.9,0.8,10,258324,97.3,1.2,10.7,202303,97.4,1.2,10.1,149760,97.8,0.6,4.4,190373,97.5,0.9,7.2,84,218908,97.4,1,9.1,245,192503,97.4,1,8.2,248351,97.4,1,9.4,170663,96.8,0.6,3.9,42,215485,97.5,1.1,9.8,295
8/1/2022,Salford,E08000006,210033,97.3,,-0.1,5.9,,354,408728,96.8,-0.1,6.8,258207,97.2,0,7.5,202726,97.6,0.2,7.3,149200,97.4,-0.4,2.3,190061,97.3,-0.2,4.6,85,218804,97.3,0,6.3,262,192292,97.3,-0.1,5.5,248239,97.3,0,6.5,170065,96.4,-0.4,2.1,58,215417,97.5,0,6.7,296
9/1/2022,Salford,E08000006,220748,102.3,,5.1,10.5,,457,430334,101.9,5.3,11.2,271739,102.3,5.2,12,213631,102.8,5.4,12.4,156085,101.9,4.6,6.8,199558,102.2,5,9.2,169,230052,102.3,5.1,11,284,201991,102.2,5,10.2,261065,102.4,5.2,11.1,177463,100.6,4.3,6,80,226692,102.6,5.2,11.5,377
10/1/2022,Salford,E08000006,223998,103.8,,1.5,12.6,,317,437969,103.7,1.8,12.8,275803,103.8,1.5,13.7,216802,104.4,1.5,14.2,158153,103.2,1.3,9.5,202439,103.6,1.4,11.7,90,233463,103.9,1.5,12.8,225,204923,103.7,1.5,12.3,264970,103.9,1.5,12.9,179502,101.8,1.1,9.6,29,230157,104.2,1.5,13.1,288
11/1/2022,Salford,E08000006,225418,104.5,,0.6,10.5,,336,441403,104.5,0.8,10.6,277556,104.5,0.6,11.6,217943,104.9,0.5,12.3,159231,104,0.7,7.4,203817,104.3,0.7,9.7,74,234903,104.5,0.6,10.7,256,206265,104.4,0.7,10.3,266588,104.5,0.6,10.7,181257,102.8,1,7.3,32,231479,104.7,0.6,11.1,304
12/1/2022,Salford,E08000006,217938,101,,-3.3,4.7,,360,426638,101,-3.3,4.1,268286,101,-3.3,5.4,210560,101.3,-3.4,6.2,154107,100.6,-3.2,2.6,197150,100.9,-3.3,4.3,82,227067,101,-3.3,4.8,267,199492,101,-3.3,4.7,257637,101,-3.4,4.7,175659,99.6,-3.1,2.8,64,223705,101.2,-3.4,5.1,296
1/1/2023,Salford,E08000006,215807,100,,-1,3.5,,230,422343,100,-1,3.4,265602,100,-1,4.1,207759,100,-1.3,4.3,153180,100,-0.6,2.2,195351,100,-0.9,3.3,61,224789,100,-1,3.6,164,197589,100,-1,3.5,255046,100,-1,3.5,176360,100,0.4,3.3,42,220986,100,-1.2,3.6,188
2/1/2023,Salford,E08000006,215217,99.7,,-0.3,4.3,,266,421282,99.7,-0.3,4.6,264429,99.6,-0.4,4.8,206280,99.3,-0.7,4.5,153630,100.3,0.3,3.4,195110,99.9,-0.1,4.1,66,224041,99.7,-0.3,4.4,187,197117,99.8,-0.2,4.3,254202,99.7,-0.3,4.3,178400,101.2,1.2,5.4,34,219916,99.5,-0.5,4.1,232
3/1/2023,Salford,E08000006,210305,97.5,,-2.3,2.1,,305,412569,97.7,-2.1,2.5,258242,97.2,-2.3,2.3,200112,96.3,-3,1.9,151078,98.6,-1.7,1.8,191054,97.8,-2.1,2.1,82,218744,97.3,-2.4,2.1,205,192628,97.5,-2.3,2,248371,97.4,-2.3,2.1,178248,101.1,-0.1,4.4,45,214186,96.9,-2.6,1.8,260
4/1/2023,Salford,E08000006,207164,96,,-1.5,0.1,,191,406911,96.3,-1.4,0.8,254221,95.7,-1.6,0.5,196638,94.6,-1.7,-0.4,149170,97.4,-1.3,0,188475,96.5,-1.3,0.3,59,215349,95.8,-1.6,0.1,122,189740,96,-1.5,0,244692,95.9,-1.5,0.2,177057,100.4,-0.7,3,44,210792,95.4,-1.6,-0.2,147
5/1/2023,Salford,E08000006,206134,95.5,,-0.5,-1,,233,403948,95.6,-0.7,-0.8,252886,95.2,-0.5,-1,195305,94,-0.7,-2.1,148779,97.1,-0.3,-0.3,187708,96.1,-0.4,-0.6,72,214198,95.3,-0.5,-1.2,138,188786,95.5,-0.5,-1,243500,95.5,-0.5,-1,176685,100.2,-0.2,3.4,61,209676,94.9,-0.5,-1.6,172
6/1/2023,Salford,E08000006,206737,95.8,,0.3,-0.7,,275,404298,95.7,0.1,-0.4,253523,95.5,0.3,-0.7,196684,94.7,0.7,-1.6,148849,97.2,0,0,187984,96.2,0.1,-0.3,73,214952,95.6,0.4,-0.8,175,189327,95.8,0.3,-0.7,244239,95.8,0.3,-0.6,175197,99.3,-0.8,3.2,45,210556,95.3,0.4,-1.2,230
7/1/2023,Salford,E08000006,208993,96.8,,1.1,-0.6,,252,407317,96.4,0.7,-0.5,256429,96.5,1.1,-0.7,199334,95.9,1.3,-1.5,150213,98.1,0.9,0.3,189894,97.2,1,-0.3,82,217365,96.7,1.1,-0.7,166,191393,96.9,1.1,-0.6,246905,96.8,1.1,-0.6,176743,100.2,0.9,3.6,27,212902,96.3,1.1,-1.2,225
8/1/2023,Salford,E08000006,210306,97.5,,0.6,0.1,,276,410185,97.1,0.7,0.4,258432,97.3,0.8,0.1,201600,97,1.1,-0.6,150277,98.1,0,0.7,190684,97.6,0.4,0.3,77,218920,97.4,0.7,0.1,158,192540,97.4,0.6,0.1,248593,97.5,0.7,0.1,176465,100.1,-0.2,3.8,55,214425,97,0.7,-0.5,221
9/1/2023,Salford,E08000006,213222,98.8,,1.4,-3.4,,235,415775,98.4,1.4,-3.4,262186,98.7,1.5,-3.5,204643,98.5,1.5,-4.2,152121,99.3,1.2,-2.5,193284,98.9,1.4,-3.1,67,221975,98.7,1.4,-3.5,154,195213,98.8,1.4,-3.4,252029,98.8,1.4,-3.5,178983,101.5,1.4,0.9,18,217388,98.4,1.4,-4.1,217
10/1/2023,Salford,E08000006,214733,99.5,,0.7,-4.1,,248,417797,98.9,0.5,-4.6,263536,99.2,0.5,-4.4,206030,99.2,0.7,-5,153615,100.3,1,-2.9,194849,99.7,0.8,-3.7,75,223457,99.4,0.7,-4.3,159,196694,99.5,0.8,-4,253580,99.4,0.6,-4.3,180797,102.5,1,0.7,12,218857,99,0.7,-4.9,236
11/1/2023,Salford,E08000006,212867,98.6,,-0.9,-5.6,,236,414466,98.1,-0.8,-6.1,261288,98.4,-0.9,-5.9,203590,98,-1.2,-6.6,152626,99.6,-0.6,-4.1,193473,99,-0.7,-5.1,72,221365,98.5,-0.9,-5.8,152,194994,98.7,-0.9,-5.5,251349,98.6,-0.9,-5.7,180745,102.5,0,-0.3,8,216752,98.1,-1,-6.4,228
12/1/2023,Salford,E08000006,213093,98.7,,0.1,-2.2,,220,414311,98.1,0,-2.9,261542,98.5,0.1,-2.5,203596,98,0,-3.3,152986,99.9,0.2,-0.7,193744,99.2,0.1,-1.7,50,221571,98.6,0.1,-2.4,142,195268,98.8,0.1,-2.1,251454,98.6,0,-2.4,181276,102.8,0.3,3.2,7,216937,98.2,0.1,-3,213
1/1/2024,Salford,E08000006,210566,97.6,,-1.2,-2.4,,209,410118,97.1,-1,-2.9,258559,97.3,-1.1,-2.7,201226,96.9,-1.2,-3.1,151007,98.6,-1.3,-1.4,191412,98,-1.2,-2,54,218958,97.4,-1.2,-2.6,134,192906,97.6,-1.2,-2.4,248584,97.5,-1.1,-2.5,179384,101.7,-1,1.7,16,214331,97,-1.2,-3,193
2/1/2024,Salford,E08000006,210200,97.4,,-0.2,-2.3,,212,407944,96.6,-0.5,-3.2,257998,97.1,-0.2,-2.4,201331,96.9,0.1,-2.4,150668,98.4,-0.2,-1.9,191037,97.8,-0.2,-2.1,45,218595,97.2,-0.2,-2.4,145,192680,97.5,-0.1,-2.3,247889,97.2,-0.3,-2.5,179293,101.7,-0.1,0.5,14,213929,96.8,-0.2,-2.7,198
3/1/2024,Salford,E08000006,209984,97.3,,-0.1,-0.2,,201,406420,96.2,-0.4,-1.5,257121,96.8,-0.3,-0.4,200690,96.6,-0.3,0.3,151283,98.8,0.4,0.1,191175,97.9,0.1,0.1,54,218222,97.1,-0.2,-0.2,131,192533,97.4,-0.1,0,247514,97,-0.2,-0.3,181524,102.9,1.2,1.8,17,213403,96.6,-0.2,-0.4,184
4/1/2024,Salford,E08000006,213769,99.1,,1.8,3.2,,246,411989,97.5,1.4,1.2,261526,98.5,1.7,2.9,204391,98.4,1.8,3.9,154302,100.7,2,3.4,194626,99.6,1.8,3.3,67,222154,98.8,1.8,3.2,159,196069,99.2,1.8,3.3,251819,98.7,1.7,2.9,184518,104.6,1.6,4.2,29,217281,98.3,1.8,3.1,217
5/1/2024,Salford,E08000006,216813,100.5,,1.4,5.2,,243,416280,98.6,1,3.1,264746,99.7,1.2,4.7,206947,99.6,1.3,6,157222,102.6,1.9,5.7,197558,101.1,1.5,5.2,64,225254,100.2,1.4,5.2,150,198963,100.7,1.5,5.4,255158,100,1.3,4.8,186927,106,1.3,5.8,29,220398,99.7,1.4,5.1,214
6/1/2024,Salford,E08000006,218359,101.2,,0.7,5.6,,235,418429,99.1,0.5,3.5,266656,100.4,0.7,5.2,209183,100.7,1.1,6.4,157920,103.1,0.4,6.1,198830,101.8,0.6,5.8,54,226913,100.9,0.7,5.6,160,200449,101.4,0.7,5.9,256817,100.7,0.6,5.1,185491,105.2,-0.8,5.9,22,222281,100.6,0.9,5.6,213
7/1/2024,Salford,E08000006,218891,101.4,,0.2,4.7,,351,419344,99.3,0.2,3,267606,100.8,0.4,4.4,210427,101.3,0.6,5.6,157655,102.9,-0.2,5,199143,101.9,0.2,4.9,68,227534,101.2,0.3,4.7,258,200941,101.7,0.2,5,257436,100.9,0.2,4.3,185322,105.1,-0.1,4.9,28,222892,100.9,0.3,4.7,323
8/1/2024,Salford,E08000006,217574,100.8,,-0.6,3.5,,280,417325,98.8,-0.5,1.7,266273,100.3,-0.5,3,210049,101.1,-0.2,4.2,155890,101.8,-1.1,3.7,197694,101.2,-0.7,3.7,53,226264,100.7,-0.6,3.4,191,199661,101,-0.6,3.7,256057,100.4,-0.5,3,182825,103.7,-1.3,3.6,35,221707,100.3,-0.5,3.4,245
9/1/2024,Salford,E08000006,220286,102.1,,1.2,3.3,,374,424098,100.4,1.6,2,270132,101.7,1.4,3,212627,102.3,1.2,3.9,157354,102.7,0.9,3.4,200097,102.4,1.2,3.5,131,229107,101.9,1.3,3.2,220,202043,102.3,1.2,3.5,259502,101.7,1.3,3,185706,105.3,1.6,3.8,122,224401,101.5,1.2,3.2,252
10/1/2024,Salford,E08000006,219991,101.9,,-0.1,2.4,,351,424507,100.5,0.1,1.6,269353,101.4,-0.3,2.2,212009,102,-0.3,2.9,157488,102.8,0.1,2.5,199989,102.4,-0.1,2.6,62,228737,101.8,-0.2,2.4,255,201795,102.1,-0.1,2.6,259101,101.6,-0.2,2.2,185918,105.4,0.1,2.8,37,224049,101.4,-0.2,2.4,314
11/1/2024,Salford,E08000006,223631,103.6,,1.7,5.1,,324,432638,102.4,1.9,4.4,274269,103.3,1.8,5,215159,103.6,1.5,5.7,159932,104.4,1.6,4.8,203367,104.1,1.7,5.1,62,232496,103.4,1.6,5,229,205130,103.8,1.7,5.2,263398,103.3,1.7,4.8,189587,107.5,2,4.9,20,227689,103,1.6,5,304
12/1/2024,Salford,E08000006,221151,102.5,,-1.1,3.8,,304,429083,101.6,-0.8,3.6,271230,102.1,-1.1,3.7,212809,102.4,-1.1,4.5,157985,103.1,-1.2,3.3,201106,102.9,-1.1,3.8,63,229919,102.3,-1.1,3.8,217,202877,102.7,-1.1,3.9,260427,102.1,-1.1,3.6,188064,106.6,-0.8,3.7,38,225099,101.9,-1.1,3.8,266
1/1/2025,Salford,E08000006,221940,102.8,,0.4,5.4,,272,432082,102.3,0.7,5.4,272893,102.7,0.6,5.5,213618,102.8,0.4,6.2,157936,103.1,0,4.6,201737,103.3,0.3,5.4,78,230773,102.7,0.4,5.4,153,203538,103,0.3,5.5,261503,102.5,0.4,5.2,189953,107.7,1,5.9,65,225766,102.2,0.3,5.3,207
2/1/2025,Salford,E08000006,220530,102.2,,-0.6,4.9,,256,429715,101.7,-0.5,5.3,270895,102,-0.7,5,212405,102.2,-0.6,5.5,156952,102.5,-0.6,4.2,200485,102.6,-0.6,4.9,50,229298,102,-0.6,4.9,179,202243,102.4,-0.6,5,259834,101.9,-0.6,4.8,190233,107.9,0.1,6.1,24,224157,101.4,-0.7,4.8,232
3/1/2025,Salford,E08000006,230518,106.8,,4.5,9.8,,731,444039,105.1,3.3,9.3,282249,106.3,4.2,9.8,222089,106.9,4.6,10.7,165229,107.9,5.3,9.2,209872,107.4,4.7,9.8,234,239576,106.6,4.5,9.8,409,211656,107.1,4.7,9.9,270941,106.2,4.3,9.5,200549,113.7,5.4,10.5,268,234116,105.9,4.4,9.7,463
4/1/2025,Salford,E08000006,239130,110.8,,3.7,11.9,,268,464026,109.9,4.5,12.6,293661,110.6,4,12.3,229865,110.6,3.5,12.5,170855,111.5,3.4,10.7,217591,111.4,3.7,11.8,75,248569,110.6,3.8,11.9,147,219302,111,3.6,11.8,281744,110.5,4,11.9,208989,118.5,4.2,13.3,122,242785,109.9,3.7,11.7,146
5/1/2025,Salford,E08000006,244419,113.3,,2.2,12.7,,249,475820,112.7,2.5,14.3,300794,113.3,2.4,13.6,235158,113.2,2.3,13.6,173889,113.5,1.8,10.6,222231,113.8,2.1,12.5,44,254127,113.1,2.2,12.8,164,224022,113.4,2.2,12.6,288316,113,2.3,13,213405,121,2.1,14.1,47,248172,112.3,2.2,12.6,202
6/1/2025,Salford,E08000006,235403,109.1,,-3.7,7.8,,258,462939,109.6,-2.7,10.6,291234,109.7,-3.2,9.2,226521,109,-3.7,8.3,165897,108.3,-4.6,5.1,213668,109.4,-3.9,7.5,37,244882,108.9,-3.6,7.9,178,215417,109,-3.8,7.5,278568,109.2,-3.4,8.5,204133,115.7,-4.3,10,14,239134,108.2,-3.6,7.6,244
7/1/2025,Salford,E08000006,225829,104.6,,-4.1,3.2,,314,440725,104.4,-4.8,5.1,279156,105.1,-4.1,4.3,218246,105,-3.7,3.7,158975,103.8,-4.2,0.8,204940,104.9,-4.1,2.9,46,234936,104.5,-4.1,3.3,203,206850,104.7,-4,2.9,266729,104.6,-4.3,3.6,193481,109.7,-5.2,4.4,4,229601,103.9,-4,3,310
8/1/2025,Salford,E08000006,225007,104.3,,-0.4,3.4,,254,438315,103.8,-0.5,5,278626,104.9,-0.2,4.6,217639,104.8,-0.3,3.6,158037,103.2,-0.6,1.4,204076,104.5,-0.4,3.2,38,234121,104.2,-0.3,3.5,158,206111,104.3,-0.4,3.2,265720,104.2,-0.4,3.8,192645,109.2,-0.4,5.4,3,228775,103.5,-0.4,3.2,251
9/1/2025,Salford,E08000006,227142,105.3,,0.9,3.1,,242,443473,105,1.2,4.6,281713,106.1,1.1,4.3,220036,105.9,1.1,3.5,158897,103.7,0.5,1,205830,105.4,0.9,2.9,32,236407,105.2,1,3.2,145,207999,105.3,0.9,2.9,268418,105.2,1,3.4,194717,110.4,1.1,4.9,2,230926,104.5,0.9,2.9,240
10/1/2025,Salford,E08000006,230390,106.8,,1.4,4.7,,255,449791,106.5,1.4,6,286004,107.7,1.5,6.2,223126,107.4,1.4,5.2,161046,105.1,1.4,2.3,208655,106.8,1.4,4.3,30,239829,106.7,1.4,4.8,121,211017,106.8,1.5,4.6,272143,106.7,1.4,5,200516,113.7,3,7.9,1,233982,105.9,1.3,4.4,254
11/1/2025,Salford,E08000006,228428,105.8,,-0.9,2.1,,177,445357,105.4,-1,2.9,283222,106.6,-1,3.3,221272,106.5,-0.8,2.8,159929,104.4,-0.7,0,206731,105.8,-0.9,1.7,7,237839,105.8,-0.8,2.3,69,209341,105.9,-0.8,2.1,269510,105.7,-1,2.3,203116,115.2,1.3,7.1,1,231647,104.8,-1,1.7,176
12/1/2025,Salford,E08000006,226899,105.1,,-0.7,2.6,,217,440603,104.3,-1.1,2.7,281221,105.9,-0.7,3.7,220119,105.9,-0.5,3.4,158882,103.7,-0.7,0.6,205279,105.1,-0.7,2.1,16,236271,105.1,-0.7,2.8,94,208121,105.3,-0.6,2.6,267234,104.8,-0.8,2.6,202669,114.9,-0.2,7.8,,230020,104.1,-0.7,2.2,217
1/1/2026,Salford,E08000006,223057,103.4,,-1.7,0.5,,,432574,102.4,-1.8,0.1,277000,104.3,-1.5,1.5,216979,104.4,-1.4,1.6,155486,101.5,-2.1,-1.6,201697,103.2,-1.7,0,,232309,103.3,-1.7,0.7,,204585,103.5,-1.7,0.5,262742,103,-1.7,0.5,,,,,,,,,,
2/1/2026,Salford,E08000006,224404,104,,0.6,1.8,,,436527,103.4,0.9,1.6,279802,105.3,1,3.3,218578,105.2,0.7,2.9,155387,101.4,-0.1,-1,202805,103.8,0.5,1.2,,233763,104,0.6,1.9,,205789,104.2,0.6,1.8,264483,103.7,0.7,1.8,,,,,,,,,,
1/1/1995,Stockport,E08000007,53838,18.3,,,,,252,98953,19.1,,,56800,17.8,,,40693,17.6,,,37751,22.1,,,,,,,,,,,,,,,,,,,,,55480,18.1,,,11,53474,18.2,,,241
2/1/1995,Stockport,E08000007,52759,18,,-2,,,227,96072,18.6,-2.9,,55911,17.5,-1.6,,39838,17.2,-2.1,,37075,21.7,-1.8,,,,,,,,,,,,,,,,,,,,54613,17.8,-1.6,,8,52387,17.9,-2,,219
3/1/1995,Stockport,E08000007,52960,18,,0.4,,,312,96256,18.6,0.2,,56096,17.6,0.3,,40093,17.4,0.6,,37130,21.8,0.1,,,,,,,,,,,,,,,,,,,,54953,17.9,0.6,,17,52579,17.9,0.4,,295
4/1/1995,Stockport,E08000007,53226,18.1,,0.5,,,292,96396,18.6,0.1,,56418,17.7,0.6,,40325,17.5,0.6,,37391,21.9,0.7,,,,,,,,,,,,,,,,,,,,55222,18,0.5,,11,52843,18,0.5,,281
5/1/1995,Stockport,E08000007,53404,18.2,,0.3,,,310,96703,18.7,0.3,,56554,17.7,0.2,,40537,17.5,0.5,,37449,21.9,0.2,,,,,,,,,,,,,,,,,,,,55202,18,0,,15,53032,18.1,0.4,,295
6/1/1995,Stockport,E08000007,53399,18.2,,0,,,346,96664,18.7,0,,56634,17.8,0.1,,40416,17.5,-0.3,,37592,22,0.4,,,,,,,,,,,,,,,,,,,,55092,18,-0.2,,22,53034,18.1,0,,324
7/1/1995,Stockport,E08000007,53190,18.1,,-0.4,,,333,96519,18.7,-0.1,,56454,17.7,-0.3,,40192,17.4,-0.6,,37272,21.8,-0.9,,,,,,,,,,,,,,,,,,,,54848,17.9,-0.4,,19,52828,18,-0.4,,314
8/1/1995,Stockport,E08000007,53669,18.3,,0.9,,,292,97963,18.9,1.5,,56938,17.9,0.9,,40465,17.5,0.7,,37432,21.9,0.4,,,,,,,,,,,,,,,,,,,,55420,18.1,1,,19,53299,18.2,0.9,,273
9/1/1995,Stockport,E08000007,54195,18.5,,1,,,339,99243,19.2,1.3,,57437,18,0.9,,40893,17.7,1.1,,37564,22,0.4,,,,,,,,,,,,,,,,,,,,55624,18.1,0.4,,25,53841,18.3,1,,314
10/1/1995,Stockport,E08000007,54079,18.4,,-0.2,,,293,99087,19.2,-0.2,,57379,18,-0.1,,40695,17.6,-0.5,,37588,22,0.1,,,,,,,,,,,,,,,,,,,,55793,18.2,0.3,,16,53709,18.3,-0.2,,277
11/1/1995,Stockport,E08000007,54008,18.4,,-0.1,,,338,98797,19.1,-0.3,,57359,18,0,,40560,17.6,-0.3,,37804,22.2,0.6,,,,,,,,,,,,,,,,,,,,55961,18.2,0.3,,21,53624,18.3,-0.2,,317
12/1/1995,Stockport,E08000007,52772,18,,-2.3,,,407,96301,18.6,-2.5,,56124,17.6,-2.2,,39585,17.1,-2.4,,37059,21.7,-2,,,,,,,,,,,,,,,,,,,,55255,18,-1.3,,32,52363,17.8,-2.4,,375
1/1/1996,Stockport,E08000007,52008,17.7,,-1.4,-3.4,,235,95116,18.4,-1.2,-3.9,55310,17.4,-1.5,-2.6,39000,16.9,-1.5,-4.2,36352,21.3,-1.9,-3.7,,,,,,,,,,,,,,,,,,,54955,17.9,-0.5,-0.9,18,51576,17.6,-1.5,-3.5,217
2/1/1996,Stockport,E08000007,51605,17.6,,-0.8,-2.2,,272,94324,18.2,-0.8,-1.8,54930,17.2,-0.7,-1.8,38734,16.8,-0.7,-2.8,35817,21,-1.5,-3.4,,,,,,,,,,,,,,,,,,,54995,17.9,0.1,0.7,17,51147,17.4,-0.8,-2.4,255
3/1/1996,Stockport,E08000007,52365,17.8,,1.5,-1.1,,420,95913,18.6,1.7,-0.4,55792,17.5,1.6,-0.5,39237,17,1.3,-2.1,36217,21.2,1.1,-2.5,,,,,,,,,,,,,,,,,,,56231,18.3,2.2,2.3,28,51876,17.7,1.4,-1.3,392
4/1/1996,Stockport,E08000007,53019,18.1,,1.2,-0.4,,317,96697,18.7,0.8,0.3,56458,17.7,1.2,0.1,39850,17.2,1.6,-1.2,36797,21.6,1.6,-1.6,,,,,,,,,,,,,,,,,,,56763,18.5,0.9,2.8,15,52532,17.9,1.3,-0.6,302
5/1/1996,Stockport,E08000007,53467,18.2,,0.8,0.1,,403,97273,18.8,0.6,0.6,56844,17.8,0.7,0.5,40334,17.5,1.2,-0.5,37187,21.8,1.1,-0.7,,,,,,,,,,,,,,,,,,,56685,18.5,-0.1,2.7,12,53001,18.1,0.9,-0.1,391
6/1/1996,Stockport,E08000007,53481,18.2,,0,0.2,,377,97142,18.8,-0.1,0.5,56775,17.8,-0.1,0.2,40425,17.5,0.2,0,37417,21.9,0.6,-0.5,,,,,,,,,,,,,,,,,,,56447,18.4,-0.4,2.5,21,53027,18.1,0,0,356
7/1/1996,Stockport,E08000007,53755,18.3,,0.5,1.1,,437,98034,19,0.9,1.6,57098,17.9,0.6,1.1,40533,17.5,0.3,0.8,37398,21.9,0,0.3,,,,,,,,,,,,,,,,,,,56530,18.4,0.1,3.1,19,53308,18.2,0.5,0.9,418
8/1/1996,Stockport,E08000007,54304,18.5,,1,1.2,,465,99705,19.3,1.7,1.8,57697,18.1,1,1.3,40768,17.6,0.6,0.7,37627,22.1,0.6,0.5,,,,,,,,,,,,,,,,,,,57249,18.7,1.3,3.3,15,53846,18.3,1,1,450
9/1/1996,Stockport,E08000007,54887,18.7,,1.1,1.3,,385,101334,19.6,1.6,2.1,58316,18.3,1.1,1.5,41120,17.8,0.9,0.6,37712,22.1,0.2,0.4,,,,,,,,,,,,,,,,,,,57612,18.8,0.6,3.6,21,54436,18.5,1.1,1.1,364
10/1/1996,Stockport,E08000007,55484,18.9,,1.1,2.6,,426,102534,19.8,1.2,3.5,58978,18.5,1.1,2.8,41521,18,1,2,38068,22.3,0.9,1.3,,,,,,,,,,,,,,,,,,,58223,19,1.1,4.4,15,55028,18.8,1.1,2.5,411
11/1/1996,Stockport,E08000007,55137,18.8,,-0.6,2.1,,474,101592,19.6,-0.9,2.8,58633,18.4,-0.6,2.2,41297,17.9,-0.5,1.8,37949,22.2,-0.3,0.4,,,,,,,,,,,,,,,,,,,57814,18.8,-0.7,3.3,16,54686,18.6,-0.6,2,458
12/1/1996,Stockport,E08000007,54932,18.7,,-0.4,4.1,,448,100800,19.5,-0.8,4.7,58502,18.4,-0.2,4.2,41170,17.8,-0.3,4,37836,22.2,-0.3,2.1,,,,,,,,,,,,,,,,,,,57487,18.7,-0.6,4,22,54488,18.6,-0.4,4.1,426
1/1/1997,Stockport,E08000007,54425,18.5,,-0.9,4.6,,375,99853,19.3,-0.9,5,57968,18.2,-0.9,4.8,40796,17.7,-0.9,4.6,37462,22,-1,3.1,,,,,,,,,,,,,,,,,,,56665,18.5,-1.4,3.1,9,53999,18.4,-0.9,4.7,366
2/1/1997,Stockport,E08000007,54712,18.6,,0.5,6,,357,100723,19.5,0.9,6.8,58254,18.3,0.5,6.1,40942,17.7,0.4,5.7,37592,22,0.3,5,,,,,,,,,,,,,,,,,,,57128,18.6,0.8,3.9,12,54281,18.5,0.5,6.1,345
3/1/1997,Stockport,E08000007,55003,18.7,,0.5,5,,381,101481,19.6,0.8,5.8,58417,18.3,0.3,4.7,41222,17.8,0.7,5.1,37870,22.2,0.7,4.6,,,,,,,,,,,,,,,,,,,57790,18.8,1.2,2.8,17,54560,18.6,0.5,5.2,364
4/1/1997,Stockport,E08000007,56022,19.1,,1.9,5.7,,414,103127,19.9,1.6,6.7,59487,18.7,1.8,5.4,42068,18.2,2.1,5.6,38557,22.6,1.8,4.8,,,,,,,,,,,,,,,,,,,59094,19.3,2.3,4.1,19,55563,18.9,1.8,5.8,395
5/1/1997,Stockport,E08000007,57073,19.4,,1.9,6.7,,515,104825,20.3,1.6,7.8,60700,19.1,2,6.8,42889,18.6,2,6.3,39052,22.9,1.3,5,,,,,,,,,,,,,,,,,,,59899,19.5,1.4,5.7,22,56615,19.3,1.9,6.8,493
6/1/1997,Stockport,E08000007,57760,19.7,,1.2,8,,482,106305,20.6,1.4,9.4,61507,19.3,1.3,8.3,43352,18.8,1.1,7.2,39179,23,0.3,4.7,,,,,,,,,,,,,,,,,,,60140,19.6,0.4,6.5,13,57312,19.5,1.2,8.1,469
7/1/1997,Stockport,E08000007,57985,19.7,,0.4,7.9,,608,107084,20.7,0.7,9.2,61753,19.4,0.4,8.2,43489,18.8,0.3,7.3,39023,22.9,-0.4,4.3,,,,,,,,,,,,,,,,,,,59860,19.5,-0.5,5.9,17,57552,19.6,0.4,8,591
8/1/1997,Stockport,E08000007,57987,19.7,,0,6.8,,567,107611,20.8,0.5,7.9,61725,19.4,0,7,43404,18.8,-0.2,6.5,38887,22.8,-0.4,3.3,,,,,,,,,,,,,,,,,,,59590,19.4,-0.5,4.1,15,57563,19.6,0,6.9,552
9/1/1997,Stockport,E08000007,57722,19.7,,-0.5,5.2,,519,107280,20.7,-0.3,5.9,61490,19.3,-0.4,5.4,43128,18.7,-0.6,4.9,38644,22.6,-0.6,2.5,,,,,,,,,,,,,,,,,,,59356,19.4,-0.4,3,4,57298,19.5,-0.5,5.3,515
10/1/1997,Stockport,E08000007,57496,19.6,,-0.4,3.6,,567,106986,20.7,-0.3,4.3,61303,19.2,-0.3,3.9,42843,18.5,-0.7,3.2,38601,22.6,-0.1,1.4,,,,,,,,,,,,,,,,,,,59205,19.3,-0.3,1.7,19,57072,19.4,-0.4,3.7,548
11/1/1997,Stockport,E08000007,57749,19.7,,0.4,4.7,,463,107454,20.8,0.4,5.8,61581,19.3,0.5,5,43015,18.6,0.4,4.2,38803,22.7,0.5,2.2,,,,,,,,,,,,,,,,,,,59576,19.4,0.6,3,10,57319,19.5,0.4,4.8,453
12/1/1997,Stockport,E08000007,58174,19.8,,0.7,5.9,,502,108006,20.9,0.5,7.1,62126,19.5,0.9,6.2,43294,18.7,0.6,5.2,39148,22.9,0.9,3.5,,,,,,,,,,,,,,,,,,,60154,19.6,1,4.6,12,57736,19.7,0.7,6,490
1/1/1998,Stockport,E08000007,58900,20.1,,1.2,8.2,,325,109700,21.2,1.6,9.9,62807,19.7,1.1,8.3,43841,19,1.3,7.5,39594,23.2,1.1,5.7,,,,,,,,,,,,,,,,,,,61399,20,2.1,8.4,4,58441,19.9,1.2,8.2,321
2/1/1998,Stockport,E08000007,57938,19.7,,-1.6,5.9,,322,107655,20.8,-1.9,6.9,61815,19.4,-1.6,6.1,43096,18.7,-1.7,5.3,39215,23,-1,4.3,,,,,,,,,,,,,,,,,,,61014,19.9,-0.6,6.8,6,57467,19.6,-1.7,5.9,316
3/1/1998,Stockport,E08000007,57620,19.6,,-0.5,4.8,,462,107160,20.7,-0.5,5.6,61448,19.3,-0.6,5.2,42877,18.6,-0.5,4,38922,22.8,-0.7,2.8,,,,,,,,,,,,,,,,,,,60845,19.8,-0.3,5.3,8,57146,19.5,-0.6,4.7,454
4/1/1998,Stockport,E08000007,57488,19.6,,-0.2,2.6,,476,106390,20.6,-0.7,3.2,61426,19.3,0,3.3,42815,18.5,-0.1,1.8,38813,22.7,-0.3,0.7,,,,,,,,,,,,,,,,,,,60470,19.7,-0.6,2.3,22,57022,19.4,-0.2,2.6,454
5/1/1998,Stockport,E08000007,58711,20,,2.1,2.9,,551,108407,21,1.9,3.4,62708,19.7,2.1,3.3,43878,19,2.5,2.3,39405,23.1,1.5,0.9,,,,,,,,,,,,,,,,,,,61017,19.9,0.9,1.9,17,58258,19.9,2.2,2.9,534
6/1/1998,Stockport,E08000007,60052,20.5,,2.3,4,,458,110816,21.4,2.2,4.2,64127,20.1,2.3,4.3,44854,19.4,2.2,3.5,40539,23.8,2.9,3.5,,,,,,,,,,,,,,,,,,,62130,20.3,1.8,3.3,19,59597,20.3,2.3,4,439
7/1/1998,Stockport,E08000007,60928,20.8,,1.5,5.1,,586,112639,21.8,1.6,5.2,65064,20.4,1.5,5.4,45462,19.7,1.4,4.5,41069,24.1,1.3,5.2,,,,,,,,,,,,,,,,,,,62941,20.5,1.3,5.1,11,60468,20.6,1.5,5.1,575
8/1/1998,Stockport,E08000007,61043,20.8,,0.2,5.3,,525,113580,22,0.8,5.5,65148,20.4,0.1,5.5,45411,19.7,-0.1,4.6,41036,24,-0.1,5.5,,,,,,,,,,,,,,,,,,,63420,20.7,0.8,6.4,13,60572,20.6,0.2,5.2,512
9/1/1998,Stockport,E08000007,61383,20.9,,0.6,6.3,,508,114679,22.2,1,6.9,65461,20.5,0.5,6.5,45644,19.8,0.5,5.8,41005,24,-0.1,6.1,,,,,,,,,,,,,,,,,,,63492,20.7,0.1,7,11,60918,20.8,0.6,6.3,497
10/1/1998,Stockport,E08000007,61696,21,,0.5,7.3,,506,115461,22.3,0.7,7.9,65781,20.6,0.5,7.3,45791,19.8,0.3,6.9,41399,24.3,1,7.2,,,,,,,,,,,,,,,,,,,63942,20.8,0.7,8,15,61225,20.9,0.5,7.3,491
11/1/1998,Stockport,E08000007,61800,21,,0.2,7,,428,115590,22.4,0.1,7.6,65967,20.7,0.3,7.1,45766,19.8,-0.1,6.4,41664,24.4,0.6,7.4,,,,,,,,,,,,,,,,,,,64272,21,0.5,7.9,10,61321,20.9,0.2,7,418
12/1/1998,Stockport,E08000007,61025,20.8,,-1.3,4.9,,503,113596,22,-1.7,5.2,65227,20.5,-1.1,5,45179,19.6,-1.3,4.4,41469,24.3,-0.5,5.9,,,,,,,,,,,,,,,,,,,64073,20.9,-0.3,6.5,27,60534,20.6,-1.3,4.8,476
1/1/1999,Stockport,E08000007,60652,20.7,,-0.6,3,,367,112870,21.8,-0.6,2.9,64828,20.3,-0.6,3.2,44912,19.4,-0.6,2.4,41216,24.2,-0.6,4.1,,,,,,,,,,,,,,,,,,,64176,20.9,0.2,4.5,23,60150,20.5,-0.6,2.9,344
2/1/1999,Stockport,E08000007,60813,20.7,,0.3,5,,313,113086,21.9,0.2,5,65024,20.4,0.3,5.2,45022,19.5,0.2,4.5,41342,24.2,0.3,5.4,,,,,,,,,,,,,,,,,,,64294,21,0.2,5.4,14,60313,20.6,0.3,5,299
3/1/1999,Stockport,E08000007,61701,21,,1.5,7.1,,494,115073,22.3,1.8,7.4,65927,20.7,1.4,7.3,45635,19.8,1.4,6.4,41917,24.6,1.4,7.7,,,,,,,,,,,,,,,,,,,65232,21.3,1.5,7.2,16,61196,20.9,1.5,7.1,478
4/1/1999,Stockport,E08000007,62207,21.2,,0.8,8.2,,530,115567,22.4,0.4,8.6,66452,20.9,0.8,8.2,46152,20,1.1,7.8,42275,24.8,0.9,8.9,,,,,,,,,,,,,,,,,,,65209,21.3,0,7.8,30,61720,21,0.9,8.2,500
5/1/1999,Stockport,E08000007,63389,21.6,,1.9,8,,477,117377,22.7,1.6,8.3,67704,21.2,1.9,8,47164,20.4,2.2,7.5,43040,25.2,1.8,9.2,,,,,,,,,,,,,,,,,,,66400,21.6,1.8,8.8,21,62894,21.4,1.9,8,456
6/1/1999,Stockport,E08000007,63597,21.7,,0.3,5.9,,576,117707,22.8,0.3,6.2,67911,21.3,0.3,5.9,47369,20.5,0.4,5.6,43116,25.3,0.2,6.4,,,,,,,,,,,,,,,,,,,66486,21.7,0.1,7,19,63105,21.5,0.3,5.9,557
7/1/1999,Stockport,E08000007,64754,22.1,,1.8,6.3,,664,120369,23.3,2.3,6.9,69120,21.7,1.8,6.2,48142,20.8,1.6,5.9,43780,25.7,1.5,6.6,,,,,,,,,,,,,,,,,,,67768,22.1,1.9,7.7,22,64251,21.9,1.8,6.3,642
8/1/1999,Stockport,E08000007,65490,22.3,,1.1,7.3,,649,122259,23.6,1.6,7.6,69812,21.9,1,7.2,48672,21.1,1.1,7.2,44156,25.9,0.9,7.6,,,,,,,,,,,,,,,,,,,68176,22.2,0.6,7.5,18,64995,22.1,1.2,7.3,631
9/1/1999,Stockport,E08000007,65800,22.4,,0.5,7.2,,568,123390,23.9,0.9,7.6,70058,22,0.4,7,48855,21.1,0.4,7,44287,26,0.3,8,,,,,,,,,,,,,,,,,,,68244,22.3,0.1,7.5,22,65313,22.3,0.5,7.2,546
10/1/1999,Stockport,E08000007,66101,22.5,,0.5,7.1,,587,124006,24,0.5,7.4,70453,22.1,0.6,7.1,48902,21.2,0.1,6.8,44770,26.2,1.1,8.1,,,,,,,,,,,,,,,,,,,68566,22.4,0.5,7.2,20,65611,22.4,0.5,7.2,567
11/1/1999,Stockport,E08000007,66274,22.6,,0.3,7.2,,612,124274,24,0.2,7.5,70673,22.2,0.3,7.1,48966,21.2,0.1,7,45033,26.4,0.6,8.1,,,,,,,,,,,,,,,,,,,68721,22.4,0.2,6.9,24,65784,22.4,0.3,7.3,588
12/1/1999,Stockport,E08000007,67903,23.1,,2.5,11.3,,629,126620,24.5,1.9,11.5,72487,22.7,2.6,11.1,50197,21.7,2.5,11.1,46481,27.2,3.2,12.1,,,,,,,,,,,,,,,,,,,70858,23.1,3.1,10.6,28,67383,23,2.4,11.3,601
1/1/2000,Stockport,E08000007,67795,23.1,,-0.2,11.8,,377,126691,24.5,0.1,12.2,72357,22.7,-0.2,11.6,50136,21.7,-0.1,11.6,46125,27,-0.8,11.9,,,,,,,,,,,,,,,,,,,70665,23,-0.3,10.1,19,67279,22.9,-0.2,11.9,358
2/1/2000,Stockport,E08000007,68466,23.3,,1,12.6,,352,128054,24.8,1.1,13.2,73062,22.9,1,12.4,50589,21.9,0.9,12.4,46578,27.3,1,12.7,,,,,,,,,,,,,,,,,,,71744,23.4,1.5,11.6,10,67930,23.1,1,12.6,342
3/1/2000,Stockport,E08000007,69469,23.7,,1.5,12.6,,544,130284,25.2,1.7,13.2,74176,23.3,1.5,12.5,51250,22.2,1.3,12.3,46886,27.5,0.7,11.9,,,,,,,,,,,,,,,,,,,72462,23.6,1,11.1,32,68938,23.5,1.5,12.7,512
4/1/2000,Stockport,E08000007,71227,24.3,,2.5,14.5,,520,133083,25.7,2.1,15.2,75996,23.9,2.5,14.4,52622,22.8,2.7,14,48398,28.4,3.2,14.5,,,,,,,,,,,,,,,,,,,74304,24.2,2.5,13.9,24,70683,24.1,2.5,14.5,496
5/1/2000,Stockport,E08000007,72452,24.7,,1.7,14.3,,575,135174,26.1,1.6,15.2,77412,24.3,1.9,14.3,53424,23.1,1.5,13.3,49367,28.9,2,14.7,,,,,,,,,,,,,,,,,,,75434,24.6,1.5,13.6,22,71904,24.5,1.7,14.3,553
6/1/2000,Stockport,E08000007,73147,24.9,,1,15,,569,136195,26.3,0.8,15.7,78208,24.5,1,15.2,53854,23.3,0.8,13.7,50159,29.4,1.6,16.3,,,,,,,,,,,,,,,,,,,75955,24.8,0.7,14.2,20,72602,24.7,1,15,549
7/1/2000,Stockport,E08000007,74038,25.2,,1.2,14.3,,591,138737,26.8,1.9,15.3,79278,24.9,1.4,14.7,54288,23.5,0.8,12.8,50454,29.6,0.6,15.2,,,,,,,,,,,,,,,,,,,76769,25,1.1,13.3,12,73490,25,1.2,14.4,579
8/1/2000,Stockport,E08000007,75214,25.6,,1.6,14.8,,533,141717,27.4,2.1,15.9,80612,25.3,1.7,15.5,54868,23.7,1.1,12.7,51404,30.1,1.9,16.4,,,,,,,,,,,,,,,,,,,78316,25.5,2,14.9,11,74645,25.4,1.6,14.8,522
9/1/2000,Stockport,E08000007,76904,26.2,,2.2,16.9,,514,146081,28.3,3.1,18.4,82331,25.8,2.1,17.5,55955,24.2,2,14.5,52479,30.8,2.1,18.5,,,,,,,,,,,,,,,,,,,80313,26.2,2.5,17.7,30,76313,26,2.2,16.8,484
10/1/2000,Stockport,E08000007,77596,26.4,,0.9,17.4,,445,147475,28.5,1,18.9,83180,26.1,1,18.1,56255,24.3,0.5,15,53239,31.2,1.4,18.9,,,,,,,,,,,,,,,,,,,81423,26.5,1.4,18.8,20,76985,26.2,0.9,17.3,425
11/1/2000,Stockport,E08000007,78102,26.6,,0.7,17.8,,410,148597,28.7,0.8,19.6,83633,26.2,0.5,18.3,56648,24.5,0.7,15.7,53684,31.5,0.8,19.2,,,,,,,,,,,,,,,,,,,82182,26.8,0.9,19.6,13,77478,26.4,0.6,17.8,397
12/1/2000,Stockport,E08000007,78421,26.7,,0.4,15.5,,487,148421,28.7,-0.1,17.2,84048,26.4,0.5,15.9,56847,24.6,0.4,13.2,54376,31.9,1.3,17,,,,,,,,,,,,,,,,,,,83059,27.1,1.1,17.2,29,77773,26.5,0.4,15.4,458
1/1/2001,Stockport,E08000007,78643,26.8,,0.3,16,,324,148615,28.7,0.1,17.3,84168,26.4,0.1,16.3,57123,24.7,0.5,13.9,54707,32.1,0.6,18.6,,,,,,,,,,,,,,,,,,,84141,27.4,1.3,19.1,8,77961,26.6,0.2,15.9,316
2/1/2001,Stockport,E08000007,78059,26.6,,-0.7,14,,331,147059,28.4,-1,14.8,83576,26.2,-0.7,14.4,56766,24.6,-0.6,12.2,54274,31.8,-0.8,16.5,,,,,,,,,,,,,,,,,,,84186,27.4,0.1,17.3,10,77358,26.4,-0.8,13.9,321
3/1/2001,Stockport,E08000007,78172,26.6,,0.1,12.5,,494,147481,28.5,0.3,13.2,83733,26.3,0.2,12.9,56865,24.6,0.2,11,53970,31.6,-0.6,15.1,,,,,,,,,,,,,,,,,,,84415,27.5,0.3,16.5,23,77463,26.4,0.1,12.4,471
4/1/2001,Stockport,E08000007,78829,26.8,,0.8,10.7,,487,148411,28.7,0.6,11.5,84320,26.5,0.7,11,57521,24.9,1.2,9.3,54415,31.9,0.8,12.4,,,,,,,,,,,,,,,,,,,84826,27.7,0.5,14.2,10,78124,26.6,0.9,10.5,477
5/1/2001,Stockport,E08000007,80434,27.4,,2,11,,548,150942,29.2,1.7,11.7,86023,27,2,11.1,58812,25.5,2.2,10.1,55509,32.5,2,12.4,,,,,,,,,,,,,,,,,,,85713,27.9,1,13.6,20,79745,27.2,2.1,10.9,528
6/1/2001,Stockport,E08000007,81555,27.8,,1.4,11.5,,571,152580,29.5,1.1,12,87153,27.4,1.3,11.4,59664,25.8,1.4,10.8,56699,33.2,2.1,13,,,,,,,,,,,,,,,,,,,87528,28.5,2.1,15.2,39,80834,27.5,1.4,11.3,532
7/1/2001,Stockport,E08000007,83078,28.3,,1.9,12.2,,590,155818,30.1,2.1,12.3,88885,27.9,2,12.1,60620,26.2,1.6,11.7,57684,33.8,1.7,14.3,,,,,,,,,,,,,,,,,,,88996,29,1.7,15.9,17,82350,28.1,1.9,12.1,573
8/1/2001,Stockport,E08000007,84721,28.9,,2,12.6,,727,159701,30.9,2.5,12.7,90518,28.4,1.8,12.3,61731,26.7,1.8,12.5,58974,34.6,2.2,14.7,,,,,,,,,,,,,,,,,,,91396,29.8,2.7,16.7,18,83956,28.6,2,12.5,709
9/1/2001,Stockport,E08000007,85167,29,,0.5,10.7,,502,161461,31.2,1.1,10.5,90845,28.5,0.4,10.3,62035,26.9,0.5,10.9,59223,34.7,0.4,12.9,,,,,,,,,,,,,,,,,,,92063,30,0.7,14.6,14,84392,28.8,0.5,10.6,488
10/1/2001,Stockport,E08000007,86658,29.5,,1.8,11.7,,564,164002,31.7,1.6,11.2,92438,29,1.8,11.1,63103,27.3,1.7,12.2,60490,35.5,2.1,13.6,,,,,,,,,,,,,,,,,,,94372,30.8,2.5,15.9,24,85845,29.3,1.7,11.5,540
11/1/2001,Stockport,E08000007,86995,29.6,,0.4,11.4,,582,164209,31.8,0.1,10.5,92956,29.2,0.6,11.1,63225,27.4,0.2,11.6,60910,35.7,0.7,13.5,,,,,,,,,,,,,,,,,,,94848,30.9,0.5,15.4,13,86176,29.4,0.4,11.2,569
12/1/2001,Stockport,E08000007,88587,30.2,,1.8,13,,458,166035,32.1,1.1,11.9,94858,29.8,2,12.9,64211,27.8,1.6,13,62738,36.8,3,15.4,,,,,,,,,,,,,,,,,,,97471,31.8,2.8,17.4,23,87724,29.9,1.8,12.8,435
1/1/2002,Stockport,E08000007,88910,30.3,,0.4,13.1,,316,166651,32.2,0.4,12.1,95235,29.9,0.4,13.1,64327,27.8,0.2,12.6,63245,37.1,0.8,15.6,,,,,,,,,,,,,,,,,,,98342,32.1,0.9,16.9,6,88027,30,0.3,12.9,310
2/1/2002,Stockport,E08000007,89363,30.4,,0.5,14.5,,410,167170,32.3,0.3,13.7,95572,30,0.4,14.4,64781,28,0.7,14.1,63842,37.4,0.9,17.6,,,,,,,,,,,,,,,,,,,100125,32.6,1.8,18.9,7,88432,30.1,0.5,14.3,403
3/1/2002,Stockport,E08000007,90081,30.7,,0.8,15.2,,503,168729,32.6,0.9,14.4,96297,30.2,0.8,15,65398,28.3,1,15,64025,37.5,0.3,18.6,,,,,,,,,,,,,,,,,,,100638,32.8,0.5,19.2,32,89152,30.4,0.8,15.1,471
4/1/2002,Stockport,E08000007,91560,31.2,,1.6,16.2,,520,170622,33,1.1,15,97778,30.7,1.5,16,66602,28.8,1.8,15.8,65556,38.4,2.4,20.5,,,,,,,,,,,,,,,,,,,102851,33.5,2.2,21.2,26,90597,30.9,1.6,16,494
5/1/2002,Stockport,E08000007,93815,32,,2.5,16.6,,700,174248,33.7,2.1,15.4,100339,31.5,2.6,16.6,68217,29.5,2.4,16,67153,39.4,2.4,21,,,,,,,,,,,,,,,,,,,104391,34,1.5,21.8,15,92862,31.6,2.5,16.4,685
6/1/2002,Stockport,E08000007,95945,32.7,,2.3,17.6,,605,177898,34.4,2.1,16.6,102511,32.2,2.2,17.6,69823,30.2,2.4,17,69040,40.5,2.8,21.8,,,,,,,,,,,,,,,,,,,107073,34.9,2.6,22.3,24,94959,32.4,2.3,17.5,581
7/1/2002,Stockport,E08000007,98027,33.4,,2.2,18,,648,182345,35.3,2.5,17,104753,32.9,2.2,17.9,71348,30.9,2.2,17.7,70053,41.1,1.5,21.4,,,,,,,,,,,,,,,,,,,108225,35.3,1.1,21.6,14,97059,33.1,2.2,17.9,634
8/1/2002,Stockport,E08000007,100616,34.3,,2.6,18.8,,702,187386,36.2,2.8,17.3,107464,33.7,2.6,18.7,73232,31.7,2.6,18.6,71935,42.2,2.7,22,,,,,,,,,,,,,,,,,,,111045,36.2,2.6,21.5,15,99624,33.9,2.6,18.7,687
9/1/2002,Stockport,E08000007,102309,34.8,,1.7,20.1,,587,190851,36.9,1.8,18.2,109465,34.4,1.9,20.5,74366,32.2,1.5,19.9,72635,42.6,1,22.6,,,,,,,,,,,,,,,,,,,111326,36.3,0.3,20.9,5,101353,34.5,1.7,20.1,582
10/1/2002,Stockport,E08000007,103544,35.3,,1.2,19.5,,559,192665,37.3,1,17.5,110992,34.8,1.4,20.1,75108,32.5,1,19,73693,43.2,1.5,21.8,,,,,,,,,,,,,,,,,,,112540,36.7,1.1,19.3,13,102581,35,1.2,19.5,546
11/1/2002,Stockport,E08000007,103923,35.4,,0.4,19.5,,638,193659,37.5,0.5,17.9,111373,35,0.3,19.8,75341,32.6,0.3,19.2,73988,43.4,0.4,21.5,,,,,,,,,,,,,,,,,,,112396,36.6,-0.1,18.5,12,102975,35.1,0.4,19.5,626
12/1/2002,Stockport,E08000007,104873,35.7,,0.9,18.4,,531,194468,37.6,0.4,17.1,112474,35.3,1,18.6,76033,32.9,0.9,18.4,75046,44,1.4,19.6,,,,,,,,,,,,,,,,,,,113746,37.1,1.2,16.7,17,103905,35.4,0.9,18.4,514
1/1/2003,Stockport,E08000007,107108,36.5,,2.1,20.5,,452,198442,38.4,2,19.1,114614,36,1.9,20.3,77918,33.7,2.5,21.1,76710,45,2.2,21.3,,,,,,,,,,,,,,,,,,,115609,37.7,1.6,17.6,11,106139,36.2,2.1,20.6,441
2/1/2003,Stockport,E08000007,108137,36.8,,1,21,,420,199119,38.5,0.3,19.1,115894,36.4,1.1,21.3,78698,34.1,1,21.5,77611,45.5,1.2,21.6,,,,,,,,,,,,,,,,,,,117136,38.2,1.3,17,6,107145,36.5,0.9,21.2,414
3/1/2003,Stockport,E08000007,110000,37.5,,1.7,22.1,,397,202799,39.2,1.8,20.2,117786,37,1.6,22.3,80071,34.7,1.7,22.4,79057,46.3,1.9,23.5,,,,,,,,,,,,,,,,,,,119871,39.1,2.3,19.1,6,108967,37.1,1.7,22.2,391
4/1/2003,Stockport,E08000007,111502,38,,1.4,21.8,,424,204574,39.6,0.9,19.9,119709,37.6,1.6,22.4,80952,35,1.1,21.5,80503,47.2,1.8,22.8,,,,,,,,,,,,,,,,,,,122523,39.9,2.2,19.1,5,110420,37.6,1.3,21.9,419
5/1/2003,Stockport,E08000007,115007,39.2,,3.1,22.6,,544,210862,40.8,3.1,21,123502,38.8,3.2,23.1,83539,36.2,3.2,22.5,82900,48.6,3,23.4,,,,,,,,,,,,,,,,,,,125983,41.1,2.8,20.7,21,113904,38.8,3.2,22.7,523
6/1/2003,Stockport,E08000007,117683,40.1,,2.3,22.7,,488,214658,41.5,1.8,20.7,126322,39.6,2.3,23.2,85680,37.1,2.6,22.7,85130,49.9,2.7,23.3,,,,,,,,,,,,,,,,,,,129153,42.1,2.5,20.6,38,116547,39.7,2.3,22.7,450
7/1/2003,Stockport,E08000007,120278,41,,2.2,22.7,,546,218837,42.3,1.9,20,129098,40.5,2.2,23.2,87789,38,2.5,23,86681,50.8,1.8,23.7,,,,,,,,,,,,,,,,,,,131756,43,2,21.7,13,119124,40.6,2.2,22.7,533
8/1/2003,Stockport,E08000007,121943,41.5,,1.4,21.2,,621,221237,42.8,1.1,18.1,130826,41.1,1.3,21.7,89186,38.6,1.6,21.8,87907,51.5,1.4,22.2,,,,,,,,,,,,,,,,,,,133668,43.6,1.5,20.4,25,120770,41.2,1.4,21.2,596
9/1/2003,Stockport,E08000007,122975,41.9,,0.8,20.2,,546,223084,43.1,0.8,16.9,131991,41.4,0.9,20.6,90104,39,1,21.2,87948,51.5,0,21.1,,,,,,,,,,,,,,,,,,,133316,43.5,-0.3,19.8,21,121843,41.5,0.9,20.2,525
10/1/2003,Stockport,E08000007,124217,42.3,,1,20,,627,224816,43.5,0.8,16.7,133189,41.8,0.9,20,91219,39.5,1.2,21.5,88953,52.1,1.1,20.7,,,,,,,,,,,,,,,,,,,134340,43.8,0.8,19.4,26,123084,41.9,1,20,601
11/1/2003,Stockport,E08000007,125654,42.8,,1.2,20.9,,588,226906,43.9,0.9,17.2,134734,42.3,1.2,21,92399,40,1.3,22.6,89920,52.7,1.1,21.5,,,,,,,,,,,,,,,,,,,135561,44.2,0.9,20.6,28,124520,42.4,1.2,20.9,560
12/1/2003,Stockport,E08000007,128432,43.7,,2.2,22.5,,618,229747,44.4,1.3,18.1,137603,43.2,2.1,22.3,94821,41,2.6,24.7,92575,54.3,3,23.4,,,,,,,,,,,,,,,,,,,139465,45.5,2.9,22.6,16,127242,43.4,2.2,22.5,602
1/1/2004,Stockport,E08000007,129655,44.2,,1,21.1,,450,231785,44.8,0.9,16.8,138730,43.5,0.8,21,95951,41.5,1.2,23.1,93404,54.7,0.9,21.8,,,,,,,,,,,,,,,,,,,141320,46.1,1.3,22.2,15,128435,43.8,0.9,21,435
2/1/2004,Stockport,E08000007,132219,45,,2,22.3,,453,235451,45.5,1.6,18.2,141215,44.3,1.8,21.8,98236,42.5,2.4,24.8,95513,56,2.3,23.1,,,,,,,,,,,,,,,,,,,146026,47.6,3.3,24.7,12,130925,44.6,1.9,22.2,441
3/1/2004,Stockport,E08000007,132083,45,,-0.1,20.1,,491,235703,45.6,0.1,16.2,140870,44.2,-0.2,19.6,98312,42.6,0.1,22.8,95175,55.8,-0.4,20.4,,,,,,,,,,,,,,,,,,,146434,47.7,0.3,22.2,5,130778,44.6,-0.1,20,486
4/1/2004,Stockport,E08000007,134512,45.8,,1.8,20.6,,620,237627,46,0.8,16.2,143425,45,1.8,19.8,100719,43.6,2.4,24.4,96907,56.8,1.8,20.4,,,,,,,,,,,,,,,,,,,148199,48.3,1.2,21,8,133203,45.4,1.9,20.6,612
5/1/2004,Stockport,E08000007,136531,46.5,,1.5,18.7,,545,238713,46.2,0.5,13.2,145422,45.6,1.4,17.7,102917,44.5,2.2,23.2,98551,57.8,1.7,18.9,,,,,,,,,,,,,,,,,,,149286,48.7,0.7,18.5,17,135227,46.1,1.5,18.7,528
6/1/2004,Stockport,E08000007,141755,48.3,,3.8,20.5,,599,245892,47.6,3,14.6,150950,47.4,3.8,19.5,107272,46.4,4.2,25.2,102590,60.1,4.1,20.5,,,,,,,,,,,,,,,,,,,155200,50.6,4,20.2,10,140396,47.8,3.8,20.5,589
7/1/2004,Stockport,E08000007,144936,49.4,,2.2,20.5,,715,250834,48.5,2,14.6,154381,48.5,2.3,19.6,109822,47.5,2.4,25.1,104733,61.4,2.1,20.8,,,,,,,,,,,,,,,,,,,157769,51.4,1.7,19.7,18,143567,48.9,2.3,20.5,697
8/1/2004,Stockport,E08000007,148868,50.7,,2.7,22.1,,621,258482,50,3,16.8,158506,49.7,2.7,21.2,112745,48.8,2.7,26.4,107291,62.9,2.4,22.1,,,,,,,,,,,,,,,,,,,161289,52.6,2.2,20.7,16,147478,50.3,2.7,22.1,605
9/1/2004,Stockport,E08000007,150559,51.3,,1.1,22.4,,474,262104,50.7,1.4,17.5,160211,50.3,1.1,21.4,114071,49.4,1.2,26.6,108129,63.4,0.8,22.9,,,,,,,,,,,,,,,,,,,161802,52.8,0.3,21.4,13,149181,50.8,1.2,22.4,461
10/1/2004,Stockport,E08000007,152666,52,,1.4,22.9,,432,266022,51.5,1.5,18.3,162201,50.9,1.2,21.8,115696,50.1,1.4,26.8,110190,64.6,1.9,23.9,,,,,,,,,,,,,,,,,,,165603,54,2.3,23.3,10,151236,51.5,1.4,22.9,422
11/1/2004,Stockport,E08000007,152094,51.8,,-0.4,21,,391,264533,51.2,-0.6,16.6,161495,50.7,-0.4,19.9,115379,49.9,-0.3,24.9,110114,64.5,-0.1,22.5,,,,,,,,,,,,,,,,,,,165818,54.1,0.1,22.3,8,150651,51.3,-0.4,21,383
12/1/2004,Stockport,E08000007,152447,51.9,,0.2,18.7,,368,264065,51.1,-0.2,14.9,161639,50.7,0.1,17.5,115962,50.2,0.5,22.3,110966,65,0.8,19.9,,,,,,,,,,,,,,,,,,,167879,54.7,1.2,20.4,8,150965,51.4,0.2,18.6,360
1/1/2005,Stockport,E08000007,153686,52.3,,0.8,18.5,,249,266447,51.5,0.9,15,162670,51.1,0.6,17.3,117145,50.7,1,22.1,111828,65.5,0.8,19.7,,,,,,,,,,,,,,,,,,,171324,55.9,2.1,21.2,5,152148,51.8,0.8,18.5,244
2/1/2005,Stockport,E08000007,154613,52.7,,0.6,16.9,,275,268136,51.9,0.6,13.9,163763,51.4,0.7,16,117770,51,0.5,19.9,112334,65.8,0.5,17.6,,,,,,,,,,,,,,,,,,,174601,56.9,1.9,19.6,10,153000,52.1,0.6,16.9,265
3/1/2005,Stockport,E08000007,154612,52.7,,0,17.1,,311,268275,51.9,0.1,13.8,163862,51.4,0.1,16.3,117729,51,0,19.7,111916,65.6,-0.4,17.6,,,,,,,,,,,,,,,,,,,175474,57.2,0.5,19.8,11,152974,52.1,0,17,300
4/1/2005,Stockport,E08000007,152802,52,,-1.2,13.6,,365,263445,51,-1.8,10.9,162113,50.9,-1.1,13,116575,50.5,-1,15.7,110506,64.8,-1.3,14,,,,,,,,,,,,,,,,,,,174051,56.7,-0.8,17.4,14,151151,51.5,-1.2,13.5,351
5/1/2005,Stockport,E08000007,152865,52.1,,0,12,,361,262869,50.8,-0.2,10.1,161847,50.8,-0.2,11.3,117008,50.6,0.4,13.7,110742,64.9,0.2,12.4,,,,,,,,,,,,,,,,,,,173840,56.7,-0.1,16.4,19,151228,51.5,0.1,11.8,342
6/1/2005,Stockport,E08000007,155321,52.9,,1.6,9.6,,479,265383,51.3,1,7.9,164286,51.6,1.5,8.8,119379,51.7,2,11.3,112571,66,1.7,9.7,,,,,,,,,,,,,,,,,,,176443,57.5,1.5,13.7,20,153668,52.4,1.6,9.5,459
7/1/2005,Stockport,E08000007,157799,53.7,,1.6,8.9,,470,269824,52.2,1.7,7.6,166918,52.4,1.6,8.1,121296,52.5,1.6,10.4,114195,66.9,1.4,9,,,,,,,,,,,,,,,,,,,178390,58.2,1.1,13.1,16,156164,53.2,1.6,8.8,454
8/1/2005,Stockport,E08000007,161131,54.9,,2.1,8.2,,442,275629,53.3,2.2,6.6,170268,53.4,2,7.4,124122,53.7,2.3,10.1,116289,68.2,1.8,8.4,,,,,,,,,,,,,,,,,,,181878,59.3,2,12.8,32,159476,54.3,2.1,8.1,410
9/1/2005,Stockport,E08000007,160096,54.5,,-0.6,6.3,,451,274880,53.2,-0.3,4.9,168991,53,-0.7,5.5,123405,53.4,-0.6,8.2,115236,67.5,-0.9,6.6,,,,,,,,,,,,,,,,,,,180448,58.8,-0.8,11.5,33,158465,54,-0.6,6.2,418
10/1/2005,Stockport,E08000007,160235,54.6,,0.1,5,,428,274888,53.2,0,3.3,168758,53,-0.1,4,123821,53.6,0.3,7,115611,67.8,0.3,4.9,,,,,,,,,,,,,,,,,,,180975,59,0.3,9.3,21,158584,54,0.1,4.9,407
11/1/2005,Stockport,E08000007,158403,53.9,,-1.1,4.1,,400,271083,52.4,-1.4,2.5,166869,52.4,-1.1,3.3,122453,53,-1.1,6.1,114423,67.1,-1,3.9,,,,,,,,,,,,,,,,,,,179214,58.4,-1,8.1,22,156755,53.4,-1.2,4.1,378
12/1/2005,Stockport,E08000007,158914,54.1,,0.3,4.2,,548,270525,52.3,-0.2,2.4,167202,52.5,0.2,3.4,123061,53.3,0.5,6.1,115550,67.7,1,4.1,,,,,,,,,,,,,,,,,,,181064,59,1,7.9,75,157194,53.6,0.3,4.1,473
1/1/2006,Stockport,E08000007,158506,54,,-0.3,3.1,,398,270039,52.2,-0.2,1.3,166726,52.3,-0.3,2.5,122908,53.2,-0.1,4.9,114833,67.3,-0.6,2.7,,,,,,,,,,,,,,,,,,,180757,58.9,-0.2,5.5,36,156782,53.4,-0.3,3,362
2/1/2006,Stockport,E08000007,159324,54.3,,0.5,3,,448,270760,52.4,0.3,1,167338,52.5,0.4,2.2,123827,53.6,0.7,5.1,115728,67.8,0.8,3,,,,,,,,,,,,,,,,,,,183014,59.7,1.2,4.8,41,157503,53.7,0.5,2.9,407
3/1/2006,Stockport,E08000007,159511,54.3,,0.1,3.2,,484,271931,52.6,0.4,1.4,167722,52.6,0.2,2.4,123907,53.6,0.1,5.2,115118,67.5,-0.5,2.9,,,,,,,,,,,,,,,,,,,182928,59.6,0,4.2,55,157697,53.7,0.1,3.1,429
4/1/2006,Stockport,E08000007,161486,55,,1.2,5.7,,513,274042,53,0.8,4,169835,53.3,1.3,4.8,125676,54.4,1.4,7.8,116609,68.3,1.3,5.5,,,,,,,,,,,,,,,,,,,185694,60.5,1.5,6.7,40,159616,54.4,1.2,5.6,473
5/1/2006,Stockport,E08000007,162026,55.2,,0.3,6,,570,275014,53.2,0.4,4.6,170568,53.5,0.4,5.4,126055,54.6,0.3,7.7,116673,68.4,0.1,5.4,,,,,,,,,,,,,,,,,,,185460,60.5,-0.1,6.7,43,160207,54.6,0.4,5.9,527
6/1/2006,Stockport,E08000007,164379,56,,1.5,5.8,,582,278215,53.8,1.2,4.8,173021,54.3,1.4,5.3,128098,55.4,1.6,7.3,118359,69.4,1.4,5.1,,,,,,,,,,,,,,,,,,,187630,61.2,1.2,6.3,36,162568,55.4,1.5,5.8,546
7/1/2006,Stockport,E08000007,164787,56.1,,0.2,4.4,,567,279302,54,0.4,3.5,173363,54.4,0.2,3.9,128624,55.7,0.4,6,118091,69.2,-0.2,3.4,,,,,,,,,,,,,,,,,,,186582,60.8,-0.6,4.6,34,163072,55.6,0.3,4.4,533
8/1/2006,Stockport,E08000007,166632,56.8,,1.1,3.4,,642,282822,54.7,1.3,2.6,175289,55,1.1,2.9,130284,56.4,1.3,5,118652,69.5,0.5,2,,,,,,,,,,,,,,,,,,,186451,60.8,-0.1,2.5,35,165047,56.2,1.2,3.5,607
9/1/2006,Stockport,E08000007,166920,56.8,,0.2,4.3,,602,284390,55,0.6,3.5,175597,55.1,0.2,3.9,130479,56.5,0.1,5.7,118270,69.3,-0.3,2.6,,,,,,,,,,,,,,,,,,,185824,60.6,-0.3,3,33,165396,56.4,0.2,4.4,569
10/1/2006,Stockport,E08000007,168236,57.3,,0.8,5,,649,286953,55.5,0.9,4.4,176990,55.5,0.8,4.9,131308,56.8,0.6,6,119497,70,1,3.4,,,,,,,,,,,,,,,,,,,187339,61.1,0.8,3.5,43,166697,56.8,0.8,5.1,606
11/1/2006,Stockport,E08000007,167851,57.2,,-0.2,6,,600,286284,55.4,-0.2,5.6,176648,55.4,-0.2,5.9,130991,56.7,-0.2,7,119119,69.8,-0.3,4.1,,,,,,,,,,,,,,,,,,,186859,60.9,-0.3,4.3,40,166319,56.7,-0.2,6.1,560
12/1/2006,Stockport,E08000007,168329,57.3,,0.3,5.9,,641,285746,55.3,-0.2,5.6,176948,55.5,0.2,5.8,131724,57,0.6,7,119855,70.2,0.6,3.7,,,,,,,,,,,,,,,,,,,187591,61.2,0.4,3.6,45,166779,56.8,0.3,6.1,596
1/1/2007,Stockport,E08000007,169398,57.7,,0.6,6.9,,461,287559,55.6,0.6,6.5,177991,55.9,0.6,6.8,132758,57.5,0.8,8,120310,70.5,0.4,4.8,,,,,,,,,,,,,,,,,,,188600,61.5,0.5,4.3,19,167851,57.2,0.6,7.1,442
2/1/2007,Stockport,E08000007,169803,57.8,,0.2,6.6,,469,288235,55.7,0.2,6.5,178251,55.9,0.1,6.5,133024,57.6,0.2,7.4,121151,71,0.7,4.7,,,,,,,,,,,,,,,,,,,189675,61.8,0.6,3.6,13,168209,57.3,0.2,6.8,456
3/1/2007,Stockport,E08000007,171029,58.2,,0.7,7.2,,527,291188,56.3,1,7.1,179634,56.4,0.8,7.1,133892,58,0.7,8.1,121524,71.2,0.3,5.6,,,,,,,,,,,,,,,,,,,189829,61.9,0.1,3.8,23,169470,57.7,0.7,7.5,504
4/1/2007,Stockport,E08000007,170691,58.1,,-0.2,5.7,,513,289692,56,-0.5,5.7,179153,56.2,-0.3,5.5,133939,58,0,6.6,121430,71.2,-0.1,4.1,,,,,,,,,,,,,,,,,,,188527,61.5,-0.7,1.5,19,169158,57.6,-0.2,6,494
5/1/2007,Stockport,E08000007,173419,59.1,,1.6,7,,514,293121,56.7,1.2,6.6,181875,57.1,1.5,6.6,136496,59.1,1.9,8.3,123468,72.4,1.7,5.8,,,,,,,,,,,,,,,,,,,192155,62.7,1.9,3.6,12,171846,58.6,1.6,7.3,502
6/1/2007,Stockport,E08000007,176165,60,,1.6,7.2,,609,297216,57.5,1.4,6.8,184563,57.9,1.5,6.7,138913,60.1,1.8,8.4,125636,73.6,1.8,6.1,,,,,,,,,,,,,,,,,,,195448,63.7,1.7,4.2,26,174561,59.5,1.6,7.4,583
7/1/2007,Stockport,E08000007,178423,60.8,,1.3,8.3,,649,302068,58.4,1.6,8.2,186941,58.7,1.3,7.8,140580,60.8,1.2,9.3,126807,74.3,0.9,7.4,,,,,,,,,,,,,,,,,,,198696,64.8,1.7,6.5,13,176779,60.2,1.3,8.4,636
8/1/2007,Stockport,E08000007,179270,61.1,,0.5,7.6,,659,304884,59,0.9,7.8,187892,59,0.5,7.2,141232,61.1,0.5,8.4,126343,74,-0.4,6.5,,,,,,,,,,,,,,,,,,,197086,64.3,-0.8,5.7,10,177684,60.5,0.5,7.7,649
9/1/2007,Stockport,E08000007,178678,60.9,,-0.3,7,,521,304954,59,0,7.2,187235,58.8,-0.3,6.6,140605,60.9,-0.4,7.8,125707,73.7,-0.5,6.3,,,,,,,,,,,,,,,,,,,195898,63.9,-0.6,5.4,10,177110,60.4,-0.3,7.1,511
10/1/2007,Stockport,E08000007,180053,61.3,,0.8,7,,510,308161,59.6,1.1,7.4,188428,59.1,0.6,6.5,141558,61.3,0.7,7.8,127097,74.5,1.1,6.4,,,,,,,,,,,,,,,,,,,196744,64.1,0.4,5,9,178491,60.8,0.8,7.1,501
11/1/2007,Stockport,E08000007,179452,61.1,,-0.3,6.9,,514,307503,59.5,-0.2,7.4,187698,58.9,-0.4,6.3,140855,61,-0.5,7.5,127292,74.6,0.2,6.9,,,,,,,,,,,,,,,,,,,197194,64.3,0.2,5.5,11,177866,60.6,-0.3,6.9,503
12/1/2007,Stockport,E08000007,180209,61.4,,0.4,7.1,,403,308133,59.6,0.2,7.8,188481,59.2,0.4,6.5,141510,61.2,0.5,7.4,128147,75.1,0.7,6.9,,,,,,,,,,,,,,,,,,,199158,64.9,1,6.2,9,178588,60.9,0.4,7.1,394
1/1/2008,Stockport,E08000007,177868,60.6,,-1.3,5,,281,304533,58.9,-1.2,5.9,186036,58.4,-1.3,4.5,139617,60.4,-1.3,5.2,126342,74,-1.4,5,,,,,,,,,,,,,,,,,,,197227,64.3,-1,4.6,7,176251,60.1,-1.3,5,274
2/1/2008,Stockport,E08000007,179167,61,,0.7,5.5,,345,307141,59.4,0.9,6.6,187442,58.8,0.8,5.2,140661,60.9,0.7,5.7,126855,74.3,0.4,4.7,,,,,,,,,,,,,,,,,,,200729,65.4,1.8,5.8,26,177461,60.5,0.7,5.5,319
3/1/2008,Stockport,E08000007,178432,60.8,,-0.4,4.3,,296,307170,59.4,0,5.5,186898,58.7,-0.3,4,139942,60.6,-0.5,4.5,125294,73.4,-1.2,3.1,,,,,,,,,,,,,,,,,,,200037,65.2,-0.3,5.4,18,176724,60.2,-0.4,4.3,278
4/1/2008,Stockport,E08000007,176512,60.1,,-1.1,3.4,,332,304350,58.9,-0.9,5.1,184932,58,-1.1,3.2,138526,60,-1,3.4,123284,72.3,-1.6,1.5,,,,,,,,,,,,,,,,,,,198349,64.7,-0.8,5.2,15,174803,59.6,-1.1,3.3,317
5/1/2008,Stockport,E08000007,176609,60.1,,0.1,1.8,,339,304192,58.8,-0.1,3.8,185126,58.1,0.1,1.8,138731,60,0.1,1.6,123008,72.1,-0.2,-0.4,,,,,,,,,,,,,,,,,,,197251,64.3,-0.6,2.7,18,174950,59.6,0.1,1.8,321
6/1/2008,Stockport,E08000007,174031,59.3,,-1.5,-1.2,,276,299421,57.9,-1.6,0.7,182387,57.2,-1.5,-1.2,136751,59.2,-1.4,-1.6,121409,71.2,-1.3,-3.4,,,,,,,,,,,,,,,,,,,194137,63.3,-1.6,-0.7,12,172406,58.7,-1.5,-1.2,264
7/1/2008,Stockport,E08000007,173521,59.1,,-0.3,-2.7,,271,298448,57.7,-0.3,-1.2,182230,57.2,-0.1,-2.5,136015,58.9,-0.5,-3.2,121035,70.9,-0.3,-4.6,,,,,,,,,,,,,,,,,,,192181,62.7,-1,-3.3,6,171962,58.6,-0.3,-2.7,265
8/1/2008,Stockport,E08000007,168862,57.5,,-2.7,-5.8,,259,291081,56.3,-2.5,-4.5,177276,55.6,-2.7,-5.6,132225,57.2,-2.8,-6.4,117856,69.1,-2.6,-6.7,,,,,,,,,,,,,,,,,,,185218,60.4,-3.6,-6,12,167424,57.1,-2.6,-5.8,247
9/1/2008,Stockport,E08000007,166594,56.7,,-1.3,-6.8,,166,289596,56,-0.5,-5,174668,54.8,-1.5,-6.7,130080,56.3,-1.6,-7.5,116171,68.1,-1.4,-7.6,,,,,,,,,,,,,,,,,,,181928,59.3,-1.8,-7.1,5,165210,56.3,-1.3,-6.7,161
10/1/2008,Stockport,E08000007,165018,56.2,,-0.9,-8.4,,185,287433,55.6,-0.7,-6.7,172773,54.2,-1.1,-8.3,128853,55.8,-0.9,-9,115279,67.6,-0.8,-9.3,,,,,,,,,,,,,,,,,,,180144,58.7,-1,-8.4,8,163649,55.8,-0.9,-8.3,177
11/1/2008,Stockport,E08000007,161221,54.9,,-2.3,-10.2,,168,281499,54.4,-2.1,-8.5,168844,53,-2.3,-10,125649,54.4,-2.5,-10.8,112669,66,-2.3,-11.5,,,,,,,,,,,,,,,,,,,177434,57.9,-1.5,-10,5,159821,54.5,-2.3,-10.1,163
12/1/2008,Stockport,E08000007,157970,53.8,,-2,-12.3,,185,274187,53,-2.6,-11,165563,52,-1.9,-12.2,123414,53.4,-1.8,-12.8,110411,64.7,-2,-13.8,,,,,,,,,,,,,,,,,,,173385,56.5,-2.3,-12.9,17,156619,53.4,-2,-12.3,168
1/1/2009,Stockport,E08000007,154380,52.6,,-2.3,-13.2,,106,268527,51.9,-2.1,-11.8,161660,50.7,-2.4,-13.1,120511,52.2,-2.4,-13.7,108130,63.4,-2.1,-14.4,,,,,,,,,,,,,,,,,,,170251,55.5,-1.8,-13.7,1,153025,52.1,-2.3,-13.2,105
2/1/2009,Stockport,E08000007,152056,51.8,,-1.5,-15.1,,122,264158,51.1,-1.6,-14,159246,50,-1.5,-15,118682,51.4,-1.5,-15.6,106753,62.6,-1.3,-15.8,,,,,,,,,,,,,,,,,,,168122,54.8,-1.3,-16.2,16,150707,51.4,-1.5,-15.1,106
3/1/2009,Stockport,E08000007,151199,51.5,,-0.6,-15.3,,148,262891,50.8,-0.5,-14.4,158372,49.7,-0.5,-15.3,117758,51,-0.8,-15.9,106734,62.6,0,-14.8,,,,,,,,,,,,,,,,,,,169165,55.2,0.6,-15.4,3,149780,51,-0.6,-15.2,145
4/1/2009,Stockport,E08000007,150765,51.3,,-0.3,-14.6,,196,260721,50.4,-0.8,-14.3,158270,49.7,-0.1,-14.4,117642,50.9,-0.1,-15.1,106001,62.1,-0.7,-14,,,,,,,,,,,,,,,,,,,168602,55,-0.3,-15,15,149353,50.9,-0.3,-14.6,181
5/1/2009,Stockport,E08000007,152132,51.8,,0.9,-13.9,,197,262347,50.7,0.6,-13.8,159861,50.2,1,-13.6,119049,51.5,1.2,-14.2,106342,62.3,0.3,-13.5,,,,,,,,,,,,,,,,,,,168622,55,0,-14.5,8,150759,51.4,0.9,-13.8,189
6/1/2009,Stockport,E08000007,151691,51.7,,-0.3,-12.8,,198,261349,50.5,-0.4,-12.7,159589,50.1,-0.2,-12.5,118948,51.5,-0.1,-13,105126,61.6,-1.1,-13.4,,,,,,,,,,,,,,,,,,,166029,54.1,-1.5,-14.5,8,150394,51.2,-0.2,-12.8,190
7/1/2009,Stockport,E08000007,152942,52.1,,0.8,-11.9,,341,263656,51,0.9,-11.7,161044,50.5,0.9,-11.6,120051,52,0.9,-11.7,105215,61.7,0.1,-13.1,,,,,,,,,,,,,,,,,,,165896,54.1,-0.1,-13.7,21,151686,51.7,0.9,-11.8,320
8/1/2009,Stockport,E08000007,153654,52.3,,0.5,-9,,300,266039,51.5,0.9,-8.6,161896,50.8,0.5,-8.7,120433,52.1,0.3,-8.9,104898,61.5,-0.3,-11,,,,,,,,,,,,,,,,,,,165043,53.8,-0.5,-10.9,7,152450,51.9,0.5,-8.9,293
9/1/2009,Stockport,E08000007,155520,53,,1.2,-6.6,,259,269763,52.2,1.4,-6.8,163943,51.5,1.3,-6.1,121798,52.7,1.1,-6.4,105763,62,0.8,-9,,,,,,,,,,,,,,,,,,,166656,54.3,1,-8.4,2,154314,52.6,1.2,-6.6,257
10/1/2009,Stockport,E08000007,156078,53.2,,0.4,-5.4,,329,271268,52.5,0.6,-5.6,164608,51.7,0.4,-4.7,122134,52.9,0.3,-5.2,105739,62,0,-8.3,,,,,,,,,,,,,,,,,,,166251,54.2,-0.2,-7.7,6,154904,52.8,0.4,-5.3,323
11/1/2009,Stockport,E08000007,158200,53.9,,1.4,-1.9,,315,274885,53.2,1.3,-2.3,166688,52.3,1.3,-1.3,124103,53.7,1.6,-1.2,107028,62.7,1.2,-5,,,,,,,,,,,,,,,,,,,168562,55,1.4,-5,11,157008,53.5,1.4,-1.8,304
12/1/2009,Stockport,E08000007,159932,54.5,,1.1,1.2,,407,276597,53.5,0.6,0.9,168573,52.9,1.1,1.8,126001,54.5,1.5,2.1,107885,63.2,0.8,-2.3,,,,,,,,,,,,,,,,,,,169567,55.3,0.6,-2.2,15,158757,54.1,1.1,1.4,392
1/1/2010,Stockport,E08000007,159203,54.2,,-0.5,3.1,,157,276166,53.4,-0.2,2.8,168078,52.7,-0.3,4,125125,54.2,-0.7,3.8,106653,62.5,-1.1,-1.4,,,,,,,,,,,,,,,,,,,166075,54.1,-2.1,-2.5,2,158133,53.9,-0.4,3.3,155
2/1/2010,Stockport,E08000007,157838,53.8,,-0.9,3.8,,208,274017,53,-0.8,3.7,167143,52.5,-0.6,5,123724,53.6,-1.1,4.2,104851,61.4,-1.7,-1.8,,,,,,,,,,,,,,,,,,,163871,53.4,-1.3,-2.5,5,156850,53.4,-0.8,4.1,203
3/1/2010,Stockport,E08000007,157394,53.6,,-0.3,4.1,,256,275704,53.3,0.6,4.9,166792,52.3,-0.2,5.3,122577,53.1,-0.9,4.1,104056,61,-0.8,-2.5,,,,,,,,,,,,,,,,,,,163290,53.2,-0.4,-3.5,12,156476,53.3,-0.2,4.5,244
4/1/2010,Stockport,E08000007,157060,53.5,,-0.2,4.2,,233,274308,53.1,-0.5,5.2,166430,52.2,-0.2,5.2,122532,53,0,4.2,104029,61,0,-1.9,,,,,,,,,,,,,,,,,,,164264,53.6,0.6,-2.6,5,156124,53.2,-0.2,4.5,228
5/1/2010,Stockport,E08000007,159612,54.4,,1.6,4.9,,251,278698,53.9,1.6,6.2,168920,53,1.5,5.7,124626,53.9,1.7,4.7,106162,62.2,2,-0.2,,,,,,,,,,,,,,,,,,,166250,54.2,1.2,-1.4,4,158671,54.1,1.6,5.2,247
6/1/2010,Stockport,E08000007,158878,54.1,,-0.5,4.7,,302,276577,53.5,-0.8,5.8,168206,52.8,-0.4,5.4,124410,53.8,-0.2,4.6,105322,61.7,-0.8,0.2,,,,,,,,,,,,,,,,,,,164034,53.5,-1.3,-1.2,3,157962,53.8,-0.4,5,299
7/1/2010,Stockport,E08000007,160533,54.7,,1,5,,325,280522,54.3,1.4,6.4,169843,53.3,1,5.5,125695,54.4,1,4.7,105852,62,0.5,0.6,,,,,,,,,,,,,,,,,,,164425,53.6,0.2,-0.9,3,159627,54.4,1.1,5.2,322
8/1/2010,Stockport,E08000007,159570,54.3,,-0.6,3.9,,305,279603,54.1,-0.3,5.1,169184,53.1,-0.4,4.5,124546,53.9,-0.9,3.4,104473,61.2,-1.3,-0.4,,,,,,,,,,,,,,,,,,,162928,53.1,-0.9,-1.3,5,158678,54.1,-0.6,4.1,300
9/1/2010,Stockport,E08000007,159354,54.3,,-0.1,2.5,,246,280705,54.3,0.4,4.1,168959,53,-0.1,3.1,124031,53.7,-0.4,1.8,103886,60.9,-0.6,-1.8,,,,,,,,,,,,,,,,,,,163271,53.2,0.2,-2,2,158454,54,-0.1,2.7,244
10/1/2010,Stockport,E08000007,158329,53.9,,-0.6,1.4,,284,279034,54,-0.6,2.9,168007,52.7,-0.6,2.1,123006,53.2,-0.8,0.7,103275,60.5,-0.6,-2.3,,,,,,,,,,,,,,,,,,,164290,53.6,0.6,-1.2,3,157404,53.6,-0.7,1.6,281
11/1/2010,Stockport,E08000007,159004,54.2,,0.4,0.5,,280,280857,54.3,0.7,2.2,168544,52.9,0.3,1.1,123482,53.4,0.4,-0.5,103814,60.8,0.5,-3,,,,,,,,,,,,,,,,,,,165832,54.1,0.9,-1.6,3,158063,53.9,0.4,0.7,277
12/1/2010,Stockport,E08000007,160247,54.6,,0.8,0.2,,252,282675,54.7,0.6,2.2,170034,53.4,0.9,0.9,124335,53.8,0.7,-1.3,104729,61.4,0.9,-2.9,,,,,,,,,,,,,,,,,,,168431,54.9,1.6,-0.7,,159280,54.3,0.8,0.3,252
1/1/2011,Stockport,E08000007,159453,54.3,,-0.5,0.2,,173,282352,54.6,-0.1,2.2,169088,53.1,-0.6,0.6,123442,53.4,-0.7,-1.3,104282,61.1,-0.4,-2.2,,,,,,,,,,,,,,,,,,,168823,55,0.2,1.7,2,158472,54,-0.5,0.2,171
2/1/2011,Stockport,E08000007,155674,53,,-2.4,-1.4,,183,276708,53.5,-2,1,164878,51.7,-2.5,-1.4,120402,52.1,-2.5,-2.7,101788,59.7,-2.4,-2.9,,,,,,,,,,,,,,,,,,,165826,54.1,-1.8,1.2,4,154704,52.7,-2.4,-1.4,179
3/1/2011,Stockport,E08000007,154695,52.7,,-0.6,-1.7,,248,276645,53.5,0,0.3,163640,51.4,-0.8,-1.9,119348,51.7,-0.9,-2.6,101062,59.2,-0.7,-2.9,,,,,,,,,,,,,,,,,,,165559,54,-0.2,1.4,5,153718,52.4,-0.6,-1.8,243
4/1/2011,Stockport,E08000007,155756,53,,0.7,-0.8,,248,278023,53.8,0.5,1.4,164738,51.7,0.7,-1,120366,52.1,0.9,-1.8,101750,59.6,0.7,-2.2,,,,,,,,,,,,,,,,,,,166722,54.4,0.7,1.5,5,154772,52.7,0.7,-0.9,243
5/1/2011,Stockport,E08000007,157531,53.7,,1.1,-1.3,,243,279565,54.1,0.6,0.3,166836,52.4,1.3,-1.2,121822,52.7,1.2,-2.3,103391,60.6,1.6,-2.6,,,,,,,,,,,,,,,,,,,169760,55.3,1.8,2.1,1,156515,53.3,1.1,-1.4,242
6/1/2011,Stockport,E08000007,157306,53.6,,-0.1,-1,,244,276811,53.5,-1,0.1,166928,52.4,0.1,-0.8,121957,52.8,0.1,-2,103445,60.6,0.1,-1.8,,,,,,,,,,,,,,,,,,,168450,54.9,-0.8,2.7,7,156311,53.3,-0.1,-1,237
7/1/2011,Stockport,E08000007,156592,53.3,,-0.5,-2.5,,343,274922,53.2,-0.7,-2,166293,52.2,-0.4,-2.1,121390,52.5,-0.5,-3.4,103171,60.5,-0.3,-2.5,,,,,,,,,,,,,,,,,,,167842,54.7,-0.4,2.1,9,155598,53,-0.5,-2.5,334
8/1/2011,Stockport,E08000007,155816,53.1,,-0.5,-2.4,,300,274098,53,-0.3,-2,165676,52,-0.4,-2.1,120751,52.3,-0.5,-3,101720,59.6,-1.4,-2.6,,,,,,,,,,,,,,,,,,,165458,53.9,-1.4,1.6,2,154856,52.8,-0.5,-2.4,298
9/1/2011,Stockport,E08000007,156264,53.2,,0.3,-1.9,,322,276336,53.4,0.8,-1.6,166002,52.1,0.2,-1.7,121031,52.4,0.2,-2.4,101432,59.4,-0.3,-2.4,,,,,,,,,,,,,,,,,,,165063,53.8,-0.2,1.1,1,155318,52.9,0.3,-2,321
10/1/2011,Stockport,E08000007,156782,53.4,,0.3,-1,,297,277996,53.8,0.6,-0.4,166790,52.3,0.5,-0.7,121177,52.4,0.1,-1.5,101117,59.3,-0.3,-2.1,,,,,,,,,,,,,,,,,,,165069,53.8,0,0.5,9,155842,53.1,0.3,-1,288
11/1/2011,Stockport,E08000007,156161,53.2,,-0.4,-1.8,,291,277217,53.6,-0.3,-1.3,166008,52.1,-0.5,-1.5,120500,52.2,-0.6,-2.4,101289,59.4,0.2,-2.4,,,,,,,,,,,,,,,,,,,165410,53.9,0.2,-0.3,12,155207,52.9,-0.4,-1.8,279
12/1/2011,Stockport,E08000007,156119,53.2,,0,-2.6,,333,275844,53.4,-0.5,-2.4,166174,52.2,0.1,-2.3,120528,52.2,0,-3.1,101565,59.5,0.3,-3,,,,,,,,,,,,,,,,,,,166390,54.3,0.6,-1.2,9,155146,52.9,0,-2.6,324
1/1/2012,Stockport,E08000007,155685,53,,-0.3,-2.4,,220,274053,53,-0.6,-2.9,165779,52,-0.2,-2,120497,52.2,0,-2.4,101173,59.3,-0.4,-3,147373,53.7,,,60,157844,52.4,,,160,128271,52.7,,,186587,52.7,,,165725,54,-0.4,-1.8,1,154718,52.7,-0.3,-2.4,219
2/1/2012,Stockport,E08000007,158973,54.1,,2.1,2.1,,238,279472,54.1,2,1,169264,53.1,2.1,2.7,123499,53.5,2.5,2.6,102505,60.1,1.3,0.7,151466,55.2,2.8,,70,162245,53.9,2.8,,168,131784,54.1,2.7,,191838,54.2,2.8,,168141,54.8,1.5,1.4,10,158012,53.8,2.1,2.1,228
3/1/2012,Stockport,E08000007,157534,53.7,,-0.9,1.8,,309,276224,53.4,-1.2,-0.2,167602,52.6,-1,2.4,122862,53.2,-0.5,2.9,101408,59.4,-1.1,0.3,149952,54.7,-1,,82,160502,53.3,-1.1,,227,130726,53.7,-0.8,,189516,53.6,-1.2,,166513,54.3,-1,0.6,12,156582,53.4,-0.9,1.9,297
4/1/2012,Stockport,E08000007,157577,53.7,,0,1.2,,213,276375,53.5,0.1,-0.6,167532,52.6,0,1.7,122813,53.2,0,2,101913,59.7,0.5,0.2,150068,54.7,0.1,,54,160515,53.3,0,,159,130718,53.7,0,,189608,53.6,0,,166519,54.3,0,-0.1,13,156626,53.4,0,1.2,200
5/1/2012,Stockport,E08000007,155922,53.1,,-1.1,-1,,260,272850,52.8,-1.3,-2.4,165837,52,-1,-0.6,121503,52.6,-1.1,-0.3,101254,59.3,-0.6,-2.1,148603,54.2,-1,,58,158784,52.7,-1.1,,202,129481,53.2,-0.9,,187492,53,-1.1,,165204,53.9,-0.8,-2.7,9,154968,52.8,-1.1,-1,251
6/1/2012,Stockport,E08000007,157072,53.5,,0.7,-0.1,,235,274841,53.2,0.7,-0.7,167025,52.4,0.7,0.1,122480,53,0.8,0.4,101922,59.7,0.7,-1.5,149591,54.5,0.7,,66,159999,53.1,0.8,,169,130284,53.5,0.6,,189013,53.4,0.8,,165993,54.1,0.5,-1.5,10,156124,53.2,0.7,-0.1,225
7/1/2012,Stockport,E08000007,158281,53.9,,0.8,1.1,,339,276763,53.5,0.7,0.7,168187,52.8,0.7,1.1,123741,53.6,1,1.9,102420,60,0.5,-0.7,150677,54.9,0.7,,104,161257,53.6,0.8,,235,131314,54,0.8,,190441,53.8,0.8,,165532,54,-0.3,-1.4,3,157375,53.6,0.8,1.1,336
8/1/2012,Stockport,E08000007,157918,53.8,,-0.2,1.3,,320,275994,53.4,-0.3,0.7,167761,52.7,-0.3,1.3,123798,53.6,0,2.5,101571,59.5,-0.8,-0.1,150178,54.8,-0.3,,104,160950,53.5,-0.2,,216,130993,53.8,-0.2,,190024,53.7,-0.2,,163609,53.3,-1.2,-1.1,5,157059,53.5,-0.2,1.4,315
9/1/2012,Stockport,E08000007,158928,54.1,,0.6,1.7,,254,278859,53.9,1,0.9,168795,53,0.6,1.7,124339,53.8,0.4,2.7,101981,59.8,0.4,0.5,151113,55.1,0.6,,70,161989,53.8,0.6,,184,131740,54.1,0.6,,191321,54.1,0.7,,164005,53.5,0.2,-0.6,3,158082,53.9,0.7,1.8,251
10/1/2012,Stockport,E08000007,160333,54.6,,0.9,2.3,,333,281134,54.4,0.8,1.1,170435,53.5,1,2.2,125365,54.3,0.8,3.5,102814,60.3,0.8,1.7,152417,55.6,0.9,,90,163434,54.3,0.9,,243,132927,54.6,0.9,,192993,54.6,0.9,,167584,54.6,2.2,1.5,11,159419,54.3,0.8,2.3,322
11/1/2012,Stockport,E08000007,160818,54.8,,0.3,3,,357,282261,54.6,0.4,1.8,170973,53.7,0.3,3,125583,54.4,0.2,4.2,103217,60.5,0.4,1.9,152918,55.8,0.3,,89,163912,54.4,0.3,,268,133315,54.8,0.3,,193589,54.7,0.3,,170201,55.5,1.6,2.9,16,159840,54.5,0.3,3,341
12/1/2012,Stockport,E08000007,160191,54.6,,-0.4,2.6,,270,281010,54.4,-0.4,1.9,170401,53.5,-0.3,2.5,125129,54.2,-0.4,3.8,102589,60.1,-0.6,1,152276,55.5,-0.4,,72,163292,54.2,-0.4,,198,132814,54.6,-0.4,,192818,54.5,-0.4,,171366,55.9,0.7,3,9,159165,54.2,-0.4,2.6,261
1/1/2013,Stockport,E08000007,158096,53.8,,-1.3,1.5,,197,277852,53.7,-1.1,1.4,168369,52.8,-1.2,1.6,123244,53.3,-1.5,2.3,100858,59.1,-1.7,-0.3,150187,54.8,-1.4,1.9,70,161196,53.5,-1.3,2.1,127,130963,53.8,-1.4,2.1,190401,53.8,-1.3,2,168098,54.8,-1.9,1.4,3,157113,53.5,-1.3,1.5,194
2/1/2013,Stockport,E08000007,158837,54.1,,0.5,-0.1,,232,279542,54.1,0.6,0,169187,53.1,0.5,0,123742,53.6,0.4,0.2,101137,59.3,0.3,-1.3,150821,55,0.4,-0.4,63,161977,53.8,0.5,-0.2,169,131517,54,0.4,-0.2,191358,54.1,0.5,-0.2,167880,54.7,-0.1,-0.2,3,157879,53.8,0.5,-0.1,229
3/1/2013,Stockport,E08000007,157476,53.6,,-0.9,0,,258,277769,53.7,-0.6,0.6,167746,52.6,-0.9,0.1,122436,53,-1.1,-0.3,100331,58.8,-0.8,-1.1,149568,54.5,-0.8,-0.3,80,160566,53.3,-0.9,0,178,130296,53.5,-0.9,-0.3,189812,53.7,-0.8,0.2,166323,54.2,-0.9,-0.1,4,156542,53.3,-0.8,0,254
4/1/2013,Stockport,E08000007,157961,53.8,,0.3,0.2,,277,278451,53.9,0.2,0.8,168052,52.7,0.2,0.3,123144,53.3,0.6,0.3,100588,59,0.3,-1.3,150019,54.7,0.3,0,103,161066,53.5,0.3,0.3,174,130794,53.7,0.4,0.1,190317,53.8,0.3,0.4,168343,54.9,1.2,1.1,8,156995,53.5,0.3,0.2,269
5/1/2013,Stockport,E08000007,158060,53.8,,0.1,1.4,,353,278101,53.8,-0.1,1.9,168224,52.8,0.1,1.4,123233,53.3,0.1,1.4,100895,59.1,0.3,-0.4,150084,54.7,0,1,104,161181,53.5,0.1,1.5,249,130893,53.8,0.1,1.1,190423,53.8,0.1,1.6,169196,55.2,0.5,2.4,10,157078,53.5,0.1,1.4,343
6/1/2013,Stockport,E08000007,161082,54.9,,1.9,2.6,,316,282174,54.6,1.5,2.7,171517,53.8,2,2.7,125970,54.5,2.2,2.8,102786,60.2,1.9,0.8,152856,55.7,1.8,2.2,103,164311,54.6,1.9,2.7,213,133514,54.9,2,2.5,193967,54.8,1.9,2.6,171685,56,1.5,3.4,11,160096,54.6,1.9,2.5,305
7/1/2013,Stockport,E08000007,163634,55.7,,1.6,3.4,,368,286443,55.4,1.5,3.5,174193,54.7,1.6,3.6,128035,55.4,1.6,3.5,104542,61.3,1.7,2.1,155296,56.6,1.6,3.1,117,166906,55.4,1.6,3.5,251,135612,55.7,1.6,3.3,197055,55.7,1.6,3.5,173077,56.4,0.8,4.6,6,162659,55.4,1.6,3.4,362
8/1/2013,Stockport,E08000007,163682,55.7,,0,3.6,,439,286444,55.4,0,3.8,174311,54.7,0.1,3.9,128170,55.5,0.1,3.5,104226,61.1,-0.3,2.6,155288,56.6,0,3.4,133,166981,55.5,0,3.7,306,135616,55.7,0,3.5,197142,55.7,0,3.7,172615,56.3,-0.3,5.5,6,162717,55.4,0,3.6,433
9/1/2013,Stockport,E08000007,164922,56.2,,0.8,3.8,,301,289942,56.1,1.2,4,175564,55.1,0.7,4,128783,55.7,0.5,3.6,104894,61.5,0.6,2.9,156533,57.1,0.8,3.6,87,168211,55.9,0.7,3.8,214,136484,56.1,0.6,3.6,198765,56.2,0.8,3.9,174370,56.9,1,6.3,11,163940,55.9,0.8,3.7,290
10/1/2013,Stockport,E08000007,165174,56.3,,0.2,3,,399,291221,56.3,0.4,3.6,176014,55.2,0.3,3.3,128597,55.7,-0.1,2.6,104742,61.4,-0.1,1.9,156738,57.1,0.1,2.8,129,168486,56,0.2,3.1,270,136576,56.1,0.1,2.7,199165,56.3,0.2,3.2,175714,57.3,0.8,4.9,7,164170,55.9,0.1,3,392
11/1/2013,Stockport,E08000007,165761,56.5,,0.4,3.1,,468,292454,56.6,0.4,3.6,176722,55.5,0.4,3.4,128864,55.8,0.2,2.6,105161,61.6,0.4,1.9,157375,57.4,0.4,2.9,146,169045,56.1,0.3,3.1,322,137090,56.3,0.4,2.8,199850,56.5,0.3,3.2,177042,57.7,0.8,4,4,164740,56.1,0.3,3.1,464
12/1/2013,Stockport,E08000007,165118,56.2,,-0.4,3.1,,377,289725,56,-0.9,3.1,176302,55.3,-0.2,3.5,128529,55.6,-0.3,2.7,105008,61.5,-0.1,2.4,156763,57.2,-0.4,2.9,118,168391,55.9,-0.4,3.1,259,136785,56.2,-0.2,3,198890,56.2,-0.5,3.1,177083,57.7,0,3.3,10,164087,55.9,-0.4,3.1,367
1/1/2014,Stockport,E08000007,164715,56.1,,-0.2,4.2,,383,288394,55.8,-0.5,3.8,175777,55.2,-0.3,4.4,128458,55.6,-0.1,4.2,104975,61.5,0,4.1,156466,57.1,-0.2,4.2,107,167937,55.8,-0.3,4.2,276,136658,56.2,-0.1,4.3,198233,56,-0.3,4.1,176644,57.6,-0.2,5.1,2,163686,55.8,-0.2,4.2,381
2/1/2014,Stockport,E08000007,165881,56.5,,0.7,4.4,,324,290533,56.2,0.7,3.9,176930,55.5,0.7,4.6,129536,56.1,0.8,4.7,105541,61.9,0.5,4.4,157522,57.4,0.7,4.4,99,169148,56.2,0.7,4.4,225,137783,56.6,0.8,4.8,199499,56.4,0.6,4.3,178599,58.2,1.1,6.4,7,164828,56.2,0.7,4.4,317
3/1/2014,Stockport,E08000007,166923,56.8,,0.6,6,,384,292633,56.6,0.7,5.4,178078,55.9,0.6,6.2,130395,56.4,0.7,6.5,105802,62,0.2,5.5,158470,57.8,0.6,6,109,170228,56.5,0.6,6,275,138711,57,0.7,6.5,200684,56.7,0.6,5.7,179478,58.5,0.5,7.9,11,165866,56.5,0.6,6,373
4/1/2014,Stockport,E08000007,167843,57.2,,0.6,6.3,,386,293766,56.8,0.4,5.5,179015,56.2,0.5,6.5,131434,56.9,0.8,6.7,106166,62.2,0.3,5.5,159254,58.1,0.5,6.2,120,171207,56.9,0.6,6.3,266,139584,57.4,0.6,6.7,201693,57,0.5,6,181074,59,0.9,7.6,13,166766,56.8,0.5,6.2,373
5/1/2014,Stockport,E08000007,170324,58,,1.5,7.8,,481,297064,57.5,1.1,6.8,181716,57,1.5,8,133613,57.8,1.7,8.4,107894,63.2,1.6,6.9,161578,58.9,1.5,7.7,128,173750,57.7,1.5,7.8,353,141725,58.2,1.5,8.3,204602,57.8,1.4,7.4,184155,60,1.7,8.8,10,169220,57.7,1.5,7.7,471
6/1/2014,Stockport,E08000007,172683,58.8,,1.4,7.2,,403,300896,58.2,1.3,6.6,184197,57.8,1.4,7.4,135646,58.7,1.5,7.7,109296,64.1,1.3,6.3,163787,59.7,1.4,7.2,126,176170,58.5,1.4,7.2,277,143726,59.1,1.4,7.6,207402,58.6,1.4,6.9,186233,60.7,1.1,8.5,16,171576,58.5,1.4,7.2,387
7/1/2014,Stockport,E08000007,174862,59.6,,1.3,6.9,,448,304570,58.9,1.2,6.3,186638,58.6,1.3,7.1,137434,59.5,1.3,7.3,110354,64.7,1,5.6,165781,60.4,1.2,6.8,139,178427,59.3,1.3,6.9,309,145527,59.8,1.3,7.3,210032,59.4,1.3,6.6,187555,61.2,0.7,8.4,12,173766,59.2,1.3,6.8,436
8/1/2014,Stockport,E08000007,176288,60,,0.8,7.7,,491,307556,59.5,1,7.4,188231,59.1,0.9,8,138509,59.9,0.8,8.1,110819,64.9,0.4,6.3,167046,60.9,0.8,7.6,136,179920,59.8,0.8,7.7,355,146604,60.2,0.7,8.1,211843,59.9,0.9,7.5,187027,61,-0.3,8.3,14,175234,59.7,0.8,7.7,477
9/1/2014,Stockport,E08000007,177019,60.3,,0.4,7.3,,481,309257,59.8,0.6,6.7,188906,59.3,0.4,7.6,139044,60.2,0.4,8,111273,65.2,0.4,6.1,167757,61.2,0.4,7.2,142,180658,60,0.4,7.4,339,147159,60.5,0.4,7.8,212769,60.1,0.4,7,186681,60.9,-0.2,7.1,5,175988,60,0.4,7.3,476
10/1/2014,Stockport,E08000007,176745,60.2,,-0.2,7,,498,308982,59.8,-0.1,6.1,188621,59.2,-0.2,7.2,138637,60,-0.3,7.8,111335,65.2,0.1,6.3,167571,61.1,-0.1,6.9,143,180345,59.9,-0.2,7,355,146968,60.4,-0.1,7.6,212406,60,-0.2,6.6,186390,60.8,-0.2,6.1,10,175715,59.9,-0.2,7,488
11/1/2014,Stockport,E08000007,174783,59.5,,-1.1,5.4,,388,305940,59.2,-1,4.6,186553,58.5,-1.1,5.6,136836,59.2,-1.3,6.2,110303,64.6,-0.9,4.9,165796,60.5,-1.1,5.4,129,178305,59.2,-1.1,5.5,259,145343,59.7,-1.1,6,210043,59.4,-1.1,5.1,184174,60,-1.2,4,19,173769,59.2,-1.1,5.5,369
12/1/2014,Stockport,E08000007,173878,59.2,,-0.5,5.3,,445,304726,58.9,-0.4,5.2,185572,58.2,-0.5,5.3,135957,58.8,-0.6,5.8,109848,64.4,-0.4,4.6,164979,60.2,-0.5,5.2,132,177363,58.9,-0.5,5.3,313,144602,59.4,-0.5,5.7,208945,59.1,-0.5,5.1,184636,60.2,0.3,4.3,14,172834,58.9,-0.5,5.3,431
1/1/2015,Stockport,E08000007,177190,60.3,,1.9,7.6,,315,310542,60.1,1.9,7.7,189219,59.4,2,7.6,138443,59.9,1.8,7.8,111899,65.6,1.9,6.6,168106,61.3,1.9,7.4,89,180748,60,1.9,7.6,226,147334,60.5,1.9,7.8,212944,60.2,1.9,7.4,189236,61.7,2.5,7.1,8,176099,60,1.9,7.6,307
2/1/2015,Stockport,E08000007,178487,60.8,,0.7,7.6,,322,312634,60.5,0.7,7.6,190354,59.7,0.6,7.6,139669,60.5,0.9,7.8,112957,66.2,0.9,7,169370,61.8,0.8,7.5,98,182057,60.5,0.7,7.6,224,148497,61,0.8,7.8,214425,60.6,0.7,7.5,192648,62.8,1.8,7.9,9,177340,60.4,0.7,7.6,313
3/1/2015,Stockport,E08000007,179111,61,,0.3,7.3,,356,314078,60.7,0.5,7.3,191241,60,0.5,7.4,139847,60.5,0.1,7.2,113300,66.4,0.3,7.1,169892,61.9,0.3,7.2,110,182725,60.7,0.4,7.3,246,148890,61.2,0.3,7.3,215292,60.9,0.4,7.3,193746,63.2,0.6,7.9,6,177950,60.6,0.3,7.3,350
4/1/2015,Stockport,E08000007,177869,60.6,,-0.7,6,,383,312282,60.4,-0.6,6.3,189818,59.6,-0.7,6,138933,60.1,-0.7,5.7,112360,65.8,-0.8,5.8,168680,61.5,-0.7,5.9,125,181473,60.3,-0.7,6,258,147854,60.8,-0.7,5.9,213803,60.4,-0.7,6,191801,62.5,-1,5.9,23,176728,60.2,-0.7,6,360
5/1/2015,Stockport,E08000007,178660,60.8,,0.4,4.9,,419,313306,60.6,0.3,5.5,191000,59.9,0.6,5.1,139424,60.3,0.4,4.3,112619,66,0.2,4.4,169337,61.7,0.4,4.8,128,182321,60.5,0.5,4.9,291,148527,61,0.5,4.8,214739,60.7,0.4,5,190693,62.2,-0.6,3.6,5,177552,60.5,0.5,4.9,414
6/1/2015,Stockport,E08000007,181877,61.9,,1.8,5.3,,410,318338,61.6,1.6,5.8,194457,61,1.8,5.6,142394,61.6,2.1,5,114020,66.8,1.2,4.3,172281,62.8,1.7,5.2,112,185649,61.7,1.8,5.4,298,151322,62.2,1.9,5.3,218489,61.8,1.7,5.3,191857,62.6,0.6,3,11,180793,61.6,1.8,5.4,399
7/1/2015,Stockport,E08000007,182884,62.3,,0.6,4.6,,510,319429,61.8,0.3,4.9,195799,61.5,0.7,4.9,143178,62,0.6,4.2,114513,67.1,0.4,3.8,173144,63.1,0.5,4.4,129,186717,62,0.6,4.6,381,152170,62.5,0.6,4.6,219690,62.1,0.5,4.6,191501,62.4,-0.2,2.1,15,181822,62,0.6,4.6,495
8/1/2015,Stockport,E08000007,184507,62.8,,0.9,4.7,,477,322574,62.4,1,4.9,197506,62,0.9,4.9,144555,62.6,1,4.4,115165,67.5,0.6,3.9,174665,63.7,0.9,4.6,147,188381,62.6,0.9,4.7,330,153457,63.1,0.8,4.7,221700,62.7,0.9,4.7,192515,62.8,0.5,2.9,32,183448,62.5,0.9,4.7,445
9/1/2015,Stockport,E08000007,184424,62.8,,0,4.2,,459,323868,62.6,0.4,4.7,197234,61.9,-0.1,4.4,144122,62.4,-0.3,3.7,115365,67.6,0.2,3.7,174694,63.7,0,4.1,136,188249,62.5,-0.1,4.2,323,153198,62.9,-0.2,4.1,221783,62.7,0,4.2,192959,62.9,0.2,3.4,21,183356,62.5,-0.1,4.2,438
10/1/2015,Stockport,E08000007,185735,63.3,,0.7,5.1,,552,327113,63.3,1,5.9,198641,62.3,0.7,5.3,144976,62.7,0.6,4.6,115920,67.9,0.5,4.1,175952,64.2,0.7,5,149,189580,63,0.7,5.1,400,154194,63.4,0.7,4.9,223447,63.2,0.8,5.2,193697,63.2,0.4,3.9,14,184671,62.9,0.7,5.1,538
11/1/2015,Stockport,E08000007,186935,63.7,,0.6,7,,461,329664,63.8,0.8,7.8,200044,62.8,0.7,7.2,145635,63,0.5,6.4,116711,68.4,0.7,5.8,177104,64.6,0.7,6.8,138,190797,63.4,0.6,7,323,155119,63.7,0.6,6.7,224959,63.6,0.7,7.1,195596,63.8,1,6.2,8,185851,63.3,0.6,7,453
12/1/2015,Stockport,E08000007,186557,63.5,,-0.2,7.3,,385,328479,63.5,-0.4,7.8,199830,62.7,-0.1,7.7,145444,63,-0.1,7,116171,68.1,-0.5,5.8,176669,64.4,-0.2,7.1,102,190447,63.2,-0.2,7.4,282,154911,63.7,-0.1,7.1,224403,63.4,-0.2,7.4,196371,64,0.4,6.4,7,185453,63.2,-0.2,7.3,378
1/1/2016,Stockport,E08000007,188215,64.1,,0.9,6.2,,315,330855,64,0.7,6.5,201844,63.3,1,6.7,146681,63.5,0.9,5.9,117149,68.7,0.8,4.7,178165,65,0.8,6,97,192171,63.8,0.9,6.3,216,156287,64.2,0.9,6.1,226398,64,0.9,6.3,198647,64.8,1.2,5,12,187091,63.8,0.9,6.2,303
2/1/2016,Stockport,E08000007,188532,64.2,,0.2,5.6,,426,331603,64.1,0.2,6.1,202163,63.4,0.2,6.2,147019,63.6,0.2,5.3,117077,68.6,-0.1,3.6,178394,65,0.1,5.3,123,192526,63.9,0.2,5.8,301,156580,64.3,0.2,5.4,226750,64.1,0.2,5.7,198281,64.6,-0.2,2.9,13,187420,63.9,0.2,5.7,413
3/1/2016,Stockport,E08000007,189139,64.4,,0.3,5.6,,648,333382,64.5,0.5,6.1,202741,63.6,0.3,6,147270,63.7,0.2,5.3,117627,68.9,0.5,3.8,178958,65.3,0.3,5.3,247,193150,64.1,0.3,5.7,400,156950,64.5,0.2,5.4,227609,64.3,0.4,5.7,195231,63.7,-1.5,0.8,15,188096,64.1,0.4,5.7,633
4/1/2016,Stockport,E08000007,189103,64.4,,0,6.3,,364,332713,64.4,-0.2,6.5,202519,63.6,-0.1,6.7,147599,63.9,0.2,6.2,117647,68.9,0,4.7,178974,65.3,0,6.1,90,193092,64.1,0,6.4,273,157184,64.6,0.1,6.3,227315,64.3,-0.1,6.3,197201,64.3,1,2.8,22,188022,64.1,0,6.4,342
5/1/2016,Stockport,E08000007,193008,65.7,,2.1,8,,356,337734,65.3,1.5,7.8,206564,64.8,2,8.1,150996,65.4,2.3,8.3,120855,70.8,2.7,7.3,182848,66.7,2.2,8,86,197002,65.4,2,8.1,270,160771,66.1,2.3,8.2,231685,65.5,1.9,7.9,206089,67.2,4.5,8.1,14,191812,65.4,2,8,342
6/1/2016,Stockport,E08000007,196309,66.9,,1.7,7.9,,396,341988,66.1,1.3,7.4,210019,65.9,1.7,8,154011,66.7,2,8.2,123162,72.2,1.9,8,186103,67.9,1.8,8,84,200314,66.5,1.7,7.9,312,163890,67.3,1.9,8.3,235293,66.5,1.6,7.7,213579,69.6,3.6,11.3,24,195014,66.5,1.7,7.9,372
7/1/2016,Stockport,E08000007,198881,67.7,,1.3,8.7,,539,346700,67.1,1.4,8.5,212643,66.7,1.2,8.6,156023,67.5,1.3,9,124918,73.2,1.4,9.1,188577,68.8,1.3,8.9,142,202923,67.4,1.3,8.7,397,165916,68.2,1.2,9,238492,67.4,1.4,8.6,216171,70.5,1.2,12.9,13,197573,67.3,1.3,8.7,526
8/1/2016,Stockport,E08000007,200738,68.4,,0.9,8.8,,469,350969,67.9,1.2,8.8,214632,67.4,0.9,8.7,157246,68.1,0.8,8.8,125893,73.8,0.8,9.3,190329,69.4,0.9,9,116,204822,68,0.9,8.7,353,167303,68.7,0.8,9,240874,68.1,1,8.6,215034,70.1,-0.5,11.7,13,199478,68,1,8.7,456
9/1/2016,Stockport,E08000007,202550,69,,0.9,9.8,,423,354488,68.6,1,9.5,216852,68.1,1,9.9,158357,68.5,0.7,9.9,126830,74.3,0.7,9.9,191942,70,0.8,9.9,116,206717,68.7,0.9,9.8,307,168618,69.3,0.8,10.1,243233,68.8,1,9.7,215808,70.4,0.4,11.8,19,201301,68.6,0.9,9.8,404
10/1/2016,Stockport,E08000007,202113,68.8,,-0.2,8.8,,373,354733,68.6,0.1,8.4,216480,67.9,-0.2,9,157339,68.1,-0.6,8.5,127133,74.5,0.2,9.7,191687,69.9,-0.1,8.9,96,206201,68.5,-0.2,8.8,277,168126,69.1,-0.3,9,242830,68.6,-0.2,8.7,216407,70.6,0.3,11.7,23,200846,68.4,-0.2,8.8,350
11/1/2016,Stockport,E08000007,200608,68.3,,-0.7,7.3,,453,353585,68.4,-0.3,7.3,214944,67.5,-0.7,7.4,155548,67.3,-1.1,6.8,126375,74.1,-0.6,8.3,190314,69.4,-0.7,7.5,129,204642,68,-0.8,7.3,324,166667,68.5,-0.9,7.4,241220,68.2,-0.7,7.2,217050,70.8,0.3,11,21,199307,67.9,-0.8,7.2,432
12/1/2016,Stockport,E08000007,199118,67.8,,-0.7,6.7,,424,351581,68,-0.6,7,213160,66.9,-0.8,6.7,154215,66.7,-0.9,6,125829,73.7,-0.4,8.3,188985,68.9,-0.7,7,122,203085,67.4,-0.8,6.6,302,165460,68,-0.7,6.8,239400,67.7,-0.8,6.7,217370,70.9,0.1,10.7,27,197790,67.4,-0.8,6.7,397
1/1/2017,Stockport,E08000007,199060,67.8,,0,5.8,,315,351889,68.1,0.1,6.4,213093,66.9,0,5.6,154146,66.7,0,5.1,125583,73.6,-0.2,7.2,188836,68.9,-0.1,6,81,203067,67.4,0,5.7,234,165383,68,0,5.8,239357,67.7,0,5.7,218752,71.3,0.6,10.1,16,197705,67.4,0,5.7,299
2/1/2017,Stockport,E08000007,199498,67.9,,0.2,5.8,,399,351839,68.1,0,6.1,213248,66.9,0.1,5.5,154761,67,0.4,5.3,126513,74.1,0.7,8.1,189394,69.1,0.3,6.2,108,203457,67.6,0.2,5.7,291,165982,68.2,0.4,6,239669,67.7,0.1,5.7,219179,71.5,0.2,10.5,24,198140,67.5,0.2,5.7,375
3/1/2017,Stockport,E08000007,200019,68.1,,0.3,5.8,,427,352803,68.2,0.3,5.8,213775,67.1,0.2,5.4,155039,67.1,0.2,5.3,127152,74.5,0.5,8.1,189987,69.3,0.3,6.2,126,203950,67.7,0.2,5.6,301,166424,68.4,0.3,6,240293,67.9,0.3,5.6,220903,72,0.8,13.1,30,198635,67.7,0.3,5.6,397
4/1/2017,Stockport,E08000007,203426,69.3,,1.7,7.6,,408,358484,69.3,1.6,7.7,217109,68.1,1.6,7.2,157898,68.3,1.8,7,129754,76,2,10.3,193336,70.5,1.8,8,140,207377,68.9,1.7,7.4,268,169397,69.6,1.8,7.8,244259,69,1.7,7.5,223113,72.7,1,13.1,9,202045,68.8,1.7,7.5,399
5/1/2017,Stockport,E08000007,206305,70.3,,1.4,6.9,,402,362663,70.1,1.2,7.4,220515,69.2,1.6,6.8,160065,69.3,1.4,6,131609,77.1,1.4,8.9,196037,71.5,1.4,7.2,150,210327,69.9,1.4,6.8,252,171862,70.6,1.5,6.9,247655,70,1.4,6.9,225933,73.7,1.3,9.6,18,204912,69.8,1.4,6.8,384
6/1/2017,Stockport,E08000007,209846,71.5,,1.7,6.9,,471,367369,71.1,1.3,7.4,224311,70.4,1.7,6.8,163139,70.6,1.9,5.9,134197,78.6,2,9,199427,72.7,1.7,7.2,157,213926,71,1.7,6.8,314,174948,71.9,1.8,6.7,251780,71.2,1.7,7,227641,74.2,0.8,6.6,22,208466,71,1.7,6.9,449
7/1/2017,Stockport,E08000007,210580,71.7,,0.3,5.9,,473,367572,71.1,0.1,6,225353,70.7,0.5,6,163711,70.9,0.4,4.9,134830,79,0.5,7.9,200142,73,0.4,6.1,137,214667,71.3,0.3,5.8,336,175614,72.2,0.4,5.8,252612,71.4,0.3,5.9,228025,74.3,0.2,5.5,29,209203,71.3,0.4,5.9,444
8/1/2017,Stockport,E08000007,210811,71.8,,0.1,5,,497,368118,71.2,0.1,4.9,225415,70.7,0,5,164182,71.1,0.3,4.4,134699,78.9,-0.1,7,200249,73,0.1,5.2,135,214949,71.4,0.1,4.9,362,175648,72.2,0,5,253034,71.5,0.2,5,226897,74,-0.5,5.5,42,209458,71.4,0.1,5,455
9/1/2017,Stockport,E08000007,211154,71.9,,0.2,4.2,,519,370151,71.6,0.6,4.4,225786,70.9,0.2,4.1,164232,71.1,0,3.7,134390,78.8,-0.2,6,200456,73.1,0.1,4.4,143,215348,71.5,0.2,4.2,376,175711,72.2,0,4.2,253650,71.7,0.2,4.3,228078,74.4,0.5,5.7,39,209784,71.5,0.2,4.2,480
10/1/2017,Stockport,E08000007,209704,71.4,,-0.7,3.8,,479,368637,71.3,-0.4,3.9,224300,70.4,-0.7,3.6,162957,70.5,-0.8,3.6,132940,77.9,-1.1,4.6,198953,72.5,-0.8,3.8,163,213921,71,-0.7,3.7,316,174358,71.6,-0.8,3.7,252042,71.2,-0.6,3.8,227254,74.1,-0.4,5,57,208330,71,-0.7,3.7,422
11/1/2017,Stockport,E08000007,211033,71.9,,0.6,5.2,,433,371376,71.8,0.7,5,226006,70.9,0.8,5.1,163647,70.8,0.4,5.2,133589,78.3,0.5,5.7,200214,73,0.6,5.2,115,215276,71.5,0.6,5.2,318,175464,72.1,0.6,5.3,253638,71.7,0.6,5.1,228852,74.6,0.7,5.4,20,209647,71.4,0.6,5.2,413
12/1/2017,Stockport,E08000007,211115,71.9,,0,6,,415,370713,71.7,-0.2,5.4,226250,71,0.1,6.1,163810,70.9,0.1,6.2,133641,78.3,0,6.2,200313,73,0,6,93,215351,71.5,0,6,322,175674,72.2,0.1,6.2,253606,71.7,0,5.9,228860,74.6,0,5.3,34,209730,71.5,0,6,381
1/1/2018,Stockport,E08000007,213778,72.8,,1.3,7.4,,347,375159,72.6,1.2,6.6,229347,72,1.4,7.6,165670,71.7,1.1,7.5,135375,79.3,1.3,7.8,202776,73.9,1.2,7.4,90,218094,72.4,1.3,7.4,257,177867,73.1,1.2,7.5,256827,72.6,1.3,7.3,232844,75.9,1.7,6.4,20,212356,72.4,1.3,7.4,327
2/1/2018,Stockport,E08000007,213999,72.9,,0.1,7.3,,358,376337,72.8,0.3,7,229495,72,0.1,7.6,165960,71.8,0.2,7.2,134998,79.1,-0.3,6.7,202741,73.9,0,7,99,218424,72.5,0.2,7.4,259,178024,73.1,0.1,7.3,257087,72.7,0.1,7.3,238358,77.7,2.4,8.8,18,212385,72.4,0,7.2,340
3/1/2018,Stockport,E08000007,214969,73.2,,0.5,7.5,,419,378206,73.2,0.5,7.2,230699,72.4,0.5,7.9,166722,72.2,0.5,7.5,135181,79.2,0.1,6.3,203527,74.2,0.4,7.1,111,219469,72.9,0.5,7.6,308,178752,73.4,0.4,7.4,258294,73,0.5,7.5,240272,78.3,0.8,8.8,41,213366,72.7,0.5,7.4,378
4/1/2018,Stockport,E08000007,214449,73,,-0.2,5.4,,322,376932,72.9,-0.3,5.1,230097,72.2,-0.3,6,166872,72.2,0.1,5.7,134146,78.6,-0.8,3.4,202908,74,-0.3,5,89,218994,72.7,-0.2,5.6,233,178395,73.3,-0.2,5.3,257579,72.8,-0.3,5.5,239782,78.2,-0.2,7.5,24,212845,72.5,-0.2,5.3,298
5/1/2018,Stockport,E08000007,216765,73.8,,1.1,5.1,,418,380083,73.5,0.8,4.8,232891,73.1,1.2,5.6,168851,73.1,1.2,5.5,135218,79.2,0.8,2.7,205064,74.8,1.1,4.6,86,221376,73.5,1.1,5.3,332,180277,74.1,1.1,4.9,260415,73.6,1.1,5.2,237955,77.6,-0.8,5.3,19,215380,73.4,1.2,5.1,399
6/1/2018,Stockport,E08000007,218191,74.3,,0.7,4,,451,382555,74,0.7,4.1,234667,73.6,0.8,4.6,169778,73.5,0.5,4.1,135962,79.7,0.5,1.3,206350,75.2,0.6,3.5,112,222859,74,0.7,4.2,338,181363,74.5,0.6,3.7,262244,74.1,0.7,4.2,238832,77.9,0.4,4.9,52,216834,73.9,0.7,4,399
7/1/2018,Stockport,E08000007,221955,75.6,,1.7,5.4,,452,389986,75.4,1.9,6.1,238689,74.9,1.7,5.9,172456,74.6,1.6,5.3,138300,81.1,1.7,2.6,209914,76.5,1.7,4.9,102,226702,75.3,1.7,5.6,350,184339,75.7,1.6,5,266948,75.5,1.8,5.7,242109,78.9,1.4,6.2,20,220620,75.2,1.7,5.5,432
8/1/2018,Stockport,E08000007,222201,75.7,,0.1,5.4,,570,391039,75.6,0.3,6.2,239010,75,0.1,6,172463,74.6,0,5,138287,81,0,2.7,210100,76.6,0.1,4.9,126,226975,75.4,0.1,5.6,444,184446,75.8,0.1,5,267357,75.6,0.2,5.7,243402,79.4,0.5,7.3,23,220809,75.2,0.1,5.4,547
9/1/2018,Stockport,E08000007,225385,76.8,,1.4,6.7,,415,397393,76.9,1.6,7.4,242329,76.1,1.4,7.3,175019,75.8,1.5,6.6,139857,82,1.1,4.1,213024,77.7,1.4,6.3,104,230266,76.5,1.4,6.9,310,187002,76.8,1.4,6.4,271290,76.7,1.5,7,247120,80.6,1.5,8.3,29,223960,76.3,1.4,6.8,386
10/1/2018,Stockport,E08000007,226153,77,,0.3,7.8,,477,399056,77.2,0.4,8.3,243233,76.3,0.4,8.4,175460,75.9,0.3,7.7,140270,82.2,0.3,5.5,213747,77.9,0.3,7.4,97,231052,76.7,0.3,8,380,187648,77.1,0.3,7.6,272205,76.9,0.3,8,248813,81.1,0.7,9.5,30,224678,76.6,0.3,7.8,447
11/1/2018,Stockport,E08000007,226292,77.1,,0.1,7.2,,472,400115,77.4,0.3,7.7,243371,76.4,0.1,7.7,175372,75.9,0,7.2,140231,82.2,0,5,213928,78,0.1,6.8,135,231172,76.8,0.1,7.4,337,187662,77.1,0,7,272491,77,0.1,7.4,247043,80.5,-0.7,7.9,33,224921,76.6,0.1,7.3,439
12/1/2018,Stockport,E08000007,225832,76.9,,-0.2,7,,369,398715,77.1,-0.3,7.6,242914,76.2,-0.2,7.4,174961,75.7,-0.2,6.8,140336,82.2,0.1,5,213578,77.9,-0.2,6.6,99,230664,76.6,-0.2,7.1,270,187435,77,-0.1,6.7,271757,76.8,-0.3,7.2,246918,80.5,-0.1,7.9,25,224444,76.5,-0.2,7,344
1/1/2019,Stockport,E08000007,224751,76.5,,-0.5,5.1,,314,397465,76.9,-0.3,5.9,241997,75.9,-0.4,5.5,173766,75.2,-0.7,4.9,139413,81.7,-0.7,3,212482,77.5,-0.5,4.8,85,229593,76.2,-0.5,5.3,229,186391,76.6,-0.6,4.8,270627,76.5,-0.4,5.4,245436,80,-0.6,5.4,9,223385,76.1,-0.5,5.2,305
2/1/2019,Stockport,E08000007,224560,76.5,,-0.1,4.9,,329,397428,76.9,0,5.6,241752,75.9,-0.1,5.3,173548,75.1,-0.1,4.6,139361,81.7,0,3.2,212250,77.4,-0.1,4.7,85,229423,76.2,-0.1,5,244,186393,76.6,0,4.7,270157,76.4,-0.2,5.1,250981,81.8,2.3,5.3,14,222855,75.9,-0.2,4.9,315
3/1/2019,Stockport,E08000007,222022,75.6,,-1.1,3.3,,363,393428,76.1,-1,4,239340,75.1,-1,3.7,171389,74.2,-1.2,2.8,137186,80.4,-1.6,1.5,209653,76.4,-1.2,3,88,226914,75.4,-1.1,3.4,275,184227,75.7,-1.2,3.1,267125,75.5,-1.1,3.4,250132,81.6,-0.3,4.1,34,220218,75,-1.2,3.2,329
4/1/2019,Stockport,E08000007,222761,75.9,,0.3,3.9,,393,393604,76.1,0,4.4,240065,75.3,0.3,4.3,172505,74.7,0.7,3.4,137503,80.6,0.2,2.5,210339,76.7,0.3,3.7,86,227674,75.6,0.3,4,307,185102,76.1,0.5,3.8,267655,75.7,0.2,3.9,252423,82.3,0.9,5.3,38,220860,75.3,0.3,3.8,355
5/1/2019,Stockport,E08000007,224731,76.5,,0.9,3.7,,375,395821,76.6,0.6,4.1,242436,76.1,1,4.1,174393,75.5,1.1,3.3,138308,81.1,0.6,2.3,212050,77.3,0.8,3.4,76,229744,76.3,0.9,3.8,299,186693,76.7,0.9,3.6,270087,76.3,0.9,3.7,251205,81.9,-0.5,5.6,38,223027,76,1,3.6,337
6/1/2019,Stockport,E08000007,227533,77.5,,1.2,4.3,,425,399980,77.4,1.1,4.6,245493,77,1.3,4.6,176757,76.5,1.4,4.1,140103,82.1,1.3,3,214721,78.3,1.3,4.1,80,232597,77.2,1.2,4.4,343,188987,77.7,1.2,4.2,273499,77.3,1.3,4.3,251830,82.1,0.2,5.4,58,225966,77,1.3,4.2,367
7/1/2019,Stockport,E08000007,228241,77.7,,0.3,2.8,,423,401108,77.6,0.3,2.9,246214,77.3,0.3,3.2,177347,76.8,0.3,2.8,140632,82.4,0.4,1.7,215283,78.5,0.3,2.6,94,233359,77.5,0.3,2.9,329,189573,77.9,0.3,2.8,274353,77.6,0.3,2.8,253177,82.5,0.5,4.6,28,226634,77.2,0.3,2.7,395
8/1/2019,Stockport,E08000007,227583,77.5,,-0.3,2.4,,539,400033,77.4,-0.3,2.3,245463,77,-0.3,2.7,177034,76.6,-0.2,2.7,139899,82,-0.5,1.2,214534,78.2,-0.3,2.1,110,232735,77.3,-0.3,2.5,424,188945,77.6,-0.3,2.4,273674,77.4,-0.2,2.4,251928,82.1,-0.5,3.5,52,226014,77,-0.3,2.4,487
9/1/2019,Stockport,E08000007,228937,78,,0.6,1.6,,418,402974,77.9,0.7,1.4,246457,77.3,0.4,1.7,178417,77.2,0.8,1.9,140788,82.5,0.6,0.7,215799,78.7,0.6,1.3,94,234124,77.8,0.6,1.7,323,190108,78.1,0.6,1.7,275250,77.8,0.6,1.5,255540,83.3,1.4,3.4,47,227225,77.4,0.5,1.5,371
10/1/2019,Stockport,E08000007,229890,78.3,,0.4,1.7,,468,404526,78.2,0.4,1.4,247917,77.8,0.6,1.9,178829,77.4,0.2,1.9,141112,82.7,0.2,0.6,216686,79,0.4,1.4,114,235102,78.1,0.4,1.8,348,190717,78.4,0.3,1.6,276644,78.2,0.5,1.6,255284,83.2,-0.1,2.6,22,228252,77.8,0.5,1.6,446
11/1/2019,Stockport,E08000007,232255,79.1,,1,2.6,,435,409171,79.1,1.1,2.3,250834,78.7,1.2,3.1,180187,78,0.8,2.7,142349,83.4,0.9,1.5,218914,79.8,1,2.3,99,237522,78.9,1,2.7,327,192539,79.1,1,2.6,279685,79.1,1.1,2.6,255448,83.3,0.1,3.4,27,230760,78.6,1.1,2.6,408
12/1/2019,Stockport,E08000007,231993,79,,-0.1,2.7,,359,408689,79,-0.1,2.5,250867,78.7,0,3.3,179856,77.8,-0.2,2.8,141741,83.1,-0.4,1,218645,79.7,-0.1,2.4,77,237262,78.8,-0.1,2.9,279,192323,79,-0.1,2.6,279368,79,-0.1,2.8,252232,82.2,-1.3,2.2,34,230686,78.6,0,2.8,325
1/1/2020,Stockport,E08000007,232952,79.3,,0.4,3.6,,347,410878,79.5,0.5,3.4,251915,79.1,0.4,4.1,180649,78.2,0.4,4,141889,83.2,0.1,1.8,219372,80,0.3,3.2,66,238308,79.1,0.4,3.8,267,193121,79.4,0.4,3.6,280517,79.3,0.4,3.7,255073,83.2,1.1,3.9,27,231527,78.9,0.4,3.6,320
2/1/2020,Stockport,E08000007,233120,79.4,,0.1,3.8,,347,411467,79.6,0.1,3.5,251911,79.1,0,4.2,181045,78.4,0.2,4.3,141713,83.1,-0.1,1.7,219504,80,0.1,3.4,82,238491,79.2,0.1,4,255,193398,79.5,0.1,3.8,280532,79.3,0,3.8,257519,84,1,2.6,38,231604,78.9,0,3.9,309
3/1/2020,Stockport,E08000007,231988,79,,-0.5,4.5,,353,409960,79.3,-0.4,4.2,250832,78.7,-0.4,4.8,179952,77.9,-0.6,5,140785,82.5,-0.7,2.6,218284,79.6,-0.6,4.1,81,237394,78.8,-0.5,4.6,261,192366,79,-0.5,4.4,279303,79,-0.4,4.6,259458,84.6,0.8,3.7,46,230302,78.5,-0.6,4.6,307
4/1/2020,Stockport,E08000007,232135,79.1,,0.1,4.2,,115,411684,79.6,0.4,4.6,250795,78.7,0,4.5,180325,78,0.2,4.5,139931,82,-0.6,1.8,218234,79.6,0,3.8,29,237605,78.9,0.1,4.4,79,192438,79.1,0,4,279544,79,0.1,4.4,260520,84.9,0.4,3.2,8,230377,78.5,0,4.3,107
5/1/2020,Stockport,E08000007,231641,78.9,,-0.2,3.1,,153,411351,79.6,-0.1,3.9,250463,78.6,-0.1,3.3,179484,77.7,-0.5,2.9,139729,81.9,-0.1,1,217691,79.4,-0.2,2.7,32,237126,78.7,-0.2,3.2,121,191979,78.9,-0.2,2.8,279017,78.9,-0.2,3.3,263279,85.8,1.1,4.8,,229621,78.2,-0.3,3,153
6/1/2020,Stockport,E08000007,233727,79.6,,0.9,2.7,,262,414451,80.2,0.8,3.6,252950,79.4,1,3,181243,78.4,1,2.5,140573,82.4,0.6,0.3,219609,80.1,0.9,2.3,69,239274,79.5,0.9,2.9,188,193677,79.6,0.9,2.5,281569,79.6,0.9,3,262659,85.6,-0.2,4.3,5,231933,79,1,2.6,257
7/1/2020,Stockport,E08000007,235821,80.3,,0.9,3.3,,338,416342,80.5,0.5,3.8,255389,80.2,1,3.7,182870,79.2,0.9,3.1,142547,83.5,1.4,1.4,221714,80.8,1,3,78,241373,80.2,0.9,3.4,256,195444,80.3,0.9,3.1,284049,80.3,0.9,3.5,262141,85.5,-0.2,3.5,19,234238,79.8,1,3.4,319
8/1/2020,Stockport,E08000007,238864,81.4,,1.3,5,,361,421821,81.6,1.3,5.4,258883,81.2,1.4,5.5,185461,80.3,1.4,4.8,143458,84.1,0.6,2.5,224369,81.8,1.2,4.6,82,244555,81.2,1.3,5.1,277,197739,81.2,1.2,4.7,288017,81.4,1.4,5.2,263036,85.8,0.3,4.4,21,237459,80.9,1.4,5.1,340
9/1/2020,Stockport,E08000007,242513,82.6,,1.5,5.9,,410,429799,83.1,1.9,6.7,262845,82.5,1.5,6.6,188130,81.4,1.4,5.4,145014,85,1.1,3,227612,83,1.4,5.5,95,248351,82.5,1.6,6.1,302,200454,82.4,1.4,5.4,292823,82.8,1.7,6.4,268367,87.5,2,5,26,240978,82.1,1.5,6.1,384
10/1/2020,Stockport,E08000007,244735,83.4,,0.9,6.5,,488,435077,84.2,1.2,7.6,265276,83.3,0.9,7,189847,82.2,0.9,6.2,145500,85.3,0.3,3.1,229711,83.8,0.9,6,117,250622,83.2,0.9,6.6,364,202069,83,0.8,6,295802,83.6,1,6.9,268517,87.5,0.1,5.2,3,243376,82.9,1,6.6,485
11/1/2020,Stockport,E08000007,247592,84.3,,1.2,6.6,,419,440415,85.2,1.2,7.6,268080,84.1,1.1,6.9,192243,83.2,1.3,6.7,147340,86.3,1.3,3.5,232634,84.8,1.3,6.3,95,253469,84.2,1.1,6.7,310,204383,84,1.1,6.2,299313,84.6,1.2,7,268319,87.5,-0.1,5,7,246492,84,1.3,6.8,412
12/1/2020,Stockport,E08000007,249769,85.1,,0.9,7.7,,504,444073,85.9,0.8,8.7,270189,84.8,0.8,7.7,194326,84.1,1.1,8,148572,87.1,0.8,4.8,234773,85.6,0.9,7.4,122,255667,84.9,0.9,7.8,377,206252,84.7,0.9,7.2,301849,85.3,0.8,8,268582,87.6,0.1,6.5,5,248833,84.8,0.9,7.9,499
1/1/2021,Stockport,E08000007,251548,85.7,,0.7,8,,440,444356,85.9,0.1,8.1,272023,85.4,0.7,8,196046,84.9,0.9,8.5,150945,88.5,1.6,6.4,236650,86.3,0.8,7.9,102,257421,85.5,0.7,8,338,208025,85.5,0.9,7.7,303595,85.8,0.6,8.2,267857,87.3,-0.3,5,8,250827,85.5,0.8,8.3,432
2/1/2021,Stockport,E08000007,251587,85.7,,0,7.9,,599,440783,85.3,-0.8,7.1,271777,85.3,-0.1,7.9,196781,85.2,0.4,8.7,152452,89.3,1,7.6,236866,86.4,0.1,7.9,139,257404,85.5,0,7.9,460,208627,85.7,0.3,7.9,302893,85.6,-0.2,8,267734,87.3,0,4,18,250906,85.5,0,8.3,581
3/1/2021,Stockport,E08000007,252217,85.9,,0.3,8.7,,714,438175,84.7,-0.6,6.9,272164,85.4,0.1,8.5,197780,85.6,0.5,9.9,154730,90.7,1.5,9.9,237705,86.7,0.4,8.9,179,257969,85.7,0.2,8.7,534,209620,86.1,0.5,9,303031,85.7,0,8.5,268828,87.6,0.4,3.6,23,251546,85.7,0.3,9.2,691
4/1/2021,Stockport,E08000007,252161,85.9,,0,8.6,,442,438178,84.7,0,6.4,271589,85.2,-0.2,8.3,198183,85.8,0.2,9.9,154864,90.8,0.1,10.7,237600,86.6,0,8.9,129,257929,85.7,0,8.6,313,209843,86.2,0.1,9,302614,85.5,-0.1,8.3,272128,88.7,1.2,4.5,9,251283,85.6,-0.1,9.1,433
5/1/2021,Stockport,E08000007,251527,85.7,,-0.3,8.6,,387,438123,84.7,0,6.5,270819,85,-0.3,8.1,197629,85.5,-0.3,10.1,154130,90.3,-0.5,10.3,236950,86.4,-0.3,8.8,87,257296,85.4,-0.2,8.5,300,209254,86,-0.3,9,301932,85.3,-0.2,8.2,271641,88.6,-0.2,3.2,7,250638,85.4,-0.3,9.2,380
6/1/2021,Stockport,E08000007,257053,87.5,,2.2,10,,927,447066,86.5,2,7.9,276332,86.7,2,9.2,202814,87.8,2.6,11.9,157270,92.2,2,11.9,242252,88.3,2.2,10.3,224,262918,87.3,2.2,9.9,701,213969,87.9,2.3,10.5,308413,87.2,2.1,9.5,273272,89.1,0.6,4,16,256418,87.4,2.3,10.6,911
7/1/2021,Stockport,E08000007,255313,87,,-0.7,8.3,,300,445305,86.1,-0.4,7,274648,86.2,-0.6,7.5,201025,87,-0.9,9.9,155847,91.3,-0.9,9.3,240617,87.7,-0.7,8.5,66,261137,86.7,-0.7,8.2,234,212445,87.3,-0.7,8.7,306423,86.6,-0.6,7.9,271956,88.7,-0.5,3.7,4,254650,86.8,-0.7,8.7,296
8/1/2021,Stockport,E08000007,256652,87.4,,0.5,7.4,,396,448990,86.8,0.8,6.4,276529,86.8,0.7,6.8,201766,87.3,0.4,8.8,155553,91.2,-0.2,8.4,241602,88.1,0.4,7.7,101,262594,87.2,0.6,7.4,294,213283,87.6,0.4,7.9,308390,87.2,0.6,7.1,270786,88.3,-0.4,2.9,14,256150,87.3,0.6,7.9,382
9/1/2021,Stockport,E08000007,255511,87,,-0.4,5.4,,722,448604,86.8,-0.1,4.4,275692,86.5,-0.3,4.9,200400,86.7,-0.7,6.5,153950,90.2,-1,6.2,240254,87.6,-0.6,5.6,197,261513,86.8,-0.4,5.3,525,212205,87.2,-0.5,5.9,307188,86.8,-0.4,4.9,270116,88.1,-0.2,0.7,26,254977,86.9,-0.5,5.8,696
10/1/2021,Stockport,E08000007,260649,88.8,,2,6.5,,251,460280,89,2.6,5.8,281610,88.4,2.1,6.2,203811,88.2,1.7,7.4,155897,91.4,1.3,7.1,244907,89.3,1.9,6.6,64,266828,88.6,2,6.5,187,215954,88.7,1.8,6.9,314042,88.8,2.2,6.2,270050,88,0,0.6,10,260446,88.7,2.1,7,241
11/1/2021,Stockport,E08000007,265282,90.3,,1.8,7.1,,337,469425,90.8,2,6.6,286772,90,1.8,7,207093,89.6,1.6,7.7,158427,92.8,1.6,7.5,249244,90.9,1.8,7.1,105,271576,90.2,1.8,7.1,232,219634,90.2,1.7,7.5,319831,90.4,1.8,6.9,275822,89.9,2.1,2.8,13,265014,90.3,1.8,7.5,324
12/1/2021,Stockport,E08000007,267088,91,,0.7,6.9,,393,474606,91.8,1.1,6.9,289036,90.7,0.8,7,208044,90,0.5,7.1,158555,92.9,0.1,6.7,250823,91.5,0.6,6.8,106,273463,90.8,0.7,7,287,220821,90.7,0.5,7.1,322412,91.1,0.8,6.8,275816,89.9,0,2.7,36,266941,91,0.7,7.3,357
1/1/2022,Stockport,E08000007,271081,92.3,,1.5,7.8,,329,479636,92.8,1.1,7.9,293610,92.1,1.6,7.9,211768,91.7,1.8,8,160469,94,1.2,6.3,254282,92.7,1.4,7.5,99,277643,92.2,1.5,7.9,230,224292,92.2,1.6,7.8,327008,92.4,1.4,7.7,279635,91.2,1.4,4.4,7,270951,92.3,1.5,8,322
2/1/2022,Stockport,E08000007,273714,93.2,,1,8.8,,349,483363,93.5,0.8,9.7,296392,93,0.9,9.1,214186,92.7,1.1,8.8,162236,95.1,1.1,6.4,256695,93.6,0.9,8.4,101,280355,93.1,1,8.9,248,226724,93.2,1.1,8.7,329902,93.3,0.9,8.9,283841,92.5,1.5,6,21,273667,93.3,1,9.1,328
3/1/2022,Stockport,E08000007,275056,93.7,,0.5,9.1,,392,486006,94,0.5,10.9,298305,93.6,0.6,9.6,214826,93,0.3,8.6,162756,95.4,0.3,5.2,257750,94,0.4,8.4,112,281794,93.6,0.5,9.2,278,227813,93.6,0.5,8.7,331565,93.7,0.5,9.4,289085,94.3,1.8,7.5,27,274900,93.7,0.5,9.3,365
4/1/2022,Stockport,E08000007,277061,94.4,,0.7,9.9,,425,489163,94.6,0.6,11.6,300135,94.2,0.6,10.5,216907,93.9,1,9.4,163975,96.1,0.7,5.9,259660,94.7,0.7,9.3,132,283838,94.3,0.7,10,291,229610,94.3,0.8,9.4,333850,94.4,0.7,10.3,292246,95.3,1.1,7.4,23,276897,94.4,0.7,10.2,402
5/1/2022,Stockport,E08000007,277143,94.4,,0,10.2,,325,488678,94.5,-0.1,11.5,300400,94.3,0.1,10.9,217297,94.1,0.2,10,163308,95.7,-0.4,6,259504,94.6,-0.1,9.5,79,284000,94.3,0.1,10.4,246,229690,94.4,0,9.8,333936,94.4,0,10.6,289467,94.4,-1,6.6,25,276996,94.4,0,10.5,300
6/1/2022,Stockport,E08000007,282846,96.3,,2.1,10,,348,497561,96.2,1.8,11.3,306482,96.2,2,10.9,222220,96.2,2.3,9.6,166910,97.8,2.2,6.1,264809,96.6,2,9.3,99,289855,96.3,2.1,10.2,247,234594,96.4,2.1,9.6,340635,96.3,2,10.4,293035,95.5,1.2,7.2,18,282709,96.3,2.1,10.3,330
7/1/2022,Stockport,E08000007,286365,97.5,,1.2,12.2,,408,502745,97.2,1,12.9,310690,97.5,1.4,13.1,225191,97.5,1.3,12,168323,98.6,0.8,8,267773,97.6,1.1,11.3,116,293572,97.5,1.3,12.4,290,237547,97.6,1.3,11.8,344841,97.5,1.2,12.5,296350,96.6,1.1,9,16,286229,97.5,1.2,12.4,392
8/1/2022,Stockport,E08000007,293349,99.9,,2.4,14.3,,458,514147,99.4,2.3,14.5,318273,99.9,2.4,15.1,231232,100.1,2.7,14.6,171864,100.7,2.1,10.5,274137,100,2.4,13.5,118,300788,99.9,2.5,14.5,337,243331,100,2.4,14.1,353260,99.9,2.4,14.5,303584,99,2.4,12.1,23,293210,99.9,2.4,14.5,435
9/1/2022,Stockport,E08000007,295047,100.5,,0.6,15.5,,419,517431,100.1,0.6,15.3,320074,100.5,0.6,16.1,232953,100.8,0.7,16.2,171739,100.6,-0.1,11.6,275439,100.4,0.5,14.6,116,302624,100.5,0.6,15.7,301,244637,100.5,0.5,15.3,355403,100.5,0.6,15.7,304471,99.3,0.3,12.7,11,294911,100.5,0.6,15.7,408
10/1/2022,Stockport,E08000007,299128,101.9,,1.4,14.8,,448,525614,101.7,1.6,14.2,324389,101.8,1.3,15.2,235931,102.1,1.3,15.8,174075,102,1.4,11.7,279481,101.9,1.5,14.1,99,306733,101.9,1.4,15,342,247923,101.9,1.3,14.8,360416,101.9,1.4,14.8,306849,100,0.8,13.6,11,299002,101.9,1.4,14.8,437
11/1/2022,Stockport,E08000007,297475,101.3,,-0.6,12.1,,393,524077,101.4,-0.3,11.6,322467,101.2,-0.6,12.4,234342,101.4,-0.7,13.2,172905,101.3,-0.7,9.1,277964,101.3,-0.5,11.5,95,305029,101.3,-0.6,12.3,295,246485,101.3,-0.6,12.2,358489,101.3,-0.5,12.1,306099,99.8,-0.2,11,20,297344,101.3,-0.6,12.2,373
12/1/2022,Stockport,E08000007,295553,100.7,,-0.6,10.7,,370,520245,100.6,-0.7,9.6,320358,100.5,-0.7,10.8,232833,100.8,-0.6,11.9,172258,101,-0.4,8.6,276299,100.7,-0.6,10.2,102,303014,100.6,-0.7,10.8,266,245095,100.7,-0.6,11,355977,100.6,-0.7,10.4,303879,99.1,-0.7,10.2,23,295425,100.7,-0.6,10.7,347
1/1/2023,Stockport,E08000007,293622,100,,-0.7,8.3,,255,517025,100,-0.6,7.8,318632,100,-0.5,8.5,231041,100,-0.8,9.1,170632,100,-0.9,6.3,274261,100,-0.7,7.9,71,301112,100,-0.6,8.5,181,243377,100,-0.7,8.5,353766,100,-0.6,8.2,306708,100,0.9,9.7,15,293466,100,-0.7,8.3,240
2/1/2023,Stockport,E08000007,293732,100,,0,7.3,,297,518060,100.2,0.2,7.2,318922,100.1,0.1,7.6,230584,99.8,-0.2,7.7,170734,100.1,0.1,5.2,274373,100,0,6.9,85,301217,100,0,7.4,209,243310,100,0,7.3,354062,100.1,0.1,7.3,311147,101.4,1.4,9.6,14,293544,100,0,7.3,283
3/1/2023,Stockport,E08000007,290910,99.1,,-1,5.8,,370,515246,99.7,-0.5,6,316261,99.3,-0.8,6,227274,98.4,-1.4,5.8,168672,98.9,-1.2,3.6,271761,99.1,-1,5.4,110,298302,99.1,-1,5.9,251,240555,98.8,-1.1,5.6,351091,99.2,-0.8,5.9,316083,103.1,1.6,9.3,17,290667,99,-1,5.7,353
4/1/2023,Stockport,E08000007,285314,97.2,,-1.9,3,,232,506234,97.9,-1.7,3.5,310181,97.3,-1.9,3.3,222553,96.3,-2.1,2.6,165587,97,-1.8,1,266680,97.2,-1.9,2.7,70,292505,97.1,-1.9,3.1,159,235820,96.9,-2,2.7,344493,97.4,-1.9,3.2,313120,102.1,-0.9,7.1,15,285047,97.1,-1.9,2.9,217
5/1/2023,Stockport,E08000007,283208,96.5,,-0.7,2.2,,276,501759,97,-0.9,2.7,308117,96.7,-0.7,2.6,220682,95.5,-0.8,1.6,164720,96.5,-0.5,0.9,264897,96.6,-0.7,2.1,102,290271,96.4,-0.8,2.2,169,234029,96.2,-0.8,1.9,342022,96.7,-0.7,2.4,311379,101.5,-0.6,7.6,12,282937,96.4,-0.7,2.1,264
6/1/2023,Stockport,E08000007,283832,96.7,,0.2,0.3,,300,501786,97.1,0,0.8,308487,96.8,0.1,0.7,221920,96.1,0.6,-0.1,164855,96.6,0.1,-1.2,265445,96.8,0.2,0.2,91,290924,96.6,0.2,0.4,193,234634,96.4,0.3,0,342647,96.9,0.2,0.6,308278,100.5,-1,5.2,37,283596,96.6,0.2,0.3,263
7/1/2023,Stockport,E08000007,287981,98.1,,1.5,0.6,,305,507235,98.1,1.1,0.9,313194,98.3,1.5,0.8,225638,97.7,1.7,0.2,167027,97.9,1.3,-0.8,269067,98.1,1.4,0.5,94,295282,98.1,1.5,0.6,202,238161,97.9,1.5,0.3,347516,98.2,1.4,0.8,312791,102,1.5,5.5,10,287742,98,1.5,0.5,295
8/1/2023,Stockport,E08000007,287979,98.1,,0,-1.8,,340,507439,98.1,0,-1.3,313051,98.2,0,-1.6,226290,97.9,0.3,-2.1,166057,97.3,-0.6,-3.4,268702,98,-0.1,-2,83,295427,98.1,0,-1.8,252,238160,97.9,0,-2.1,347514,98.2,0,-1.6,311369,101.5,-0.5,2.6,10,287753,98.1,0,-1.9,330
9/1/2023,Stockport,E08000007,289269,98.5,,0.4,-2,,326,509405,98.5,0.4,-1.6,314522,98.7,0.5,-1.7,227511,98.5,0.5,-2.3,166476,97.6,0.3,-3.1,269791,98.4,0.4,-2.1,91,296796,98.6,0.5,-1.9,229,239271,98.3,0.5,-2.2,349005,98.7,0.4,-1.8,313060,102.1,0.5,2.8,6,289038,98.5,0.4,-2,320
10/1/2023,Stockport,E08000007,288692,98.3,,-0.2,-3.5,,293,507869,98.2,-0.3,-3.4,313570,98.4,-0.3,-3.3,227270,98.4,-0.1,-3.7,166600,97.6,0.1,-4.3,269361,98.2,-0.2,-3.6,79,296161,98.4,-0.2,-3.4,201,238985,98.2,-0.1,-3.6,348035,98.4,-0.3,-3.4,312738,102,-0.1,1.9,13,288459,98.3,-0.2,-3.5,280
11/1/2023,Stockport,E08000007,288845,98.4,,0.1,-2.9,,322,508179,98.3,0.1,-3,313897,98.5,0.1,-2.7,226945,98.2,-0.1,-3.2,167145,98,0.3,-3.3,269769,98.4,0.2,-2.9,109,296210,98.4,0,-2.9,196,239141,98.3,0.1,-3,348177,98.4,0,-2.9,315731,102.9,1,3.1,29,288586,98.3,0,-2.9,293
12/1/2023,Stockport,E08000007,287889,98,,-0.3,-2.6,,276,505431,97.8,-0.5,-2.8,312997,98.2,-0.3,-2.3,226124,97.9,-0.4,-2.9,166983,97.9,-0.1,-3.1,268910,98,-0.3,-2.7,85,295215,98,-0.3,-2.6,175,238553,98,-0.2,-2.7,346731,98,-0.4,-2.6,315090,102.7,-0.2,3.7,18,287627,98,-0.3,-2.6,258
1/1/2024,Stockport,E08000007,290266,98.9,,0.8,-1.1,,267,510497,98.7,1,-1.3,315584,99,0.8,-1,227904,98.6,0.8,-1.4,168072,98.5,0.7,-1.5,271098,98.8,0.8,-1.2,83,297666,98.9,0.8,-1.1,174,240341,98.8,0.7,-1.2,349855,98.9,0.9,-1.1,318414,103.8,1.1,3.8,17,289995,98.8,0.8,-1.2,250
2/1/2024,Stockport,E08000007,288891,98.4,,-0.5,-1.6,,288,506213,97.9,-0.8,-2.3,313911,98.5,-0.5,-1.6,227558,98.5,-0.2,-1.3,167314,98.1,-0.5,-2,269667,98.3,-0.5,-1.7,85,296316,98.4,-0.5,-1.6,192,239483,98.4,-0.4,-1.6,347787,98.3,-0.6,-1.8,317399,103.5,-0.3,2,13,288616,98.3,-0.5,-1.7,275
3/1/2024,Stockport,E08000007,289478,98.6,,0.2,-0.5,,306,506914,98,0.1,-1.6,314190,98.6,0.1,-0.7,228066,98.7,0.2,0.3,168437,98.7,0.7,-0.1,270391,98.6,0.3,-0.5,99,296842,98.6,0.2,-0.5,195,239923,98.6,0.2,-0.3,348552,98.5,0.2,-0.7,322768,105.2,1.7,2.1,20,289153,98.5,0.2,-0.5,286
4/1/2024,Stockport,E08000007,286531,97.6,,-1,0.4,,235,500427,96.8,-1.3,-1.1,310856,97.6,-1.1,0.2,226016,97.8,-0.9,1.6,167210,98,-0.7,1,267662,97.6,-1,0.4,65,293810,97.6,-1,0.4,159,237658,97.7,-0.9,0.8,344741,97.4,-1.1,0.1,317905,103.7,-1.5,1.5,11,286234,97.5,-1,0.4,224
5/1/2024,Stockport,E08000007,289470,98.6,,1,2.2,,314,504824,97.6,0.9,0.6,314075,98.6,1,1.9,228240,98.8,1,3.4,169402,99.3,1.3,2.8,270425,98.6,1,2.1,70,296816,98.6,1,2.3,230,240167,98.7,1.1,2.6,348172,98.4,1,1.8,320085,104.4,0.7,2.8,11,289187,98.5,1,2.2,303
6/1/2024,Stockport,E08000007,293564,100,,1.4,3.4,,291,511172,98.9,1.3,1.9,318514,100,1.4,3.3,232040,100.4,1.7,4.6,171291,100.4,1.1,3.9,274114,99.9,1.4,3.3,75,301071,100,1.4,3.5,200,243704,100.1,1.5,3.9,352891,99.8,1.4,3,319657,104.2,-0.1,3.7,19,293356,100,1.4,3.4,272
7/1/2024,Stockport,E08000007,293778,100.1,,0.1,2,,398,510905,98.8,-0.1,0.7,318823,100.1,0.1,1.8,232820,100.8,0.3,3.2,170635,100,-0.4,2.2,274122,99.9,0,1.9,93,301372,100.1,0.1,2.1,285,243935,100.2,0.1,2.4,353071,99.8,0.1,1.6,319286,104.1,-0.1,2.1,9,293580,100,0.1,2,389
8/1/2024,Stockport,E08000007,295120,100.5,,0.5,2.5,,468,513462,99.3,0.5,1.2,320161,100.5,0.4,2.3,234451,101.5,0.7,3.6,170602,100,0,2.7,275215,100.3,0.4,2.4,109,302814,100.6,0.5,2.5,340,244996,100.7,0.4,2.9,354759,100.3,0.5,2.1,318652,103.9,-0.2,2.3,21,294954,100.5,0.5,2.5,447
9/1/2024,Stockport,E08000007,295112,100.5,,0,2,,367,515549,99.7,0.4,1.2,320466,100.6,0.1,1.9,234169,101.4,-0.1,2.9,169403,99.3,-0.7,1.8,274899,100.2,-0.1,1.9,78,302937,100.6,0,2.1,275,244704,100.5,-0.1,2.3,355171,100.4,0.1,1.8,319765,104.3,0.3,2.1,24,294928,100.5,0,2,343
10/1/2024,Stockport,E08000007,298921,101.8,,1.3,3.5,,438,523910,101.3,1.6,3.2,324228,101.8,1.2,3.4,236767,102.5,1.1,4.2,172062,100.8,1.6,3.3,278738,101.6,1.4,3.5,90,306724,101.9,1.3,3.6,327,247788,101.8,1.3,3.7,359863,101.7,1.3,3.4,324371,105.8,1.4,3.7,18,298727,101.8,1.3,3.6,420
11/1/2024,Stockport,E08000007,300218,102.2,,0.4,3.9,,441,527264,102,0.6,3.8,325992,102.3,0.5,3.9,237365,102.7,0.3,4.6,172301,101,0.1,3.1,279917,102.1,0.4,3.8,95,308068,102.3,0.4,4,312,248850,102.2,0.4,4.1,361445,102.2,0.4,3.8,326289,106.4,0.6,3.3,23,300015,102.2,0.4,4,418
12/1/2024,Stockport,E08000007,300923,102.5,,0.2,4.5,,383,528668,102.3,0.3,4.6,326676,102.5,0.2,4.4,238060,103,0.3,5.3,172549,101.1,0.1,3.3,280624,102.3,0.3,4.4,89,308770,102.5,0.2,4.6,279,249593,102.6,0.3,4.6,362059,102.3,0.2,4.4,328665,107.2,0.7,4.3,18,300693,102.5,0.2,4.5,365
1/1/2025,Stockport,E08000007,299102,101.9,,-0.6,3,,313,525761,101.7,-0.5,3,325281,102.1,-0.4,3.1,236650,102.4,-0.6,3.8,170276,99.8,-1.3,1.3,278528,101.6,-0.7,2.7,64,307070,102,-0.6,3.2,228,248072,101.9,-0.6,3.2,359885,101.7,-0.6,2.9,329509,107.4,0.3,3.5,4,298830,101.8,-0.6,3,309
2/1/2025,Stockport,E08000007,297062,101.2,,-0.7,2.8,,411,521885,100.9,-0.7,3.1,322802,101.3,-0.8,2.8,235378,101.9,-0.5,3.4,169174,99.1,-0.6,1.1,276544,100.8,-0.7,2.6,86,305012,101.3,-0.7,2.9,301,246450,101.3,-0.7,2.9,357298,101,-0.7,2.7,330400,107.7,0.3,4.1,12,296751,101.1,-0.7,2.8,399
3/1/2025,Stockport,E08000007,297417,101.3,,0.1,2.7,,711,518162,100.2,-0.7,2.2,322909,101.3,0,2.8,236296,102.3,0.4,3.6,170997,100.2,1.1,1.5,276920,101,0.1,2.4,145,305361,101.4,0.1,2.9,505,247280,101.6,0.3,3.1,356833,100.9,-0.1,2.4,332993,108.6,0.8,3.2,29,297078,101.2,0.1,2.7,682
4/1/2025,Stockport,E08000007,300218,102.2,,0.9,4.8,,182,526613,101.9,1.6,5.2,326335,102.4,1.1,5,237470,102.8,0.5,5.1,171791,100.7,0.5,2.7,279567,101.9,1,4.4,35,308221,102.4,0.9,4.9,129,248889,102.3,0.7,4.7,361389,102.2,1.3,4.8,337259,110,1.3,6.1,8,299831,102.2,0.9,4.8,174
5/1/2025,Stockport,E08000007,302428,103,,0.7,4.5,,289,531892,102.9,1,5.4,329074,103.3,0.8,4.8,239128,103.5,0.7,4.8,172005,100.8,0.1,1.5,281321,102.6,0.6,4,66,310613,103.2,0.8,4.6,204,250449,102.9,0.6,4.3,364495,103,0.9,4.7,339676,110.7,0.7,6.1,4,302040,102.9,0.7,4.4,285
6/1/2025,Stockport,E08000007,305190,103.9,,0.9,4,,362,540503,104.5,1.6,5.7,332998,104.5,1.2,4.5,240702,104.2,0.7,3.7,171161,100.3,-0.5,-0.1,283458,103.4,0.8,3.4,65,313625,104.2,1,4.2,250,252028,103.6,0.6,3.4,368980,104.3,1.2,4.6,340378,111,0.2,6.4,8,304897,103.9,0.9,3.9,354
7/1/2025,Stockport,E08000007,306375,104.3,,0.4,4.3,,358,538708,104.2,-0.3,5.4,334344,104.9,0.4,4.9,242964,105.2,0.9,4.4,171737,100.6,0.3,0.7,284246,103.6,0.3,3.7,67,314969,104.6,0.4,4.5,230,253608,104.2,0.6,4,369415,104.4,0.1,4.6,338188,110.3,-0.6,5.9,5,306223,104.3,0.4,4.3,353
8/1/2025,Stockport,E08000007,309270,105.3,,0.9,4.8,,391,542774,105,0.8,5.7,338114,106.1,1.1,5.6,245210,106.1,0.9,4.6,172934,101.3,0.7,1.4,286847,104.6,0.9,4.2,81,317980,105.6,1,5,243,255976,105.2,0.9,4.5,372953,105.4,1,5.1,340374,111,0.6,6.8,3,309158,105.3,1,4.8,388
9/1/2025,Stockport,E08000007,308469,105.1,,-0.3,4.5,,312,542088,104.8,-0.1,5.1,337492,105.9,-0.2,5.3,244671,105.9,-0.2,4.5,171644,100.6,-0.7,1.3,285963,104.3,-0.3,4,62,317213,105.3,-0.2,4.7,193,255135,104.8,-0.3,4.3,372280,105.2,-0.2,4.8,339539,110.7,-0.2,6.2,2,308355,105.1,-0.3,4.6,310
10/1/2025,Stockport,E08000007,307941,104.9,,-0.2,3,,381,541244,104.7,-0.2,3.3,336940,105.7,-0.2,3.9,244228,105.7,-0.2,3.2,171303,100.4,-0.2,-0.4,285412,104.1,-0.2,2.4,57,316694,105.2,-0.2,3.3,203,254826,104.7,-0.1,2.8,371431,105,-0.2,3.2,344278,112.2,1.4,6.1,,307613,104.8,-0.2,3,381
11/1/2025,Stockport,E08000007,307968,104.9,,0,2.6,,296,541068,104.7,0,2.6,336392,105.6,-0.2,3.2,244700,105.9,0.2,3.1,171738,100.6,0.3,-0.3,285514,104.1,0,2,23,316692,105.2,0,2.8,113,255181,104.9,0.1,2.5,370918,104.8,-0.1,2.6,352436,114.9,2.4,8,,307320,104.7,-0.1,2.4,296
12/1/2025,Stockport,E08000007,308212,105,,0.1,2.4,,262,539814,104.4,-0.2,2.1,336428,105.6,0,3,245464,106.2,0.3,3.1,172248,100.9,0.3,-0.2,285664,104.2,0.1,1.8,27,316973,105.3,0.1,2.7,120,255875,105.1,0.3,2.5,370402,104.7,-0.1,2.3,354398,115.5,0.6,7.8,,307494,104.8,0.1,2.3,262
1/1/2026,Stockport,E08000007,310742,105.8,,0.8,3.9,,,542369,104.9,0.5,3.2,339659,106.6,1,4.4,248105,107.4,1.1,4.8,172980,101.4,0.4,1.6,287767,104.9,0.7,3.3,,319674,106.2,0.9,4.1,,258114,106.1,0.9,4,373217,105.5,0.8,3.7,,,,,,,,,,
2/1/2026,Stockport,E08000007,312325,106.4,,0.5,5.1,,,545030,105.4,0.5,4.4,342325,107.4,0.8,6,249134,107.8,0.4,5.8,172679,101.2,-0.2,2.1,288859,105.3,0.4,4.5,,321451,106.8,0.6,5.4,,259344,106.6,0.5,5.2,375235,106.1,0.5,5,,,,,,,,,,
1/1/1995,Tameside,E08000008,34669,17.8,,,,,180,63828,18.5,,,38816,17.6,,,29772,17.5,,,25669,20.9,,,,,,,,,,,,,,,,,,,,,38000,17.6,,,10,34603,17.8,,,170
2/1/1995,Tameside,E08000008,36302,18.6,,4.7,,,195,66480,19.3,4.2,,40864,18.5,5.3,,31096,18.3,4.4,,26948,22,5,,,,,,,,,,,,,,,,,,,,40015,18.6,5.3,,27,36211,18.6,4.6,,168
3/1/1995,Tameside,E08000008,36685,18.8,,1.1,,,277,66945,19.5,0.7,,41241,18.7,0.9,,31477,18.5,1.2,,27263,22.2,1.2,,,,,,,,,,,,,,,,,,,,40479,18.8,1.2,,35,36588,18.8,1,,242
4/1/1995,Tameside,E08000008,37609,19.3,,2.5,,,234,68414,19.9,2.2,,42315,19.2,2.6,,32275,19,2.5,,27988,22.8,2.7,,,,,,,,,,,,,,,,,,,,41470,19.3,2.4,,30,37513,19.3,2.5,,204
5/1/1995,Tameside,E08000008,38140,19.6,,1.4,,,252,69192,20.1,1.1,,42846,19.4,1.3,,32787,19.3,1.6,,28373,23.1,1.4,,,,,,,,,,,,,,,,,,,,41915,19.5,1.1,,23,38056,19.5,1.4,,229
6/1/1995,Tameside,E08000008,38296,19.7,,0.4,,,299,69618,20.2,0.6,,43121,19.5,0.6,,32845,19.3,0.2,,28582,23.3,0.7,,,,,,,,,,,,,,,,,,,,42106,19.5,0.5,,29,38210,19.6,0.4,,270
7/1/1995,Tameside,E08000008,38340,19.7,,0.1,,,234,69992,20.3,0.5,,43186,19.6,0.2,,32853,19.3,0,,28447,23.2,-0.5,,,,,,,,,,,,,,,,,,,,42182,19.6,0.2,,13,38251,19.6,0.1,,221
8/1/1995,Tameside,E08000008,37465,19.2,,-2.3,,,246,68944,20,-1.5,,42218,19.1,-2.2,,32045,18.9,-2.5,,27623,22.5,-2.9,,,,,,,,,,,,,,,,,,,,41267,19.2,-2.2,,16,37374,19.2,-2.3,,230
9/1/1995,Tameside,E08000008,37818,19.4,,0.9,,,327,69649,20.2,1,,42577,19.3,0.9,,32378,19.1,1,,27638,22.5,0.1,,,,,,,,,,,,,,,,,,,,41384,19.2,0.3,,49,37754,19.4,1,,278
10/1/1995,Tameside,E08000008,37771,19.4,,-0.1,,,297,69677,20.2,0,,42644,19.3,0.2,,32250,19,-0.4,,27778,22.6,0.5,,,,,,,,,,,,,,,,,,,,41591,19.3,0.5,,36,37681,19.3,-0.2,,261
11/1/1995,Tameside,E08000008,38171,19.6,,1.1,,,313,70407,20.5,1,,43158,19.5,1.2,,32545,19.2,0.9,,28257,23,1.7,,,,,,,,,,,,,,,,,,,,42219,19.6,1.5,,30,38060,19.5,1,,283
12/1/1995,Tameside,E08000008,36940,19,,-3.2,,,304,68240,19.8,-3.1,,41830,18.9,-3.1,,31436,18.5,-3.4,,27514,22.4,-2.6,,,,,,,,,,,,,,,,,,,,41320,19.2,-2.1,,25,36785,18.9,-3.4,,279
1/1/1996,Tameside,E08000008,36456,18.7,,-1.3,5.2,,183,67654,19.7,-0.9,6,41284,18.7,-1.3,6.4,30995,18.3,-1.4,4.1,27073,22.1,-1.6,5.5,,,,,,,,,,,,,,,,,,,41104,19.1,-0.5,8.2,10,36271,18.6,-1.4,4.8,173
2/1/1996,Tameside,E08000008,36077,18.5,,-1,-0.6,,219,66974,19.5,-1,0.7,40876,18.5,-1,0,30658,18.1,-1.1,-1.4,26751,21.8,-1.2,-0.7,,,,,,,,,,,,,,,,,,,40967,19,-0.3,2.4,20,35864,18.4,-1.1,-1,199
3/1/1996,Tameside,E08000008,36561,18.8,,1.3,-0.3,,275,68078,19.8,1.6,1.7,41509,18.8,1.5,0.6,31004,18.3,1.1,-1.5,27016,22,1,-0.9,,,,,,,,,,,,,,,,,,,41659,19.3,1.7,2.9,26,36328,18.7,1.3,-0.7,249
4/1/1996,Tameside,E08000008,37231,19.1,,1.8,-1,,234,68965,20,1.3,0.8,42174,19.1,1.6,-0.3,31651,18.6,2.1,-1.9,27601,22.5,2.2,-1.4,,,,,,,,,,,,,,,,,,,42238,19.6,1.4,1.9,16,37009,19,1.9,-1.3,218
5/1/1996,Tameside,E08000008,37594,19.3,,1,-1.4,,249,69310,20.1,0.5,0.2,42472,19.2,0.7,-0.9,32051,18.9,1.3,-2.2,27822,22.7,0.8,-1.9,,,,,,,,,,,,,,,,,,,42215,19.6,-0.1,0.7,28,37404,19.2,1.1,-1.7,221
6/1/1996,Tameside,E08000008,37901,19.5,,0.8,-1,,262,69717,20.3,0.6,0.1,42707,19.3,0.6,-1,32375,19.1,1,-1.4,28211,23,1.4,-1.3,,,,,,,,,,,,,,,,,,,42422,19.7,0.5,0.8,30,37720,19.4,0.8,-1.3,232
7/1/1996,Tameside,E08000008,37797,19.4,,-0.3,-1.4,,284,69686,20.3,0,-0.4,42639,19.3,-0.2,-1.3,32256,19,-0.4,-1.8,27962,22.8,-0.9,-1.7,,,,,,,,,,,,,,,,,,,42187,19.6,-0.6,0,19,37627,19.3,-0.2,-1.6,265
8/1/1996,Tameside,E08000008,37093,19,,-1.9,-1,,311,68879,20,-1.2,-0.1,41888,19,-1.8,-0.8,31590,18.6,-2.1,-1.4,27333,22.3,-2.2,-1,,,,,,,,,,,,,,,,,,,41556,19.3,-1.5,0.7,13,36913,19,-1.9,-1.2,298
9/1/1996,Tameside,E08000008,37415,19.2,,0.9,-1.1,,259,69812,20.3,1.4,0.2,42219,19.1,0.8,-0.8,31862,18.8,0.9,-1.6,27304,22.3,-0.1,-1.2,,,,,,,,,,,,,,,,,,,41822,19.4,0.6,1.1,26,37241,19.1,0.9,-1.4,233
10/1/1996,Tameside,E08000008,36954,19,,-1.2,-2.2,,295,69070,20.1,-1.1,-0.9,41749,18.9,-1.1,-2.1,31436,18.5,-1.3,-2.5,26913,21.9,-1.4,-3.1,,,,,,,,,,,,,,,,,,,41303,19.2,-1.2,-0.7,29,36782,18.9,-1.2,-2.4,266
11/1/1996,Tameside,E08000008,37562,19.3,,1.6,-1.6,,337,70037,20.4,1.4,-0.5,42464,19.2,1.7,-1.6,31953,18.8,1.6,-1.8,27416,22.4,1.9,-3,,,,,,,,,,,,,,,,,,,41953,19.5,1.6,-0.6,27,37391,19.2,1.7,-1.8,310
12/1/1996,Tameside,E08000008,37250,19.1,,-0.8,0.8,,303,69191,20.1,-1.2,1.4,42195,19.1,-0.6,0.9,31674,18.7,-0.9,0.8,27149,22.1,-1,-1.3,,,,,,,,,,,,,,,,,,,41501,19.3,-1.1,0.4,20,37088,19,-0.8,0.8,283
1/1/1997,Tameside,E08000008,37954,19.5,,1.9,4.1,,258,70507,20.5,1.9,4.2,42949,19.4,1.8,4,32299,19,2,4.2,27559,22.5,1.5,1.8,,,,,,,,,,,,,,,,,,,42178,19.6,1.6,2.6,21,37798,19.4,1.9,4.2,237
2/1/1997,Tameside,E08000008,38234,19.6,,0.7,6,,228,71201,20.7,1,6.3,43311,19.6,0.8,6,32492,19.1,0.6,6,27758,22.6,0.7,3.8,,,,,,,,,,,,,,,,,,,42634,19.8,1.1,4.1,23,38066,19.5,0.7,6.1,205
3/1/1997,Tameside,E08000008,38612,19.8,,1,5.6,,261,71950,20.9,1.1,5.7,43664,19.8,0.8,5.2,32843,19.3,1.1,5.9,28101,22.9,1.2,4,,,,,,,,,,,,,,,,,,,43255,20.1,1.5,3.8,22,38426,19.7,0.9,5.8,239
4/1/1997,Tameside,E08000008,38592,19.8,,-0.1,3.7,,270,71595,20.8,-0.5,3.8,43644,19.8,0,3.5,32857,19.3,0,3.8,28120,22.9,0.1,1.9,,,,,,,,,,,,,,,,,,,43302,20.1,0.1,2.5,22,38401,19.7,-0.1,3.8,248
5/1/1997,Tameside,E08000008,38273,19.6,,-0.8,1.8,,342,70733,20.6,-1.2,2.1,43276,19.6,-0.8,1.9,32636,19.2,-0.7,1.8,27690,22.6,-1.5,-0.5,,,,,,,,,,,,,,,,,,,42723,19.8,-1.3,1.2,25,38101,19.6,-0.8,1.9,317
6/1/1997,Tameside,E08000008,38182,19.6,,-0.2,0.7,,318,70636,20.5,-0.1,1.3,43196,19.6,-0.2,1.1,32562,19.2,-0.2,0.6,27346,22.3,-1.2,-3.1,,,,,,,,,,,,,,,,,,,42298,19.6,-1,-0.3,43,38035,19.5,-0.2,0.8,275
7/1/1997,Tameside,E08000008,37624,19.3,,-1.5,-0.5,,302,69814,20.3,-1.2,0.2,42550,19.3,-1.5,-0.2,32089,18.9,-1.5,-0.5,26719,21.8,-2.3,-4.4,,,,,,,,,,,,,,,,,,,41397,19.2,-2.1,-1.9,26,37501,19.3,-1.4,-0.3,276
8/1/1997,Tameside,E08000008,38549,19.8,,2.5,3.9,,311,71917,20.9,3,4.4,43596,19.7,2.5,4.1,32845,19.3,2.4,4,27274,22.2,2.1,-0.2,,,,,,,,,,,,,,,,,,,42263,19.6,2.1,1.7,18,38435,19.7,2.5,4.1,293
9/1/1997,Tameside,E08000008,38293,19.7,,-0.7,2.3,,321,71571,20.8,-0.5,2.5,43310,19.6,-0.7,2.6,32614,19.2,-0.7,2.4,27058,22.1,-0.8,-0.9,,,,,,,,,,,,,,,,,,,42016,19.5,-0.6,0.5,19,38178,19.6,-0.7,2.5,302
10/1/1997,Tameside,E08000008,39230,20.1,,2.4,6.2,,386,73478,21.4,2.7,6.4,44444,20.1,2.6,6.5,33352,19.6,2.3,6.1,27738,22.6,2.5,3.1,,,,,,,,,,,,,,,,,,,43107,20,2.6,4.4,25,39107,20.1,2.4,6.3,361
11/1/1997,Tameside,E08000008,38952,20,,-0.7,3.7,,308,72932,21.2,-0.7,4.1,44144,20,-0.7,4,33111,19.5,-0.7,3.6,27536,22.5,-0.7,0.4,,,,,,,,,,,,,,,,,,,42856,19.9,-0.6,2.2,10,38826,19.9,-0.7,3.8,298
12/1/1997,Tameside,E08000008,39687,20.4,,1.9,6.5,,317,74329,21.6,1.9,7.4,45089,20.4,2.1,6.9,33669,19.8,1.7,6.3,28097,22.9,2,3.5,,,,,,,,,,,,,,,,,,,43830,20.3,2.3,5.6,35,39546,20.3,1.9,6.6,282
1/1/1998,Tameside,E08000008,39340,20.2,,-0.9,3.7,,228,73966,21.5,-0.5,4.9,44625,20.2,-1,3.9,33378,19.7,-0.9,3.3,27884,22.7,-0.8,1.2,,,,,,,,,,,,,,,,,,,43811,20.3,0,3.9,13,39171,20.1,-0.9,3.6,215
2/1/1998,Tameside,E08000008,39348,20.2,,0,2.9,,229,74135,21.5,0.2,4.1,44691,20.2,0.1,3.2,33325,19.6,-0.2,2.6,28170,23,1,1.5,,,,,,,,,,,,,,,,,,,44442,20.6,1.4,4.2,31,39135,20.1,-0.1,2.8,198
3/1/1998,Tameside,E08000008,39017,20,,-0.8,1.1,,298,73655,21.4,-0.6,2.4,44308,20.1,-0.9,1.5,33035,19.5,-0.9,0.6,27905,22.8,-0.9,-0.7,,,,,,,,,,,,,,,,,,,44360,20.6,-0.2,2.6,25,38786,19.9,-0.9,0.9,273
4/1/1998,Tameside,E08000008,39907,20.5,,2.3,3.4,,264,74941,21.8,1.7,4.7,45382,20.5,2.4,4,33796,19.9,2.3,2.9,28502,23.2,2.1,1.4,,,,,,,,,,,,,,,,,,,45230,21,2,4.5,16,39679,20.4,2.3,3.3,248
5/1/1998,Tameside,E08000008,39998,20.5,,0.2,4.5,,247,74827,21.7,-0.2,5.8,45394,20.6,0,4.9,33962,20,0.5,4.1,28302,23.1,-0.7,2.2,,,,,,,,,,,,,,,,,,,44868,20.8,-0.8,5,14,39797,20.4,0.3,4.5,233
6/1/1998,Tameside,E08000008,40212,20.6,,0.5,5.3,,292,75234,21.9,0.5,6.5,45599,20.6,0.5,5.6,34159,20.1,0.6,4.9,28550,23.3,0.9,4.4,,,,,,,,,,,,,,,,,,,44904,20.8,0.1,6.2,22,40023,20.6,0.6,5.2,270
7/1/1998,Tameside,E08000008,40126,20.6,,-0.2,6.7,,311,75331,21.9,0.1,7.9,45488,20.6,-0.2,6.9,34069,20.1,-0.3,6.2,28456,23.2,-0.3,6.5,,,,,,,,,,,,,,,,,,,44789,20.8,-0.3,8.2,9,39939,20.5,-0.2,6.5,302
8/1/1998,Tameside,E08000008,40080,20.6,,-0.1,4,,304,75669,22,0.4,5.2,45429,20.6,-0.1,4.2,33991,20,-0.2,3.5,28386,23.1,-0.2,4.1,,,,,,,,,,,,,,,,,,,44845,20.8,0.1,6.1,13,39886,20.5,-0.1,3.8,291
9/1/1998,Tameside,E08000008,39479,20.3,,-1.5,3.1,,285,74634,21.7,-1.4,4.3,44714,20.2,-1.6,3.2,33497,19.7,-1.5,2.7,27798,22.7,-2.1,2.7,,,,,,,,,,,,,,,,,,,43961,20.4,-2,4.6,20,39301,20.2,-1.5,2.9,265
10/1/1998,Tameside,E08000008,38938,20,,-1.4,-0.7,,309,73857,21.5,-1,0.5,44126,20,-1.3,-0.7,32995,19.4,-1.5,-1.1,27553,22.5,-0.9,-0.7,,,,,,,,,,,,,,,,,,,43525,20.2,-1,1,23,38753,19.9,-1.4,-0.9,286
11/1/1998,Tameside,E08000008,39435,20.2,,1.3,1.2,,306,74992,21.8,1.5,2.8,44794,20.3,1.5,1.5,33336,19.6,1,0.7,28019,22.8,1.7,1.8,,,,,,,,,,,,,,,,,,,44333,20.6,1.9,3.4,18,39232,20.1,1.2,1,288
12/1/1998,Tameside,E08000008,40703,20.9,,3.2,2.6,,282,77350,22.5,3.1,4.1,46333,21,3.4,2.8,34349,20.2,3,2,29189,23.8,4.2,3.9,,,,,,,,,,,,,,,,,,,46277,21.5,4.4,5.6,13,40462,20.8,3.1,2.3,269
1/1/1999,Tameside,E08000008,40305,20.7,,-1,2.5,,205,76523,22.2,-1.1,3.5,45909,20.8,-0.9,2.9,34005,20,-1,1.9,28892,23.6,-1,3.6,,,,,,,,,,,,,,,,,,,46056,21.4,-0.5,5.1,9,40052,20.6,-1,2.2,196
2/1/1999,Tameside,E08000008,39866,20.5,,-1.1,1.3,,233,75586,22,-1.2,2,45425,20.6,-1.1,1.6,33632,19.8,-1.1,0.9,28638,23.3,-0.9,1.7,,,,,,,,,,,,,,,,,,,45634,21.2,-0.9,2.7,14,39610,20.3,-1.1,1.2,219
3/1/1999,Tameside,E08000008,39353,20.2,,-1.3,0.9,,283,74737,21.7,-1.1,1.5,44838,20.3,-1.3,1.2,33192,19.5,-1.3,0.5,28255,23,-1.3,1.3,,,,,,,,,,,,,,,,,,,44989,20.9,-1.4,1.4,9,39103,20.1,-1.3,0.8,274
4/1/1999,Tameside,E08000008,40911,21,,4,2.5,,261,77240,22.4,3.3,3.1,46527,21.1,3.8,2.5,34615,20.4,4.3,2.4,29314,23.9,3.8,2.8,,,,,,,,,,,,,,,,,,,46333,21.5,3,2.4,12,40675,20.9,4,2.5,249
5/1/1999,Tameside,E08000008,42134,21.6,,3,5.3,,271,79279,23,2.6,5.9,47839,21.7,2.8,5.4,35734,21,3.2,5.2,30089,24.5,2.6,6.3,,,,,,,,,,,,,,,,,,,47601,22.1,2.7,6.1,10,41898,21.5,3,5.3,261
6/1/1999,Tameside,E08000008,42124,21.6,,0,4.8,,295,79194,23,-0.1,5.3,47754,21.6,-0.2,4.7,35780,21.1,0.1,4.7,29981,24.4,-0.4,5,,,,,,,,,,,,,,,,,,,47466,22,-0.3,5.7,21,41894,21.5,0,4.7,274
7/1/1999,Tameside,E08000008,41783,21.4,,-0.8,4.1,,399,78983,23,-0.3,4.8,47335,21.4,-0.9,4.1,35458,20.9,-0.9,4.1,29677,24.2,-1,4.3,,,,,,,,,,,,,,,,,,,47156,21.9,-0.7,5.3,19,41552,21.3,-0.8,4,380
8/1/1999,Tameside,E08000008,41204,21.1,,-1.4,2.8,,334,78125,22.7,-1.1,3.2,46587,21.1,-1.6,2.5,34993,20.6,-1.3,2.9,29208,23.8,-1.6,2.9,,,,,,,,,,,,,,,,,,,46185,21.4,-2.1,3,18,40993,21,-1.3,2.8,316
9/1/1999,Tameside,E08000008,42066,21.6,,2.1,6.6,,356,80044,23.3,2.5,7.2,47478,21.5,1.9,6.2,35739,21,2.1,6.7,29820,24.3,2.1,7.3,,,,,,,,,,,,,,,,,,,46916,21.8,1.6,6.7,24,41864,21.5,2.1,6.5,332
10/1/1999,Tameside,E08000008,42164,21.6,,0.2,8.3,,392,80423,23.4,0.5,8.9,47707,21.6,0.5,8.1,35722,21,0,8.3,30077,24.5,0.9,9.2,,,,,,,,,,,,,,,,,,,47099,21.9,0.4,8.2,22,41957,21.5,0.2,8.3,370
11/1/1999,Tameside,E08000008,42299,21.7,,0.3,7.3,,350,80642,23.4,0.3,7.5,47918,21.7,0.4,7,35800,21.1,0.2,7.4,30317,24.7,0.8,8.2,,,,,,,,,,,,,,,,,,,47257,21.9,0.3,6.6,35,42090,21.6,0.3,7.3,315
12/1/1999,Tameside,E08000008,42405,21.8,,0.3,4.2,,347,80619,23.4,0,4.2,48102,21.8,0.4,3.8,35875,21.1,0.2,4.4,30547,24.9,0.8,4.7,,,,,,,,,,,,,,,,,,,47748,22.2,1,3.2,41,42176,21.7,0.2,4.2,306
1/1/2000,Tameside,E08000008,42589,21.9,,0.4,5.7,,248,81059,23.6,0.5,5.9,48275,21.9,0.4,5.2,36047,21.2,0.5,6,30521,24.9,-0.1,5.6,,,,,,,,,,,,,,,,,,,47865,22.2,0.2,3.9,20,42364,21.8,0.4,5.8,228
2/1/2000,Tameside,E08000008,41852,21.5,,-1.7,5,,267,79979,23.2,-1.3,5.8,47477,21.5,-1.7,4.5,35362,20.8,-1.9,5.1,29932,24.4,-1.9,4.5,,,,,,,,,,,,,,,,,,,47387,22,-1,3.8,18,41599,21.4,-1.8,5,249
3/1/2000,Tameside,E08000008,42554,21.8,,1.7,8.1,,317,81462,23.7,1.9,9,48354,21.9,1.8,7.8,35901,21.1,1.5,8.2,30205,24.6,0.9,6.9,,,,,,,,,,,,,,,,,,,48074,22.3,1.4,6.9,31,42295,21.7,1.7,8.2,286
4/1/2000,Tameside,E08000008,42698,21.9,,0.3,4.4,,353,81489,23.7,0,5.5,48491,22,0.3,4.2,36058,21.2,0.4,4.2,30489,24.9,0.9,4,,,,,,,,,,,,,,,,,,,48253,22.4,0.4,4.1,35,42437,21.8,0.3,4.3,318
5/1/2000,Tameside,E08000008,44457,22.8,,4.1,5.5,,365,84665,24.6,3.9,6.8,50554,22.9,4.3,5.7,37524,22.1,4.1,5,31843,26,4.4,5.8,,,,,,,,,,,,,,,,,,,50046,23.2,3.7,5.1,33,44205,22.7,4.2,5.5,332
6/1/2000,Tameside,E08000008,44030,22.6,,-1,4.5,,384,83820,24.4,-1,5.8,50102,22.7,-0.9,4.9,37136,21.9,-1,3.8,31760,25.9,-0.3,5.9,,,,,,,,,,,,,,,,,,,49396,22.9,-1.3,4.1,41,43797,22.5,-0.9,4.5,343
7/1/2000,Tameside,E08000008,44666,22.9,,1.4,6.9,,342,85532,24.9,2,8.3,50931,23.1,1.7,7.6,37557,22.1,1.1,5.9,32086,26.2,1,8.1,,,,,,,,,,,,,,,,,,,50158,23.3,1.5,6.4,27,44425,22.8,1.4,6.9,315
8/1/2000,Tameside,E08000008,44708,22.9,,0.1,8.5,,393,86218,25.1,0.8,10.4,51090,23.1,0.3,9.7,37449,22.1,-0.3,7,32261,26.3,0.5,10.5,,,,,,,,,,,,,,,,,,,50411,23.4,0.5,9.2,35,44447,22.8,0,8.4,358
9/1/2000,Tameside,E08000008,45373,23.3,,1.5,7.9,,397,88121,25.6,2.2,10.1,51818,23.5,1.4,9.1,37946,22.3,1.3,6.2,32736,26.7,1.5,9.8,,,,,,,,,,,,,,,,,,,51271,23.8,1.7,9.3,53,45096,23.2,1.5,7.7,344
10/1/2000,Tameside,E08000008,45600,23.4,,0.5,8.1,,352,88797,25.8,0.8,10.4,52190,23.6,0.7,9.4,38033,22.4,0.2,6.5,33092,27,1.1,10,,,,,,,,,,,,,,,,,,,51764,24,1,9.9,43,45298,23.3,0.4,8,309
11/1/2000,Tameside,E08000008,45868,23.5,,0.6,8.4,,370,89436,26,0.7,10.9,52458,23.8,0.5,9.5,38261,22.5,0.6,6.9,33327,27.2,0.7,9.9,,,,,,,,,,,,,,,,,,,52216,24.2,0.9,10.5,43,45549,23.4,0.6,8.2,327
12/1/2000,Tameside,E08000008,45938,23.6,,0.2,8.3,,364,89458,26,0,11,52646,23.8,0.4,9.4,38260,22.5,0,6.6,33622,27.4,0.9,10.1,,,,,,,,,,,,,,,,,,,52675,24.5,0.9,10.3,69,45582,23.4,0.1,8.1,295
1/1/2001,Tameside,E08000008,45982,23.6,,0.1,8,,221,89581,26,0.1,10.5,52602,23.8,-0.1,9,38343,22.6,0.2,6.4,33679,27.5,0.2,10.3,,,,,,,,,,,,,,,,,,,53161,24.7,0.9,11.1,12,45582,23.4,0,7.6,209
2/1/2001,Tameside,E08000008,46599,23.9,,1.3,11.3,,279,90712,26.4,1.3,13.4,53283,24.1,1.3,12.2,38881,22.9,1.4,9.9,34120,27.8,1.3,14,,,,,,,,,,,,,,,,,,,54351,25.2,2.2,14.7,22,46152,23.7,1.2,10.9,257
3/1/2001,Tameside,E08000008,46552,23.9,,-0.1,9.4,,330,90661,26.3,-0.1,11.3,53219,24.1,-0.1,10.1,38852,22.9,-0.1,8.2,33878,27.6,-0.7,12.2,,,,,,,,,,,,,,,,,,,54325,25.2,0,13,38,46097,23.7,-0.1,9,292
4/1/2001,Tameside,E08000008,46799,24,,0.5,9.6,,289,91027,26.5,0.4,11.7,53402,24.2,0.3,10.1,39116,23,0.7,8.5,34080,27.8,0.6,11.8,,,,,,,,,,,,,,,,,,,54451,25.3,0.2,12.8,19,46354,23.8,0.6,9.2,270
5/1/2001,Tameside,E08000008,47188,24.2,,0.8,6.1,,341,91322,26.5,0.3,7.9,53838,24.4,0.8,6.5,39497,23.3,1,5.3,34301,28,0.6,7.7,,,,,,,,,,,,,,,,,,,54134,25.1,-0.6,8.2,28,46796,24,1,5.9,313
6/1/2001,Tameside,E08000008,48987,25.1,,3.8,11.3,,438,94626,27.5,3.6,12.9,55862,25.3,3.8,11.5,41020,24.2,3.9,10.5,35893,29.3,4.6,13,,,,,,,,,,,,,,,,,,,56221,26.1,3.9,13.8,51,48579,24.9,3.8,10.9,387
7/1/2001,Tameside,E08000008,49759,25.5,,1.6,11.4,,392,96204,28,1.7,12.5,56841,25.7,1.8,11.6,41615,24.5,1.5,10.8,36385,29.7,1.4,13.4,,,,,,,,,,,,,,,,,,,56924,26.4,1.3,13.5,28,49359,25.3,1.6,11.1,364
8/1/2001,Tameside,E08000008,49747,25.5,,0,11.3,,466,96734,28.1,0.6,12.2,56740,25.7,-0.2,11.1,41582,24.5,-0.1,11,36459,29.7,0.2,13,,,,,,,,,,,,,,,,,,,57316,26.6,0.7,13.7,32,49316,25.3,-0.1,11,434
9/1/2001,Tameside,E08000008,49248,25.3,,-1,8.5,,355,96317,28,-0.4,9.3,56037,25.4,-1.2,8.1,41172,24.2,-1,8.5,36033,29.4,-1.2,10.1,,,,,,,,,,,,,,,,,,,56954,26.4,-0.6,11.1,29,48805,25.1,-1,8.2,326
10/1/2001,Tameside,E08000008,49286,25.3,,0.1,8.1,,405,96423,28,0.1,8.6,56106,25.4,0.1,7.5,41176,24.2,0,8.3,36280,29.6,0.7,9.6,,,,,,,,,,,,,,,,,,,57418,26.7,0.8,10.9,30,48811,25.1,0,7.8,375
11/1/2001,Tameside,E08000008,49602,25.5,,0.6,8.1,,426,96858,28.1,0.5,8.3,56588,25.6,0.9,7.9,41397,24.4,0.5,8.2,36615,29.9,0.9,9.9,,,,,,,,,,,,,,,,,,,57801,26.8,0.7,10.7,29,49123,25.2,0.6,7.8,397
12/1/2001,Tameside,E08000008,50334,25.8,,1.5,9.6,,388,97926,28.5,1.1,9.5,57593,26.1,1.8,9.4,41947,24.7,1.3,9.6,37500,30.6,2.4,11.5,,,,,,,,,,,,,,,,,,,58836,27.3,1.8,11.7,30,49834,25.6,1.4,9.3,358
1/1/2002,Tameside,E08000008,50700,26,,0.7,10.3,,297,98833,28.7,0.9,10.3,58021,26.3,0.7,10.3,42223,24.9,0.7,10.1,37854,30.9,0.9,12.4,,,,,,,,,,,,,,,,,,,59415,27.6,1,11.8,13,50186,25.8,0.7,10.1,284
2/1/2002,Tameside,E08000008,51353,26.4,,1.3,10.2,,298,100308,29.2,1.5,10.6,58643,26.6,1.1,10.1,42799,25.2,1.4,10.1,38456,31.4,1.6,12.7,,,,,,,,,,,,,,,,,,,60952,28.3,2.6,12.1,19,50776,26.1,1.2,10,279
3/1/2002,Tameside,E08000008,51725,26.6,,0.7,11.1,,410,100874,29.3,0.6,11.3,59049,26.7,0.7,11,43142,25.4,0.8,11,38576,31.5,0.3,13.9,,,,,,,,,,,,,,,,,,,61297,28.5,0.6,12.8,27,51150,26.3,0.7,11,383
4/1/2002,Tameside,E08000008,52285,26.8,,1.1,11.7,,303,101455,29.5,0.6,11.5,59625,27,1,11.7,43679,25.7,1.2,11.7,39264,32,1.8,15.2,,,,,,,,,,,,,,,,,,,61890,28.7,1,13.7,21,51709,26.6,1.1,11.6,282
5/1/2002,Tameside,E08000008,52995,27.2,,1.4,12.3,,527,102222,29.7,0.8,11.9,60573,27.4,1.6,12.5,44269,26.1,1.4,12.1,39860,32.5,1.5,16.2,,,,,,,,,,,,,,,,,,,61933,28.8,0.1,14.4,29,52470,26.9,1.5,12.1,498
6/1/2002,Tameside,E08000008,54214,27.8,,2.3,10.7,,368,104533,30.4,2.3,10.5,61869,28,2.1,10.8,45326,26.7,2.4,10.5,40982,33.4,2.8,14.2,,,,,,,,,,,,,,,,,,,63272,29.4,2.2,12.5,28,53684,27.6,2.3,10.5,340
7/1/2002,Tameside,E08000008,56213,28.9,,3.7,13,,446,108508,31.5,3.8,12.8,64133,29,3.7,12.8,47009,27.7,3.7,13,42198,34.4,3,16,,,,,,,,,,,,,,,,,,,65085,30.2,2.9,14.3,26,55702,28.6,3.8,12.9,420
8/1/2002,Tameside,E08000008,57757,29.6,,2.7,16.1,,501,111622,32.4,2.9,15.4,65857,29.8,2.7,16.1,48304,28.4,2.8,16.2,43328,35.3,2.7,18.8,,,,,,,,,,,,,,,,,,,66779,31,2.6,16.5,36,57239,29.4,2.8,16.1,465
9/1/2002,Tameside,E08000008,58555,30.1,,1.4,18.9,,415,113353,32.9,1.6,17.7,66903,30.3,1.6,19.4,48904,28.8,1.2,18.8,43626,35.6,0.7,21.1,,,,,,,,,,,,,,,,,,,67240,31.2,0.7,18.1,24,58064,29.8,1.4,19,391
10/1/2002,Tameside,E08000008,59523,30.6,,1.7,20.8,,358,115159,33.5,1.6,19.4,68199,30.9,1.9,21.6,49621,29.2,1.5,20.5,44533,36.3,2.1,22.7,,,,,,,,,,,,,,,,,,,68383,31.7,1.7,19.1,23,59022,30.3,1.6,20.9,335
11/1/2002,Tameside,E08000008,60409,31,,1.5,21.8,,455,117061,34,1.7,20.9,69214,31.3,1.5,22.3,50333,29.6,1.4,21.6,45326,37,1.8,23.8,,,,,,,,,,,,,,,,,,,69204,32.1,1.2,19.7,26,59915,30.8,1.5,22,429
12/1/2002,Tameside,E08000008,61755,31.7,,2.2,22.7,,378,119212,34.6,1.8,21.7,70854,32.1,2.4,23,51438,30.3,2.2,22.6,46690,38.1,3,24.5,,,,,,,,,,,,,,,,,,,70777,32.9,2.3,20.3,21,61247,31.5,2.2,22.9,357
1/1/2003,Tameside,E08000008,61979,31.8,,0.4,22.2,,301,119339,34.7,0.1,20.7,70954,32.1,0.1,22.3,51729,30.5,0.6,22.5,46890,38.2,0.4,23.9,,,,,,,,,,,,,,,,,,,70565,32.8,-0.3,18.8,9,61505,31.6,0.4,22.6,292
2/1/2003,Tameside,E08000008,62524,32.1,,0.9,21.8,,338,119783,34.8,0.4,19.4,71699,32.5,1.1,22.3,52188,30.7,0.9,21.9,47397,38.6,1.1,23.2,,,,,,,,,,,,,,,,,,,71214,33.1,0.9,16.8,16,62045,31.9,0.9,22.2,322
3/1/2003,Tameside,E08000008,63767,32.7,,2,23.3,,365,122170,35.5,2,21.1,73046,33.1,1.9,23.7,53260,31.4,2.1,23.5,48340,39.4,2,25.3,,,,,,,,,,,,,,,,,,,72757,33.8,2.2,18.7,23,63268,32.5,2,23.7,342
4/1/2003,Tameside,E08000008,66154,34,,3.7,26.5,,389,126295,36.7,3.4,24.5,76003,34.4,4,27.5,55191,32.5,3.6,26.4,50300,41,4.1,28.1,,,,,,,,,,,,,,,,,,,75670,35.1,4,22.3,29,65621,33.7,3.7,26.9,360
5/1/2003,Tameside,E08000008,68749,35.3,,3.9,29.7,,469,131121,38.1,3.8,28.3,79011,35.8,4,30.4,57368,33.8,3.9,29.6,52054,42.4,3.5,30.6,,,,,,,,,,,,,,,,,,,78426,36.4,3.6,26.6,40,68212,35,3.9,30,429
6/1/2003,Tameside,E08000008,70235,36.1,,2.2,29.6,,403,133397,38.8,1.7,27.6,80671,36.5,2.1,30.4,58685,34.6,2.3,29.5,53309,43.5,2.4,30.1,,,,,,,,,,,,,,,,,,,80000,37.1,2,26.4,54,69695,35.8,2.2,29.8,349
7/1/2003,Tameside,E08000008,72382,37.2,,3.1,28.8,,447,137009,39.8,2.7,26.3,83095,37.6,3,29.6,60560,35.7,3.2,28.8,54754,44.6,2.7,29.8,,,,,,,,,,,,,,,,,,,82312,38.2,2.9,26.5,21,71837,36.9,3.1,29,426
8/1/2003,Tameside,E08000008,73641,37.8,,1.7,27.5,,458,138828,40.3,1.3,24.4,84466,38.2,1.6,28.3,61701,36.3,1.9,27.7,55853,45.5,2,28.9,,,,,,,,,,,,,,,,,,,83423,38.7,1.3,24.9,28,73110,37.5,1.8,27.7,430
9/1/2003,Tameside,E08000008,74942,38.5,,1.8,28,,438,140894,40.9,1.5,24.3,85968,38.9,1.8,28.5,62850,37,1.9,28.5,56451,46,1.1,29.4,,,,,,,,,,,,,,,,,,,84197,39.1,0.9,25.2,40,74455,38.2,1.8,28.2,398
10/1/2003,Tameside,E08000008,76134,39.1,,1.6,27.9,,427,142803,41.5,1.4,24,87233,39.5,1.5,27.9,63929,37.6,1.7,28.8,57442,46.8,1.8,29,,,,,,,,,,,,,,,,,,,85185,39.5,1.2,24.6,28,75667,38.9,1.6,28.2,399
11/1/2003,Tameside,E08000008,76943,39.5,,1.1,27.4,,470,143930,41.8,0.8,23,88150,39.9,1.1,27.4,64658,38.1,1.1,28.5,58045,47.3,1,28.1,,,,,,,,,,,,,,,,,,,85967,39.9,0.9,24.2,37,76481,39.3,1.1,27.6,433
12/1/2003,Tameside,E08000008,77732,39.9,,1,25.9,,483,144085,41.9,0.1,20.9,88925,40.3,0.9,25.5,65506,38.6,1.3,27.3,59098,48.2,1.8,26.6,,,,,,,,,,,,,,,,,,,86688,40.2,0.8,22.5,60,77278,39.7,1,26.2,423
1/1/2004,Tameside,E08000008,77507,39.8,,-0.3,25.1,,330,143354,41.7,-0.5,20.1,88521,40.1,-0.5,24.8,65417,38.5,-0.1,26.5,59007,48.1,-0.2,25.8,,,,,,,,,,,,,,,,,,,86561,40.2,-0.1,22.7,10,77045,39.6,-0.3,25.3,320
2/1/2004,Tameside,E08000008,78602,40.3,,1.4,25.7,,328,144519,42,0.8,20.7,89537,40.5,1.1,24.9,66495,39.2,1.6,27.4,60133,49,1.9,26.9,,,,,,,,,,,,,,,,,,,88418,41,2.1,24.2,13,78090,40.1,1.4,25.9,315
3/1/2004,Tameside,E08000008,80522,41.3,,2.4,26.3,,351,148079,43,2.5,21.2,91523,41.4,2.2,25.3,68165,40.1,2.5,28,61479,50.1,2.2,27.2,,,,,,,,,,,,,,,,,,,91096,42.3,3,25.2,22,79960,41.1,2.4,26.4,329
4/1/2004,Tameside,E08000008,83697,43,,3.9,26.5,,479,151876,44.1,2.6,20.3,94931,43,3.7,24.9,71109,41.9,4.3,28.8,63631,51.9,3.5,26.5,,,,,,,,,,,,,,,,,,,93694,43.5,2.9,23.8,30,83178,42.7,4,26.8,449
5/1/2004,Tameside,E08000008,86653,44.5,,3.5,26,,416,155370,45.2,2.3,18.5,97935,44.3,3.2,24,73925,43.5,4,28.9,65639,53.5,3.2,26.1,,,,,,,,,,,,,,,,,,,95953,44.5,2.4,22.3,27,86184,44.3,3.6,26.3,389
6/1/2004,Tameside,E08000008,90279,46.3,,4.2,28.5,,489,160323,46.6,3.2,20.2,101904,46.1,4.1,26.3,77184,45.5,4.4,31.5,68443,55.8,4.3,28.4,,,,,,,,,,,,,,,,,,,99735,46.3,3.9,24.7,60,89805,46.1,4.2,28.9,429
7/1/2004,Tameside,E08000008,92463,47.5,,2.4,27.7,,476,163733,47.6,2.1,19.5,104347,47.3,2.4,25.6,79121,46.6,2.5,30.6,69803,56.9,2,27.5,,,,,,,,,,,,,,,,,,,101472,47.1,1.7,23.3,18,92023,47.3,2.5,28.1,458
8/1/2004,Tameside,E08000008,93908,48.2,,1.6,27.5,,365,166472,48.4,1.7,19.9,106016,48,1.6,25.5,80348,47.3,1.6,30.2,70644,57.6,1.2,26.5,,,,,,,,,,,,,,,,,,,102426,47.6,0.9,22.8,16,93504,48,1.6,27.9,349
9/1/2004,Tameside,E08000008,94964,48.7,,1.1,26.7,,378,168565,49,1.3,19.6,107053,48.5,1,24.5,81335,47.9,1.2,29.4,70979,57.9,0.5,25.7,,,,,,,,,,,,,,,,,,,102668,47.7,0.2,21.9,19,94615,48.6,1.2,27.1,359
10/1/2004,Tameside,E08000008,97151,49.9,,2.3,27.6,,369,172548,50.1,2.4,20.8,109342,49.5,2.1,25.3,83231,49,2.3,30.2,73131,59.6,3,27.3,,,,,,,,,,,,,,,,,,,105889,49.2,3.1,24.3,15,96736,49.7,2.2,27.8,354
11/1/2004,Tameside,E08000008,98836,50.7,,1.7,28.5,,302,175157,50.9,1.5,21.7,111068,50.3,1.6,26,84753,49.9,1.8,31.1,74661,60.9,2.1,28.6,,,,,,,,,,,,,,,,,,,108085,50.2,2.1,25.7,23,98389,50.5,1.7,28.6,279
12/1/2004,Tameside,E08000008,100033,51.3,,1.2,28.7,,330,176366,51.3,0.7,22.4,112235,50.8,1.1,26.2,85890,50.6,1.3,31.1,76017,62,1.8,28.6,,,,,,,,,,,,,,,,,,,110037,51.1,1.8,26.9,42,99539,51.1,1.2,28.8,288
1/1/2005,Tameside,E08000008,100052,51.4,,0,29.1,,210,176345,51.2,0,23,111998,50.7,-0.2,26.5,86010,50.6,0.1,31.5,76120,62.1,0.1,29,,,,,,,,,,,,,,,,,,,111012,51.5,0.9,28.2,9,99495,51.1,0,29.1,201
2/1/2005,Tameside,E08000008,99129,50.9,,-0.9,26.1,,227,174583,50.7,-1,20.8,111047,50.3,-0.8,24,85157,50.1,-1,28.1,75618,61.7,-0.7,25.8,,,,,,,,,,,,,,,,,,,111387,51.7,0.3,26,24,98443,50.5,-1.1,26.1,203
3/1/2005,Tameside,E08000008,100166,51.4,,1,24.4,,266,176452,51.3,1.1,19.2,112321,50.9,1.1,22.7,85989,50.6,1,26.1,76315,62.2,0.9,24.1,,,,,,,,,,,,,,,,,,,113418,52.7,1.8,24.5,23,99377,51,0.9,24.3,243
4/1/2005,Tameside,E08000008,100701,51.7,,0.5,20.3,,325,176205,51.2,-0.1,16,113036,51.2,0.6,19.1,86462,50.9,0.6,21.6,76859,62.7,0.7,20.8,,,,,,,,,,,,,,,,,,,114754,53.3,1.2,22.5,35,99791,51.2,0.4,20,290
5/1/2005,Tameside,E08000008,103910,53.3,,3.2,19.9,,299,181522,52.8,3,16.8,116395,52.7,3,18.8,89344,52.6,3.3,20.9,79272,64.6,3.1,20.8,,,,,,,,,,,,,,,,,,,118333,54.9,3.1,23.3,46,102983,52.9,3.2,19.5,253
6/1/2005,Tameside,E08000008,106180,54.5,,2.2,17.6,,367,183854,53.4,1.3,14.7,118573,53.7,1.9,16.4,91581,53.9,2.5,18.7,80922,66,2.1,18.2,,,,,,,,,,,,,,,,,,,120662,56,2,21,102,105274,54.1,2.2,17.2,265
7/1/2005,Tameside,E08000008,109340,56.1,,3,18.3,,277,189008,54.9,2.8,15.4,122083,55.3,3,17,94414,55.6,3.1,19.3,82927,67.6,2.5,18.8,,,,,,,,,,,,,,,,,,,123407,57.3,2.3,21.6,32,108545,55.7,3.1,18,245
8/1/2005,Tameside,E08000008,111217,57.1,,1.7,18.4,,315,191952,55.8,1.6,15.3,123994,56.1,1.6,17,96162,56.6,1.9,19.7,84194,68.6,1.5,19.2,,,,,,,,,,,,,,,,,,,125293,58.2,1.5,22.3,42,110446,56.7,1.8,18.1,273
9/1/2005,Tameside,E08000008,112334,57.7,,1,18.3,,315,194336,56.5,1.2,15.3,125107,56.7,0.9,16.9,97183,57.2,1.1,19.5,84863,69.2,0.8,19.6,,,,,,,,,,,,,,,,,,,126422,58.7,0.9,23.1,49,111576,57.3,1,17.9,266
10/1/2005,Tameside,E08000008,111943,57.5,,-0.3,15.2,,235,193542,56.2,-0.4,12.2,124238,56.3,-0.7,13.6,96960,57.1,-0.2,16.5,84956,69.3,0.1,16.2,,,,,,,,,,,,,,,,,,,126450,58.7,0,19.4,43,111112,57.1,-0.4,14.9,192
11/1/2005,Tameside,E08000008,112384,57.7,,0.4,13.7,,294,193780,56.3,0.1,10.6,124652,56.4,0.3,12.2,97381,57.3,0.4,14.9,85447,69.7,0.6,14.4,,,,,,,,,,,,,,,,,,,127340,59.1,0.7,17.8,62,111485,57.2,0.3,13.3,232
12/1/2005,Tameside,E08000008,110105,56.5,,-2,10.1,,406,188892,54.9,-2.5,7.1,121903,55.2,-2.2,8.6,95442,56.2,-2,11.1,84392,68.8,-1.2,11,,,,,,,,,,,,,,,,,,,125447,58.2,-1.5,14,90,109112,56,-2.1,9.6,316
1/1/2006,Tameside,E08000008,110089,56.5,,0,10,,301,188785,54.9,-0.1,7.1,121824,55.2,-0.1,8.8,95506,56.2,0.1,11,84140,68.6,-0.3,10.5,,,,,,,,,,,,,,,,,,,125367,58.2,-0.1,12.9,37,109107,56,0,9.7,264
2/1/2006,Tameside,E08000008,110316,56.6,,0.2,11.3,,324,188368,54.7,-0.2,7.9,121822,55.2,0,9.7,95811,56.4,0.3,12.5,84560,68.9,0.5,11.8,,,,,,,,,,,,,,,,,,,126220,58.6,0.7,13.3,34,109288,56.1,0.2,11,290
3/1/2006,Tameside,E08000008,112418,57.7,,1.9,12.2,,461,192577,56,2.2,9.1,124344,56.3,2.1,10.7,97633,57.5,1.9,13.5,85535,69.7,1.2,12.1,,,,,,,,,,,,,,,,,,,128411,59.6,1.7,13.2,75,111418,57.2,1.9,12.1,386
4/1/2006,Tameside,E08000008,114261,58.7,,1.6,13.5,,349,194793,56.6,1.2,10.5,126384,57.2,1.6,11.8,99324,58.5,1.7,14.9,86923,70.9,1.6,13.1,,,,,,,,,,,,,,,,,,,130685,60.7,1.8,13.9,31,113227,58.1,1.6,13.5,318
5/1/2006,Tameside,E08000008,114938,59,,0.6,10.6,,388,195896,56.9,0.6,7.9,127305,57.6,0.7,9.4,99940,58.9,0.6,11.9,87024,71,0.1,9.8,,,,,,,,,,,,,,,,,,,130687,60.7,0,10.4,28,113974,58.5,0.7,10.7,360
6/1/2006,Tameside,E08000008,115655,59.4,,0.6,8.9,,457,196107,57,0.1,6.7,127997,58,0.5,7.9,100687,59.3,0.7,9.9,87647,71.5,0.7,8.3,,,,,,,,,,,,,,,,,,,131224,60.9,0.4,8.8,69,114713,58.9,0.6,9,388
7/1/2006,Tameside,E08000008,116610,59.9,,0.8,6.6,,437,197642,57.4,0.8,4.6,128821,58.3,0.6,5.5,101750,59.9,1.1,7.8,87930,71.7,0.3,6,,,,,,,,,,,,,,,,,,,131286,60.9,0,6.4,31,115763,59.4,0.9,6.7,406
8/1/2006,Tameside,E08000008,117013,60.1,,0.3,5.2,,418,198559,57.7,0.5,3.4,129162,58.5,0.3,4.2,102302,60.2,0.5,6.4,87556,71.4,-0.4,4,,,,,,,,,,,,,,,,,,,130337,60.5,-0.7,4,36,116306,59.7,0.5,5.3,382
9/1/2006,Tameside,E08000008,117460,60.3,,0.4,4.6,,461,200125,58.2,0.8,3,129673,58.7,0.4,3.6,102758,60.5,0.4,5.7,87310,71.2,-0.3,2.9,,,,,,,,,,,,,,,,,,,129973,60.3,-0.3,2.8,38,116837,60,0.5,4.7,423
10/1/2006,Tameside,E08000008,118044,60.6,,0.5,5.4,,426,201571,58.6,0.7,4.1,130393,59,0.6,5,103123,60.7,0.4,6.4,88005,71.8,0.8,3.6,,,,,,,,,,,,,,,,,,,130810,60.7,0.6,3.4,25,117399,60.3,0.5,5.7,401
11/1/2006,Tameside,E08000008,118909,61,,0.7,5.8,,431,202888,59,0.7,4.7,131344,59.5,0.7,5.4,103864,61.2,0.7,6.7,88771,72.4,0.9,3.9,,,,,,,,,,,,,,,,,,,131938,61.3,0.9,3.6,20,118241,60.7,0.7,6.1,411
12/1/2006,Tameside,E08000008,120168,61.7,,1.1,9.1,,542,203815,59.2,0.5,7.9,132508,60,0.9,8.7,105088,61.9,1.2,10.1,90098,73.5,1.5,6.8,,,,,,,,,,,,,,,,,,,133674,62.1,1.3,6.6,55,119459,61.3,1,9.5,487
1/1/2007,Tameside,E08000008,119098,61.1,,-0.9,8.2,,358,201585,58.6,-1.1,6.8,131252,59.4,-0.9,7.7,104279,61.4,-0.8,9.2,89092,72.6,-1.1,5.9,,,,,,,,,,,,,,,,,,,132306,61.4,-1,5.5,23,118413,60.8,-0.9,8.5,335
2/1/2007,Tameside,E08000008,120249,61.7,,1,9,,375,203304,59.1,0.9,7.9,132433,60,0.9,8.7,105226,62,0.9,9.8,90416,73.7,1.5,6.9,,,,,,,,,,,,,,,,,,,134037,62.2,1.3,6.2,27,119514,61.4,0.9,9.4,348
3/1/2007,Tameside,E08000008,120604,61.9,,0.3,7.3,,445,204251,59.4,0.5,6.1,132862,60.2,0.3,6.9,105589,62.2,0.3,8.1,90337,73.7,-0.1,5.6,,,,,,,,,,,,,,,,,,,133731,62.1,-0.2,4.1,40,119924,61.6,0.3,7.6,405
4/1/2007,Tameside,E08000008,123352,63.3,,2.3,8,,390,208156,60.5,1.9,6.9,135805,61.5,2.2,7.5,108180,63.7,2.5,8.9,92198,75.2,2.1,6.1,,,,,,,,,,,,,,,,,,,135931,63.1,1.6,4,25,122718,63,2.3,8.4,365
5/1/2007,Tameside,E08000008,123263,63.3,,-0.1,7.2,,371,206960,60.1,-0.6,5.6,135539,61.4,-0.2,6.5,108350,63.8,0.2,8.4,92016,75,-0.2,5.7,,,,,,,,,,,,,,,,,,,135868,63.1,0,4,15,122627,63,-0.1,7.6,356
6/1/2007,Tameside,E08000008,123840,63.6,,0.5,7.1,,493,207507,60.3,0.3,5.8,135981,61.6,0.3,6.2,108968,64.2,0.6,8.2,92638,75.5,0.7,5.7,,,,,,,,,,,,,,,,,,,136587,63.4,0.5,4.1,48,123195,63.3,0.5,7.4,445
7/1/2007,Tameside,E08000008,123861,63.6,,0,6.2,,422,207965,60.4,0.2,5.2,135878,61.5,-0.1,5.5,108990,64.2,0,7.1,92726,75.6,0.1,5.5,,,,,,,,,,,,,,,,,,,137303,63.7,0.5,4.6,12,123166,63.2,0,6.4,410
8/1/2007,Tameside,E08000008,125769,64.6,,1.5,7.5,,484,212122,61.6,2,6.8,137979,62.5,1.5,6.8,110746,65.2,1.6,8.3,93390,76.1,0.7,6.7,,,,,,,,,,,,,,,,,,,137943,64,0.5,5.8,26,125170,64.3,1.6,7.6,458
9/1/2007,Tameside,E08000008,128248,65.8,,2,9.2,,430,216927,63,2.3,8.4,140677,63.7,2,8.5,112908,66.5,2,9.9,95068,77.5,1.8,8.9,,,,,,,,,,,,,,,,,,,140400,65.2,1.8,8,29,127656,65.6,2,9.3,401
10/1/2007,Tameside,E08000008,128760,66.1,,0.4,9.1,,373,218422,63.5,0.7,8.4,141180,63.9,0.4,8.3,113295,66.7,0.3,9.9,95537,77.9,0.5,8.6,,,,,,,,,,,,,,,,,,,140592,65.3,0.1,7.5,18,128192,65.8,0.4,9.2,355
11/1/2007,Tameside,E08000008,128425,65.9,,-0.3,8,,414,218188,63.4,-0.1,7.5,140852,63.8,-0.2,7.2,112812,66.4,-0.4,8.6,95792,78.1,0.3,7.9,,,,,,,,,,,,,,,,,,,140977,65.4,0.3,6.9,24,127805,65.6,-0.3,8.1,390
12/1/2007,Tameside,E08000008,128049,65.7,,-0.3,6.6,,355,217596,63.2,-0.3,6.8,140413,63.6,-0.3,6,112423,66.2,-0.3,7,95778,78.1,0,6.3,,,,,,,,,,,,,,,,,,,141179,65.5,0.1,5.6,53,127385,65.4,-0.3,6.6,302
1/1/2008,Tameside,E08000008,129592,66.5,,1.2,8.8,,245,220279,64,1.2,9.3,142028,64.3,1.2,8.2,113762,67,1.2,9.1,97131,79.2,1.4,9,,,,,,,,,,,,,,,,,,,143437,66.6,1.6,8.4,30,128880,66.2,1.2,8.8,215
2/1/2008,Tameside,E08000008,128981,66.2,,-0.5,7.3,,289,219539,63.8,-0.3,8,141257,64,-0.5,6.7,113156,66.6,-0.5,7.5,96997,79.1,-0.1,7.3,,,,,,,,,,,,,,,,,,,144234,67,0.6,7.6,25,128063,65.8,-0.6,7.2,264
3/1/2008,Tameside,E08000008,126876,65.1,,-1.6,5.2,,248,216738,63,-1.3,6.1,139252,63.1,-1.4,4.8,111284,65.5,-1.7,5.4,94946,77.4,-2.1,5.1,,,,,,,,,,,,,,,,,,,142054,65.9,-1.5,6.2,19,125952,64.7,-1.6,5,229
4/1/2008,Tameside,E08000008,124205,63.8,,-2.1,0.7,,276,212779,61.8,-1.8,2.2,136377,61.8,-2.1,0.4,108926,64.1,-2.1,0.7,92779,75.6,-2.3,0.6,,,,,,,,,,,,,,,,,,,139558,64.8,-1.8,2.7,57,123205,63.3,-2.2,0.4,219
5/1/2008,Tameside,E08000008,121871,62.6,,-1.9,-1.1,,297,208225,60.5,-2.1,0.6,133987,60.7,-1.8,-1.1,107048,63,-1.7,-1.2,90609,73.9,-2.3,-1.5,,,,,,,,,,,,,,,,,,,136268,63.3,-2.4,0.3,78,121017,62.1,-1.8,-1.3,219
6/1/2008,Tameside,E08000008,120883,62,,-0.8,-2.4,,254,205780,59.8,-1.2,-0.8,132849,60.2,-0.8,-2.3,106250,62.6,-0.7,-2.5,89945,73.3,-0.7,-2.9,,,,,,,,,,,,,,,,,,,135098,62.7,-0.9,-1.1,64,120048,61.6,-0.8,-2.6,190
7/1/2008,Tameside,E08000008,118452,60.8,,-2,-4.4,,221,201295,58.5,-2.2,-3.2,130507,59.1,-1.8,-4,104130,61.3,-2,-4.5,87840,71.6,-2.3,-5.3,,,,,,,,,,,,,,,,,,,131616,61.1,-2.6,-4.1,25,117780,60.5,-1.9,-4.4,196
8/1/2008,Tameside,E08000008,119007,61.1,,0.5,-5.4,,203,202514,58.9,0.6,-4.5,131100,59.4,0.5,-5,104688,61.6,0.5,-5.5,88048,71.8,0.2,-5.7,,,,,,,,,,,,,,,,,,,131322,61,-0.2,-4.8,30,118507,60.9,0.6,-5.3,173
9/1/2008,Tameside,E08000008,116596,59.8,,-2,-9.1,,178,200308,58.2,-1.1,-7.7,128363,58.1,-2.1,-8.8,102408,60.3,-2.2,-9.3,86265,70.3,-2,-9.3,,,,,,,,,,,,,,,,,,,128459,59.6,-2.2,-8.5,18,116146,59.6,-2,-9,160
10/1/2008,Tameside,E08000008,115592,59.3,,-0.9,-10.2,,170,199216,57.9,-0.5,-8.8,127251,57.6,-0.9,-9.9,101421,59.7,-1,-10.5,85615,69.8,-0.8,-10.4,,,,,,,,,,,,,,,,,,,127351,59.1,-0.9,-9.4,35,115146,59.1,-0.9,-10.2,135
11/1/2008,Tameside,E08000008,111648,57.3,,-3.4,-13.1,,106,193013,56.1,-3.1,-11.5,123070,55.7,-3.3,-12.6,97680,57.5,-3.7,-13.4,83022,67.7,-3,-13.3,,,,,,,,,,,,,,,,,,,123909,57.5,-2.7,-12.1,20,111043,57,-3.6,-13.1,86
12/1/2008,Tameside,E08000008,110700,56.8,,-0.8,-13.5,,151,190350,55.3,-1.4,-12.5,122136,55.3,-0.8,-13,97009,57.1,-0.7,-13.7,82082,66.9,-1.1,-14.3,,,,,,,,,,,,,,,,,,,122419,56.8,-1.2,-13.3,39,110184,56.6,-0.8,-13.5,112
1/1/2009,Tameside,E08000008,107624,55.2,,-2.8,-17,,91,185493,53.9,-2.6,-15.8,118610,53.7,-2.9,-16.5,94206,55.5,-2.9,-17.2,80081,65.3,-2.4,-17.6,,,,,,,,,,,,,,,,,,,119490,55.5,-2.4,-16.7,4,107032,55,-2.9,-17,87
2/1/2009,Tameside,E08000008,105682,54.2,,-1.8,-18.1,,105,182172,52.9,-1.8,-17,116387,52.7,-1.9,-17.6,92479,54.5,-1.8,-18.3,78838,64.3,-1.6,-18.7,,,,,,,,,,,,,,,,,,,117613,54.6,-1.6,-18.5,12,105071,54,-1.8,-18,93
3/1/2009,Tameside,E08000008,103210,53,,-2.3,-18.7,,151,178179,51.8,-2.2,-17.8,113616,51.4,-2.4,-18.4,90044,53,-2.6,-19.1,77771,63.4,-1.4,-18.1,,,,,,,,,,,,,,,,,,,116232,54,-1.2,-18.2,35,102391,52.6,-2.6,-18.7,116
4/1/2009,Tameside,E08000008,102497,52.6,,-0.7,-17.5,,114,176100,51.2,-1.2,-17.2,112967,51.2,-0.6,-17.2,89448,52.7,-0.7,-17.9,77248,63,-0.7,-16.7,,,,,,,,,,,,,,,,,,,115535,53.6,-0.6,-17.2,14,101671,52.2,-0.7,-17.5,100
5/1/2009,Tameside,E08000008,102504,52.6,,0,-15.9,,156,175592,51,-0.3,-15.7,113073,51.2,0.1,-15.6,89580,52.8,0.1,-16.3,76765,62.6,-0.6,-15.3,,,,,,,,,,,,,,,,,,,114876,53.3,-0.6,-15.7,25,101757,52.3,0.1,-15.9,131
6/1/2009,Tameside,E08000008,101877,52.3,,-0.6,-15.7,,192,174218,50.6,-0.8,-15.3,112490,50.9,-0.5,-15.3,89186,52.5,-0.4,-16.1,75526,61.6,-1.6,-16,,,,,,,,,,,,,,,,,,,112978,52.5,-1.7,-16.4,34,101275,52,-0.5,-15.6,158
7/1/2009,Tameside,E08000008,102985,52.9,,1.1,-13.1,,203,176046,51.2,1,-12.5,113758,51.5,1.1,-12.8,90329,53.2,1.3,-13.3,75553,61.6,0,-14,,,,,,,,,,,,,,,,,,,113268,52.6,0.3,-13.9,21,102488,52.6,1.2,-13,182
8/1/2009,Tameside,E08000008,102632,52.7,,-0.3,-13.8,,166,175877,51.1,-0.1,-13.2,113346,51.3,-0.4,-13.5,90108,53.1,-0.2,-13.9,74745,60.9,-1.1,-15.1,,,,,,,,,,,,,,,,,,,112032,52,-1.1,-14.7,12,102240,52.5,-0.2,-13.7,154
9/1/2009,Tameside,E08000008,105130,54,,2.4,-9.8,,152,180430,52.4,2.6,-9.9,116120,52.6,2.4,-9.5,92308,54.4,2.4,-9.9,76332,62.2,2.1,-11.5,,,,,,,,,,,,,,,,,,,114717,53.3,2.4,-10.7,12,104733,53.8,2.4,-9.8,140
10/1/2009,Tameside,E08000008,106300,54.6,,1.1,-8,,204,182596,53.1,1.2,-8.3,117594,53.2,1.3,-7.6,93276,54.9,1,-8,76820,62.6,0.6,-10.3,,,,,,,,,,,,,,,,,,,115557,53.6,0.7,-9.3,16,105952,54.4,1.2,-8,188
11/1/2009,Tameside,E08000008,108356,55.6,,1.9,-2.9,,203,186309,54.1,2,-3.5,119808,54.3,1.9,-2.7,95150,56,2,-2.6,78090,63.7,1.7,-5.9,,,,,,,,,,,,,,,,,,,117824,54.7,2,-4.9,18,107997,55.5,1.9,-2.7,185
12/1/2009,Tameside,E08000008,109680,56.3,,1.2,-0.9,,254,187379,54.5,0.6,-1.6,121375,55,1.3,-0.6,96574,56.9,1.5,-0.4,78431,63.9,0.4,-4.4,,,,,,,,,,,,,,,,,,,118254,54.9,0.4,-3.4,30,109439,56.2,1.3,-0.7,224
1/1/2010,Tameside,E08000008,107385,55.1,,-2.1,-0.2,,98,184008,53.5,-1.8,-0.8,118902,53.8,-2,0.2,94584,55.7,-2.1,0.4,76175,62.1,-2.9,-4.9,,,,,,,,,,,,,,,,,,,114558,53.2,-3.1,-4.1,4,107301,55.1,-2,0.3,94
2/1/2010,Tameside,E08000008,104862,53.8,,-2.3,-0.8,,146,179884,52.3,-2.2,-1.3,116421,52.7,-2.1,0,92233,54.3,-2.5,-0.3,74027,60.4,-2.8,-6.1,,,,,,,,,,,,,,,,,,,111880,51.9,-2.3,-4.9,19,104808,53.8,-2.3,-0.3,127
3/1/2010,Tameside,E08000008,101143,51.9,,-3.5,-2,,165,175269,50.9,-2.6,-1.6,112456,50.9,-3.4,-1,88600,52.2,-3.9,-1.6,71579,58.4,-3.3,-8,,,,,,,,,,,,,,,,,,,108496,50.4,-3,-6.7,19,101051,51.9,-3.6,-1.3,146
4/1/2010,Tameside,E08000008,101931,52.3,,0.8,-0.6,,155,176143,51.2,0.5,0,113413,51.4,0.9,0.4,89267,52.6,0.8,-0.2,72368,59,1.1,-6.3,,,,,,,,,,,,,,,,,,,109999,51.1,1.4,-4.8,11,101770,52.3,0.7,0.1,144
5/1/2010,Tameside,E08000008,103884,53.3,,1.9,1.3,,163,179424,52.1,1.9,2.2,115474,52.3,1.8,2.1,91046,53.6,2,1.6,73805,60.2,2,-3.9,,,,,,,,,,,,,,,,,,,111315,51.7,1.2,-3.1,18,103800,53.3,2,2,145
6/1/2010,Tameside,E08000008,105524,54.2,,1.6,3.6,,177,181523,52.8,1.2,4.2,117218,53.1,1.5,4.2,92688,54.6,1.8,3.9,74602,60.8,1.1,-1.2,,,,,,,,,,,,,,,,,,,112323,52.1,0.9,-0.6,22,105515,54.2,1.7,4.2,155
7/1/2010,Tameside,E08000008,106419,54.6,,0.8,3.3,,203,183671,53.4,1.2,4.3,118170,53.5,0.8,3.9,93485,55,0.9,3.5,74857,61,0.3,-0.9,,,,,,,,,,,,,,,,,,,112653,52.3,0.3,-0.5,16,106475,54.7,0.9,3.9,187
8/1/2010,Tameside,E08000008,107129,55,,0.7,4.4,,173,185576,53.9,1,5.5,119247,54,0.9,5.2,93929,55.3,0.5,4.2,74878,61,0,0.2,,,,,,,,,,,,,,,,,,,113508,52.7,0.8,1.3,13,107174,55,0.7,4.8,160
9/1/2010,Tameside,E08000008,108188,55.5,,1,2.9,,209,188551,54.8,1.6,4.5,120446,54.5,1,3.7,94731,55.8,0.9,2.6,75416,61.5,0.7,-1.2,,,,,,,,,,,,,,,,,,,115115,53.4,1.4,0.3,35,108184,55.6,0.9,3.3,174
10/1/2010,Tameside,E08000008,107056,55,,-1,0.7,,191,187058,54.4,-0.8,2.4,119326,54,-0.9,1.5,93556,55.1,-1.2,0.3,74863,61,-0.7,-2.5,,,,,,,,,,,,,,,,,,,115318,53.5,0.2,-0.2,14,106908,54.9,-1.2,0.9,177
11/1/2010,Tameside,E08000008,106911,54.9,,-0.1,-1.3,,182,187220,54.4,0.1,0.5,119082,53.9,-0.2,-0.6,93364,55,-0.2,-1.9,75125,61.2,0.4,-3.8,,,,,,,,,,,,,,,,,,,115699,53.7,0.3,-1.8,13,106708,54.8,-0.2,-1.2,169
12/1/2010,Tameside,E08000008,104100,53.4,,-2.6,-5.1,,199,182373,53,-2.6,-2.7,116169,52.6,-2.4,-4.3,90751,53.4,-2.8,-6,73270,59.7,-2.5,-6.6,,,,,,,,,,,,,,,,,,,113571,52.7,-1.8,-4,20,103812,53.3,-2.7,-5.1,179
1/1/2011,Tameside,E08000008,104989,53.9,,0.9,-2.2,,112,184667,53.7,1.3,0.4,117103,53,0.8,-1.5,91460,53.9,0.8,-3.3,73934,60.3,0.9,-2.9,,,,,,,,,,,,,,,,,,,115204,53.5,1.4,0.6,18,104632,53.7,0.8,-2.5,94
2/1/2011,Tameside,E08000008,104990,53.9,,0,0.1,,141,185180,53.8,0.3,2.9,116983,53,-0.1,0.5,91475,53.9,0,-0.8,73929,60.3,0,-0.1,,,,,,,,,,,,,,,,,,,115939,53.8,0.6,3.6,8,104562,53.7,-0.1,-0.2,133
3/1/2011,Tameside,E08000008,106644,54.7,,1.6,5.4,,180,189168,55,2.2,7.9,118731,53.8,1.5,5.6,92843,54.7,1.5,4.8,75066,61.2,1.5,4.9,,,,,,,,,,,,,,,,,,,118213,54.9,2,9,54,106162,54.5,1.5,5.1,126
4/1/2011,Tameside,E08000008,103255,53,,-3.2,1.3,,135,182897,53.2,-3.3,3.8,114868,52,-3.3,1.3,89987,53,-3.1,0.8,72695,59.3,-3.2,0.5,,,,,,,,,,,,,,,,,,,114413,53.1,-3.2,4,14,102793,52.8,-3.2,1,121
5/1/2011,Tameside,E08000008,100913,51.8,,-2.3,-2.9,,139,178424,51.9,-2.4,-0.6,112356,50.9,-2.2,-2.7,87869,51.7,-2.4,-3.5,71309,58.1,-1.9,-3.4,,,,,,,,,,,,,,,,,,,112321,52.1,-1.8,0.9,11,100409,51.6,-2.3,-3.3,128
6/1/2011,Tameside,E08000008,99376,51,,-1.5,-5.8,,165,174517,50.7,-2.2,-3.9,110791,50.2,-1.4,-5.5,86597,51,-1.4,-6.6,70211,57.2,-1.5,-5.9,,,,,,,,,,,,,,,,,,,109920,51,-2.1,-2.1,18,98952,50.8,-1.5,-6.2,147
7/1/2011,Tameside,E08000008,101936,52.3,,2.6,-4.2,,190,178886,52,2.5,-2.6,113722,51.5,2.6,-3.8,88759,52.3,2.5,-5.1,72177,58.8,2.8,-3.6,,,,,,,,,,,,,,,,,,,112965,52.4,2.8,0.3,17,101479,52.1,2.6,-4.7,173
8/1/2011,Tameside,E08000008,102811,52.8,,0.9,-4,,187,180458,52.4,0.9,-2.8,114845,52,1,-3.7,89588,52.8,0.9,-4.6,72008,58.7,-0.2,-3.8,,,,,,,,,,,,,,,,,,,112959,52.4,0,-0.5,9,102453,52.6,1,-4.4,178
9/1/2011,Tameside,E08000008,103357,53.1,,0.5,-4.5,,209,182044,52.9,0.9,-3.5,115373,52.2,0.5,-4.2,90115,53.1,0.6,-4.9,72023,58.7,0,-4.5,,,,,,,,,,,,,,,,,,,113282,52.6,0.3,-1.6,12,103027,52.9,0.6,-4.8,197
10/1/2011,Tameside,E08000008,103220,53,,-0.1,-3.6,,149,182342,53,0.2,-2.5,115427,52.3,0,-3.3,89881,52.9,-0.3,-3.9,71465,58.3,-0.8,-4.5,,,,,,,,,,,,,,,,,,,112861,52.4,-0.4,-2.1,6,102918,52.8,-0.1,-3.7,143
11/1/2011,Tameside,E08000008,102509,52.6,,-0.7,-4.1,,187,181428,52.7,-0.5,-3.1,114680,51.9,-0.6,-3.7,89057,52.4,-0.9,-4.6,71540,58.3,0.1,-4.8,,,,,,,,,,,,,,,,,,,112944,52.4,0.1,-2.4,18,102119,52.4,-0.8,-4.3,169
12/1/2011,Tameside,E08000008,102534,52.6,,0,-1.5,,196,181233,52.7,-0.1,-0.6,114830,52,0.1,-1.2,88990,52.4,-0.1,-1.9,71725,58.5,0.3,-2.1,,,,,,,,,,,,,,,,,,,113382,52.6,0.4,-0.2,25,102100,52.4,0,-1.6,171
1/1/2012,Tameside,E08000008,101289,52,,-1.2,-3.5,,129,178571,51.9,-1.5,-3.3,113449,51.4,-1.2,-3.1,88002,51.8,-1.1,-3.8,70684,57.6,-1.5,-4.4,97682,51.5,,,29,100117,51,,,100,91428,51.1,,,115247,51.2,,,111827,51.9,-1.4,-2.9,10,100879,51.8,-1.2,-3.6,119
2/1/2012,Tameside,E08000008,101626,52.2,,0.3,-3.2,,123,178613,51.9,0,-3.5,113677,51.5,0.2,-2.8,88611,52.2,0.7,-3.1,70272,57.3,-0.6,-4.9,98748,52.1,1.1,,40,101152,51.5,1,,83,92420,51.7,1.1,,116417,51.7,1,,111540,51.8,-0.3,-3.8,10,101285,52,0.4,-3.1,113
3/1/2012,Tameside,E08000008,99950,51.3,,-1.6,-6.3,,178,174683,50.8,-2.2,-7.7,111692,50.6,-1.7,-5.9,87396,51.5,-1.4,-5.9,69052,56.3,-1.7,-8,98091,51.7,-0.7,,54,100390,51.1,-0.8,,124,91887,51.4,-0.6,,115396,51.2,-0.9,,109709,50.9,-1.6,-7.2,23,99613,51.2,-1.7,-6.2,155
4/1/2012,Tameside,E08000008,101313,52,,1.4,-1.9,,169,177245,51.5,1.5,-3.1,113156,51.2,1.3,-1.5,88535,52.1,1.3,-1.6,70310,57.3,1.8,-3.3,99399,52.4,1.3,,32,101771,51.8,1.4,,137,93114,52.1,1.3,,117001,51.9,1.4,,111328,51.7,1.5,-2.7,20,100958,51.8,1.3,-1.8,149
5/1/2012,Tameside,E08000008,102831,52.8,,1.5,1.9,,164,179878,52.3,1.5,0.8,114868,52,1.5,2.2,89800,52.9,1.4,2.2,71652,58.4,1.9,0.5,100917,53.2,1.5,,39,103285,52.6,1.5,,125,94518,52.9,1.5,,118744,52.7,1.5,,113197,52.6,1.7,0.8,18,102449,52.6,1.5,2,146
6/1/2012,Tameside,E08000008,104594,53.7,,1.7,5.3,,187,183156,53.2,1.8,5,116766,52.9,1.7,5.4,91387,53.8,1.8,5.5,72700,59.3,1.5,3.5,102573,54.1,1.6,,52,105085,53.5,1.7,,135,96054,53.7,1.6,,120884,53.7,1.8,,114740,53.3,1.4,4.4,39,104248,53.5,1.8,5.4,148
7/1/2012,Tameside,E08000008,103708,53.2,,-0.8,1.7,,162,180928,52.6,-1.2,1.1,115648,52.4,-1,1.7,90865,53.5,-0.6,2.4,71752,58.5,-1.3,-0.6,101766,53.7,-0.8,,47,104170,53.1,-0.9,,115,95284,53.3,-0.8,,119806,53.2,-0.9,,112615,52.3,-1.9,-0.3,9,103492,53.1,-0.7,2,153
8/1/2012,Tameside,E08000008,101596,52.1,,-2,-1.2,,206,176868,51.4,-2.2,-2,113259,51.3,-2.1,-1.4,89204,52.5,-1.8,-0.4,69743,56.9,-2.8,-3.1,99689,52.6,-2,,60,102051,52,-2,,146,93342,52.2,-2,,117369,52.1,-2,,109320,50.8,-2.9,-3.2,12,101495,52.1,-1.9,-0.9,194
9/1/2012,Tameside,E08000008,99471,51.1,,-2.1,-3.8,,162,173787,50.5,-1.7,-4.5,110892,50.2,-2.1,-3.9,87253,51.4,-2.2,-3.2,68199,55.6,-2.2,-5.3,97611,51.5,-2.1,,58,99914,50.9,-2.1,,104,91360,51.1,-2.1,,114950,51,-2.1,,106811,49.6,-2.3,-5.7,17,99397,51,-2.1,-3.5,145
10/1/2012,Tameside,E08000008,99538,51.1,,0.1,-3.6,,195,174175,50.6,0.2,-4.5,111075,50.3,0.2,-3.8,87182,51.3,-0.1,-3,68340,55.7,0.2,-4.4,97586,51.5,0,,64,100017,50.9,0.1,,131,91416,51.1,0.1,,115035,51.1,0.1,,108223,50.2,1.3,-4.1,15,99317,51,-0.1,-3.5,180
11/1/2012,Tameside,E08000008,99826,51.2,,0.3,-2.6,,191,175103,50.9,0.5,-3.5,111382,50.4,0.3,-2.9,87329,51.4,0.2,-1.9,68778,56.1,0.6,-3.9,97810,51.6,0.2,,65,100331,51.1,0.3,,126,91683,51.3,0.3,,115365,51.2,0.3,,109863,51,1.5,-2.7,22,99459,51.1,0.1,-2.6,169
12/1/2012,Tameside,E08000008,100716,51.7,,0.9,-1.8,,174,176845,51.4,1,-2.4,112460,50.9,1,-2.1,88047,51.8,0.8,-1.1,69272,56.5,0.7,-3.4,98606,52,0.8,,46,101256,51.6,0.9,,128,92488,51.7,0.9,,116408,51.7,0.9,,111763,51.9,1.7,-1.4,24,100246,51.5,0.8,-1.8,150
1/1/2013,Tameside,E08000008,100112,51.4,,-0.6,-1.2,,113,175953,51.1,-0.5,-1.5,112044,50.7,-0.4,-1.2,87394,51.5,-0.7,-0.7,68540,55.9,-1.1,-3,97973,51.7,-0.6,0.3,32,100666,51.3,-0.6,0.5,81,91893,51.4,-0.6,0.5,115761,51.4,-0.6,0.4,110370,51.2,-1.2,-1.3,4,99723,51.2,-0.5,-1.1,109
2/1/2013,Tameside,E08000008,99961,51.3,,-0.2,-1.6,,140,175689,51.1,-0.1,-1.6,111951,50.7,-0.1,-1.5,87262,51.4,-0.2,-1.5,68280,55.7,-0.4,-2.8,97777,51.6,-0.2,-1,41,100533,51.2,-0.1,-0.6,99,91780,51.3,-0.1,-0.7,115573,51.3,-0.2,-0.7,109547,50.9,-0.7,-1.8,7,99648,51.2,-0.1,-1.6,133
3/1/2013,Tameside,E08000008,100363,51.5,,0.4,0.4,,191,176794,51.4,0.6,1.2,112422,50.9,0.4,0.7,87548,51.6,0.3,0.2,68643,56,0.5,-0.6,98162,51.8,0.4,0.1,51,100940,51.4,0.4,0.5,140,92160,51.5,0.4,0.3,116038,51.5,0.4,0.6,110069,51.1,0.5,0.3,30,100080,51.4,0.4,0.5,161
4/1/2013,Tameside,E08000008,101605,52.2,,1.2,0.3,,174,179033,52,1.3,1,113644,51.5,1.1,0.4,88739,52.3,1.4,0.2,69496,56.7,1.2,-1.2,99353,52.4,1.2,0,45,102199,52.1,1.2,0.4,129,93323,52.2,1.3,0.2,117452,52.1,1.2,0.4,112241,52.1,2,0.8,9,101264,52,1.2,0.3,165
5/1/2013,Tameside,E08000008,102603,52.7,,1,-0.2,,186,180634,52.5,0.9,0.4,114804,52,1,-0.1,89577,52.7,0.9,-0.2,70344,57.4,1.2,-1.8,100277,52.9,0.9,-0.6,55,103225,52.6,1,-0.1,131,94217,52.7,1,-0.3,118628,52.7,1,-0.1,113769,52.8,1.4,0.5,13,102229,52.5,1,-0.2,173
6/1/2013,Tameside,E08000008,103864,53.3,,1.2,-0.7,,189,181893,52.9,0.7,-0.7,116183,52.6,1.2,-0.5,90862,53.5,1.4,-0.6,71088,58,1.1,-2.2,101458,53.5,1.2,-1.1,47,104516,53.2,1.3,-0.5,142,95416,53.4,1.3,-0.7,120043,53.3,1.2,-0.7,114609,53.2,0.7,-0.1,10,103523,53.2,1.3,-0.7,179
7/1/2013,Tameside,E08000008,104752,53.8,,0.9,1,,158,183045,53.2,0.6,1.2,117054,53,0.7,1.2,91769,54,1,1,71783,58.5,1,0,102381,54,0.9,0.6,46,105386,53.7,0.8,1.2,112,96256,53.8,0.9,1,121045,53.7,0.8,1,114819,53.3,0.2,2,4,104460,53.6,0.9,0.9,154
8/1/2013,Tameside,E08000008,104810,53.8,,0.1,3.2,,219,183100,53.2,0,3.5,117125,53,0.1,3.4,91876,54.1,0.1,3,71504,58.3,-0.4,2.5,102449,54,0.1,2.8,68,105439,53.7,0.1,3.3,151,96295,53.9,0,3.2,121126,53.8,0.1,3.2,114316,53.1,-0.4,4.6,14,104556,53.7,0.1,3,205
9/1/2013,Tameside,E08000008,104528,53.7,,-0.3,5.1,,185,183601,53.4,0.3,5.6,116848,52.9,-0.2,5.4,91464,53.9,-0.4,4.8,71254,58.1,-0.3,4.5,102190,53.9,-0.3,4.7,58,105149,53.6,-0.3,5.2,127,95977,53.7,-0.3,5.1,120862,53.6,-0.2,5.1,114462,53.1,0.1,7.2,17,104245,53.5,-0.3,4.9,168
10/1/2013,Tameside,E08000008,102720,52.7,,-1.7,3.2,,199,181392,52.7,-1.2,4.1,114992,52.1,-1.6,3.5,89667,52.8,-2,2.8,69778,56.9,-2.1,2.1,100361,52.9,-1.8,2.8,61,103357,52.6,-1.7,3.3,138,94268,52.7,-1.8,3.1,118823,52.7,-1.7,3.3,113146,52.5,-1.1,4.5,11,102397,52.6,-1.8,3.1,188
11/1/2013,Tameside,E08000008,102721,52.7,,0,2.9,,246,181906,52.9,0.3,3.9,115113,52.1,0.1,3.3,89493,52.7,-0.2,2.5,69869,57,0.1,1.6,100374,52.9,0,2.6,78,103352,52.6,0,3,168,94245,52.7,0,2.8,118847,52.8,0,3,113937,52.9,0.7,3.7,19,102344,52.6,-0.1,2.9,227
12/1/2013,Tameside,E08000008,103759,53.3,,1,3,,235,183101,53.2,0.7,3.5,116450,52.7,1.2,3.5,90346,53.2,1,2.6,70751,57.7,1.3,2.1,101388,53.5,1,2.8,82,104397,53.2,1,3.1,153,95226,53.3,1,3,120020,53.3,1,3.1,115471,53.6,1.3,3.3,23,103354,53.1,1,3.1,212
1/1/2014,Tameside,E08000008,105943,54.4,,2.1,5.8,,179,186612,54.2,1.9,6.1,118778,53.8,2,6,92345,54.4,2.2,5.7,72462,59.1,2.4,5.7,103571,54.6,2.2,5.7,44,106574,54.3,2.1,5.9,135,97286,54.4,2.2,5.9,122489,54.4,2.1,5.8,117826,54.7,2,6.8,8,105534,54.2,2.1,5.8,171
2/1/2014,Tameside,E08000008,106651,54.7,,0.7,6.7,,212,187977,54.6,0.7,7,119471,54.1,0.6,6.7,93031,54.8,0.7,6.6,72840,59.4,0.5,6.7,104253,55,0.7,6.6,71,107290,54.6,0.7,6.7,141,97997,54.8,0.7,6.8,123242,54.7,0.6,6.6,118931,55.2,0.9,8.6,18,106218,54.5,0.6,6.6,194
3/1/2014,Tameside,E08000008,105276,54,,-1.3,4.9,,241,185678,54,-1.2,5,117979,53.4,-1.2,4.9,91837,54.1,-1.3,4.9,71621,58.4,-1.7,4.3,102936,54.3,-1.3,4.9,82,105895,53.9,-1.3,4.9,159,96775,54.1,-1.2,5,121607,54,-1.3,4.8,117123,54.4,-1.5,6.4,21,104867,53.8,-1.3,4.8,220
4/1/2014,Tameside,E08000008,104815,53.8,,-0.4,3.2,,215,184411,53.6,-0.7,3,117434,53.2,-0.5,3.3,91559,53.9,-0.3,3.2,71077,57.9,-0.8,2.3,102459,54,-0.5,3.1,72,105443,53.7,-0.4,3.2,143,96400,53.9,-0.4,3.3,121020,53.7,-0.5,3,116895,54.3,-0.2,4.1,13,104388,53.6,-0.5,3.1,202
5/1/2014,Tameside,E08000008,105996,54.4,,1.1,3.3,,251,185799,54,0.8,2.9,118766,53.8,1.1,3.5,92675,54.6,1.2,3.5,71985,58.7,1.3,2.3,103584,54.6,1.1,3.3,72,106644,54.3,1.1,3.3,179,97514,54.5,1.2,3.5,122354,54.3,1.1,3.1,118412,55,1.3,4.1,18,105551,54.2,1.1,3.2,233
6/1/2014,Tameside,E08000008,107586,55.2,,1.5,3.6,,251,188367,54.7,1.4,3.6,120475,54.6,1.4,3.7,94150,55.4,1.6,3.6,73029,59.5,1.5,2.7,105143,55.5,1.5,3.6,76,108241,55.1,1.5,3.6,175,98999,55.4,1.5,3.8,124165,55.1,1.5,3.4,120054,55.7,1.4,4.8,21,107143,55,1.5,3.5,230
7/1/2014,Tameside,E08000008,109592,56.3,,1.9,4.6,,266,191784,55.7,1.8,4.8,122672,55.5,1.8,4.8,95973,56.5,1.9,4.6,74256,60.5,1.7,3.4,107140,56.5,1.9,4.6,82,110243,56.2,1.8,4.6,184,100878,56.4,1.9,4.8,126444,56.1,1.8,4.5,121809,56.6,1.5,6.1,8,109174,56.1,1.9,4.5,258
8/1/2014,Tameside,E08000008,108851,55.9,,-0.7,3.9,,245,190767,55.4,-0.5,4.2,121792,55.1,-0.7,4,95359,56.2,-0.6,3.8,73470,59.9,-1.1,2.7,106456,56.2,-0.6,3.9,72,109480,55.8,-0.7,3.8,173,100182,56,-0.7,4,125604,55.8,-0.7,3.7,119785,55.6,-1.7,4.8,12,108516,55.7,-0.6,3.8,233
9/1/2014,Tameside,E08000008,108797,55.8,,0,4.1,,209,190788,55.4,0,3.9,121608,55.1,-0.2,4.1,95375,56.2,0,4.3,73408,59.8,-0.1,3,106457,56.2,0,4.2,68,109401,55.7,-0.1,4,141,100138,56,0,4.3,125536,55.7,-0.1,3.9,118939,55.2,-0.7,3.9,15,108515,55.7,0,4.1,194
10/1/2014,Tameside,E08000008,107701,55.3,,-1,4.8,,270,189216,55,-0.8,4.3,120482,54.6,-0.9,4.8,94272,55.5,-1.2,5.1,72837,59.4,-0.8,4.4,105384,55.6,-1,5,81,108300,55.2,-1,4.8,189,99100,55.4,-1,5.1,124304,55.2,-1,4.6,117686,54.6,-1.1,4,13,107426,55.2,-1,4.9,257
11/1/2014,Tameside,E08000008,108357,55.6,,0.6,5.5,,251,190707,55.4,0.8,4.8,121376,55,0.7,5.4,94659,55.7,0.4,5.8,73484,59.9,0.9,5.2,106037,55.9,0.6,5.6,66,108954,55.5,0.6,5.4,185,99673,55.7,0.6,5.8,125093,55.5,0.6,5.3,118481,55,0.7,4,16,108074,55.5,0.6,5.6,235
12/1/2014,Tameside,E08000008,109315,56.1,,0.9,5.4,,246,192808,56,1.1,5.3,122577,55.5,1,5.3,95343,56.1,0.7,5.5,74189,60.5,1,4.9,106937,56.4,0.8,5.5,78,109934,56,0.9,5.3,168,100519,56.2,0.8,5.6,126238,56,0.9,5.2,120287,55.8,1.5,4.2,34,108979,56,0.8,5.4,212
1/1/2015,Tameside,E08000008,110422,56.7,,1,4.2,,192,194756,56.6,1,4.4,123920,56.1,1.1,4.3,96258,56.7,1,4.2,74870,61,0.9,3.3,108018,57,1,4.3,56,111049,56.6,1,4.2,136,101522,56.8,1,4.4,127533,56.6,1,4.1,122087,56.7,1.5,3.6,28,110044,56.5,1,4.3,164
2/1/2015,Tameside,E08000008,111014,57,,0.5,4.1,,213,195563,56.8,0.4,4,124446,56.4,0.4,4.2,96882,57.1,0.6,4.1,75364,61.4,0.7,3.5,108603,57.3,0.5,4.2,62,111641,56.9,0.5,4.1,151,102111,57.1,0.6,4.2,128162,56.9,0.5,4,123917,57.5,1.5,4.2,8,110553,56.8,0.5,4.1,205
3/1/2015,Tameside,E08000008,109826,56.4,,-1.1,4.3,,259,193988,56.4,-0.8,4.5,123311,55.8,-0.9,4.5,95636,56.3,-1.3,4.1,74567,60.8,-1.1,4.1,107376,56.6,-1.1,4.3,83,110474,56.3,-1,4.3,176,100944,56.5,-1.1,4.3,126885,56.3,-1,4.3,123269,57.2,-0.5,5.2,44,109323,56.1,-1.1,4.2,215
4/1/2015,Tameside,E08000008,108399,55.6,,-1.3,3.4,,241,191829,55.7,-1.1,4,121713,55.1,-1.3,3.6,94353,55.6,-1.3,3.1,73488,59.9,-1.4,3.4,105954,55.9,-1.3,3.4,67,109049,55.5,-1.3,3.4,174,99606,55.7,-1.3,3.3,125270,55.6,-1.3,3.5,121775,56.5,-1.2,4.2,26,107894,55.4,-1.3,3.4,215
5/1/2015,Tameside,E08000008,108676,55.8,,0.3,2.5,,246,192405,55.9,0.3,3.6,122219,55.3,0.4,2.9,94476,55.6,0.1,1.9,73552,60,0.1,2.2,106214,56,0.2,2.5,66,109332,55.7,0.3,2.5,180,99823,55.8,0.2,2.4,125640,55.8,0.3,2.7,121461,56.4,-0.3,2.6,23,108215,55.6,0.3,2.5,223
6/1/2015,Tameside,E08000008,110556,56.7,,1.7,2.8,,235,195037,56.7,1.4,3.5,124230,56.3,1.6,3.1,96372,56.7,2,2.4,74358,60.6,1.1,1.8,108122,57,1.8,2.8,72,111195,56.6,1.7,2.7,163,101616,56.8,1.8,2.6,127726,56.7,1.7,2.9,122102,56.7,0.5,1.7,32,110194,56.6,1.8,2.8,203
7/1/2015,Tameside,E08000008,113125,58.1,,2.3,3.2,,318,199174,57.9,2.1,3.9,127204,57.6,2.4,3.7,98628,58.1,2.3,2.8,76023,62,2.2,2.4,110646,58.4,2.3,3.3,81,113774,58,2.3,3.2,237,103986,58.2,2.3,3.1,130682,58,2.3,3.4,124333,57.7,1.8,2.1,33,112798,57.9,2.4,3.3,285
8/1/2015,Tameside,E08000008,114301,58.7,,1,5,,276,201435,58.5,1.1,5.6,128447,58.2,1,5.5,99723,58.7,1.1,4.6,76548,62.4,0.7,4.2,111813,59,1.1,5,66,114950,58.6,1,5,210,105056,58.8,1,4.9,132055,58.6,1.1,5.1,125096,58.1,0.6,4.4,24,114010,58.5,1.1,5.1,252
9/1/2015,Tameside,E08000008,115303,59.2,,0.9,6,,248,204217,59.3,1.4,7,129490,58.6,0.8,6.5,100464,59.2,0.7,5.3,77376,63.1,1.1,5.4,112802,59.5,0.9,6,57,115954,59.1,0.9,6,191,105899,59.2,0.8,5.8,133316,59.2,1,6.2,126335,58.7,1,6.2,16,114999,59.1,0.9,6,232
10/1/2015,Tameside,E08000008,115386,59.2,,0.1,7.1,,297,205127,59.6,0.4,8.4,129624,58.7,0.1,7.6,100427,59.1,0,6.5,77234,63,-0.2,6,112876,59.5,0.1,7.1,67,116041,59.1,0.1,7.1,230,105927,59.2,0,6.9,133476,59.2,0.1,7.4,126486,58.7,0.1,7.5,27,115078,59.1,0.1,7.1,270
11/1/2015,Tameside,E08000008,115143,59.1,,-0.2,6.3,,255,204988,59.6,-0.1,7.5,129489,58.6,-0.1,6.7,100093,58.9,-0.3,5.7,76998,62.8,-0.3,4.8,112617,59.4,-0.2,6.2,79,115805,59,-0.2,6.3,176,105664,59.1,-0.2,6,133245,59.1,-0.2,6.5,126288,58.6,-0.2,6.6,22,114830,59,-0.2,6.3,233
12/1/2015,Tameside,E08000008,115649,59.4,,0.4,5.8,,341,205741,59.8,0.4,6.7,130143,58.9,0.5,6.2,100532,59.2,0.4,5.4,77164,62.9,0.2,4,113063,59.6,0.4,5.7,89,116334,59.3,0.5,5.8,249,106180,59.4,0.5,5.6,133764,59.4,0.4,6,127983,59.4,1.3,6.4,46,115251,59.2,0.4,5.8,295
1/1/2016,Tameside,E08000008,115117,59.1,,-0.5,4.3,,213,204425,59.4,-0.6,5,129675,58.7,-0.4,4.6,100034,58.9,-0.5,3.9,76860,62.7,-0.4,2.7,112516,59.3,-0.5,4.2,59,115809,59,-0.5,4.3,154,105704,59.1,-0.4,4.1,133133,59.1,-0.5,4.4,127743,59.3,-0.2,4.6,12,114696,58.9,-0.5,4.2,201
2/1/2016,Tameside,E08000008,115280,59.2,,0.1,3.8,,236,204655,59.5,0.1,4.6,129796,58.8,0.1,4.3,100248,59,0.2,3.5,76845,62.7,0,2,112727,59.5,0.2,3.8,70,115952,59.1,0.1,3.9,165,105902,59.2,0.2,3.7,133257,59.1,0.1,4,127702,59.3,0,3.1,10,114874,59,0.2,3.9,226
3/1/2016,Tameside,E08000008,113458,58.2,,-1.6,3.3,,397,201486,58.6,-1.5,3.9,127746,57.8,-1.6,3.6,98612,58.1,-1.6,3.1,75857,61.8,-1.3,1.7,111038,58.6,-1.5,3.4,136,114082,58.1,-1.6,3.3,261,104186,58.3,-1.6,3.2,131207,58.2,-1.5,3.4,123813,57.5,-3,0.4,13,113197,58.1,-1.5,3.5,384
4/1/2016,Tameside,E08000008,115878,59.5,,2.1,6.9,,189,205643,59.8,2.1,7.2,130340,59,2,7.1,100819,59.4,2.2,6.9,77487,63.2,2.1,5.4,113385,59.8,2.1,7,29,116525,59.4,2.1,6.9,160,106482,59.6,2.2,6.9,133910,59.4,2.1,6.9,127591,59.2,3.1,4.8,11,115530,59.3,2.1,7.1,178
5/1/2016,Tameside,E08000008,117406,60.3,,1.3,8,,221,207683,60.4,1,7.9,131977,59.8,1.3,8,102217,60.2,1.4,8.2,79001,64.4,2,7.4,114781,60.5,1.2,8.1,54,118101,60.2,1.4,8,167,107970,60.4,1.4,8.2,135565,60.2,1.2,7.9,131987,61.3,3.4,8.7,3,116858,60,1.1,8,218
6/1/2016,Tameside,E08000008,120908,62.1,,3,9.4,,251,213532,62.1,2.8,9.5,135864,61.5,2.9,9.4,105368,62,3.1,9.3,81261,66.3,2.9,9.3,118138,62.3,2.9,9.3,63,121650,62,3,9.4,188,111277,62.2,3.1,9.5,139493,61.9,2.9,9.2,137651,63.9,4.3,12.7,7,120215,61.7,2.9,9.1,244
7/1/2016,Tameside,E08000008,121026,62.1,,0.1,7,,252,213661,62.1,0.1,7.3,135862,61.5,0,6.8,105570,62.2,0.2,7,81346,66.3,0.1,7,118290,62.4,0.1,6.9,62,121754,62,0.1,7,188,111369,62.3,0.1,7.1,139651,62,0.1,6.9,136884,63.5,-0.6,10.1,5,120397,61.8,0.2,6.7,247
8/1/2016,Tameside,E08000008,122292,62.8,,1,7,,319,216447,62.9,1.3,7.5,137334,62.2,1.1,6.9,106593,62.8,1,6.9,81989,66.8,0.8,7.1,119604,63.1,1.1,7,87,122996,62.6,1,7,232,112461,62.9,1,7,141207,62.7,1.1,6.9,136262,63.3,-0.5,8.9,10,121803,62.5,1.2,6.8,309
9/1/2016,Tameside,E08000008,124185,63.7,,1.5,7.7,,293,220050,64,1.7,7.8,139580,63.2,1.6,7.8,108105,63.7,1.4,7.6,83374,68,1.7,7.8,121435,64.1,1.5,7.7,87,124909,63.6,1.6,7.7,205,114143,63.8,1.5,7.8,143472,63.7,1.6,7.6,138297,64.2,1.5,9.5,9,123694,63.5,1.6,7.6,284
10/1/2016,Tameside,E08000008,125759,64.6,,1.3,9,,288,223766,65,1.7,9.1,141590,64.1,1.4,9.2,109104,64.2,0.9,8.6,84821,69.2,1.7,9.8,122945,64.8,1.2,8.9,74,126504,64.4,1.3,9,214,115508,64.6,1.2,9,145398,64.5,1.3,8.9,140832,65.4,1.8,11.3,18,125206,64.3,1.2,8.8,270
11/1/2016,Tameside,E08000008,127451,65.4,,1.3,10.7,,281,227988,66.3,1.9,11.2,143701,65.1,1.5,11,110229,64.9,1,10.1,86089,70.2,1.5,11.8,124535,65.7,1.3,10.6,75,128232,65.3,1.4,10.7,206,116966,65.4,1.3,10.7,147480,65.5,1.4,10.7,143844,66.8,2.1,13.9,9,126810,65.1,1.3,10.4,272
12/1/2016,Tameside,E08000008,126371,64.9,,-0.8,9.3,,289,226599,65.9,-0.6,10.1,142488,64.5,-0.8,9.5,109172,64.3,-1,8.6,85552,69.8,-0.6,10.9,123466,65.1,-0.9,9.2,73,127150,64.8,-0.8,9.3,216,115965,64.9,-0.9,9.2,146242,64.9,-0.8,9.3,143318,66.5,-0.4,12,22,125685,64.5,-0.9,9.1,267
1/1/2017,Tameside,E08000008,125782,64.6,,-0.5,9.3,,215,226015,65.7,-0.3,10.6,141849,64.2,-0.4,9.4,108584,63.9,-0.5,8.5,85108,69.4,-0.5,10.7,122820,64.8,-0.5,9.2,57,126587,64.5,-0.4,9.3,158,115397,64.5,-0.5,9.2,145599,64.6,-0.4,9.4,143673,66.7,0.2,12.5,13,125028,64.2,-0.5,9,202
2/1/2017,Tameside,E08000008,123578,63.4,,-1.8,7.2,,256,221579,64.4,-2,8.3,139179,63,-1.9,7.2,106761,62.9,-1.7,6.5,84305,68.7,-0.9,9.7,120683,63.7,-1.7,7.1,69,124363,63.3,-1.8,7.3,187,113451,63.5,-1.7,7.1,142937,63.4,-1.8,7.3,141372,65.6,-1.6,10.7,19,122775,63,-1.8,6.9,237
3/1/2017,Tameside,E08000008,123694,63.5,,0.1,9,,301,221970,64.5,0.2,10.2,139442,63.1,0.2,9.2,106721,62.8,0,8.2,84591,69,0.3,11.5,120769,63.7,0.1,8.8,69,124493,63.4,0.1,9.1,232,113534,63.5,0.1,9,143098,63.5,0.1,9.1,142178,66,0.6,14.8,24,122823,63.1,0,8.5,277
4/1/2017,Tameside,E08000008,125234,64.3,,1.2,8.1,,270,224263,65.2,1,9.1,141060,63.9,1.2,8.2,108145,63.7,1.3,7.3,85935,70.1,1.6,10.9,122312,64.5,1.3,7.9,69,126027,64.2,1.2,8.2,201,115011,64.3,1.3,8,144788,64.3,1.2,8.1,142814,66.3,0.4,11.9,16,124371,63.9,1.3,7.7,254
5/1/2017,Tameside,E08000008,126397,64.9,,0.9,7.7,,297,225869,65.6,0.7,8.8,142616,64.6,1.1,8.1,109078,64.2,0.9,6.7,86715,70.7,0.9,9.8,123439,65.1,0.9,7.5,104,127201,64.8,0.9,7.7,193,116103,64.9,0.9,7.5,146098,64.8,0.9,7.8,143944,66.8,0.8,9.1,15,125530,64.5,0.9,7.4,282
6/1/2017,Tameside,E08000008,128228,65.8,,1.4,6.1,,320,228126,66.3,1,6.8,144631,65.5,1.4,6.5,110810,65.3,1.6,5.2,88130,71.9,1.6,8.5,125240,66.1,1.5,6,87,129039,65.7,1.4,6.1,233,117832,65.9,1.5,5.9,148149,65.8,1.4,6.2,144471,67.1,0.4,5,27,127375,65.4,1.5,6,293
7/1/2017,Tameside,E08000008,129876,66.7,,1.3,7.3,,271,230555,67,1.1,7.9,146514,66.3,1.3,7.8,112269,66.1,1.3,6.3,89446,72.9,1.5,10,126907,66.9,1.3,7.3,76,130675,66.6,1.3,7.3,195,119374,66.8,1.3,7.2,150014,66.6,1.3,7.4,146011,67.8,1.1,6.7,13,129018,66.2,1.3,7.2,258
8/1/2017,Tameside,E08000008,132823,68.2,,2.3,8.6,,311,235604,68.5,2.2,8.9,149562,67.7,2.1,8.9,115034,67.7,2.5,7.9,91217,74.4,2,11.3,129773,68.5,2.3,8.5,88,133646,68.1,2.3,8.7,223,122054,68.3,2.2,8.5,153458,68.1,2.3,8.7,148363,68.9,1.6,8.9,21,131962,67.8,2.3,8.3,290
9/1/2017,Tameside,E08000008,133356,68.5,,0.4,7.4,,293,237282,69,0.7,7.8,150079,68,0.3,7.5,115472,68,0.4,6.8,91336,74.5,0.1,9.5,130276,68.7,0.4,7.3,60,134189,68.3,0.4,7.4,233,122508,68.5,0.4,7.3,154125,68.4,0.4,7.4,149603,69.5,0.8,8.2,34,132481,68,0.4,7.1,259
10/1/2017,Tameside,E08000008,131837,67.7,,-1.1,4.8,,298,235150,68.3,-0.9,5.1,148539,67.3,-1,4.9,114045,67.2,-1.2,4.5,89767,73.2,-1.7,5.8,128710,67.9,-1.2,4.7,90,132692,67.6,-1.1,4.9,208,121043,67.7,-1.2,4.8,152469,67.7,-1.1,4.9,148447,68.9,-0.8,5.4,19,130962,67.2,-1.1,4.6,279
11/1/2017,Tameside,E08000008,132022,67.8,,0.1,3.6,,290,235924,68.6,0.3,3.5,149029,67.5,0.3,3.7,113993,67.1,0,3.4,89786,73.2,0,4.3,128891,68,0.1,3.5,68,132878,67.7,0.1,3.6,222,121195,67.8,0.1,3.6,152707,67.8,0.2,3.5,148890,69.1,0.3,3.5,17,131141,67.3,0.1,3.4,273
12/1/2017,Tameside,E08000008,132696,68.1,,0.5,5,,306,236616,68.8,0.3,4.4,150007,67.9,0.7,5.3,114537,67.4,0.5,4.9,90127,73.5,0.4,5.3,129575,68.3,0.5,4.9,73,133546,68,0.5,5,233,121842,68.1,0.5,5.1,153447,68.1,0.5,4.9,149447,69.4,0.4,4.3,24,131815,67.7,0.5,4.9,282
1/1/2018,Tameside,E08000008,133117,68.3,,0.3,5.8,,235,237420,69,0.3,5,150669,68.2,0.4,6.2,114781,67.6,0.2,5.7,90460,73.8,0.4,6.3,129946,68.5,0.3,5.8,53,133985,68.2,0.3,5.8,182,122192,68.3,0.3,5.9,153985,68.3,0.4,5.8,150852,70,0.9,5,9,132217,67.9,0.3,5.7,226
2/1/2018,Tameside,E08000008,132383,68,,-0.6,7.1,,292,236680,68.8,-0.3,6.8,149826,67.8,-0.6,7.7,114145,67.2,-0.6,6.9,89481,73,-1.1,6.1,129091,68.1,-0.7,7,82,133300,67.9,-0.5,7.2,210,121473,67.9,-0.6,7.1,153196,68,-0.5,7.2,153157,71.1,1.5,8.3,17,131380,67.5,-0.6,7,275
3/1/2018,Tameside,E08000008,131804,67.7,,-0.4,6.6,,239,236017,68.6,-0.3,6.3,149108,67.5,-0.5,6.9,113677,66.9,-0.4,6.5,88871,72.5,-0.7,5.1,128502,67.8,-0.5,6.4,55,132729,67.6,-0.4,6.6,184,120907,67.6,-0.5,6.5,152570,67.7,-0.4,6.6,153072,71.1,-0.1,7.7,25,130840,67.2,-0.4,6.5,214
4/1/2018,Tameside,E08000008,132353,67.9,,0.4,5.7,,252,236595,68.8,0.2,5.5,149520,67.7,0.3,6,114402,67.4,0.6,5.8,88789,72.4,-0.1,3.3,129067,68.1,0.4,5.5,72,133270,67.9,0.4,5.7,180,121460,67.9,0.5,5.6,153130,68,0.4,5.8,153301,71.2,0.1,7.3,18,131410,67.5,0.4,5.7,234
5/1/2018,Tameside,E08000008,134167,68.9,,1.4,6.1,,297,239175,69.5,1.1,5.9,151574,68.6,1.4,6.3,116100,68.4,1.5,6.4,89787,73.2,1.1,3.5,130920,69.1,1.4,6.1,88,135065,68.8,1.3,6.2,209,123131,68.9,1.4,6.1,155220,68.9,1.4,6.2,152653,70.9,-0.4,6.1,30,133380,68.5,1.5,6.3,267
6/1/2018,Tameside,E08000008,135440,69.5,,0.9,5.6,,316,241233,70.1,0.9,5.7,153177,69.4,1.1,5.9,117132,69,0.9,5.7,90654,73.9,1,2.9,132144,69.7,0.9,5.5,72,136354,69.5,1,5.7,244,124273,69.5,0.9,5.5,156734,69.6,1,5.8,153702,71.4,0.7,6.4,46,134671,69.2,1,5.7,270
7/1/2018,Tameside,E08000008,137225,70.4,,1.3,5.7,,297,244855,71.2,1.5,6.2,155236,70.3,1.3,6,118592,69.8,1.2,5.6,91757,74.8,1.2,2.6,133857,70.6,1.3,5.5,64,138161,70.4,1.3,5.7,232,125859,70.4,1.3,5.4,158876,70.5,1.4,5.9,155423,72.2,1.1,6.4,20,136464,70.1,1.3,5.8,277
8/1/2018,Tameside,E08000008,137212,70.4,,0,3.3,,370,244914,71.2,0,4,155293,70.3,0,3.8,118539,69.8,0,3,91617,74.7,-0.2,0.4,133799,70.6,0,3.1,94,138165,70.4,0,3.4,276,125837,70.4,0,3.1,158877,70.5,0,3.5,156441,72.6,0.7,5.4,21,136386,70,-0.1,3.4,349
9/1/2018,Tameside,E08000008,138321,71,,0.8,3.7,,325,247226,71.8,0.9,4.2,156486,70.9,0.8,4.3,119527,70.4,0.8,3.5,92038,75,0.5,0.8,134860,71.1,0.8,3.5,65,139290,70.9,0.8,3.8,258,126832,70.9,0.8,3.5,160196,71.1,0.8,3.9,157930,73.3,1,5.6,55,137475,70.6,0.8,3.8,270
10/1/2018,Tameside,E08000008,138439,71.1,,0.1,5,,321,247356,71.9,0.1,5.2,156704,71,0.1,5.5,119574,70.4,0,4.8,92234,75.2,0.2,2.7,135013,71.2,0.1,4.9,75,139395,71,0.1,5.1,246,126965,71,0.1,4.9,160296,71.2,0.1,5.1,158503,73.6,0.4,6.8,26,137566,70.6,0.1,5,295
11/1/2018,Tameside,E08000008,138619,71.2,,0.1,5,,357,248238,72.1,0.4,5.2,156977,71.1,0.2,5.3,119605,70.4,0,4.9,92291,75.2,0.1,2.8,135213,71.3,0.1,4.9,81,139566,71.1,0.1,5,275,127088,71.1,0.1,4.9,160566,71.3,0.2,5.1,157252,73,-0.8,5.6,38,137835,70.8,0.2,5.1,319
12/1/2018,Tameside,E08000008,138128,70.9,,-0.4,4.1,,284,247083,71.8,-0.5,4.4,156507,70.9,-0.3,4.3,119145,70.2,-0.4,4,92171,75.1,-0.1,2.3,134746,71.1,-0.3,4,54,139068,70.8,-0.4,4.1,229,126678,70.8,-0.3,4,159938,71,-0.4,4.2,156553,72.7,-0.4,4.8,44,137357,70.5,-0.3,4.2,240
1/1/2019,Tameside,E08000008,138329,71,,0.1,3.9,,190,248108,72.1,0.4,4.5,156948,71.1,0.3,4.2,119117,70.1,0,3.8,92029,75,-0.2,1.7,134847,71.1,0.1,3.8,46,139305,71,0.2,4,144,126785,70.9,0.1,3.8,160286,71.1,0.2,4.1,156888,72.8,0.2,4,9,137549,70.6,0.1,4,181
2/1/2019,Tameside,E08000008,138625,71.2,,0.2,4.7,,242,248638,72.3,0.2,5.1,157328,71.2,0.2,5,119337,70.3,0.2,4.5,92224,75.2,0.2,3.1,135101,71.3,0.2,4.7,62,139619,71.1,0.2,4.7,180,127083,71.1,0.2,4.6,160555,71.3,0.2,4.8,160271,74.4,2.2,4.6,14,137655,70.7,0.1,4.8,228
3/1/2019,Tameside,E08000008,138716,71.2,,0.1,5.2,,281,249221,72.4,0.2,5.6,157715,71.4,0.2,5.8,119252,70.2,-0.1,4.9,91721,74.8,-0.5,3.2,135050,71.2,0,5.1,66,139763,71.2,0.1,5.3,215,127110,71.1,0,5.1,160721,71.3,0.1,5.3,162118,75.3,1.2,5.9,27,137637,70.7,0,5.2,254
4/1/2019,Tameside,E08000008,138452,71.1,,-0.2,4.6,,227,247906,72,-0.5,4.8,157367,71.3,-0.2,5.2,119245,70.2,0,4.2,91206,74.4,-0.6,2.7,134787,71.1,-0.2,4.4,58,139497,71.1,-0.2,4.7,169,126934,71,-0.1,4.5,160281,71.1,-0.3,4.7,162083,75.2,0,5.7,10,137358,70.5,-0.2,4.5,217
5/1/2019,Tameside,E08000008,139947,71.8,,1.1,4.3,,256,249909,72.6,0.8,4.5,159102,72,1.1,5,120686,71.1,1.2,4,91814,74.9,0.7,2.3,136205,71.8,1.1,4,59,141018,71.8,1.1,4.4,197,128307,71.8,1.1,4.2,162009,71.9,1.1,4.4,162019,75.2,0,6.1,13,138953,71.4,1.2,4.2,243
6/1/2019,Tameside,E08000008,141025,72.4,,0.8,4.1,,285,251381,73.1,0.6,4.2,160215,72.5,0.7,4.6,121759,71.7,0.9,4,92495,75.4,0.7,2,137318,72.4,0.8,3.9,66,142082,72.4,0.8,4.2,217,129309,72.3,0.8,4.1,163230,72.5,0.8,4.1,161405,74.9,-0.4,5,68,140140,72,0.9,4.1,217
7/1/2019,Tameside,E08000008,143948,73.9,,2.1,4.9,,268,256421,74.5,2,4.7,163367,74,2,5.2,124360,73.2,2.1,4.9,94678,77.2,2.4,3.2,140162,73.9,2.1,4.7,61,145027,73.9,2.1,5,204,132011,73.8,2.1,4.9,166569,73.9,2,4.8,165506,76.8,2.5,6.5,22,142998,73.4,2,4.8,246
8/1/2019,Tameside,E08000008,142984,73.4,,-0.7,4.2,,328,254770,74,-0.6,4,162135,73.4,-0.8,4.4,123653,72.8,-0.6,4.3,93782,76.5,-0.9,2.4,139188,73.4,-0.7,4,82,144069,73.4,-0.7,4.3,245,131125,73.3,-0.7,4.2,165459,73.4,-0.7,4.1,164315,76.3,-0.7,5,19,142046,72.9,-0.7,4.1,309
9/1/2019,Tameside,E08000008,144755,74.3,,1.2,4.7,,309,257817,74.9,1.2,4.3,163831,74.2,1,4.7,125382,73.8,1.4,4.9,94994,77.4,1.3,3.2,140908,74.3,1.2,4.5,66,145854,74.3,1.2,4.7,241,132774,74.3,1.3,4.7,167456,74.3,1.2,4.5,167539,77.8,2,6.1,28,143730,73.8,1.2,4.5,281
10/1/2019,Tameside,E08000008,144625,74.2,,-0.1,4.5,,318,257509,74.8,-0.1,4.1,164072,74.3,0.1,4.7,125085,73.7,-0.2,4.6,94697,77.2,-0.3,2.7,140741,74.2,-0.1,4.2,73,145738,74.2,-0.1,4.6,241,132611,74.2,-0.1,4.4,167395,74.3,0,4.4,166684,77.4,-0.5,5.2,10,143645,73.8,-0.1,4.4,308
11/1/2019,Tameside,E08000008,145942,74.9,,0.9,5.3,,329,260270,75.6,1.1,4.8,165935,75.1,1.1,5.7,125927,74.2,0.7,5.3,95599,77.9,1,3.6,142037,74.9,0.9,5,59,147059,74.9,0.9,5.4,266,133780,74.8,0.9,5.3,168995,75,1,5.2,166881,77.5,0.1,6.1,34,145036,74.5,1,5.2,295
12/1/2019,Tameside,E08000008,145703,74.8,,-0.2,5.5,,264,259879,75.5,-0.2,5.2,165915,75.1,0,6,125625,74,-0.2,5.4,95109,77.5,-0.5,3.2,141818,74.8,-0.2,5.2,50,146814,74.8,-0.2,5.6,210,133582,74.7,-0.1,5.5,168676,74.9,-0.2,5.5,164838,76.5,-1.2,5.3,43,144911,74.4,-0.1,5.5,221
1/1/2020,Tameside,E08000008,144733,74.3,,-0.7,4.6,,203,258607,75.2,-0.5,4.2,164834,74.6,-0.7,5,124741,73.5,-0.7,4.7,94292,76.9,-0.9,2.5,140781,74.3,-0.7,4.4,45,145870,74.3,-0.6,4.7,155,132670,74.2,-0.7,4.6,167600,74.4,-0.6,4.6,165238,76.7,0.2,5.3,14,143856,73.9,-0.7,4.6,189
2/1/2020,Tameside,E08000008,145044,74.5,,0.2,4.6,,239,259005,75.3,0.2,4.2,165064,74.7,0.1,4.9,125125,73.7,0.3,4.9,94398,77,0.1,2.4,141091,74.4,0.2,4.4,49,146187,74.5,0.2,4.7,181,132962,74.4,0.2,4.6,167947,74.5,0.2,4.6,166924,77.5,1,4.2,20,144140,74,0.2,4.7,219
3/1/2020,Tameside,E08000008,144952,74.4,,-0.1,4.5,,219,259111,75.3,0,4,165051,74.7,0,4.7,124934,73.6,-0.2,4.8,94405,77,0,2.9,140911,74.3,-0.1,4.3,49,146130,74.4,0,4.6,164,132822,74.3,-0.1,4.5,167955,74.5,0,4.5,169259,78.6,1.4,4.4,16,143927,73.9,-0.1,4.6,203
4/1/2020,Tameside,E08000008,143429,73.6,,-1.1,3.6,,94,256564,74.6,-1,3.5,163188,73.9,-1.1,3.7,123784,72.9,-0.9,3.8,92866,75.7,-1.6,1.8,139415,73.5,-1.1,3.4,26,144600,73.7,-1,3.7,65,131458,73.5,-1,3.6,166129,73.7,-1.1,3.6,167770,77.9,-0.9,3.5,8,142390,73.1,-1.1,3.7,86
5/1/2020,Tameside,E08000008,143505,73.7,,0.1,2.5,,110,257158,74.7,0.2,2.9,163513,74,0.2,2.8,123624,72.8,-0.1,2.4,92987,75.8,0.1,1.3,139358,73.5,0,2.3,25,144717,73.7,0.1,2.6,80,131514,73.6,0,2.5,166243,73.8,0.1,2.6,170310,79.1,1.5,5.1,3,142253,73,-0.1,2.4,107
6/1/2020,Tameside,E08000008,143459,73.6,,0,1.7,,166,256821,74.6,-0.1,2.2,163542,74.1,0,2.1,123629,72.8,0,1.5,92662,75.5,-0.4,0.2,139382,73.5,0,1.5,35,144650,73.7,0,1.8,127,131449,73.5,0,1.7,166234,73.8,0,1.8,168608,78.3,-1,4.5,5,142353,73.1,0.1,1.6,161
7/1/2020,Tameside,E08000008,147249,75.6,,2.6,2.3,,239,263048,76.4,2.4,2.6,167880,76,2.7,2.8,126886,74.7,2.6,2,95488,77.9,3,0.9,143120,75.5,2.7,2.1,58,148453,75.6,2.6,2.4,178,134898,75.4,2.6,2.2,170671,75.8,2.7,2.5,171419,79.6,1.7,3.6,12,146254,75.1,2.7,2.3,227
8/1/2020,Tameside,E08000008,150877,77.4,,2.5,5.5,,222,269541,78.3,2.5,5.8,172099,77.9,2.5,6.1,130126,76.6,2.6,5.2,96998,79.1,1.6,3.4,146553,77.3,2.4,5.3,44,152141,77.5,2.5,5.6,178,138140,77.3,2.4,5.4,175035,77.7,2.6,5.8,174059,80.8,1.5,5.9,11,149994,77,2.6,5.6,211
9/1/2020,Tameside,E08000008,152583,78.3,,1.1,5.4,,225,273215,79.4,1.4,6,173979,78.8,1.1,6.2,131636,77.5,1.2,5,97663,79.6,0.7,2.8,148052,78.1,1,5.1,49,153911,78.4,1.2,5.5,174,139639,78.1,1.1,5.2,177136,78.6,1.2,5.8,176566,82,1.4,5.4,12,151642,77.9,1.1,5.5,213
10/1/2020,Tameside,E08000008,154611,79.4,,1.3,6.9,,278,277666,80.7,1.6,7.8,176172,79.8,1.3,7.4,133486,78.6,1.4,6.7,98248,80.1,0.6,3.7,150071,79.2,1.4,6.6,57,155940,79.4,1.3,7,212,141428,79.1,1.3,6.6,179619,79.7,1.4,7.3,177177,82.3,0.3,6.3,13,153811,79,1.4,7.1,265
11/1/2020,Tameside,E08000008,153240,78.7,,-0.9,5,,239,275194,80,-0.9,5.7,174166,78.9,-1.1,5,132545,78.1,-0.7,5.3,97548,79.5,-0.7,2,148929,78.6,-0.8,4.9,67,154498,78.7,-0.9,5.1,168,140185,78.4,-0.9,4.8,178006,79,-0.9,5.3,173255,80.4,-2.2,3.8,8,152657,78.4,-0.7,5.3,231
12/1/2020,Tameside,E08000008,156054,80.1,,1.8,7.1,,328,280097,81.4,1.8,7.8,177060,80.2,1.7,6.7,135208,79.6,2,7.6,99243,80.9,1.7,4.3,151754,80,1.9,7,79,157307,80.1,1.8,7.1,244,142782,79.9,1.9,6.9,181232,80.4,1.8,7.4,175063,81.3,1,6.2,7,155584,79.9,1.9,7.4,321
1/1/2021,Tameside,E08000008,158023,81.1,,1.3,9.2,,266,281592,81.8,0.5,8.9,179134,81.1,1.2,8.7,137096,80.7,1.4,9.9,101518,82.8,2.3,7.7,153827,81.1,1.4,9.3,74,159241,81.1,1.2,9.2,192,144682,80.9,1.3,9.1,183325,81.4,1.2,9.4,175560,81.5,0.3,6.2,14,157703,81,1.4,9.6,252
2/1/2021,Tameside,E08000008,160327,82.3,,1.5,10.5,,347,283571,82.4,0.7,9.5,181436,82.2,1.3,9.9,139399,82.1,1.7,11.4,104044,84.8,2.5,10.2,156257,82.4,1.6,10.7,81,161507,82.3,1.4,10.5,265,146953,82.2,1.6,10.5,185698,82.4,1.3,10.6,177816,82.6,1.3,6.5,27,160046,82.2,1.5,11,320
3/1/2021,Tameside,E08000008,161897,83.1,,1,11.7,,449,284156,82.6,0.2,9.7,182950,82.8,0.8,10.8,141010,83,1.2,12.9,106353,86.7,2.2,12.7,157936,83.3,1.1,12.1,109,163041,83,1,11.6,340,148531,83.1,1.1,11.8,187260,83.1,0.8,11.5,179809,83.5,1.1,6.2,25,161622,83,1,12.3,424
4/1/2021,Tameside,E08000008,162679,83.5,,0.5,13.4,,333,285534,83,0.5,11.3,183502,83.1,0.3,12.4,141889,83.6,0.6,14.6,106976,87.2,0.6,15.2,158697,83.7,0.5,13.8,87,163829,83.4,0.5,13.3,246,149334,83.5,0.5,13.6,188010,83.5,0.4,13.2,182767,84.9,1.6,8.9,13,162264,83.3,0.4,14,320
5/1/2021,Tameside,E08000008,164118,84.2,,0.9,14.4,,336,288321,83.8,1,12.1,185089,83.8,0.9,13.2,143157,84.3,0.9,15.8,107761,87.9,0.7,15.9,160092,84.4,0.9,14.9,73,165281,84.2,0.9,14.2,262,150664,84.3,0.9,14.6,189659,84.2,0.9,14.1,184634,85.7,1,8.4,27,163684,84.1,0.9,15.1,309
6/1/2021,Tameside,E08000008,167238,85.8,,1.9,16.6,,470,292602,85,1.5,13.9,188090,85.2,1.6,15,146400,86.2,2.3,18.4,109809,89.5,1.9,18.5,163302,86.1,2,17.2,98,168376,85.8,1.9,16.4,370,153653,85.9,2,16.9,193045,85.7,1.8,16.1,185252,86,0.3,9.9,39,166989,85.7,2,17.3,431
7/1/2021,Tameside,E08000008,168809,86.6,,0.9,14.6,,237,295256,85.8,0.9,12.2,190172,86.1,1.1,13.3,147625,86.9,0.8,16.3,110580,90.2,0.7,15.8,164893,87,1,15.2,51,169941,86.6,0.9,14.5,185,155089,86.7,0.9,15,194871,86.5,0.9,14.2,187615,87.1,1.3,9.4,5,168518,86.5,0.9,15.2,232
8/1/2021,Tameside,E08000008,172087,88.3,,1.9,14.1,,290,301362,87.6,2.1,11.8,194129,87.9,2.1,12.8,150359,88.5,1.9,15.5,112168,91.5,1.4,15.6,168072,88.7,1.9,14.7,58,173248,88.2,1.9,13.9,230,158050,88.4,1.9,14.4,198745,88.2,2,13.5,189637,88,1.1,9,5,171898,88.3,2,14.6,285
9/1/2021,Tameside,E08000008,174468,89.6,,1.4,14.3,,455,306015,88.9,1.5,12,197178,89.3,1.6,13.3,152197,89.6,1.2,15.6,113290,92.4,1,16,170361,89.9,1.4,15.1,108,175655,89.5,1.4,14.1,344,160216,89.6,1.4,14.7,201529,89.5,1.4,13.8,192544,89.4,1.5,9,14,174257,89.5,1.4,14.9,441
10/1/2021,Tameside,E08000008,175143,89.9,,0.4,13.3,,246,309611,90,1.2,11.5,197987,89.7,0.4,12.4,152469,89.8,0.2,14.2,113414,92.5,0.1,15.4,170937,90.2,0.3,13.9,51,176358,89.8,0.4,13.1,192,160664,89.9,0.3,13.6,202615,89.9,0.5,12.8,189965,88.2,-1.3,7.2,17,175150,89.9,0.5,13.9,229
11/1/2021,Tameside,E08000008,176638,90.7,,0.9,15.3,,293,313145,91,1.1,13.8,199837,90.5,0.9,14.7,153578,90.4,0.7,15.9,114153,93.1,0.7,17,172296,90.9,0.8,15.7,56,177892,90.6,0.9,15.1,236,161966,90.6,0.8,15.5,204468,90.8,0.9,14.9,192663,89.4,1.4,11.2,18,176573,90.7,0.8,15.7,275
12/1/2021,Tameside,E08000008,177412,91.1,,0.4,13.7,,299,316321,91.9,1,12.9,200847,90.9,0.5,13.4,153997,90.7,0.3,13.9,114079,93,-0.1,14.9,172976,91.2,0.4,14,64,178692,91,0.4,13.6,232,162555,90.9,0.4,13.8,205576,91.2,0.5,13.4,192580,89.4,0,10,20,177410,91.1,0.5,14,279
1/1/2022,Tameside,E08000008,181827,93.3,,2.5,15.1,,173,322450,93.7,1.9,14.5,205919,93.2,2.5,15,158085,93.1,2.7,15.3,116569,95,2.2,14.8,177215,93.5,2.5,15.2,40,183158,93.3,2.5,15,133,166704,93.2,2.6,15.2,210507,93.4,2.4,14.8,197183,91.5,2.4,12.3,2,181838,93.4,2.5,15.3,171
2/1/2022,Tameside,E08000008,181623,93.2,,-0.1,13.3,,265,321330,93.4,-0.3,13.3,205568,93.1,-0.2,13.3,158048,93.1,0,13.4,116834,95.3,0.2,12.3,177032,93.4,-0.1,13.3,45,182947,93.2,-0.1,13.3,218,166631,93.2,0,13.4,210096,93.3,-0.2,13.1,197740,91.8,0.3,11.2,13,181678,93.3,-0.1,13.5,252
3/1/2022,Tameside,E08000008,182889,93.9,,0.7,13,,311,324033,94.2,0.8,14,207488,94,0.9,13.4,158812,93.5,0.5,12.6,117343,95.7,0.4,10.3,178090,93.9,0.6,12.8,84,184272,93.9,0.7,13,226,167750,93.8,0.7,12.9,211638,93.9,0.7,13,202181,93.9,2.2,12.4,22,182821,93.9,0.6,13.1,289
4/1/2022,Tameside,E08000008,183808,94.3,,0.5,13,,260,325490,94.6,0.4,14,208277,94.3,0.4,13.5,159839,94.1,0.6,12.7,117752,96,0.3,10.1,179004,94.4,0.5,12.8,60,185193,94.3,0.5,13,200,168639,94.3,0.5,12.9,212640,94.4,0.5,13.1,203496,94.5,0.7,11.3,24,183735,94.3,0.5,13.2,236
5/1/2022,Tameside,E08000008,187354,96.2,,1.9,14.2,,260,331498,96.3,1.8,15,212375,96.2,2,14.7,163011,96,2,13.9,119342,97.3,1.4,10.7,182390,96.2,1.9,13.9,59,188786,96.2,1.9,14.2,197,171878,96.1,1.9,14.1,216762,96.2,1.9,14.3,205556,95.4,1,11.3,19,187310,96.2,1.9,14.4,241
6/1/2022,Tameside,E08000008,186428,95.7,,-0.5,11.5,,245,328792,95.6,-0.8,12.4,211141,95.6,-0.6,12.3,162476,95.7,-0.3,11,118940,97,-0.3,8.3,181511,95.7,-0.5,11.2,52,187847,95.7,-0.5,11.6,187,171121,95.7,-0.4,11.4,215567,95.7,-0.6,11.7,203137,94.3,-1.2,9.7,21,186409,95.7,-0.5,11.6,224
7/1/2022,Tameside,E08000008,188498,96.8,,1.1,11.7,,316,331361,96.3,0.8,12.2,213678,96.8,1.2,12.4,164375,96.8,1.2,11.3,119896,97.8,0.8,8.4,183512,96.8,1.1,11.3,77,189936,96.7,1.1,11.8,237,173064,96.8,1.1,11.6,217903,96.7,1.1,11.8,205329,95.3,1.1,9.4,26,188480,96.8,1.1,11.8,290
8/1/2022,Tameside,E08000008,191950,98.5,,1.8,11.5,,291,336872,97.9,1.7,11.8,217368,98.4,1.7,12,167704,98.8,2,11.5,121596,99.1,1.4,8.4,186892,98.6,1.8,11.2,67,193409,98.5,1.8,11.6,219,176272,98.6,1.9,11.5,221840,98.5,1.8,11.6,208848,97,1.7,10.1,13,191936,98.6,1.8,11.7,278
9/1/2022,Tameside,E08000008,197902,101.6,,3.1,13.4,,279,347228,100.9,3.1,13.5,224056,101.5,3.1,13.6,173066,101.9,3.2,13.7,124619,101.6,2.5,10,192688,101.6,3.1,13.1,57,199406,101.6,3.1,13.5,215,181722,101.6,3.1,13.4,228741,101.5,3.1,13.5,214259,99.5,2.6,11.3,29,197905,101.6,3.1,13.6,250
10/1/2022,Tameside,E08000008,199665,102.5,,0.9,14,,283,351341,102.1,1.2,13.5,225934,102.3,0.8,14.1,174530,102.8,0.8,14.5,125701,102.5,0.9,10.8,194440,102.6,0.9,13.7,43,201171,102.5,0.9,14.1,233,183289,102.5,0.9,14.1,230847,102.5,0.9,13.9,214948,99.8,0.3,13.2,16,199689,102.5,0.9,14,267
11/1/2022,Tameside,E08000008,199371,102.3,,-0.1,12.9,,345,351498,102.2,0,12.2,225656,102.2,-0.1,12.9,174138,102.5,-0.2,13.4,125448,102.3,-0.2,9.9,194137,102.4,-0.2,12.7,71,200880,102.3,-0.1,12.9,257,183014,102.4,-0.2,13,230515,102.3,-0.1,12.7,215566,100.1,0.3,11.9,31,199379,102.4,-0.2,12.9,314
12/1/2022,Tameside,E08000008,196347,100.8,,-1.5,10.7,,257,346219,100.6,-1.5,9.5,222250,100.6,-1.5,10.7,171429,100.9,-1.6,11.3,123849,101,-1.3,8.6,191204,100.9,-1.5,10.5,46,197829,100.8,-1.5,10.7,203,180280,100.8,-1.5,10.9,226960,100.7,-1.5,10.4,212639,98.7,-1.4,10.4,32,196349,100.8,-1.5,10.7,225
1/1/2023,Tameside,E08000008,194817,100,,-0.8,7.1,,225,344096,100,-0.6,6.7,220838,100,-0.6,7.2,169818,100,-0.9,7.4,122655,100,-1,5.2,189587,100,-0.8,7,43,196327,100,-0.8,7.2,175,178803,100,-0.8,7.3,225292,100,-0.7,7,215399,100,1.3,9.2,8,194745,100,-0.8,7.1,217
2/1/2023,Tameside,E08000008,194267,99.7,,-0.3,7,,192,344225,100,0,7.1,220423,99.8,-0.2,7.2,169008,99.5,-0.5,6.9,122344,99.7,-0.3,4.7,189004,99.7,-0.3,6.8,54,195787,99.7,-0.3,7,132,178202,99.7,-0.3,6.9,224768,99.8,-0.2,7,218249,101.3,1.3,10.4,8,194146,99.7,-0.3,6.9,184
3/1/2023,Tameside,E08000008,192042,98.6,,-1.1,5,,238,342126,99.4,-0.6,5.6,218493,98.9,-0.9,5.3,166442,98,-1.5,4.8,120701,98.4,-1.3,2.9,186777,98.5,-1.2,4.9,68,193564,98.6,-1.1,5,155,175977,98.4,-1.2,4.9,222455,98.7,-1,5.1,221787,103,1.6,9.7,23,191844,98.5,-1.2,4.9,215
4/1/2023,Tameside,E08000008,190721,97.9,,-0.7,3.8,,154,340412,98.9,-0.5,4.6,217156,98.3,-0.6,4.3,165112,97.2,-0.8,3.3,119977,97.8,-0.6,1.9,185515,97.9,-0.7,3.6,51,192226,97.9,-0.7,3.8,96,174711,97.7,-0.7,3.6,221045,98.1,-0.6,4,222356,103.2,0.3,9.3,9,190512,97.8,-0.7,3.7,145
5/1/2023,Tameside,E08000008,190539,97.8,,-0.1,1.7,,221,339477,98.7,-0.3,2.4,217074,98.3,0,2.2,164877,97.1,-0.1,1.1,120158,98,0.2,0.7,185341,97.8,-0.1,1.6,59,192041,97.8,-0.1,1.7,148,174520,97.6,-0.1,1.5,220884,98,-0.1,1.9,222919,103.5,0.3,8.4,20,190325,97.7,-0.1,1.6,201
6/1/2023,Tameside,E08000008,193587,99.4,,1.6,3.8,,203,343444,99.8,1.2,4.5,220094,99.7,1.4,4.2,167997,98.9,1.9,3.4,121777,99.3,1.3,2.4,188251,99.3,1.6,3.7,37,195130,99.4,1.6,3.9,150,177356,99.2,1.6,3.6,224325,99.6,1.6,4.1,222844,103.5,0,9.7,19,193393,99.3,1.6,3.7,184
7/1/2023,Tameside,E08000008,195021,100.1,,0.7,3.5,,233,344537,100.1,0.3,4,221715,100.4,0.7,3.8,169491,99.8,0.9,3.1,122252,99.7,0.4,2,189513,100,0.7,3.3,63,196614,100.1,0.8,3.5,164,178699,99.9,0.8,3.3,225922,100.3,0.7,3.7,223311,103.7,0.2,8.8,5,194832,100,0.7,3.4,228
8/1/2023,Tameside,E08000008,195521,100.4,,0.3,1.9,,215,344617,100.2,0,2.3,222107,100.6,0.2,2.2,170284,100.3,0.5,1.5,121808,99.3,-0.4,0.2,189859,100.1,0.2,1.6,53,197160,100.4,0.3,1.9,153,179199,100.2,0.3,1.7,226415,100.5,0.2,2.1,221931,103,-0.6,6.3,8,195344,100.3,0.3,1.8,207
9/1/2023,Tameside,E08000008,196620,100.9,,0.6,-0.6,,214,346275,100.6,0.5,-0.3,223312,101.1,0.5,-0.3,171357,100.9,0.6,-1,122224,99.6,0.3,-1.9,190912,100.7,0.6,-0.9,53,198272,101,0.6,-0.6,150,180247,100.8,0.6,-0.8,227601,101,0.5,-0.5,223610,103.8,0.8,4.4,24,196440,100.9,0.6,-0.7,190
10/1/2023,Tameside,E08000008,198393,101.8,,0.9,-0.6,,205,348790,101.4,0.7,-0.7,225032,101.9,0.8,-0.4,173030,101.9,1,-0.9,123791,100.9,1.3,-1.5,192668,101.6,0.9,-0.9,51,200050,101.9,0.9,-0.6,147,181972,101.8,1,-0.7,229441,101.8,0.8,-0.6,226084,105,1.1,5.2,9,198208,101.8,0.9,-0.7,196
11/1/2023,Tameside,E08000008,197194,101.2,,-0.6,-1.1,,186,347214,100.9,-0.5,-1.2,223879,101.4,-0.5,-0.8,171759,101.1,-0.7,-1.4,123255,100.5,-0.4,-1.7,191600,101.1,-0.6,-1.3,50,198812,101.3,-0.6,-1,120,180854,101.1,-0.6,-1.2,228092,101.2,-0.6,-1.1,226866,105.3,0.3,5.2,22,196996,101.2,-0.6,-1.2,164
12/1/2023,Tameside,E08000008,195694,100.4,,-0.8,-0.3,,199,344505,100.1,-0.8,-0.5,222246,100.6,-0.7,0,170319,100.3,-0.8,-0.6,122754,100.1,-0.4,-0.9,190136,100.3,-0.8,-0.6,63,197301,100.5,-0.8,-0.3,122,179502,100.4,-0.7,-0.4,226306,100.4,-0.8,-0.3,225770,104.8,-0.5,6.2,34,195494,100.4,-0.8,-0.4,165
1/1/2024,Tameside,E08000008,192866,99,,-1.4,-1,,179,340237,98.9,-1.2,-1.1,219100,99.2,-1.4,-0.8,167791,98.8,-1.5,-1.2,120783,98.5,-1.6,-1.5,187408,98.9,-1.4,-1.1,47,194445,99,-1.4,-1,124,176852,98.9,-1.5,-1.1,223157,99.1,-1.4,-0.9,223332,103.7,-1.1,3.7,16,192664,98.9,-1.4,-1.1,163
2/1/2024,Tameside,E08000008,194682,99.9,,0.9,0.2,,162,342181,99.4,0.6,-0.6,220983,100.1,0.9,0.3,169621,99.9,1.1,0.4,121961,99.4,1,-0.3,189200,99.8,1,0.1,41,196266,100,0.9,0.2,116,178649,99.9,1,0.3,224990,99.9,0.8,0.1,225325,104.6,0.9,3.2,5,194483,99.9,0.9,0.2,157
3/1/2024,Tameside,E08000008,194617,99.9,,0,1.3,,242,341886,99.4,-0.1,-0.1,220899,100,0,1.1,169534,99.8,-0.1,1.9,122303,99.7,0.3,1.3,189211,99.8,0,1.3,58,196175,99.9,0,1.3,167,178592,99.9,0,1.5,224915,99.8,0,1.1,227977,105.8,1.2,2.8,30,194399,99.8,0,1.3,212
4/1/2024,Tameside,E08000008,197798,101.5,,1.6,3.7,,186,346060,100.6,1.2,1.7,224336,101.6,1.6,3.3,172463,101.6,1.7,4.5,124914,101.8,2.1,4.1,192350,101.5,1.7,3.7,34,199366,101.5,1.6,3.7,143,181620,101.6,1.7,4,228368,101.4,1.5,3.3,230881,107.2,1.3,3.8,11,197587,101.5,1.6,3.7,175
5/1/2024,Tameside,E08000008,196315,100.8,,-0.7,3,,246,343029,99.7,-0.9,1,222681,100.8,-0.7,2.6,171137,100.8,-0.8,3.8,124340,101.4,-0.5,3.5,190905,100.7,-0.8,3,54,197872,100.8,-0.7,3,180,180246,100.8,-0.8,3.3,226682,100.6,-0.7,2.6,229004,106.3,-0.8,2.7,18,196107,100.7,-0.7,3,228
6/1/2024,Tameside,E08000008,198375,101.8,,1,2.5,,218,345643,100.4,0.8,0.6,224713,101.8,0.9,2.1,173281,102,1.3,3.1,125428,102.3,0.9,3,192935,101.8,1.1,2.5,48,199940,101.8,1,2.5,150,182224,101.9,1.1,2.7,228887,101.6,1,2,227371,105.6,-0.7,2,21,198218,101.8,1.1,2.5,197
7/1/2024,Tameside,E08000008,197911,101.6,,-0.2,1.5,,245,344621,100.2,-0.3,0,224142,101.5,-0.3,1.1,173107,101.9,-0.1,2.1,124234,101.3,-1,1.6,192403,101.5,-0.3,1.5,46,199498,101.6,-0.2,1.5,191,181801,101.7,-0.2,1.7,228343,101.4,-0.2,1.1,227309,105.5,0,1.8,6,197748,101.5,-0.2,1.5,239
8/1/2024,Tameside,E08000008,201196,103.3,,1.7,2.9,,287,350312,101.8,1.7,1.7,227598,103.1,1.5,2.5,176289,103.8,1.8,3.5,125552,102.4,1.1,3.1,195499,103.1,1.6,3,66,202842,103.3,1.7,2.9,205,184832,103.4,1.7,3.1,232106,103,1.6,2.5,229837,106.7,1.1,3.6,13,201047,103.2,1.7,2.9,274
9/1/2024,Tameside,E08000008,201696,103.5,,0.2,2.6,,268,352226,102.4,0.5,1.7,228440,103.4,0.4,2.3,176602,104,0.2,3.1,125005,101.9,-0.4,2.3,195915,103.3,0.2,2.6,57,203368,103.6,0.3,2.6,195,185235,103.6,0.2,2.8,232796,103.3,0.3,2.3,232799,108.1,1.3,4.1,39,201515,103.5,0.2,2.6,229
10/1/2024,Tameside,E08000008,203389,104.4,,0.8,2.5,,275,355946,103.4,1.1,2.1,230143,104.2,0.7,2.3,178057,104.9,0.8,2.9,126348,103,1.1,2.1,197684,104.3,0.9,2.6,55,205035,104.4,0.8,2.5,199,186803,104.5,0.8,2.7,234724,104.2,0.8,2.3,234367,108.8,0.7,3.7,5,203211,104.3,0.8,2.5,270
11/1/2024,Tameside,E08000008,204309,104.9,,0.5,3.6,,251,358136,104.1,0.6,3.1,231627,104.9,0.6,3.5,178600,105.2,0.3,4,126564,103.2,0.2,2.7,198645,104.8,0.5,3.7,61,205941,104.9,0.4,3.6,181,187655,105,0.5,3.8,235773,104.7,0.4,3.4,236787,109.9,1,4.4,4,204113,104.8,0.4,3.6,247
12/1/2024,Tameside,E08000008,206023,105.8,,0.8,5.3,,252,361723,105.1,1,5,233563,105.8,0.8,5.1,180103,106.1,0.8,5.7,127263,103.8,0.6,3.7,200290,105.6,0.8,5.3,63,207676,105.8,0.8,5.3,177,189258,105.8,0.9,5.4,237692,105.5,0.8,5,239635,111.3,1.2,6.1,13,205814,105.7,0.8,5.3,239
1/1/2025,Tameside,E08000008,206143,105.8,,0.1,6.9,,209,362489,105.3,0.2,6.5,234183,106,0.3,6.9,180044,106,0,7.3,126373,103,-0.7,4.6,200275,105.6,0,6.9,49,207839,105.9,0.1,6.9,143,189331,105.9,0,7.1,237905,105.6,0.1,6.6,242760,112.7,1.3,8.7,5,205896,105.7,0,6.9,204
2/1/2025,Tameside,E08000008,204709,105.1,,-0.7,5.2,,260,360096,104.7,-0.7,5.2,232395,105.2,-0.8,5.2,178881,105.3,-0.6,5.5,125485,102.3,-0.7,2.9,198811,104.9,-0.7,5.1,50,206417,105.1,-0.7,5.2,185,187992,105.1,-0.7,5.2,236287,104.9,-0.7,5,243162,112.9,0.2,7.9,6,204474,105,-0.7,5.1,254
3/1/2025,Tameside,E08000008,204138,104.8,,-0.3,4.9,,458,355959,103.4,-1.1,4.1,231518,104.8,-0.4,4.8,178732,105.2,-0.1,5.4,126211,102.9,0.6,3.2,198237,104.6,-0.3,4.8,93,205848,104.8,-0.3,4.9,334,187598,104.9,-0.2,5,235324,104.5,-0.4,4.6,243669,113.1,0.2,6.9,19,203966,104.7,-0.2,4.9,439
4/1/2025,Tameside,E08000008,202151,103.8,,-1,2.2,,146,354255,103,-0.5,2.4,229833,104.1,-0.7,2.5,176488,103.9,-1.3,2.3,124496,101.5,-1.4,-0.3,196298,103.5,-1,2.1,30,203848,103.8,-1,2.2,104,185654,103.8,-1,2.2,233302,103.6,-0.9,2.2,243538,113.1,-0.1,5.5,5,201850,103.6,-1,2.2,141
5/1/2025,Tameside,E08000008,205522,105.5,,1.7,4.7,,170,361132,105,1.9,5.3,234011,106,1.8,5.1,179255,105.6,1.6,4.7,125798,102.6,1,1.2,199445,105.2,1.6,4.5,32,207287,105.6,1.7,4.8,117,188670,105.5,1.6,4.7,237372,105.4,1.7,4.7,248382,115.3,2,8.4,4,205169,105.4,1.6,4.6,166
6/1/2025,Tameside,E08000008,206657,106.1,,0.6,4.2,,219,365359,106.2,1.2,5.7,235924,106.8,0.8,5,179891,105.9,0.4,3.8,124929,101.9,-0.7,-0.4,200308,105.7,0.4,3.8,40,208507,106.2,0.6,4.3,154,189543,106,0.5,4,239065,106.1,0.7,4.4,249749,115.9,0.6,9.8,7,206302,105.9,0.6,4.1,212
7/1/2025,Tameside,E08000008,209927,107.8,,1.6,6.1,,223,368377,107.1,0.8,6.9,239219,108.3,1.4,6.7,183450,108,2,6,126799,103.4,1.5,2.1,203345,107.3,1.5,5.7,45,211849,107.9,1.6,6.2,153,192716,107.8,1.7,6,242455,107.6,1.4,6.2,250254,116.2,0.2,10.1,7,209770,107.7,1.7,6.1,216
8/1/2025,Tameside,E08000008,209559,107.6,,-0.2,4.2,,207,366589,106.5,-0.5,4.6,238924,108.2,-0.1,5,183303,107.9,-0.1,4,126200,102.9,-0.5,0.5,202933,107,-0.2,3.8,28,211495,107.7,-0.2,4.3,142,192469,107.6,-0.1,4.1,241823,107.3,-0.3,4.2,249722,115.9,-0.2,8.7,4,209407,107.5,-0.2,4.2,203
9/1/2025,Tameside,E08000008,211121,108.4,,0.7,4.7,,202,369851,107.5,0.9,5,240819,109,0.8,5.4,184693,108.8,0.8,4.6,126453,103.1,0.2,1.2,204461,107.8,0.8,4.4,36,213066,108.5,0.7,4.8,117,193887,108.4,0.7,4.7,243662,108.2,0.8,4.7,252774,117.4,1.2,8.6,4,210896,108.3,0.7,4.7,198
10/1/2025,Tameside,E08000008,213053,109.4,,0.9,4.8,,220,374025,108.7,1.1,5.1,243435,110.2,1.1,5.8,186114,109.6,0.8,4.5,127147,103.7,0.5,0.6,206408,108.9,1,4.4,27,214993,109.5,0.9,4.9,130,195661,109.4,0.9,4.7,245895,109.1,0.9,4.8,259603,120.5,2.7,10.8,,212563,109.1,0.8,4.6,220
11/1/2025,Tameside,E08000008,212963,109.3,,0,4.2,,156,374522,108.8,0.1,4.6,243376,110.2,0,5.1,185967,109.5,-0.1,4.1,126881,103.4,-0.2,0.3,206533,108.9,0.1,4,14,214834,109.4,-0.1,4.3,67,195620,109.4,0,4.2,245698,109.1,-0.1,4.2,265099,123.1,2.1,12,,212151,108.9,-0.2,3.9,156
12/1/2025,Tameside,E08000008,212453,109.1,,-0.2,3.1,,158,372566,108.3,-0.5,3,242788,109.9,-0.2,3.9,185699,109.4,-0.1,3.1,126490,103.1,-0.3,-0.6,205976,108.6,-0.3,2.8,22,214339,109.2,-0.2,3.2,89,195285,109.2,-0.2,3.2,244805,108.7,-0.4,3,265301,123.2,0.1,10.7,1,211593,108.7,-0.3,2.8,157
1/1/2026,Tameside,E08000008,209627,107.6,,-1.3,1.7,,,366066,106.4,-1.7,1,239367,108.4,-1.4,2.2,183683,108.2,-1.1,2,124408,101.4,-1.6,-1.6,202978,107.1,-1.5,1.3,,211570,107.8,-1.3,1.8,,192755,107.8,-1.3,1.8,241395,107.1,-1.4,1.5,,,,,,,,,,
2/1/2026,Tameside,E08000008,211675,108.7,,1,3.4,,,369174,107.3,0.8,2.5,241763,109.5,1,4,185617,109.3,1.1,3.8,125140,102,0.6,-0.3,204623,107.9,0.8,2.9,,213745,108.9,1,3.6,,194623,108.8,1,3.5,243742,108.2,1,3.2,,,,,,,,,,
1/1/1995,Trafford,E08000009,57745,16,,,,,205,118551,16.1,,,62403,15.4,,,46932,15.2,,,39859,19.3,,,,,,,,,,,,,,,,,,,,,34003,17.6,,,22,57936,15.9,,,183
2/1/1995,Trafford,E08000009,55352,15.3,,-4.1,,,189,112553,15.3,-5.1,,60024,14.8,-3.8,,44970,14.5,-4.2,,38219,18.5,-4.1,,,,,,,,,,,,,,,,,,,,32659,16.9,-4,,25,55524,15.3,-4.2,,164
3/1/1995,Trafford,E08000009,55631,15.4,,0.5,,,267,113083,15.4,0.5,,60282,14.9,0.4,,45290,14.6,0.7,,38370,18.6,0.4,,,,,,,,,,,,,,,,,,,,32892,17,0.7,,29,55792,15.3,0.5,,238
4/1/1995,Trafford,E08000009,55018,15.2,,-1.1,,,194,111378,15.2,-1.5,,59644,14.7,-1.1,,44857,14.5,-1,,37992,18.4,-1,,,,,,,,,,,,,,,,,,,,32478,16.8,-1.3,,19,55186,15.2,-1.1,,175
5/1/1995,Trafford,E08000009,55525,15.4,,0.9,,,256,112692,15.3,1.2,,60124,14.9,0.8,,45330,14.6,1.1,,38256,18.5,0.7,,,,,,,,,,,,,,,,,,,,32770,17,0.9,,28,55696,15.3,0.9,,228
6/1/1995,Trafford,E08000009,55934,15.5,,0.7,,,299,113265,15.4,0.5,,60638,15,0.9,,45584,14.7,0.6,,38647,18.7,1,,,,,,,,,,,,,,,,,,,,32943,17.1,0.5,,36,56118,15.4,0.8,,263
7/1/1995,Trafford,E08000009,55604,15.4,,-0.6,,,295,112759,15.4,-0.4,,60331,14.9,-0.5,,45274,14.6,-0.7,,38222,18.5,-1.1,,,,,,,,,,,,,,,,,,,,32722,16.9,-0.7,,30,55791,15.3,-0.6,,265
8/1/1995,Trafford,E08000009,56229,15.6,,1.1,,,258,114283,15.6,1.4,,61012,15.1,1.1,,45773,14.8,1.1,,38494,18.6,0.7,,,,,,,,,,,,,,,,,,,,33007,17.1,0.9,,14,56432,15.5,1.1,,244
9/1/1995,Trafford,E08000009,55013,15.2,,-2.2,,,275,112258,15.3,-1.8,,59645,14.7,-2.2,,44837,14.5,-2,,37405,18.1,-2.8,,,,,,,,,,,,,,,,,,,,32163,16.6,-2.6,,18,55236,15.2,-2.1,,257
10/1/1995,Trafford,E08000009,55784,15.4,,1.4,,,222,114175,15.5,1.7,,60488,15,1.4,,45322,14.6,1.1,,38032,18.4,1.7,,,,,,,,,,,,,,,,,,,,32835,17,2.1,,18,55971,15.4,1.3,,204
11/1/1995,Trafford,E08000009,55548,15.4,,-0.4,,,260,113426,15.4,-0.7,,60275,14.9,-0.4,,45024,14.5,-0.7,,38158,18.4,0.3,,,,,,,,,,,,,,,,,,,,32809,17,-0.1,,17,55714,15.3,-0.5,,243
12/1/1995,Trafford,E08000009,55315,15.3,,-0.4,,,289,112921,15.4,-0.4,,60045,14.8,-0.4,,44773,14.5,-0.6,,38089,18.4,-0.2,,,,,,,,,,,,,,,,,,,,32987,17.1,0.5,,30,55426,15.2,-0.5,,259
1/1/1996,Trafford,E08000009,54552,15.1,,-1.4,-5.5,,221,111422,15.2,-1.3,-6,59227,14.6,-1.4,-5.1,44168,14.3,-1.4,-5.9,37459,18.1,-1.7,-6,,,,,,,,,,,,,,,,,,,32718,16.9,-0.8,-3.8,20,54631,15,-1.4,-5.7,201
2/1/1996,Trafford,E08000009,54480,15.1,,-0.1,-1.6,,196,111464,15.2,0,-1,59166,14.6,-0.1,-1.4,44138,14.3,-0.1,-1.8,37175,18,-0.8,-2.7,,,,,,,,,,,,,,,,,,,32925,17,0.6,0.8,13,54516,15,-0.2,-1.8,183
3/1/1996,Trafford,E08000009,54558,15.1,,0.1,-1.9,,267,111728,15.2,0.2,-1.2,59281,14.7,0.2,-1.7,44164,14.3,0.1,-2.5,37149,18,-0.1,-3.2,,,,,,,,,,,,,,,,,,,33105,17.1,0.5,0.6,15,54573,15,0.1,-2.2,252
4/1/1996,Trafford,E08000009,54418,15.1,,-0.3,-1.1,,261,110900,15.1,-0.7,-0.4,59088,14.6,-0.3,-0.9,44226,14.3,0.1,-1.4,37128,18,-0.1,-2.3,,,,,,,,,,,,,,,,,,,32920,17,-0.6,1.4,17,54445,15,-0.2,-1.3,244
5/1/1996,Trafford,E08000009,54911,15.2,,0.9,-1.1,,335,111369,15.2,0.4,-1.2,59550,14.7,0.8,-1,44868,14.5,1.5,-1,37481,18.1,0.9,-2,,,,,,,,,,,,,,,,,,,32867,17,-0.2,0.3,21,54977,15.1,1,-1.3,314
6/1/1996,Trafford,E08000009,55737,15.4,,1.5,-0.4,,318,112702,15.3,1.2,-0.5,60403,14.9,1.4,-0.4,45614,14.7,1.7,0.1,38243,18.5,2,-1,,,,,,,,,,,,,,,,,,,33264,17.2,1.2,1,21,55815,15.3,1.5,-0.5,297
7/1/1996,Trafford,E08000009,56499,15.6,,1.4,1.6,,334,114832,15.6,1.9,1.8,61284,15.2,1.5,1.6,46093,14.9,1.1,1.8,38542,18.6,0.8,0.8,,,,,,,,,,,,,,,,,,,33602,17.4,1,2.7,18,56590,15.6,1.4,1.4,316
8/1/1996,Trafford,E08000009,56163,15.5,,-0.6,-0.1,,396,115066,15.7,0.2,0.7,60945,15.1,-0.6,-0.1,45593,14.7,-1.1,-0.4,38157,18.4,-1,-0.9,,,,,,,,,,,,,,,,,,,33515,17.3,-0.3,1.5,33,56241,15.5,-0.6,-0.3,363
9/1/1996,Trafford,E08000009,56522,15.6,,0.6,2.7,,355,116444,15.9,1.2,3.7,61382,15.2,0.7,2.9,45796,14.8,0.4,2.1,38040,18.4,-0.3,1.7,,,,,,,,,,,,,,,,,,,33499,17.3,0,4.2,13,56626,15.6,0.7,2.5,342
10/1/1996,Trafford,E08000009,57074,15.8,,1,2.3,,310,117680,16,1.1,3.1,62004,15.3,1,2.5,46219,14.9,0.9,2,38336,18.5,0.8,0.8,,,,,,,,,,,,,,,,,,,33807,17.5,0.9,3,20,57182,15.7,1,2.2,290
11/1/1996,Trafford,E08000009,57344,15.9,,0.5,3.2,,350,117783,16,0.1,3.8,62294,15.4,0.5,3.3,46531,15,0.7,3.3,38605,18.7,0.7,1.2,,,,,,,,,,,,,,,,,,,33936,17.6,0.4,3.4,17,57455,15.8,0.5,3.1,333
12/1/1996,Trafford,E08000009,58095,16.1,,1.3,5,,360,118754,16.2,0.8,5.2,63171,15.6,1.4,5.2,47225,15.3,1.5,5.5,39089,18.9,1.3,2.6,,,,,,,,,,,,,,,,,,,34308,17.8,1.1,4,35,58215,16,1.3,5,325
1/1/1997,Trafford,E08000009,57735,16,,-0.6,5.8,,291,117823,16,-0.8,5.7,62812,15.5,-0.6,6.1,46980,15.2,-0.5,6.4,38764,18.7,-0.8,3.5,,,,,,,,,,,,,,,,,,,33889,17.5,-1.2,3.6,22,57878,15.9,-0.6,5.9,269
2/1/1997,Trafford,E08000009,59215,16.4,,2.6,8.7,,278,121458,16.5,3.1,9,64381,15.9,2.5,8.8,48088,15.5,2.4,8.9,39683,19.2,2.4,6.7,,,,,,,,,,,,,,,,,,,34815,18,2.7,5.7,23,59359,16.3,2.6,8.9,255
3/1/1997,Trafford,E08000009,59530,16.5,,0.5,9.1,,357,122461,16.7,0.8,9.6,64579,16,0.3,8.9,48406,15.6,0.7,9.6,39953,19.3,0.7,7.5,,,,,,,,,,,,,,,,,,,35128,18.2,0.9,6.1,35,59664,16.4,0.5,9.3,322
4/1/1997,Trafford,E08000009,60273,16.7,,1.2,10.8,,319,124038,16.9,1.3,11.8,65355,16.2,1.2,10.6,49043,15.8,1.3,10.9,40431,19.5,1.2,8.9,,,,,,,,,,,,,,,,,,,35653,18.5,1.5,8.3,22,60401,16.6,1.2,10.9,297
5/1/1997,Trafford,E08000009,60215,16.7,,-0.1,9.7,,433,123711,16.8,-0.3,11.1,65428,16.2,0.1,9.9,48993,15.8,-0.1,9.2,40142,19.4,-0.7,7.1,,,,,,,,,,,,,,,,,,,35411,18.3,-0.7,7.7,27,60363,16.6,-0.1,9.8,406
6/1/1997,Trafford,E08000009,61298,17,,1.8,10,,400,126324,17.2,2.1,12.1,66705,16.5,2,10.4,49782,16.1,1.6,9.1,40514,19.6,0.9,5.9,,,,,,,,,,,,,,,,,,,35767,18.5,1,7.5,24,61475,16.9,1.8,10.1,376
7/1/1997,Trafford,E08000009,61651,17.1,,0.6,9.1,,400,127432,17.3,0.9,11,67109,16.6,0.6,9.5,50069,16.2,0.6,8.6,40427,19.5,-0.2,4.9,,,,,,,,,,,,,,,,,,,35777,18.5,0,6.5,17,61847,17,0.6,9.3,383
8/1/1997,Trafford,E08000009,62330,17.3,,1.1,11,,436,129208,17.6,1.4,12.3,67830,16.8,1.1,11.3,50580,16.3,1,10.9,40768,19.7,0.8,6.8,,,,,,,,,,,,,,,,,,,35979,18.6,0.6,7.4,18,62547,17.2,1.1,11.2,418
9/1/1997,Trafford,E08000009,62822,17.4,,0.8,11.1,,367,130514,17.8,1,12.1,68399,16.9,0.8,11.4,50884,16.4,0.6,11.1,41024,19.8,0.6,7.8,,,,,,,,,,,,,,,,,,,36318,18.8,0.9,8.4,13,63036,17.3,0.8,11.3,354
10/1/1997,Trafford,E08000009,62519,17.3,,-0.5,9.5,,376,129858,17.7,-0.5,10.3,68119,16.8,-0.4,9.9,50540,16.3,-0.7,9.3,40925,19.8,-0.2,6.8,,,,,,,,,,,,,,,,,,,36127,18.7,-0.5,6.9,11,62733,17.2,-0.5,9.7,365
11/1/1997,Trafford,E08000009,62576,17.3,,0.1,9.1,,356,130317,17.7,0.4,10.6,68166,16.9,0.1,9.4,50515,16.3,0,8.6,40944,19.8,0,6.1,,,,,,,,,,,,,,,,,,,36296,18.8,0.5,7,9,62778,17.3,0.1,9.3,347
12/1/1997,Trafford,E08000009,61268,17,,-2.1,5.5,,352,127146,17.3,-2.4,7.1,66831,16.5,-2,5.8,49458,16,-2.1,4.7,40132,19.4,-2,2.7,,,,,,,,,,,,,,,,,,,35562,18.4,-2,3.7,17,61463,16.9,-2.1,5.6,335
1/1/1998,Trafford,E08000009,61855,17.1,,1,7.1,,217,129081,17.6,1.5,9.6,67339,16.7,0.8,7.2,49908,16.1,0.9,6.2,40474,19.6,0.9,4.4,,,,,,,,,,,,,,,,,,,36274,18.8,2,7,12,62016,17.1,0.9,7.1,205
2/1/1998,Trafford,E08000009,62808,17.4,,1.5,6.1,,261,130509,17.8,1.1,7.5,68331,16.9,1.5,6.1,50699,16.4,1.6,5.4,41406,20,2.3,4.3,,,,,,,,,,,,,,,,,,,37484,19.4,3.3,7.7,12,62921,17.3,1.5,6,249
3/1/1998,Trafford,E08000009,63818,17.7,,1.6,7.2,,283,132723,18.1,1.7,8.4,69340,17.1,1.5,7.4,51572,16.7,1.7,6.5,41993,20.3,1.4,5.1,,,,,,,,,,,,,,,,,,,38445,19.9,2.6,9.4,9,63903,17.6,1.6,7.1,274
4/1/1998,Trafford,E08000009,64917,18,,1.7,7.7,,330,134230,18.3,1.1,8.2,70646,17.5,1.9,8.1,52512,17,1.8,7.1,42672,20.6,1.6,5.5,,,,,,,,,,,,,,,,,,,39045,20.2,1.6,9.5,13,65008,17.9,1.7,7.6,317
5/1/1998,Trafford,E08000009,65285,18.1,,0.6,8.4,,343,134639,18.3,0.3,8.8,71064,17.6,0.6,8.6,53018,17.1,1,8.2,42587,20.6,-0.2,6.1,,,,,,,,,,,,,,,,,,,38741,20.1,-0.8,9.4,10,65410,18,0.6,8.4,333
6/1/1998,Trafford,E08000009,65972,18.3,,1.1,7.6,,342,135797,18.5,0.9,7.5,71795,17.8,1,7.6,53580,17.3,1.1,7.6,43213,20.9,1.5,6.7,,,,,,,,,,,,,,,,,,,38973,20.2,0.6,9,11,66109,18.2,1.1,7.5,331
7/1/1998,Trafford,E08000009,66820,18.5,,1.3,8.4,,389,137658,18.7,1.4,8,72740,18,1.3,8.4,54234,17.5,1.2,8.3,43721,21.1,1.2,8.1,,,,,,,,,,,,,,,,,,,39371,20.4,1,10,17,66965,18.4,1.3,8.3,372
8/1/1998,Trafford,E08000009,67313,18.6,,0.7,8,,339,139858,19,1.6,8.2,73235,18.1,0.7,8,54429,17.6,0.4,7.6,43991,21.3,0.6,7.9,,,,,,,,,,,,,,,,,,,39822,20.6,1.1,10.7,21,67449,18.5,0.7,7.8,318
9/1/1998,Trafford,E08000009,67491,18.7,,0.3,7.4,,296,141030,19.2,0.8,8.1,73440,18.2,0.3,7.4,54483,17.6,0.1,7.1,43843,21.2,-0.3,6.9,,,,,,,,,,,,,,,,,,,39676,20.5,-0.4,9.2,12,67644,18.6,0.3,7.3,284
10/1/1998,Trafford,E08000009,66579,18.4,,-1.4,6.5,,336,139401,19,-1.2,7.3,72410,17.9,-1.4,6.3,53653,17.3,-1.5,6.2,43430,21,-0.9,6.1,,,,,,,,,,,,,,,,,,,39208,20.3,-1.2,8.5,15,66725,18.3,-1.4,6.4,321
11/1/1998,Trafford,E08000009,65657,18.2,,-1.4,4.9,,302,137227,18.7,-1.6,5.3,71480,17.7,-1.3,4.9,52812,17.1,-1.6,4.5,42952,20.8,-1.1,4.9,,,,,,,,,,,,,,,,,,,38728,20,-1.2,6.7,11,65798,18.1,-1.4,4.8,291
12/1/1998,Trafford,E08000009,65403,18.1,,-0.4,6.7,,351,135764,18.5,-1.1,6.8,71215,17.6,-0.4,6.6,52654,17,-0.3,6.5,43139,20.9,0.4,7.5,,,,,,,,,,,,,,,,,,,39068,20.2,0.9,9.9,10,65511,18,-0.4,6.6,341
1/1/1999,Trafford,E08000009,66155,18.3,,1.1,7,,230,137428,18.7,1.2,6.5,72002,17.8,1.1,6.9,53263,17.2,1.2,6.7,43671,21.1,1.2,7.9,,,,,,,,,,,,,,,,,,,39848,20.6,2,9.9,13,66243,18.2,1.1,6.8,217
2/1/1999,Trafford,E08000009,66710,18.5,,0.8,6.2,,257,138771,18.9,1,6.3,72576,17.9,0.8,6.2,53694,17.3,0.8,5.9,44064,21.3,0.9,6.4,,,,,,,,,,,,,,,,,,,40280,20.8,1.1,7.5,14,66793,18.4,0.8,6.2,243
3/1/1999,Trafford,E08000009,67016,18.6,,0.5,5,,328,139970,19.1,0.9,5.5,72852,18,0.4,5.1,53883,17.4,0.4,4.5,44260,21.4,0.4,5.4,,,,,,,,,,,,,,,,,,,40384,20.9,0.3,5,16,67105,18.5,0.5,5,312
4/1/1999,Trafford,E08000009,68162,18.9,,1.7,5,,381,142025,19.3,1.5,5.8,74044,18.3,1.6,4.8,54982,17.8,2,4.7,44940,21.7,1.5,5.3,,,,,,,,,,,,,,,,,,,40663,21,0.7,4.1,17,68280,18.8,1.8,5,364
5/1/1999,Trafford,E08000009,70167,19.4,,2.9,7.5,,381,145351,19.8,2.3,8,76225,18.8,2.9,7.3,56809,18.4,3.3,7.1,46235,22.4,2.9,8.6,,,,,,,,,,,,,,,,,,,41817,21.6,2.8,7.9,18,70292,19.3,2.9,7.5,363
6/1/1999,Trafford,E08000009,72009,19.9,,2.6,9.2,,357,149205,20.3,2.7,9.9,78209,19.3,2.6,8.9,58343,18.8,2.7,8.9,47372,22.9,2.5,9.6,,,,,,,,,,,,,,,,,,,42820,22.2,2.4,9.9,14,72143,19.8,2.6,9.1,343
7/1/1999,Trafford,E08000009,73431,20.3,,2,9.9,,527,152627,20.8,2.3,10.9,79750,19.7,2,9.6,59427,19.2,1.9,9.6,48223,23.3,1.8,10.3,,,,,,,,,,,,,,,,,,,43647,22.6,1.9,10.9,17,73570,20.2,2,9.9,510
8/1/1999,Trafford,E08000009,73769,20.4,,0.5,9.6,,451,154342,21,1.1,10.4,80004,19.8,0.3,9.2,59656,19.3,0.4,9.6,48321,23.4,0.2,9.8,,,,,,,,,,,,,,,,,,,43497,22.5,-0.3,9.2,19,73932,20.3,0.5,9.6,432
9/1/1999,Trafford,E08000009,74854,20.7,,1.5,10.9,,429,157607,21.5,2.1,11.8,81079,20,1.3,10.4,60467,19.5,1.4,11,48938,23.7,1.3,11.6,,,,,,,,,,,,,,,,,,,43871,22.7,0.9,10.6,19,75037,20.6,1.5,10.9,410
10/1/1999,Trafford,E08000009,75056,20.8,,0.3,12.7,,424,157986,21.5,0.2,13.3,81355,20.1,0.3,12.4,60468,19.5,0,12.7,49312,23.8,0.8,13.5,,,,,,,,,,,,,,,,,,,43996,22.8,0.3,12.2,15,75239,20.7,0.3,12.8,409
11/1/1999,Trafford,E08000009,76436,21.2,,1.8,16.4,,381,161088,21.9,2,17.4,82870,20.5,1.9,15.9,61460,19.9,1.6,16.4,50333,24.3,2.1,17.2,,,,,,,,,,,,,,,,,,,44784,23.2,1.8,15.6,12,76624,21.1,1.8,16.5,369
12/1/1999,Trafford,E08000009,75971,21,,-0.6,16.2,,387,158733,21.6,-1.5,16.9,82452,20.4,-0.5,15.8,61178,19.8,-0.5,16.2,50318,24.3,0,16.6,,,,,,,,,,,,,,,,,,,44879,23.2,0.2,14.9,20,76133,20.9,-0.6,16.2,367
1/1/2000,Trafford,E08000009,76041,21.1,,0.1,14.9,,281,159345,21.7,0.4,15.9,82533,20.4,0.1,14.6,61233,19.8,0.1,15,50105,24.2,-0.4,14.7,,,,,,,,,,,,,,,,,,,44824,23.2,-0.1,12.5,5,76210,21,0.1,15,276
2/1/2000,Trafford,E08000009,76165,21.1,,0.2,14.2,,272,159134,21.7,-0.1,14.7,82636,20.4,0.1,13.9,61384,19.8,0.2,14.3,50295,24.3,0.4,14.1,,,,,,,,,,,,,,,,,,,45364,23.5,1.2,12.6,15,76294,21,0.1,14.2,257
3/1/2000,Trafford,E08000009,77549,21.5,,1.8,15.7,,351,162828,22.2,2.3,16.3,84122,20.8,1.8,15.5,62402,20.2,1.7,15.8,50945,24.6,1.3,15.1,,,,,,,,,,,,,,,,,,,46151,23.9,1.7,14.3,14,77676,21.4,1.8,15.8,337
4/1/2000,Trafford,E08000009,79901,22.1,,3,17.2,,350,167134,22.8,2.6,17.7,86505,21.4,2.8,16.8,64401,20.8,3.2,17.1,52911,25.6,3.9,17.7,,,,,,,,,,,,,,,,,,,47983,24.8,4,18,16,79995,22,3,17.2,334
5/1/2000,Trafford,E08000009,81208,22.5,,1.6,15.7,,351,169564,23.1,1.5,16.7,88021,21.8,1.8,15.5,65348,21.1,1.5,15,53852,26,1.8,16.5,,,,,,,,,,,,,,,,,,,48542,25.1,1.2,16.1,14,81322,22.4,1.7,15.7,337
6/1/2000,Trafford,E08000009,82549,22.9,,1.7,14.6,,370,171739,23.4,1.3,15.1,89512,22.1,1.7,14.5,66353,21.4,1.5,13.7,55029,26.6,2.2,16.2,,,,,,,,,,,,,,,,,,,49262,25.5,1.5,15,15,82673,22.7,1.7,14.6,355
7/1/2000,Trafford,E08000009,83480,23.1,,1.1,13.7,,396,174838,23.8,1.8,14.6,90673,22.4,1.3,13.7,66899,21.6,0.8,12.6,55240,26.7,0.4,14.6,,,,,,,,,,,,,,,,,,,49410,25.6,0.3,13.2,21,83640,23,1.2,13.7,375
8/1/2000,Trafford,E08000009,84993,23.5,,1.8,15.2,,430,178753,24.3,2.2,15.8,92326,22.8,1.8,15.4,67855,21.9,1.4,13.7,56395,27.3,2.1,16.7,,,,,,,,,,,,,,,,,,,50487,26.1,2.2,16.1,46,85141,23.4,1.8,15.2,384
9/1/2000,Trafford,E08000009,86118,23.8,,1.3,15,,347,182714,24.9,2.2,15.9,93441,23.1,1.2,15.2,68586,22.2,1.1,13.4,57072,27.6,1.2,16.6,,,,,,,,,,,,,,,,,,,51190,26.5,1.4,16.7,19,86265,23.7,1.3,15,328
10/1/2000,Trafford,E08000009,85778,23.7,,-0.4,14.3,,278,181886,24.8,-0.5,15.1,93147,23,-0.3,14.5,68091,22,-0.7,12.6,57121,27.6,0.1,15.8,,,,,,,,,,,,,,,,,,,51306,26.6,0.2,16.6,11,85897,23.6,-0.4,14.2,267
11/1/2000,Trafford,E08000009,85885,23.8,,0.1,12.4,,306,182746,24.9,0.5,13.4,93146,23,0,12.4,68138,22,0.1,10.9,57280,27.7,0.3,13.8,,,,,,,,,,,,,,,,,,,51633,26.7,0.6,15.3,12,85981,23.6,0.1,12.2,294
12/1/2000,Trafford,E08000009,87813,24.3,,2.2,15.6,,291,185541,25.3,1.5,16.9,95207,23.5,2.2,15.5,69699,22.5,2.3,13.9,59075,28.6,3.1,17.4,,,,,,,,,,,,,,,,,,,53458,27.7,3.5,19.1,22,87855,24.2,2.2,15.4,269
1/1/2001,Trafford,E08000009,89951,24.9,,2.4,18.3,,197,189614,25.8,2.2,19,97401,24.1,2.3,18,71496,23.1,2.6,16.8,60772,29.4,2.9,21.3,,,,,,,,,,,,,,,,,,,55358,28.7,3.6,23.5,5,89944,24.7,2.4,18,192
2/1/2001,Trafford,E08000009,91238,25.3,,1.4,19.8,,245,191709,26.1,1.1,20.5,98801,24.4,1.4,19.6,72619,23.5,1.6,18.3,61695,29.8,1.5,22.7,,,,,,,,,,,,,,,,,,,56601,29.3,2.2,24.8,14,91191,25.1,1.4,19.5,231
3/1/2001,Trafford,E08000009,90268,25,,-1.1,16.4,,290,189838,25.8,-1,16.6,97859,24.2,-1,16.3,71877,23.2,-1,15.2,60684,29.3,-1.6,19.1,,,,,,,,,,,,,,,,,,,55794,28.9,-1.4,20.9,21,90242,24.8,-1,16.2,269
4/1/2001,Trafford,E08000009,90222,25,,-0.1,12.9,,302,188938,25.7,-0.5,13,97673,24.2,-0.2,12.9,72169,23.3,0.4,12.1,60691,29.3,0,14.7,,,,,,,,,,,,,,,,,,,55528,28.7,-0.5,15.7,8,90220,24.8,0,12.8,294
5/1/2001,Trafford,E08000009,91211,25.3,,1.1,12.3,,378,189767,25.8,0.4,11.9,98757,24.4,1.1,12.2,73249,23.7,1.5,12.1,61289,29.6,1,13.8,,,,,,,,,,,,,,,,,,,55376,28.7,-0.3,14.1,13,91285,25.1,1.2,12.3,365
6/1/2001,Trafford,E08000009,93949,26,,3,13.8,,403,194592,26.5,2.5,13.3,101646,25.1,2.9,13.6,75517,24.4,3.1,13.8,63566,30.7,3.7,15.5,,,,,,,,,,,,,,,,,,,57154,29.6,3.2,16,17,94014,25.9,3,13.7,386
7/1/2001,Trafford,E08000009,95815,26.5,,2,14.8,,400,199150,27.1,2.3,13.9,103768,25.7,2.1,14.4,76806,24.8,1.7,14.8,64685,31.3,1.8,17.1,,,,,,,,,,,,,,,,,,,58056,30,1.6,17.5,19,95905,26.4,2,14.7,381
8/1/2001,Trafford,E08000009,97437,27,,1.7,14.6,,551,203540,27.7,2.2,13.9,105407,26.1,1.6,14.2,77934,25.2,1.5,14.9,65973,31.9,2,17,,,,,,,,,,,,,,,,,,,59419,30.8,2.3,17.7,59,97489,26.8,1.7,14.5,492
9/1/2001,Trafford,E08000009,98181,27.2,,0.8,14,,418,206549,28.1,1.5,13,106057,26.2,0.6,13.5,78450,25.3,0.7,14.4,66399,32.1,0.6,16.3,,,,,,,,,,,,,,,,,,,60040,31.1,1,17.3,27,98218,27,0.7,13.9,391
10/1/2001,Trafford,E08000009,100167,27.7,,2,16.8,,449,210686,28.7,2,15.8,108180,26.7,2,16.1,79928,25.8,1.9,17.4,68028,32.9,2.5,19.1,,,,,,,,,,,,,,,,,,,61866,32,3,20.6,30,100142,27.5,2,16.6,419
11/1/2001,Trafford,E08000009,100014,27.7,,-0.2,16.5,,400,209691,28.5,-0.5,14.7,108198,26.8,0,16.2,79618,25.7,-0.4,16.8,68127,32.9,0.1,18.9,,,,,,,,,,,,,,,,,,,61948,32.1,0.1,20,23,99971,27.5,-0.2,16.3,377
12/1/2001,Trafford,E08000009,102368,28.3,,2.4,16.6,,298,212601,28.9,1.4,14.6,110920,27.4,2.5,16.5,81316,26.3,2.1,16.7,70539,34.1,3.5,19.4,,,,,,,,,,,,,,,,,,,63874,33.1,3.1,19.5,29,102278,28.1,2.3,16.4,269
1/1/2002,Trafford,E08000009,102588,28.4,,0.2,14,,233,212563,28.9,0,12.1,111238,27.5,0.3,14.2,81366,26.3,0.1,13.8,70958,34.3,0.6,16.8,,,,,,,,,,,,,,,,,,,64129,33.2,0.4,15.8,15,102487,28.2,0.2,13.9,218
2/1/2002,Trafford,E08000009,104357,28.9,,1.7,14.4,,342,215567,29.3,1.4,12.4,112994,27.9,1.6,14.4,82982,26.8,2,14.3,72467,35,2.1,17.5,,,,,,,,,,,,,,,,,,,65981,34.1,2.9,16.6,58,104181,28.6,1.7,14.2,284
3/1/2002,Trafford,E08000009,103877,28.8,,-0.5,15.1,,417,215425,29.3,-0.1,13.5,112411,27.8,-0.5,14.9,82687,26.7,-0.4,15,71727,34.7,-1,18.2,,,,,,,,,,,,,,,,,,,65537,33.9,-0.7,17.5,72,103714,28.5,-0.4,14.9,345
4/1/2002,Trafford,E08000009,104657,29,,0.8,16,,350,215831,29.4,0.2,14.2,113141,28,0.6,15.8,83493,27,1,15.7,72727,35.2,1.4,19.8,,,,,,,,,,,,,,,,,,,66214,34.3,1,19.2,23,104475,28.7,0.7,15.8,327
5/1/2002,Trafford,E08000009,106372,29.5,,1.6,16.6,,543,218659,29.8,1.3,15.2,115126,28.5,1.8,16.6,84848,27.4,1.6,15.8,73928,35.7,1.7,20.6,,,,,,,,,,,,,,,,,,,66597,34.5,0.6,20.3,40,106256,29.2,1.7,16.4,503
6/1/2002,Trafford,E08000009,108321,30,,1.8,15.3,,372,221399,30.1,1.3,13.8,117179,29,1.8,15.3,86593,28,2.1,14.7,75620,36.6,2.3,19,,,,,,,,,,,,,,,,,,,67732,35.1,1.7,18.5,44,108212,29.8,1.8,15.1,328
7/1/2002,Trafford,E08000009,111352,30.8,,2.8,16.2,,530,228300,31.1,3.1,14.6,120503,29.8,2.8,16.1,89053,28.8,2.8,15.9,77225,37.3,2.1,19.4,,,,,,,,,,,,,,,,,,,68810,35.6,1.6,18.5,57,111321,30.6,2.9,16.1,473
8/1/2002,Trafford,E08000009,113916,31.5,,2.3,16.9,,563,233604,31.8,2.3,14.8,123219,30.5,2.3,16.9,91191,29.5,2.4,17,78953,38.2,2.2,19.7,,,,,,,,,,,,,,,,,,,70155,36.3,2,18.1,77,113908,31.3,2.3,16.8,486
9/1/2002,Trafford,E08000009,116204,32.2,,2,18.4,,424,238468,32.5,2.1,15.5,125928,31.1,2.2,18.7,92927,30,1.9,18.5,80043,38.7,1.4,20.5,,,,,,,,,,,,,,,,,,,70746,36.6,0.8,17.8,53,116278,32,2.1,18.4,371
10/1/2002,Trafford,E08000009,116557,32.3,,0.3,16.4,,465,238202,32.4,-0.1,13.1,126540,31.3,0.5,17,93028,30.1,0.1,16.4,80507,38.9,0.6,18.3,,,,,,,,,,,,,,,,,,,71092,36.8,0.5,14.9,41,116618,32.1,0.3,16.5,424
11/1/2002,Trafford,E08000009,117180,32.4,,0.5,17.2,,402,239876,32.7,0.7,14.4,127203,31.5,0.5,17.6,93399,30.2,0.4,17.3,81047,39.2,0.7,19,,,,,,,,,,,,,,,,,,,71269,36.9,0.2,15,42,117262,32.2,0.6,17.3,360
12/1/2002,Trafford,E08000009,117892,32.6,,0.6,15.2,,473,240149,32.7,0.1,13,128023,31.7,0.6,15.4,93944,30.3,0.6,15.5,82011,39.7,1.2,16.3,,,,,,,,,,,,,,,,,,,71972,37.3,1,12.7,97,117948,32.4,0.6,15.3,376
1/1/2003,Trafford,E08000009,119125,33,,1,16.1,,363,242220,33,0.9,14,129086,31.9,0.8,16,95324,30.8,1.5,17.2,82974,40.1,1.2,16.9,,,,,,,,,,,,,,,,,,,72284,37.4,0.4,12.7,33,119226,32.8,1.1,16.3,330
2/1/2003,Trafford,E08000009,119110,33,,0,14.1,,321,240327,32.7,-0.8,11.5,129350,32,0.2,14.5,95309,30.8,0,14.9,83095,40.2,0.1,14.7,,,,,,,,,,,,,,,,,,,72313,37.4,0,9.6,34,119207,32.8,0,14.4,287
3/1/2003,Trafford,E08000009,121419,33.6,,1.9,16.9,,345,245313,33.4,2.1,13.9,131835,32.6,1.9,17.3,97099,31.4,1.9,17.4,84734,41,2,18.1,,,,,,,,,,,,,,,,,,,73873,38.2,2.2,12.7,43,121502,33.4,1.9,17.2,302
4/1/2003,Trafford,E08000009,123533,34.2,,1.7,18,,371,248210,33.8,1.2,15,134529,33.3,2,18.9,98477,31.8,1.4,17.9,86448,41.8,2,18.9,,,,,,,,,,,,,,,,,,,75517,39.1,2.2,14.1,43,123580,34,1.7,18.3,328
5/1/2003,Trafford,E08000009,128145,35.5,,3.7,20.5,,402,256941,35,3.5,17.5,139554,34.5,3.7,21.2,102376,33.1,4,20.7,89468,43.3,3.5,21,,,,,,,,,,,,,,,,,,,78124,40.4,3.5,17.3,34,128216,35.3,3.8,20.7,368
6/1/2003,Trafford,E08000009,128297,35.5,,0.1,18.4,,363,256151,34.9,-0.3,15.7,139583,34.5,0,19.1,102798,33.2,0.4,18.7,89830,43.4,0.4,18.8,,,,,,,,,,,,,,,,,,,78366,40.6,0.3,15.7,62,128354,35.3,0.1,18.6,301
7/1/2003,Trafford,E08000009,132527,36.7,,3.3,19,,449,264381,36,3.2,15.8,144119,35.6,3.2,19.6,106526,34.4,3.6,19.6,92371,44.7,2.8,19.6,,,,,,,,,,,,,,,,,,,80777,41.8,3.1,17.4,47,132603,36.5,3.3,19.1,402
8/1/2003,Trafford,E08000009,134036,37.1,,1.1,17.7,,507,266990,36.3,1,14.3,145697,36,1.1,18.2,107909,34.9,1.3,18.3,93427,45.2,1.1,18.3,,,,,,,,,,,,,,,,,,,81538,42.2,0.9,16.2,64,134129,36.9,1.2,17.8,443
9/1/2003,Trafford,E08000009,137733,38.1,,2.8,18.5,,461,274093,37.3,2.7,14.9,149850,37.1,2.9,19,111125,35.9,3,19.6,95283,46.1,2,19,,,,,,,,,,,,,,,,,,,82919,42.9,1.7,17.2,66,137917,37.9,2.8,18.6,395
10/1/2003,Trafford,E08000009,139716,38.7,,1.4,19.9,,494,277020,37.7,1.1,16.3,151917,37.6,1.4,20.1,113019,36.5,1.7,21.5,96776,46.8,1.6,20.2,,,,,,,,,,,,,,,,,,,83873,43.4,1.2,18,77,139928,38.5,1.5,20,417
11/1/2003,Trafford,E08000009,141893,39.3,,1.6,21.1,,461,280687,38.2,1.3,17,154332,38.2,1.6,21.3,114913,37.1,1.7,23,98198,47.5,1.5,21.2,,,,,,,,,,,,,,,,,,,85177,44.1,1.6,19.5,52,142108,39.1,1.6,21.2,409
12/1/2003,Trafford,E08000009,143893,39.8,,1.4,22.1,,524,282171,38.4,0.5,17.5,156463,38.7,1.4,22.2,116849,37.7,1.7,24.4,100239,48.5,2.1,22.2,,,,,,,,,,,,,,,,,,,86778,44.9,1.9,20.6,124,144069,39.6,1.4,22.1,400
1/1/2004,Trafford,E08000009,146324,40.5,,1.7,22.8,,366,287422,39.1,1.9,18.7,159066,39.3,1.7,23.2,118795,38.4,1.7,24.6,101864,49.3,1.6,22.8,,,,,,,,,,,,,,,,,,,88587,45.8,2.1,22.6,44,146468,40.3,1.7,22.8,322
2/1/2004,Trafford,E08000009,147374,40.8,,0.7,23.7,,383,289128,39.4,0.6,20.3,159924,39.5,0.5,23.6,119821,38.7,0.9,25.7,102804,49.7,0.9,23.7,,,,,,,,,,,,,,,,,,,89995,46.6,1.6,24.5,37,147367,40.5,0.6,23.6,346
3/1/2004,Trafford,E08000009,150412,41.6,,2.1,23.9,,464,295908,40.3,2.3,20.6,162942,40.3,1.9,23.6,122402,39.5,2.2,26.1,104520,50.5,1.7,23.4,,,,,,,,,,,,,,,,,,,92125,47.7,2.4,24.7,70,150336,41.3,2,23.7,394
4/1/2004,Trafford,E08000009,151814,42,,0.9,22.9,,549,296229,40.3,0.1,19.3,164482,40.7,0.9,22.3,124279,40.1,1.5,26.2,105160,50.8,0.6,21.6,,,,,,,,,,,,,,,,,,,92339,47.8,0.2,22.3,67,151914,41.8,1,22.9,482
5/1/2004,Trafford,E08000009,155681,43.1,,2.5,21.5,,385,300052,40.8,1.3,16.8,168649,41.7,2.5,20.8,128124,41.4,3.1,25.2,107928,52.2,2.6,20.6,,,,,,,,,,,,,,,,,,,94258,48.8,2.1,20.7,36,155899,42.9,2.6,21.6,349
6/1/2004,Trafford,E08000009,159068,44,,2.2,24,,537,304065,41.4,1.3,18.7,172241,42.6,2.1,23.4,131193,42.4,2.4,27.6,110624,53.5,2.5,23.1,,,,,,,,,,,,,,,,,,,96487,49.9,2.4,23.1,78,159243,43.8,2.1,24.1,459
7/1/2004,Trafford,E08000009,161538,44.7,,1.6,21.9,,618,308324,42,1.4,16.6,175222,43.3,1.7,21.6,133300,43.1,1.6,25.1,112005,54.2,1.2,21.3,,,,,,,,,,,,,,,,,,,97474,50.4,1,20.7,83,161859,44.5,1.6,22.1,535
8/1/2004,Trafford,E08000009,165421,45.8,,2.4,23.4,,492,318304,43.3,3.2,19.2,179515,44.4,2.5,23.2,136452,44.1,2.4,26.5,114064,55.1,1.8,22.1,,,,,,,,,,,,,,,,,,,99090,51.3,1.7,21.5,38,165949,45.6,2.5,23.7,454
9/1/2004,Trafford,E08000009,167882,46.5,,1.5,21.9,,392,324425,44.2,1.9,18.4,182467,45.1,1.6,21.8,138445,44.7,1.5,24.6,115137,55.7,0.9,20.8,,,,,,,,,,,,,,,,,,,99756,51.6,0.7,20.3,70,168637,46.4,1.6,22.3,322
10/1/2004,Trafford,E08000009,170638,47.2,,1.6,22.1,,349,329736,44.9,1.6,19,184890,45.7,1.3,21.7,140582,45.4,1.5,24.4,117871,57,2.4,21.8,,,,,,,,,,,,,,,,,,,102360,53,2.6,22,37,171137,47.1,1.5,22.3,312
11/1/2004,Trafford,E08000009,171184,47.4,,0.3,20.6,,343,329609,44.9,0,17.4,185321,45.8,0.2,20.1,140871,45.5,0.2,22.6,118903,57.5,0.9,21.1,,,,,,,,,,,,,,,,,,,103386,53.5,1,21.4,55,171493,47.2,0.2,20.7,288
12/1/2004,Trafford,E08000009,172209,47.7,,0.6,19.7,,325,329962,44.9,0.1,16.9,185918,46,0.3,18.8,141898,45.8,0.7,21.4,120406,58.2,1.3,20.1,,,,,,,,,,,,,,,,,,,104992,54.3,1.6,21,80,172253,47.4,0.4,19.6,245
1/1/2005,Trafford,E08000009,173975,48.2,,1,18.9,,237,333984,45.5,1.2,16.2,187347,46.3,0.8,17.8,143553,46.4,1.2,20.8,121842,58.9,1.2,19.6,,,,,,,,,,,,,,,,,,,107013,55.4,1.9,20.8,27,173765,47.8,0.9,18.6,210
2/1/2005,Trafford,E08000009,172413,47.7,,-0.9,17,,225,331932,45.2,-0.6,14.8,185508,45.9,-1,16,142183,45.9,-1,18.7,120784,58.4,-0.9,17.5,,,,,,,,,,,,,,,,,,,107083,55.4,0.1,19,36,171924,47.3,-1.1,16.7,189
3/1/2005,Trafford,E08000009,170958,47.3,,-0.8,13.7,,287,329443,44.9,-0.7,11.3,183966,45.5,-0.8,12.9,141053,45.6,-0.8,15.2,119549,57.8,-1,14.4,,,,,,,,,,,,,,,,,,,106700,55.2,-0.4,15.8,56,170326,46.8,-0.9,13.3,231
4/1/2005,Trafford,E08000009,170570,47.2,,-0.2,12.4,,322,326525,44.5,-0.9,10.2,183765,45.4,-0.1,11.7,141005,45.6,0,13.5,119232,57.6,-0.3,13.4,,,,,,,,,,,,,,,,,,,106926,55.3,0.2,15.8,42,169805,46.7,-0.3,11.8,280
5/1/2005,Trafford,E08000009,174462,48.3,,2.3,12.1,,318,331744,45.2,1.6,10.6,187815,46.4,2.2,11.4,144785,46.8,2.7,13,122039,59,2.4,13.1,,,,,,,,,,,,,,,,,,,109335,56.6,2.3,16,67,173688,47.8,2.3,11.4,251
6/1/2005,Trafford,E08000009,176294,48.8,,1.1,10.8,,386,334065,45.5,0.7,9.9,189760,46.9,1,10.2,146781,47.4,1.4,11.9,123160,59.5,0.9,11.3,,,,,,,,,,,,,,,,,,,110275,57.1,0.9,14.3,97,175571,48.3,1.1,10.3,289
7/1/2005,Trafford,E08000009,178635,49.5,,1.3,10.6,,363,338814,46.1,1.4,9.9,192600,47.6,1.5,9.9,148714,48,1.3,11.6,124422,60.2,1,11.1,,,,,,,,,,,,,,,,,,,111053,57.5,0.7,13.9,36,178101,49,1.4,10,327
8/1/2005,Trafford,E08000009,179593,49.7,,0.5,8.6,,419,341619,46.5,0.8,7.3,193559,47.9,0.5,7.8,149769,48.4,0.7,9.8,124746,60.3,0.3,9.4,,,,,,,,,,,,,,,,,,,111348,57.6,0.3,12.4,52,179142,49.3,0.6,7.9,367
9/1/2005,Trafford,E08000009,177462,49.1,,-1.2,5.7,,382,339186,46.2,-0.7,4.5,191232,47.3,-1.2,4.8,147967,47.8,-1.2,6.9,123005,59.5,-1.4,6.8,,,,,,,,,,,,,,,,,,,109829,56.8,-1.4,10.1,34,177073,48.7,-1.2,5,348
10/1/2005,Trafford,E08000009,175794,48.7,,-0.9,3,,328,335597,45.7,-1.1,1.8,188865,46.7,-1.2,2.2,146711,47.4,-0.8,4.4,122401,59.2,-0.5,3.8,,,,,,,,,,,,,,,,,,,109401,56.6,-0.4,6.9,35,175236,48.2,-1,2.4,293
11/1/2005,Trafford,E08000009,173644,48.1,,-1.2,1.4,,370,330115,44.9,-1.6,0.2,186621,46.1,-1.2,0.7,144808,46.8,-1.3,2.8,121200,58.6,-1,1.9,,,,,,,,,,,,,,,,,,,108510,56.2,-0.8,5,43,172964,47.6,-1.3,0.9,327
12/1/2005,Trafford,E08000009,178548,49.4,,2.8,3.7,,458,336718,45.8,2,2,191474,47.3,2.6,3,148992,48.1,2.9,5,125515,60.7,3.6,4.2,,,,,,,,,,,,,,,,,,,112462,58.2,3.6,7.1,113,177596,48.8,2.7,3.1,345
1/1/2006,Trafford,E08000009,177125,49,,-0.8,1.8,,277,334892,45.6,-0.5,0.3,189949,47,-0.8,1.4,148062,47.8,-0.6,3.1,124123,60,-1.1,1.9,,,,,,,,,,,,,,,,,,,111334,57.6,-1,4,19,176247,48.5,-0.8,1.4,258
2/1/2006,Trafford,E08000009,177459,49.1,,0.2,2.9,,284,335580,45.7,0.2,1.1,190018,47,0,2.4,148546,48,0.3,4.5,124702,60.3,0.5,3.2,,,,,,,,,,,,,,,,,,,112164,58.1,0.7,4.7,22,176535,48.5,0.2,2.7,262
3/1/2006,Trafford,E08000009,175385,48.6,,-1.2,2.6,,421,333325,45.4,-0.7,1.2,188211,46.5,-1,2.3,146849,47.4,-1.1,4.1,122507,59.2,-1.8,2.5,,,,,,,,,,,,,,,,,,,110466,57.2,-1.5,3.5,81,174633,48,-1.1,2.5,340
4/1/2006,Trafford,E08000009,176222,48.8,,0.5,3.3,,371,333589,45.4,0.1,2.2,189280,46.8,0.6,3,147721,47.7,0.6,4.8,122979,59.5,0.4,3.1,,,,,,,,,,,,,,,,,,,111091,57.5,0.6,3.9,42,175453,48.2,0.5,3.3,329
5/1/2006,Trafford,E08000009,177331,49.1,,0.6,1.6,,418,336383,45.8,0.8,1.4,190654,47.1,0.7,1.5,148594,48,0.6,2.6,123316,59.6,0.3,1,,,,,,,,,,,,,,,,,,,111072,57.5,0,1.6,38,176655,48.6,0.7,1.7,380
6/1/2006,Trafford,E08000009,180685,50,,1.9,2.5,,512,342900,46.7,1.9,2.6,194210,48,1.9,2.3,151528,49,2,3.2,125520,60.7,1.8,1.9,,,,,,,,,,,,,,,,,,,112660,58.3,1.4,2.2,41,180067,49.5,1.9,2.6,471
7/1/2006,Trafford,E08000009,184261,51,,2,3.1,,424,350596,47.7,2.2,3.5,198037,49,2,2.8,154717,50,2.1,4,127513,61.7,1.6,2.5,,,,,,,,,,,,,,,,,,,114041,59,1.2,2.7,15,183749,50.5,2,3.2,409
8/1/2006,Trafford,E08000009,186037,51.5,,1,3.6,,477,354181,48.2,1,3.7,200021,49.5,1,3.3,156621,50.6,1.2,4.6,128014,61.9,0.4,2.6,,,,,,,,,,,,,,,,,,,113858,58.9,-0.2,2.3,32,185700,51.1,1.1,3.7,445
9/1/2006,Trafford,E08000009,186401,51.6,,0.2,5,,487,356175,48.5,0.6,5,200543,49.6,0.3,4.9,156940,50.7,0.2,6.1,127648,61.7,-0.3,3.8,,,,,,,,,,,,,,,,,,,113391,58.7,-0.4,3.2,18,186159,51.2,0.2,5.1,469
10/1/2006,Trafford,E08000009,186125,51.5,,-0.1,5.9,,447,355825,48.4,-0.1,6,200166,49.5,-0.2,6,156545,50.6,-0.3,6.7,127751,61.8,0.1,4.4,,,,,,,,,,,,,,,,,,,113215,58.6,-0.2,3.5,27,185885,51.1,-0.1,6.1,420
11/1/2006,Trafford,E08000009,186322,51.6,,0.1,7.3,,454,356310,48.5,0.1,7.9,200499,49.6,0.2,7.4,156544,50.6,0,8.1,127874,61.8,0.1,5.5,,,,,,,,,,,,,,,,,,,113308,58.6,0.1,4.4,16,186086,51.2,0.1,7.6,438
12/1/2006,Trafford,E08000009,188045,52.1,,0.9,5.3,,448,358521,48.8,0.6,6.5,202041,50,0.8,5.5,158281,51.1,1.1,6.2,129510,62.6,1.3,3.2,,,,,,,,,,,,,,,,,,,114571,59.3,1.1,1.9,50,187776,51.6,0.9,5.7,398
1/1/2007,Trafford,E08000009,188893,52.3,,0.5,6.6,,378,360422,49.1,0.5,7.6,202968,50.2,0.5,6.9,159087,51.4,0.5,7.4,129862,62.8,0.3,4.6,,,,,,,,,,,,,,,,,,,115110,59.6,0.5,3.4,24,188620,51.9,0.4,7,354
2/1/2007,Trafford,E08000009,190444,52.7,,0.8,7.3,,341,364006,49.6,1,8.5,204359,50.5,0.7,7.5,160194,51.8,0.7,7.8,131421,63.5,1.2,5.4,,,,,,,,,,,,,,,,,,,116626,60.4,1.3,4,10,190095,52.3,0.8,7.7,331
3/1/2007,Trafford,E08000009,190053,52.6,,-0.2,8.4,,420,364322,49.6,0.1,9.3,204145,50.5,-0.1,8.5,159774,51.6,-0.3,8.8,130630,63.2,-0.6,6.6,,,,,,,,,,,,,,,,,,,115806,59.9,-0.7,4.8,24,189765,52.2,-0.2,8.7,396
4/1/2007,Trafford,E08000009,192716,53.4,,1.4,9.4,,377,369158,50.3,1.3,10.7,206784,51.1,1.3,9.2,162478,52.5,1.7,10,132348,64,1.3,7.6,,,,,,,,,,,,,,,,,,,116742,60.4,0.8,5.1,11,192493,52.9,1.4,9.7,366
5/1/2007,Trafford,E08000009,192199,53.2,,-0.3,8.4,,442,367041,50,-0.6,9.1,206109,51,-0.3,8.1,162564,52.5,0.1,9.4,131882,63.8,-0.4,6.9,,,,,,,,,,,,,,,,,,,116409,60.2,-0.3,4.8,11,191978,52.8,-0.3,8.7,431
6/1/2007,Trafford,E08000009,193686,53.6,,0.8,7.2,,475,369667,50.3,0.7,7.8,207472,51.3,0.7,6.8,164054,53,0.9,8.3,133065,64.3,0.9,6,,,,,,,,,,,,,,,,,,,117376,60.7,0.8,4.2,39,193458,53.2,0.8,7.4,436
7/1/2007,Trafford,E08000009,194364,53.8,,0.3,5.5,,446,372445,50.7,0.8,6.2,208288,51.5,0.4,5.2,164348,53.1,0.2,6.2,133301,64.4,0.2,4.5,,,,,,,,,,,,,,,,,,,118155,61.2,0.7,3.6,14,194097,53.4,0.3,5.6,432
8/1/2007,Trafford,E08000009,198251,54.9,,2,6.6,,504,381473,51.9,2.4,7.7,212714,52.6,2.1,6.3,167825,54.2,2.1,7.2,134896,65.2,1.2,5.4,,,,,,,,,,,,,,,,,,,118996,61.6,0.7,4.5,42,198132,54.5,2.1,6.7,462
9/1/2007,Trafford,E08000009,197700,54.7,,-0.3,6.1,,431,382321,52,0.2,7.3,212131,52.5,-0.3,5.8,167119,54,-0.4,6.5,134261,64.9,-0.5,5.2,,,,,,,,,,,,,,,,,,,118252,61.2,-0.6,4.3,34,197622,54.3,-0.3,6.2,397
10/1/2007,Trafford,E08000009,199317,55.2,,0.8,7.1,,382,386326,52.6,1,8.6,213578,52.8,0.7,6.7,168410,54.4,0.8,7.6,135673,65.6,1.1,6.2,,,,,,,,,,,,,,,,,,,118953,61.6,0.6,5.1,11,199266,54.8,0.8,7.2,371
11/1/2007,Trafford,E08000009,197493,54.7,,-0.9,6,,374,384055,52.3,-0.6,7.8,211380,52.3,-1,5.4,166432,53.8,-1.2,6.3,134979,65.3,-0.5,5.6,,,,,,,,,,,,,,,,,,,118339,61.2,-0.5,4.4,13,197394,54.3,-0.9,6.1,361
12/1/2007,Trafford,E08000009,199281,55.2,,0.9,6,,296,385502,52.5,0.4,7.5,213334,52.7,0.9,5.6,168143,54.3,1,6.2,136457,66,1.1,5.4,,,,,,,,,,,,,,,,,,,119992,62.1,1.4,4.7,31,199123,54.8,0.9,6,265
1/1/2008,Trafford,E08000009,202698,56.1,,1.7,7.3,,208,393386,53.6,2,9.1,217073,53.7,1.8,6.9,170628,55.1,1.5,7.3,138788,67.1,1.7,6.9,,,,,,,,,,,,,,,,,,,122398,63.3,2,6.3,13,202502,55.7,1.7,7.4,195
2/1/2008,Trafford,E08000009,200350,55.5,,-1.2,5.2,,215,388872,52.9,-1.1,6.8,214775,53.1,-1.1,5.1,168517,54.4,-1.2,5.2,137032,66.3,-1.3,4.3,,,,,,,,,,,,,,,,,,,122335,63.3,-0.1,4.9,10,200011,55,-1.2,5.2,205
3/1/2008,Trafford,E08000009,199455,55.2,,-0.4,4.9,,215,389149,53,0.1,6.8,214125,52.9,-0.3,4.9,167586,54.1,-0.6,4.9,135620,65.6,-1,3.8,,,,,,,,,,,,,,,,,,,121994,63.1,-0.3,5.3,15,199094,54.7,-0.5,4.9,200
4/1/2008,Trafford,E08000009,194647,53.9,,-2.4,1,,208,380197,51.8,-2.3,3,209100,51.7,-2.3,1.1,163880,52.9,-2.2,0.9,131591,63.6,-3,-0.6,,,,,,,,,,,,,,,,,,,119488,61.8,-2.1,2.4,16,194246,53.4,-2.4,0.9,192
5/1/2008,Trafford,E08000009,198334,54.9,,1.9,3.2,,248,387687,52.8,2,5.6,212985,52.7,1.9,3.3,167177,54,2,2.8,133867,64.7,1.7,1.5,,,,,,,,,,,,,,,,,,,121178,62.7,1.4,4.1,13,197990,54.4,1.9,3.1,235
6/1/2008,Trafford,E08000009,198420,54.9,,0,2.4,,223,388009,52.8,0.1,5,212934,52.6,0,2.6,167240,54,0,1.9,134113,64.8,0.2,0.8,,,,,,,,,,,,,,,,,,,121030,62.6,-0.1,3.1,26,198099,54.5,0.1,2.4,197
7/1/2008,Trafford,E08000009,196144,54.3,,-1.1,0.9,,196,384002,52.3,-1,3.1,210799,52.1,-1,1.2,164877,53.3,-1.4,0.3,132507,64.1,-1.2,-0.6,,,,,,,,,,,,,,,,,,,118844,61.5,-1.8,0.6,16,195917,53.9,-1.1,0.9,180
8/1/2008,Trafford,E08000009,191208,52.9,,-2.5,-3.6,,166,375145,51.1,-2.3,-1.7,205459,50.8,-2.5,-3.4,160585,51.9,-2.6,-4.3,129150,62.4,-2.5,-4.3,,,,,,,,,,,,,,,,,,,114824,59.4,-3.4,-3.5,7,191105,52.5,-2.5,-3.5,159
9/1/2008,Trafford,E08000009,185520,51.4,,-3,-6.2,,129,366263,49.9,-2.4,-4.2,199167,49.2,-3.1,-6.1,155543,50.2,-3.1,-6.9,125208,60.5,-3.1,-6.7,,,,,,,,,,,,,,,,,,,111046,57.5,-3.3,-6.1,6,185462,51,-3,-6.2,123
10/1/2008,Trafford,E08000009,181752,50.3,,-2,-8.8,,138,358768,48.8,-2,-7.1,194776,48.2,-2.2,-8.8,152677,49.3,-1.8,-9.3,122857,59.4,-1.9,-9.4,,,,,,,,,,,,,,,,,,,108805,56.3,-2,-8.5,6,181694,50,-2,-8.8,132
11/1/2008,Trafford,E08000009,176362,48.8,,-3,-10.7,,138,349470,47.6,-2.6,-9,188993,46.7,-3,-10.6,147950,47.8,-3.1,-11.1,119051,57.6,-3.1,-11.8,,,,,,,,,,,,,,,,,,,106218,55,-2.4,-10.2,8,176231,48.5,-3,-10.7,130
12/1/2008,Trafford,E08000009,172495,47.8,,-2.2,-13.4,,115,340094,46.3,-2.7,-11.8,185034,45.8,-2.1,-13.3,145039,46.9,-2,-13.7,116277,56.2,-2.3,-14.8,,,,,,,,,,,,,,,,,,,103333,53.5,-2.7,-13.9,13,172432,47.4,-2.2,-13.4,102
1/1/2009,Trafford,E08000009,166772,46.2,,-3.3,-17.7,,104,329759,44.9,-3,-16.2,178749,44.2,-3.4,-17.7,140011,45.2,-3.5,-17.9,112620,54.5,-3.1,-18.9,,,,,,,,,,,,,,,,,,,100264,51.9,-3,-18.1,9,166669,45.8,-3.3,-17.7,95
2/1/2009,Trafford,E08000009,167238,46.3,,0.3,-16.5,,115,328700,44.7,-0.3,-15.5,179272,44.3,0.3,-16.5,140416,45.4,0.3,-16.7,113431,54.8,0.7,-17.2,,,,,,,,,,,,,,,,,,,100949,52.2,0.7,-17.5,7,167095,45.9,0.3,-16.5,108
3/1/2009,Trafford,E08000009,164023,45.4,,-1.9,-17.8,,106,322100,43.9,-2,-17.2,175665,43.4,-2,-18,137431,44.4,-2.1,-18,111951,54.1,-1.3,-17.5,,,,,,,,,,,,,,,,,,,100232,51.9,-0.7,-17.8,5,163753,45,-2,-17.8,101
4/1/2009,Trafford,E08000009,163713,45.3,,-0.2,-15.9,,129,319097,43.4,-0.9,-16.1,175616,43.4,0,-16,137491,44.4,0,-16.1,111540,53.9,-0.4,-15.2,,,,,,,,,,,,,,,,,,,99945,51.7,-0.3,-16.4,10,163452,44.9,-0.2,-15.9,119
5/1/2009,Trafford,E08000009,164535,45.6,,0.5,-17,,182,320075,43.6,0.3,-17.4,176505,43.6,0.5,-17.1,138774,44.8,0.9,-17,111496,53.9,0,-16.7,,,,,,,,,,,,,,,,,,,99522,51.5,-0.4,-17.9,5,164347,45.2,0.5,-17,177
6/1/2009,Trafford,E08000009,172483,47.8,,4.8,-13.1,,186,335108,45.6,4.7,-13.6,185198,45.8,4.9,-13,145923,47.1,5.2,-12.7,116054,56.1,4.1,-13.5,,,,,,,,,,,,,,,,,,,103043,53.3,3.5,-14.9,8,172389,47.4,4.9,-13,178
7/1/2009,Trafford,E08000009,178343,49.4,,3.4,-9.1,,266,346696,47.2,3.5,-9.7,191741,47.4,3.5,-9,151044,48.8,3.5,-8.4,119154,57.6,2.7,-10.1,,,,,,,,,,,,,,,,,,,105397,54.5,2.3,-11.3,12,178340,49,3.5,-9,254
8/1/2009,Trafford,E08000009,180169,49.9,,1,-5.8,,204,352058,47.9,1.5,-6.2,193936,48,1.1,-5.6,152272,49.2,0.8,-5.2,119651,57.8,0.4,-7.4,,,,,,,,,,,,,,,,,,,105426,54.6,0,-8.2,5,180253,49.6,1.1,-5.7,199
9/1/2009,Trafford,E08000009,177843,49.2,,-1.3,-4.1,,219,348555,47.5,-1,-4.8,191556,47.4,-1.2,-3.8,150215,48.5,-1.4,-3.4,117583,56.8,-1.7,-6.1,,,,,,,,,,,,,,,,,,,103625,53.6,-1.7,-6.7,4,177962,48.9,-1.3,-4,215
10/1/2009,Trafford,E08000009,179177,49.6,,0.8,-1.4,,269,352477,48,1.1,-1.8,193047,47.7,0.8,-0.9,151211,48.8,0.7,-1,118060,57.1,0.4,-3.9,,,,,,,,,,,,,,,,,,,103823,53.7,0.2,-4.6,15,179346,49.3,0.8,-1.3,254
11/1/2009,Trafford,E08000009,180069,49.9,,0.5,2.1,,326,353742,48.2,0.4,1.2,193878,47.9,0.4,2.6,152453,49.3,0.8,3,118450,57.3,0.3,-0.5,,,,,,,,,,,,,,,,,,,104314,54,0.5,-1.8,28,180241,49.6,0.5,2.3,298
12/1/2009,Trafford,E08000009,181484,50.2,,0.8,5.2,,352,355057,48.3,0.4,4.4,195500,48.3,0.8,5.7,154141,49.8,1.1,6.3,119041,57.6,0.5,2.4,,,,,,,,,,,,,,,,,,,104878,54.3,0.5,1.5,18,181679,50,0.8,5.4,334
1/1/2010,Trafford,E08000009,183607,50.8,,1.2,10.1,,126,359189,48.9,1.2,8.9,198224,49,1.4,10.9,155861,50.4,1.1,11.3,119633,57.8,0.5,6.2,,,,,,,,,,,,,,,,,,,104033,53.8,-0.8,3.8,5,183984,50.6,1.3,10.4,121
2/1/2010,Trafford,E08000009,184502,51.1,,0.5,10.3,,190,361645,49.2,0.7,10,199641,49.4,0.7,11.4,156220,50.5,0.2,11.3,119492,57.8,-0.1,5.3,,,,,,,,,,,,,,,,,,,103942,53.8,-0.1,3,30,184846,50.8,0.5,10.6,160
3/1/2010,Trafford,E08000009,185996,51.5,,0.8,13.4,,251,367630,50,1.7,14.1,201059,49.7,0.7,14.5,156542,50.6,0.2,13.9,120664,58.3,1,7.8,,,,,,,,,,,,,,,,,,,104727,54.2,0.8,4.5,59,186218,51.2,0.7,13.7,192
4/1/2010,Trafford,E08000009,187850,52,,1,14.7,,245,371077,50.5,0.9,16.3,202815,50.1,0.9,15.5,158133,51.1,1,15,122302,59.1,1.4,9.6,,,,,,,,,,,,,,,,,,,106936,55.3,2.1,7,51,187900,51.7,0.9,15,194
5/1/2010,Trafford,E08000009,192099,53.2,,2.3,16.8,,245,379189,51.6,2.2,18.5,207116,51.2,2.1,17.3,161784,52.3,2.3,16.6,125542,60.7,2.6,12.6,,,,,,,,,,,,,,,,,,,109223,56.5,2.1,9.7,26,192169,52.8,2.3,16.9,219
6/1/2010,Trafford,E08000009,192027,53.2,,0,11.3,,243,378589,51.5,-0.2,13,207243,51.2,0.1,11.9,162366,52.5,0.4,11.3,124639,60.3,-0.7,7.4,,,,,,,,,,,,,,,,,,,107844,55.8,-1.3,4.7,11,192292,52.9,0.1,11.5,232
7/1/2010,Trafford,E08000009,189452,52.5,,-1.3,6.2,,281,375948,51.2,-0.7,8.4,204292,50.5,-1.4,6.5,160319,51.8,-1.3,6.1,122309,59.1,-1.9,2.6,,,,,,,,,,,,,,,,,,,105511,54.6,-2.2,0.1,11,189847,52.2,-1.3,6.5,270
8/1/2010,Trafford,E08000009,186928,51.8,,-1.3,3.8,,284,371532,50.6,-1.2,5.5,202118,50,-1.1,4.2,157999,51,-1.4,3.8,119800,57.9,-2.1,0.1,,,,,,,,,,,,,,,,,,,103453,53.5,-2,-1.9,14,187413,51.5,-1.3,4,270
9/1/2010,Trafford,E08000009,186884,51.7,,0,5.1,,235,373436,50.8,0.5,7.1,202108,50,0,5.5,157452,50.9,-0.3,4.8,119590,57.8,-0.2,1.7,,,,,,,,,,,,,,,,,,,103945,53.8,0.5,0.3,15,187293,51.5,-0.1,5.2,220
10/1/2010,Trafford,E08000009,187622,51.9,,0.4,4.7,,214,373931,50.9,0.1,6.1,203150,50.2,0.5,5.2,157817,51,0.2,4.4,120263,58.1,0.6,1.9,,,,,,,,,,,,,,,,,,,105546,54.6,1.5,1.7,3,187856,51.7,0.3,4.7,211
11/1/2010,Trafford,E08000009,187944,52,,0.2,4.4,,214,375578,51.1,0.4,6.2,203249,50.3,0,4.8,157831,51,0,3.5,120799,58.4,0.4,2,,,,,,,,,,,,,,,,,,,106392,55.1,0.8,2,5,188080,51.7,0.1,4.3,209
12/1/2010,Trafford,E08000009,188317,52.1,,0.2,3.8,,235,375550,51.1,0,5.8,203770,50.4,0.3,4.2,157987,51,0.1,2.5,121270,58.6,0.4,1.9,,,,,,,,,,,,,,,,,,,107378,55.6,0.9,2.4,4,188342,51.8,0.1,3.7,231
1/1/2011,Trafford,E08000009,188616,52.2,,0.2,2.7,,151,379269,51.6,1,5.6,203747,50.4,0,2.8,157824,51,-0.1,1.3,121436,58.7,0.1,1.5,,,,,,,,,,,,,,,,,,,107765,55.8,0.4,3.6,8,188609,51.9,0.1,2.5,143
2/1/2011,Trafford,E08000009,185253,51.3,,-1.8,0.4,,176,375910,51.2,-0.9,3.9,199580,49.3,-2,0,154806,50,-1.9,-0.9,119291,57.7,-1.8,-0.2,,,,,,,,,,,,,,,,,,,105869,54.8,-1.8,1.9,16,185227,50.9,-1.8,0.2,160
3/1/2011,Trafford,E08000009,185007,51.2,,-0.1,-0.5,,187,379366,51.6,0.9,3.2,198970,49.2,-0.3,-1,154217,49.8,-0.4,-1.5,118864,57.5,-0.4,-1.5,,,,,,,,,,,,,,,,,,,105747,54.7,-0.1,1,7,185004,50.9,-0.1,-0.7,180
4/1/2011,Trafford,E08000009,180124,49.9,,-2.6,-4.1,,212,368467,50.2,-2.9,-0.7,193708,47.9,-2.6,-4.5,150342,48.6,-2.5,-4.9,115795,56,-2.6,-5.3,,,,,,,,,,,,,,,,,,,103097,53.4,-2.5,-3.6,4,180108,49.5,-2.6,-4.1,208
5/1/2011,Trafford,E08000009,183436,50.8,,1.8,-4.5,,196,370367,50.4,0.5,-2.3,197593,48.9,2,-4.6,153542,49.6,2.1,-5.1,118545,57.3,2.4,-5.6,,,,,,,,,,,,,,,,,,,105835,54.8,2.7,-3.1,6,183344,50.4,1.8,-4.6,190
6/1/2011,Trafford,E08000009,182768,50.6,,-0.4,-4.8,,237,363522,49.5,-1.8,-4,197292,48.8,-0.2,-4.8,153614,49.6,0,-5.4,118465,57.3,-0.1,-5,,,,,,,,,,,,,,,,,,,104754,54.2,-1,-2.9,12,182739,50.2,-0.3,-5,225
7/1/2011,Trafford,E08000009,184518,51.1,,1,-2.6,,236,365348,49.7,0.5,-2.8,199277,49.3,1,-2.5,155162,50.1,1,-3.2,119954,58,1.3,-1.9,,,,,,,,,,,,,,,,,,,105729,54.7,0.9,0.2,16,184491,50.7,1,-2.8,220
8/1/2011,Trafford,E08000009,183631,50.8,,-0.5,-1.8,,257,365251,49.7,0,-1.7,198644,49.1,-0.3,-1.7,154210,49.8,-0.6,-2.4,118321,57.2,-1.4,-1.2,,,,,,,,,,,,,,,,,,,104185,53.9,-1.5,0.7,10,183698,50.5,-0.4,-2,247
9/1/2011,Trafford,E08000009,183168,50.7,,-0.3,-2,,251,367743,50.1,0.7,-1.5,197966,48.9,-0.3,-2,153647,49.6,-0.4,-2.4,117267,56.7,-0.9,-1.9,,,,,,,,,,,,,,,,,,,103540,53.6,-0.6,-0.4,10,183268,50.4,-0.2,-2.1,241
10/1/2011,Trafford,E08000009,183554,50.8,,0.2,-2.2,,223,369530,50.3,0.5,-1.2,198776,49.1,0.4,-2.2,153667,49.6,0,-2.6,116753,56.4,-0.4,-2.9,,,,,,,,,,,,,,,,,,,103556,53.6,0,-1.9,8,183674,50.5,0.2,-2.2,215
11/1/2011,Trafford,E08000009,183270,50.7,,-0.2,-2.5,,278,370278,50.4,0.2,-1.4,198135,49,-0.3,-2.5,153246,49.5,-0.3,-2.9,117027,56.6,0.2,-3.1,,,,,,,,,,,,,,,,,,,103933,53.8,0.4,-2.3,15,183340,50.4,-0.2,-2.5,263
12/1/2011,Trafford,E08000009,182799,50.6,,-0.3,-2.9,,269,366172,49.9,-1.1,-2.5,197903,48.9,-0.1,-2.9,153040,49.4,-0.1,-3.1,117139,56.6,0.1,-3.4,,,,,,,,,,,,,,,,,,,104272,54,0.3,-2.9,27,182815,50.3,-0.3,-2.9,242
1/1/2012,Trafford,E08000009,181303,50.2,,-0.8,-3.9,,164,361191,49.2,-1.4,-4.8,196313,48.5,-0.8,-3.6,152227,49.2,-0.5,-3.5,116233,56.2,-0.8,-4.3,168408,51.3,,,50,183390,48.8,,,114,144174,49.7,,,215937,49.2,,,103383,53.5,-0.9,-4.1,2,181321,49.9,-0.8,-3.9,162
2/1/2012,Trafford,E08000009,180900,50.1,,-0.2,-2.4,,196,359791,49,-0.4,-4.3,196005,48.5,-0.2,-1.8,152132,49.1,-0.1,-1.7,115553,55.9,-0.6,-3.1,171052,52.1,1.6,,56,186106,49.5,1.5,,140,146149,50.3,1.4,,219352,50,1.6,,102908,53.3,-0.5,-2.8,4,180940,49.8,-0.2,-2.3,192
3/1/2012,Trafford,E08000009,182467,50.5,,0.9,-1.4,,279,362659,49.4,0.8,-4.4,197504,48.8,0.8,-0.7,153739,49.7,1.1,-0.3,116634,56.4,0.9,-1.9,172264,52.5,0.7,,76,187336,49.8,0.7,,203,147450,50.8,0.9,,220560,50.2,0.6,,104031,53.8,1.1,-1.6,14,182484,50.2,0.9,-1.4,265
4/1/2012,Trafford,E08000009,185212,51.3,,1.5,2.8,,166,368333,50.1,1.6,0,200254,49.5,1.4,3.4,155990,50.4,1.5,3.8,118857,57.5,1.9,2.6,174995,53.3,1.6,,50,190100,50.6,1.5,,116,149624,51.5,1.5,,223917,51,1.5,,105688,54.7,1.6,2.5,10,185220,50.9,1.5,2.8,156
5/1/2012,Trafford,E08000009,185474,51.4,,0.1,1.1,,213,367066,50,-0.3,-0.9,200573,49.6,0.2,1.5,156461,50.5,0.3,1.9,119288,57.7,0.4,0.6,175270,53.4,0.2,,60,190357,50.6,0.1,,153,149978,51.7,0.2,,224110,51,0.1,,105973,54.8,0.3,0.1,29,185468,51,0.1,1.2,184
6/1/2012,Trafford,E08000009,186443,51.6,,0.5,2,,273,368381,50.2,0.4,1.3,201554,49.8,0.5,2.2,157664,50.9,0.8,2.6,119723,57.9,0.4,1.1,176096,53.6,0.5,,70,191388,50.9,0.5,,203,150643,51.9,0.4,,225384,51.3,0.6,,106005,54.9,0,1.2,34,186490,51.3,0.6,2.1,239
7/1/2012,Trafford,E08000009,186584,51.7,,0.1,1.1,,295,368630,50.2,0.1,0.9,201631,49.9,0,1.2,158085,51.1,0.3,1.9,119520,57.8,-0.2,-0.4,176131,53.6,0,,72,191571,50.9,0.1,,223,150702,51.9,0,,225601,51.4,0.1,,104985,54.3,-1,-0.7,10,186743,51.3,0.1,1.2,285
8/1/2012,Trafford,E08000009,188499,52.2,,1,2.7,,293,372190,50.7,1,1.9,203683,50.4,1,2.5,160197,51.8,1.3,3.9,120137,58.1,0.5,1.5,177795,54.2,0.9,,62,193594,51.5,1.1,,231,152255,52.4,1,,227910,51.9,1,,105339,54.5,0.3,1.1,11,188733,51.9,1.1,2.7,282
9/1/2012,Trafford,E08000009,189184,52.4,,0.4,3.3,,254,375252,51.1,0.8,2,204434,50.5,0.4,3.3,160456,51.8,0.2,4.4,120341,58.2,0.2,2.6,178377,54.3,0.3,,71,194323,51.7,0.4,,183,152699,52.6,0.3,,228832,52.1,0.4,,105493,54.6,0.1,1.9,13,189442,52.1,0.4,3.4,241
10/1/2012,Trafford,E08000009,189114,52.4,,0,3,,223,374865,51,-0.1,1.4,204404,50.5,0,2.8,160396,51.8,0,4.4,120300,58.2,0,3,178298,54.3,0,,62,194256,51.7,0,,161,152764,52.6,0,,228643,52.1,-0.1,,106823,55.3,1.3,3.2,14,189232,52,-0.1,3,209
11/1/2012,Trafford,E08000009,188846,52.3,,-0.1,3,,277,375021,51.1,0,1.3,204128,50.5,-0.1,3,159915,51.7,-0.3,4.4,120205,58.1,-0.1,2.7,178063,54.2,-0.1,,75,193974,51.6,-0.1,,202,152555,52.5,-0.1,,228313,52,-0.1,,107842,55.8,1,3.8,12,188847,51.9,-0.2,3,265
12/1/2012,Trafford,E08000009,185803,51.4,,-1.6,1.6,,216,368590,50.2,-1.7,0.7,200947,49.7,-1.6,1.5,157384,50.8,-1.6,2.8,118133,57.1,-1.7,0.8,175168,53.4,-1.6,,61,190859,50.8,-1.6,,155,150155,51.7,-1.6,,224584,51.1,-1.6,,107241,55.5,-0.6,2.8,12,185690,51.1,-1.7,1.6,204
1/1/2013,Trafford,E08000009,186326,51.6,,0.3,2.8,,204,370585,50.5,0.5,2.6,201827,49.9,0.4,2.8,157532,50.9,0.1,3.5,117873,57,-0.2,1.4,175513,53.5,0.2,4.2,53,191454,50.9,0.3,4.4,151,150407,51.8,0.2,4.3,225363,51.3,0.3,4.4,106414,55.1,-0.8,2.9,,186327,51.2,0.3,2.8,204
2/1/2013,Trafford,E08000009,186895,51.7,,0.3,3.3,,192,372344,50.7,0.5,3.5,202496,50.1,0.3,3.3,157824,51,0.2,3.7,118107,57.1,0.2,2.2,175992,53.6,0.3,2.9,50,192061,51.1,0.3,3.2,142,150801,51.9,0.3,3.2,226110,51.5,0.3,3.1,105760,54.7,-0.6,2.8,1,187007,51.4,0.4,3.4,191
3/1/2013,Trafford,E08000009,190506,52.7,,1.9,4.4,,209,380818,51.8,2.3,5,206383,51,1.9,4.5,160525,51.9,1.7,4.4,120375,58.2,1.9,3.2,179448,54.7,2,4.2,64,195751,52.1,1.9,4.5,145,153595,52.9,1.9,4.2,230584,52.5,2,4.5,107531,55.7,1.7,3.4,8,190698,52.4,2,4.5,201
4/1/2013,Trafford,E08000009,190758,52.8,,0.1,3,,206,381438,51.9,0.2,3.6,206260,51,-0.1,3,161195,52.1,0.4,3.3,120550,58.3,0.1,1.4,179675,54.7,0.1,2.7,59,196013,52.1,0.1,3.1,147,153899,53,0.2,2.9,230805,52.6,0.1,3.1,108650,56.2,1,2.8,12,190892,52.5,0.1,3.1,194
5/1/2013,Trafford,E08000009,189021,52.3,,-0.9,1.9,,305,377466,51.4,-1,2.8,204320,50.5,-0.9,1.9,159840,51.6,-0.8,2.2,119582,57.8,-0.8,0.2,178050,54.2,-0.9,1.6,76,194224,51.6,-0.9,2,229,152496,52.5,-0.9,1.7,228706,52.1,-0.9,2.1,108022,55.9,-0.6,1.9,20,189133,52,-0.9,2,285
6/1/2013,Trafford,E08000009,189040,52.3,,0,1.4,,265,375745,51.2,-0.5,2,204413,50.5,0,1.4,160333,51.8,0.3,1.7,119428,57.7,-0.1,-0.2,177946,54.2,-0.1,1.1,86,194291,51.7,0,1.5,179,152579,52.6,0.1,1.3,228673,52.1,0,1.5,107371,55.6,-0.6,1.3,11,189191,52,0,1.4,254
7/1/2013,Trafford,E08000009,189299,52.4,,0.1,1.5,,345,375562,51.1,0,1.9,204755,50.6,0.2,1.5,160580,51.9,0.2,1.6,119694,57.9,0.2,0.1,178214,54.3,0.2,1.2,89,194548,51.7,0.1,1.6,256,152748,52.6,0.1,1.4,229020,52.2,0.2,1.5,106694,55.2,-0.6,1.6,4,189499,52.1,0.2,1.5,341
8/1/2013,Trafford,E08000009,192321,53.2,,1.6,2,,361,381085,51.9,1.5,2.4,208241,51.5,1.7,2.2,163242,52.7,1.7,1.9,121252,58.6,1.3,0.9,180959,55.1,1.5,1.8,88,197693,52.6,1.6,2.1,273,155153,53.4,1.6,1.9,232703,53,1.6,2.1,107892,55.8,1.1,2.4,14,192554,52.9,1.6,2,347
9/1/2013,Trafford,E08000009,190897,52.9,,-0.7,0.9,,261,380097,51.7,-0.3,1.3,206687,51.1,-0.7,1.1,161670,52.2,-1,0.8,120226,58.1,-0.8,-0.1,179652,54.7,-0.7,0.7,57,196216,52.2,-0.7,1,204,153898,53,-0.8,0.8,231068,52.6,-0.7,1,107448,55.6,-0.4,1.9,12,191107,52.5,-0.8,0.9,249
10/1/2013,Trafford,E08000009,191545,53,,0.3,1.3,,361,381874,52,0.5,1.9,207666,51.3,0.5,1.6,161886,52.3,0.1,0.9,120439,58.2,0.2,0.1,180220,54.9,0.3,1.1,85,196899,52.4,0.3,1.4,276,154434,53.2,0.3,1.1,231841,52.8,0.3,1.4,108595,56.2,1.1,1.7,12,191710,52.7,0.3,1.3,349
11/1/2013,Trafford,E08000009,190606,52.8,,-0.5,0.9,,328,379973,51.7,-0.5,1.3,206701,51.1,-0.5,1.3,160997,52,-0.5,0.7,119896,58,-0.5,-0.3,179394,54.6,-0.5,0.7,100,195911,52.1,-0.5,1,228,153811,53,-0.4,0.8,230593,52.5,-0.5,1,108925,56.4,0.3,1,6,190719,52.4,-0.5,1,322
12/1/2013,Trafford,E08000009,192434,53.3,,1,3.6,,335,380835,51.8,0.2,3.3,208901,51.7,1.1,4,162780,52.6,1.1,3.4,121328,58.7,1.2,2.7,181169,55.2,1,3.4,89,197768,52.6,0.9,3.6,246,155585,53.6,1.2,3.6,232559,53,0.9,3.6,110685,57.3,1.6,3.2,14,192506,52.9,0.9,3.7,321
1/1/2014,Trafford,E08000009,193589,53.6,,0.6,3.9,,245,382870,52.1,0.5,3.3,210143,52,0.6,4.1,163727,52.9,0.6,3.9,122211,59.1,0.7,3.7,182332,55.5,0.6,3.9,75,198926,52.9,0.6,3.9,170,156650,54,0.7,4.2,233846,53.3,0.6,3.8,111415,57.7,0.7,4.7,1,193658,53.2,0.6,3.9,244
2/1/2014,Trafford,E08000009,195963,54.3,,1.2,4.9,,315,388174,52.8,1.4,4.3,212757,52.6,1.2,5.1,165705,53.5,1.2,5,123543,59.7,1.1,4.6,184484,56.2,1.2,4.8,79,201403,53.6,1.2,4.9,236,158690,54.7,1.3,5.2,236617,53.9,1.2,4.6,112942,58.5,1.4,6.8,14,196021,53.9,1.2,4.8,301
3/1/2014,Trafford,E08000009,197684,54.7,,0.9,3.8,,298,392385,53.4,1.1,3,214663,53.1,0.9,4,167044,54,0.8,4.1,124436,60.2,0.7,3.4,186061,56.7,0.9,3.7,86,203191,54,0.9,3.8,212,160127,55.2,0.9,4.3,238661,54.3,0.9,3.5,113816,58.9,0.8,5.8,5,197742,54.4,0.9,3.7,293
4/1/2014,Trafford,E08000009,202645,56.1,,2.5,6.2,,301,401954,54.7,2.4,5.4,219889,54.4,2.4,6.6,171673,55.5,2.8,6.5,127383,61.6,2.4,5.7,190630,58.1,2.5,6.1,89,208334,55.4,2.5,6.3,212,164219,56.6,2.6,6.7,244591,55.7,2.5,6,117073,60.6,2.9,7.8,5,202675,55.7,2.5,6.2,296
5/1/2014,Trafford,E08000009,203312,56.3,,0.3,7.6,,329,401604,54.7,-0.1,6.4,220502,54.5,0.3,7.9,172551,55.7,0.5,8,128085,61.9,0.6,7.1,191294,58.3,0.3,7.4,82,209003,55.6,0.3,7.6,247,164855,56.8,0.4,8.1,245318,55.9,0.3,7.3,117963,61.1,0.8,9.2,11,203305,55.9,0.3,7.5,318
6/1/2014,Trafford,E08000009,206488,57.2,,1.6,9.2,,344,407337,55.5,1.4,8.4,224000,55.4,1.6,9.6,175507,56.7,1.7,9.5,129873,62.8,1.4,8.7,194227,59.2,1.5,9.1,108,212292,56.5,1.6,9.3,236,167498,57.7,1.6,9.8,249096,56.7,1.5,8.9,119085,61.6,1,10.9,8,206534,56.8,1.6,9.2,336
7/1/2014,Trafford,E08000009,206945,57.3,,0.2,9.3,,327,407405,55.5,0,8.5,224772,55.6,0.3,9.8,175939,56.8,0.2,9.6,129947,62.8,0.1,8.6,194559,59.3,0.2,9.2,84,212803,56.6,0.2,9.4,243,167907,57.8,0.2,9.9,249614,56.8,0.2,9,118702,61.4,-0.3,11.3,4,207038,56.9,0.2,9.3,323
8/1/2014,Trafford,E08000009,210490,58.3,,1.7,9.4,,413,414945,56.5,1.9,8.9,228927,56.6,1.8,9.9,178935,57.8,1.7,9.6,131600,63.6,1.3,8.5,197692,60.2,1.6,9.2,113,216535,57.6,1.8,9.5,300,170673,58.8,1.6,10,253980,57.8,1.7,9.1,119170,61.7,0.4,10.5,4,210700,57.9,1.8,9.4,409
9/1/2014,Trafford,E08000009,210636,58.3,,0.1,10.3,,350,415828,56.6,0.2,9.4,229094,56.6,0.1,10.8,178911,57.8,0,10.7,131677,63.7,0.1,9.5,197831,60.3,0.1,10.1,92,216685,57.6,0.1,10.4,258,170693,58.8,0,10.9,254237,57.9,0.1,10,118764,61.5,-0.3,10.5,32,210883,58,0.1,10.3,318
10/1/2014,Trafford,E08000009,211233,58.5,,0.3,10.3,,404,417234,56.8,0.3,9.3,229749,56.8,0.3,10.6,179207,57.9,0.2,10.7,132210,63.9,0.4,9.8,198492,60.5,0.3,10.1,130,217255,57.8,0.3,10.3,274,171255,59,0.3,10.9,254893,58,0.3,9.9,118774,61.5,0,9.4,45,211505,58.2,0.3,10.3,359
11/1/2014,Trafford,E08000009,210073,58.2,,-0.5,10.2,,314,415648,56.6,-0.4,9.4,228456,56.5,-0.6,10.5,177950,57.5,-0.7,10.5,131632,63.6,-0.4,9.8,197562,60.2,-0.5,10.1,101,215993,57.4,-0.6,10.3,213,170367,58.7,-0.5,10.8,253450,57.7,-0.6,9.9,117911,61,-0.7,8.3,17,210359,57.8,-0.5,10.3,297
12/1/2014,Trafford,E08000009,210408,58.3,,0.2,9.3,,332,416529,56.7,0.2,9.4,228713,56.6,0.1,9.5,178156,57.6,0.1,9.4,132020,63.8,0.3,8.8,197932,60.3,0.2,9.3,94,216314,57.5,0.1,9.4,238,170692,58.8,0.2,9.7,253811,57.8,0.1,9.1,119073,61.6,1,7.6,18,210622,57.9,0.1,9.4,314
1/1/2015,Trafford,E08000009,211573,58.6,,0.6,9.3,,240,418859,57,0.6,9.4,230066,56.9,0.6,9.5,179089,57.9,0.5,9.4,132682,64.2,0.5,8.6,198971,60.6,0.5,9.1,56,217537,57.8,0.6,9.4,184,171562,59.1,0.5,9.5,255278,58.1,0.6,9.2,120722,62.5,1.4,8.4,11,211716,58.2,0.5,9.3,229
2/1/2015,Trafford,E08000009,213617,59.1,,1,9,,249,422565,57.5,0.9,8.9,231891,57.3,0.8,9,180915,58.4,1,9.2,134481,65,1.4,8.9,200971,61.2,1,8.9,86,219605,58.4,1,9,163,173159,59.6,0.9,9.1,257793,58.7,1,8.9,123854,64.1,2.6,9.7,17,213619,58.7,0.9,9,232
3/1/2015,Trafford,E08000009,216044,59.8,,1.1,9.3,,281,427396,58.2,1.1,8.9,234737,58,1.2,9.4,182731,59,1,9.4,135967,65.7,1.1,9.3,203145,61.9,1.1,9.2,78,222148,59.1,1.2,9.3,203,175008,60.3,1.1,9.3,260821,59.4,1.2,9.3,125821,65.1,1.6,10.5,21,216011,59.4,1.1,9.2,260
4/1/2015,Trafford,E08000009,215277,59.6,,-0.4,6.2,,278,426301,58,-0.3,6.1,233775,57.8,-0.4,6.3,182204,58.9,-0.3,6.1,135400,65.5,-0.4,6.3,202391,61.6,-0.4,6.2,82,221373,58.9,-0.3,6.3,195,174439,60.1,-0.3,6.2,259844,59.2,-0.4,6.2,125369,64.9,-0.4,7.1,15,215244,59.2,-0.4,6.2,263
5/1/2015,Trafford,E08000009,219993,60.9,,2.2,8.2,,344,434581,59.2,1.9,8.2,239364,59.2,2.4,8.6,186107,60.1,2.1,7.9,138133,66.8,2,7.8,206692,63,2.1,8,97,226278,60.2,2.2,8.3,247,178341,61.4,2.2,8.2,265460,60.5,2.2,8.2,127359,65.9,1.6,8,26,220007,60.5,2.2,8.2,318
6/1/2015,Trafford,E08000009,223634,61.9,,1.7,8.3,,312,441480,60.1,1.6,8.4,243522,60.2,1.7,8.7,189680,61.3,1.9,8.1,139684,67.5,1.1,7.6,209949,63.9,1.6,8.1,86,230093,61.2,1.7,8.4,226,181379,62.5,1.7,8.3,269774,61.4,1.6,8.3,127691,66.1,0.3,7.2,15,223764,61.5,1.7,8.3,297
7/1/2015,Trafford,E08000009,228458,63.3,,2.2,10.4,,433,449960,61.3,1.9,10.4,249091,61.6,2.3,10.8,193740,62.6,2.1,10.1,142597,68.9,2.1,9.7,214399,65.3,2.1,10.2,100,235088,62.5,2.2,10.5,333,185259,63.8,2.1,10.3,275622,62.8,2.2,10.4,129798,67.2,1.7,9.3,14,228632,62.9,2.2,10.4,419
8/1/2015,Trafford,E08000009,231362,64.1,,1.3,9.9,,390,456032,62.1,1.3,9.9,252306,62.4,1.3,10.2,196495,63.5,1.4,9.8,143918,69.6,0.9,9.4,217030,66.1,1.2,9.8,118,238117,63.3,1.3,10,272,187595,64.6,1.3,9.9,279144,63.6,1.3,9.9,130656,67.6,0.7,9.6,16,231590,63.7,1.3,9.9,374
9/1/2015,Trafford,E08000009,233895,64.8,,1.1,11,,372,463133,63.1,1.6,11.4,254858,63,1,11.2,198146,64,0.8,10.8,145764,70.5,1.3,10.7,219558,66.9,1.2,11,91,240660,64,1.1,11.1,280,189471,65.3,1,11,282368,64.3,1.2,11.1,132301,68.5,1.3,11.4,25,234111,64.4,1.1,11,347
10/1/2015,Trafford,E08000009,238255,66,,1.9,12.8,,382,472901,64.4,2.1,13.3,259755,64.2,1.9,13.1,201592,65.1,1.7,12.5,148255,71.7,1.7,12.1,223654,68.1,1.9,12.7,99,245144,65.2,1.9,12.8,282,192988,66.5,1.9,12.7,287646,65.5,1.9,12.8,134642,69.7,1.8,13.4,18,238483,65.6,1.9,12.8,364
11/1/2015,Trafford,E08000009,234592,65,,-1.5,11.7,,343,466509,63.5,-1.4,12.2,255943,63.3,-1.5,12,198122,64,-1.7,11.3,145915,70.5,-1.6,10.9,220206,67.1,-1.5,11.5,102,241379,64.2,-1.5,11.8,240,189945,65.4,-1.6,11.5,283294,64.5,-1.5,11.8,132580,68.6,-1.5,12.4,15,234816,64.6,-1.5,11.6,328
12/1/2015,Trafford,E08000009,233834,64.7,,-0.3,11.1,,333,463899,63.2,-0.6,11.4,255384,63.1,-0.2,11.7,197625,63.8,-0.3,10.9,145227,70.2,-0.5,10,219363,66.8,-0.4,10.8,87,240654,64,-0.3,11.3,246,189492,65.3,-0.2,11,282228,64.3,-0.4,11.2,133330,69,0.6,12,13,233981,64.3,-0.4,11.1,320
1/1/2016,Trafford,E08000009,234273,64.9,,0.2,10.7,,257,463911,63.2,0,10.8,256155,63.3,0.3,11.3,197873,63.9,0.1,10.5,145492,70.3,0.2,9.7,219671,66.9,0.1,10.4,74,241150,64.1,0.2,10.9,183,189807,65.4,0.2,10.6,282796,64.4,0.2,10.8,134024,69.4,0.5,11,6,234391,64.4,0.2,10.7,251
2/1/2016,Trafford,E08000009,236829,65.6,,1.1,10.9,,252,469758,64,1.3,11.2,258968,64,1.1,11.7,200009,64.6,1.1,10.6,146871,71,0.9,9.2,222049,67.6,1.1,10.5,66,243790,64.8,1.1,11,186,191905,66.1,1.1,10.8,285857,65.1,1.1,10.9,135267,70,0.9,9.2,7,236964,65.2,1.1,10.9,245
3/1/2016,Trafford,E08000009,238273,66,,0.6,10.3,,502,474164,64.6,0.9,10.9,260364,64.4,0.5,10.9,200861,64.9,0.4,9.9,148007,71.6,0.8,8.9,223548,68.1,0.7,10,155,245215,65.2,0.6,10.4,346,192888,66.4,0.5,10.2,287777,65.5,0.7,10.3,134058,69.4,-0.9,6.5,6,238542,65.6,0.7,10.4,496
4/1/2016,Trafford,E08000009,236251,65.4,,-0.8,9.7,,228,469350,63.9,-1,10.1,257836,63.8,-1,10.3,199755,64.5,-0.6,9.6,146708,70.9,-0.9,8.4,221632,67.5,-0.9,9.5,57,243142,64.7,-0.8,9.8,171,191593,66,-0.7,9.8,285013,64.9,-1,9.7,134058,69.4,0,6.9,9,236445,65,-0.9,9.8,219
5/1/2016,Trafford,E08000009,241241,66.8,,2.1,9.7,,237,475414,64.7,1.3,9.4,262974,65,2,9.9,204420,66,2.3,9.8,150771,72.9,2.8,9.1,226457,69,2.2,9.6,64,248217,66,2.1,9.7,173,196057,67.5,2.3,9.9,290641,66.2,2,9.5,140356,72.6,4.7,10.2,10,241219,66.3,2,9.6,227
6/1/2016,Trafford,E08000009,246172,68.2,,2,10.1,,306,482165,65.6,1.4,9.2,268270,66.3,2,10.2,209286,67.6,2.4,10.3,153985,74.5,2.1,10.2,231042,70.4,2,10,86,253309,67.4,2.1,10.1,220,200529,69.1,2.3,10.6,296143,67.4,1.9,9.8,145399,75.3,3.6,13.9,4,246007,67.6,2,9.9,302
7/1/2016,Trafford,E08000009,249191,69,,1.2,9.1,,464,488269,66.5,1.3,8.5,271506,67.1,1.2,9,211838,68.4,1.2,9.3,155907,75.4,1.2,9.3,233904,71.2,1.2,9.1,155,256403,68.2,1.2,9.1,309,202794,69.8,1.1,9.5,299957,68.3,1.3,8.8,146266,75.7,0.6,12.7,47,249082,68.5,1.2,8.9,417
8/1/2016,Trafford,E08000009,249617,69.1,,0.2,7.9,,340,490791,66.8,0.5,7.6,272024,67.3,0.2,7.8,212005,68.5,0.1,7.9,155855,75.4,0,8.3,234307,71.4,0.2,8,79,256841,68.3,0.2,7.9,261,202943,69.9,0.1,8.2,300656,68.5,0.2,7.7,144120,74.6,-1.5,10.3,6,249658,68.6,0.2,7.8,334
9/1/2016,Trafford,E08000009,250793,69.4,,0.5,7.2,,330,493267,67.2,0.5,6.5,273693,67.7,0.6,7.4,212607,68.7,0.3,7.3,156479,75.7,0.4,7.4,235326,71.7,0.4,7.2,77,258086,68.6,0.5,7.2,253,203676,70.1,0.4,7.5,302281,68.8,0.5,7.1,144506,74.8,0.3,9.2,3,250853,69,0.5,7.2,327
10/1/2016,Trafford,E08000009,254167,70.4,,1.3,6.7,,294,500966,68.2,1.6,5.9,277436,68.6,1.4,6.8,214554,69.3,0.9,6.4,159254,77,1.8,7.4,238752,72.7,1.5,6.8,81,261449,69.5,1.3,6.7,213,206353,71.1,1.3,6.9,306408,69.8,1.4,6.5,147257,76.2,1.9,9.4,3,254177,69.9,1.3,6.6,291
11/1/2016,Trafford,E08000009,255872,70.8,,0.7,9.1,,377,506406,68.9,1.1,8.6,279439,69.1,0.7,9.2,215265,69.5,0.3,8.7,160390,77.5,0.7,9.9,240377,73.2,0.7,9.2,96,263192,70,0.7,9,281,207575,71.5,0.6,9.3,308615,70.3,0.7,8.9,149114,77.2,1.3,12.5,9,255826,70.3,0.6,8.9,368
12/1/2016,Trafford,E08000009,255117,70.6,,-0.3,9.1,,311,505812,68.9,-0.1,9,278340,68.8,-0.4,9,214376,69.3,-0.4,8.5,160325,77.5,0,10.4,239782,73,-0.2,9.3,77,262368,69.8,-0.3,9,234,207038,71.3,-0.3,9.3,307635,70.1,-0.3,9,149554,77.4,0.3,12.2,8,255015,70.1,-0.3,9,303
1/1/2017,Trafford,E08000009,255771,70.8,,0.3,9.2,,238,507569,69.1,0.3,9.4,279043,69,0.3,8.9,215008,69.5,0.3,8.7,160529,77.6,0.1,10.3,240227,73.2,0.2,9.4,61,263112,70,0.3,9.1,177,207567,71.5,0.3,9.4,308425,70.2,0.3,9.1,151099,78.2,1,12.7,1,255597,70.3,0.2,9,237
2/1/2017,Trafford,E08000009,252740,70,,-1.2,6.7,,249,500538,68.1,-1.4,6.6,275242,68.1,-1.4,6.3,212664,68.7,-1.1,6.3,159408,77.1,-0.7,8.5,237578,72.4,-1.1,7,62,259927,69.1,-1.2,6.6,187,205412,70.7,-1,7,304475,69.3,-1.3,6.5,149855,77.6,-0.8,10.8,2,252502,69.4,-1.2,6.6,247
3/1/2017,Trafford,E08000009,254233,70.4,,0.6,6.7,,316,504064,68.6,0.7,6.3,276702,68.4,0.5,6.3,213803,69.1,0.5,6.4,160579,77.6,0.7,8.5,239062,72.8,0.6,6.9,82,261436,69.5,0.6,6.6,234,206686,71.2,0.6,7.2,306208,69.7,0.6,6.4,151622,78.5,1.2,13.1,29,253932,69.8,0.6,6.5,287
4/1/2017,Trafford,E08000009,252942,70,,-0.5,7.1,,250,502324,68.4,-0.3,7,274703,67.9,-0.7,6.5,212839,68.8,-0.5,6.5,160234,77.5,-0.2,9.2,238054,72.5,-0.4,7.4,61,260032,69.1,-0.5,6.9,188,205799,70.9,-0.4,7.4,304496,69.3,-0.6,6.8,150229,77.8,-0.9,12.1,5,252649,69.5,-0.5,6.9,245
5/1/2017,Trafford,E08000009,260073,72,,2.8,7.8,,286,515223,70.1,2.6,8.4,282756,69.9,2.9,7.5,218759,70.7,2.8,7,164782,79.7,2.8,9.3,244750,74.5,2.8,8.1,100,267369,71.1,2.8,7.7,186,211698,72.9,2.9,8,312987,71.3,2.8,7.7,154670,80.1,3,10.2,4,259769,71.4,2.8,7.7,282
6/1/2017,Trafford,E08000009,264349,73.2,,1.6,7.4,,349,521273,71,1.2,8.1,287293,71,1.6,7.1,222801,72,1.8,6.5,167835,81.1,1.9,9,248850,75.8,1.7,7.7,96,271736,72.3,1.6,7.3,253,215367,74.2,1.7,7.4,317951,72.4,1.6,7.4,156463,81,1.2,7.6,28,264048,72.6,1.6,7.3,321
7/1/2017,Trafford,E08000009,266493,73.8,,0.8,6.9,,348,523003,71.2,0.3,7.1,290149,71.7,1,6.9,224483,72.5,0.8,6,169337,81.9,0.9,8.6,250865,76.4,0.8,7.3,86,273942,72.8,0.8,6.8,262,217168,74.8,0.8,7.1,320477,73,0.8,6.8,157245,81.4,0.5,7.5,28,266195,73.2,0.8,6.9,320
8/1/2017,Trafford,E08000009,270887,75,,1.6,8.5,,360,532279,72.5,1.8,8.5,294788,72.9,1.6,8.4,228507,73.8,1.8,7.8,171742,83,1.4,10.2,254858,77.6,1.6,8.8,105,278511,74.1,1.7,8.4,255,220459,75.9,1.5,8.6,326041,74.2,1.7,8.4,158532,82.1,0.8,10,18,270598,74.4,1.7,8.4,342
9/1/2017,Trafford,E08000009,270903,75,,0,8,,393,534431,72.8,0.4,8.3,295071,73,0.1,7.8,228143,73.7,-0.2,7.3,171190,82.8,-0.3,9.4,254695,77.6,-0.1,8.2,116,278595,74.1,0,7.9,277,220150,75.8,-0.1,8.1,326373,74.3,0.1,8,158420,82,-0.1,9.6,50,270616,74.4,0,7.9,343
10/1/2017,Trafford,E08000009,272235,75.4,,0.5,7.1,,321,538955,73.4,0.8,7.6,296562,73.3,0.5,6.9,229204,74,0.5,6.8,171475,82.9,0.2,7.7,255802,77.9,0.4,7.1,73,280019,74.5,0.5,7.1,248,221051,76.1,0.4,7.1,328153,74.7,0.5,7.1,158919,82.3,0.3,7.9,25,271949,74.8,0.5,7,296
11/1/2017,Trafford,E08000009,268822,74.4,,-1.3,5.1,,386,532022,72.4,-1.3,5.1,293255,72.5,-1.1,4.9,226023,73,-1.4,5,169159,81.8,-1.4,5.5,252552,76.9,-1.3,5.1,109,276524,73.5,-1.2,5.1,277,218352,75.2,-1.2,5.2,323969,73.8,-1.3,5,156251,80.9,-1.7,4.8,44,268547,73.8,-1.3,5,342
12/1/2017,Trafford,E08000009,270172,74.8,,0.5,5.9,,332,533806,72.7,0.3,5.5,294882,72.9,0.6,5.9,227322,73.4,0.6,6,169847,82.1,0.4,5.9,253823,77.3,0.5,5.9,92,277912,73.9,0.5,5.9,240,219622,75.6,0.6,6.1,325427,74.1,0.5,5.8,156560,81,0.2,4.7,51,269901,74.2,0.5,5.8,281
1/1/2018,Trafford,E08000009,271700,75.2,,0.6,6.2,,288,535526,72.9,0.3,5.5,296811,73.4,0.7,6.4,228620,73.9,0.6,6.3,170803,82.6,0.6,6.4,255170,77.7,0.5,6.2,76,279516,74.3,0.6,6.2,212,220923,76.1,0.6,6.4,327211,74.5,0.5,6.1,158482,82,1.2,4.9,25,271416,74.6,0.6,6.2,263
2/1/2018,Trafford,E08000009,273477,75.7,,0.7,8.2,,316,539874,73.5,0.8,7.9,298660,73.8,0.6,8.5,230413,74.4,0.8,8.3,171489,82.9,0.4,7.6,256708,78.2,0.6,8.1,101,281393,74.8,0.7,8.3,215,222424,76.6,0.7,8.3,329274,75,0.6,8.1,163409,84.6,3.1,9,58,273019,75.1,0.6,8.1,258
3/1/2018,Trafford,E08000009,271908,75.3,,-0.6,7,,312,535859,73,-0.7,6.3,297393,73.5,-0.4,7.5,229348,74.1,-0.5,7.3,169971,82.2,-0.9,5.8,254908,77.6,-0.7,6.6,87,279907,74.4,-0.5,7.1,225,221128,76.2,-0.6,7,327383,74.6,-0.6,6.9,162947,84.3,-0.3,7.5,52,271492,74.6,-0.6,6.9,260
4/1/2018,Trafford,E08000009,271393,75.1,,-0.2,7.3,,277,534618,72.8,-0.2,6.4,297012,73.4,-0.1,8.1,229515,74.1,0.1,7.8,168905,81.7,-0.6,5.4,254172,77.4,-0.3,6.8,89,279479,74.3,-0.2,7.5,188,220777,76,-0.2,7.3,326688,74.4,-0.2,7.3,162369,84,-0.4,8.1,42,270999,74.5,-0.2,7.3,235
5/1/2018,Trafford,E08000009,267626,74.1,,-1.4,2.9,,325,526852,71.7,-1.5,2.3,293492,72.6,-1.2,3.8,226462,73.2,-1.3,3.5,165800,80.2,-1.8,0.6,250268,76.2,-1.5,2.3,101,275753,73.3,-1.3,3.1,224,217524,74.9,-1.5,2.8,322363,73.4,-1.3,3,156948,81.2,-3.3,1.5,51,267497,73.6,-1.3,3,274
6/1/2018,Trafford,E08000009,267166,74,,-0.2,1.1,,360,527088,71.8,0,1.1,293217,72.5,-0.1,2.1,225592,72.9,-0.4,1.3,165435,80,-0.2,-1.4,249823,76.1,-0.2,0.4,114,275284,73.2,-0.2,1.3,246,216959,74.7,-0.3,0.7,322022,73.3,-0.1,1.3,155974,80.7,-0.6,-0.3,63,267095,73.4,-0.1,1.2,297
7/1/2018,Trafford,E08000009,272101,75.3,,1.8,2.1,,333,539565,73.5,2.4,3.2,298525,73.8,1.8,2.9,229455,74.1,1.7,2.2,168266,81.4,1.7,-0.6,254385,77.5,1.8,1.4,87,280391,74.6,1.9,2.4,246,220684,76,1.7,1.6,328287,74.8,1.9,2.4,158090,81.8,1.4,0.5,35,272093,74.8,1.9,2.2,298
8/1/2018,Trafford,E08000009,278058,77,,2.2,2.6,,342,552408,75.2,2.4,3.8,304988,75.4,2.2,3.5,234302,75.7,2.1,2.5,171960,83.1,2.2,0.1,259989,79.2,2.2,2,90,286515,76.2,2.2,2.9,250,225427,77.6,2.1,2.3,335572,76.4,2.2,2.9,162347,84,2.7,2.4,21,277983,76.4,2.2,2.7,321
9/1/2018,Trafford,E08000009,287081,79.5,,3.2,6,,318,571884,77.9,3.5,7,314804,77.8,3.2,6.7,242233,78.3,3.4,6.2,176961,85.6,2.9,3.4,268193,81.7,3.2,5.3,89,295907,78.7,3.3,6.2,229,232571,80.1,3.2,5.6,346654,78.9,3.3,6.2,167517,86.7,3.2,5.7,12,287012,78.9,3.2,6.1,306
10/1/2018,Trafford,E08000009,288046,79.8,,0.3,5.8,,307,573931,78.1,0.4,6.5,316011,78.1,0.4,6.6,242793,78.4,0.2,5.9,177596,85.9,0.4,3.6,269171,82,0.4,5.2,71,296871,78.9,0.3,6,236,233405,80.4,0.4,5.6,347761,79.2,0.3,6,168880,87.4,0.8,6.3,6,287910,79.2,0.3,5.9,301
11/1/2018,Trafford,E08000009,293375,81.2,,1.9,9.1,,332,587120,79.9,2.3,10.4,321941,79.6,1.9,9.8,247220,79.9,1.8,9.4,180250,87.1,1.5,6.6,273943,83.4,1.8,8.5,81,302448,80.4,1.9,9.4,251,237540,81.8,1.8,8.8,354400,80.7,1.9,9.4,170074,88,0.7,8.8,14,293400,80.7,1.9,9.3,318
12/1/2018,Trafford,E08000009,289943,80.3,,-1.2,7.3,,276,578802,78.8,-1.4,8.4,318232,78.7,-1.2,7.9,244029,78.8,-1.3,7.3,178697,86.4,-0.9,5.2,271021,82.5,-1.1,6.8,62,298794,79.5,-1.2,7.5,214,235036,80.9,-1.1,7,349946,79.7,-1.3,7.5,168700,87.3,-0.8,7.8,5,289915,79.7,-1.2,7.4,271
1/1/2019,Trafford,E08000009,288745,79.9,,-0.4,6.3,,223,576752,78.5,-0.4,7.7,317234,78.4,-0.3,6.9,242826,78.4,-0.5,6.2,177698,85.9,-0.6,4,269723,82.2,-0.5,5.7,49,297633,79.1,-0.4,6.5,174,233907,80.6,-0.5,5.9,348678,79.4,-0.4,6.6,167515,86.7,-0.7,5.7,8,288759,79.4,-0.4,6.4,215
2/1/2019,Trafford,E08000009,282991,78.4,,-2,3.5,,404,563466,76.7,-2.3,4.4,310595,76.8,-2.1,4,237502,76.7,-2.2,3.1,175185,84.7,-1.4,2.2,265034,80.7,-1.7,3.2,192,291407,77.5,-2.1,3.6,211,229550,79.1,-1.9,3.2,341310,77.7,-2.1,3.7,167830,86.9,0.2,2.7,138,282414,77.7,-2.2,3.4,266
3/1/2019,Trafford,E08000009,282675,78.3,,-0.1,4,,261,562488,76.6,-0.2,5,310568,76.8,0,4.4,237436,76.7,0,3.5,174518,84.4,-0.4,2.7,264537,80.6,-0.2,3.8,69,291161,77.4,-0.1,4,191,229224,78.9,-0.1,3.7,340933,77.6,-0.1,4.1,168176,87,0.2,3.2,22,281984,77.5,-0.2,3.9,239
4/1/2019,Trafford,E08000009,284766,78.8,,0.7,4.9,,245,565137,76.9,0.5,5.7,312685,77.3,0.7,5.3,239834,77.5,1,4.5,175799,85,0.7,4.1,266566,81.2,0.8,4.9,69,293283,78,0.7,4.9,176,231169,79.6,0.8,4.7,343114,78.1,0.6,5,170138,88.1,1.2,4.8,23,283903,78.1,0.7,4.8,222
5/1/2019,Trafford,E08000009,285514,79.1,,0.3,6.7,,325,565378,77,0,7.3,314134,77.7,0.5,7,241434,78,0.7,6.6,175256,84.7,-0.3,5.7,266549,81.2,0,6.5,111,294365,78.3,0.4,6.7,212,231581,79.8,0.2,6.5,344282,78.4,0.3,6.8,168486,87.2,-1,7.4,49,285132,78.4,0.4,6.6,276
6/1/2019,Trafford,E08000009,285922,79.2,,0.1,7,,313,565636,77,0,7.3,314926,77.9,0.3,7.4,241930,78.2,0.2,7.2,175198,84.7,0,5.9,266713,81.2,0.1,6.8,104,294881,78.4,0.2,7.1,209,231756,79.8,0.1,6.8,344988,78.6,0.2,7.1,167354,86.6,-0.7,7.3,39,285864,78.6,0.3,7,274
7/1/2019,Trafford,E08000009,288072,79.8,,0.8,5.9,,306,568671,77.4,0.5,5.4,317229,78.4,0.7,6.3,243729,78.7,0.7,6.2,176804,85.5,0.9,5.1,268837,81.9,0.8,5.7,74,297046,79,0.7,5.9,232,233520,80.4,0.8,5.8,347552,79.1,0.7,5.9,169063,87.5,1,6.9,21,287909,79.2,0.7,5.8,285
8/1/2019,Trafford,E08000009,290497,80.4,,0.8,4.5,,317,573861,78.1,0.9,3.9,320052,79.1,0.9,4.9,246157,79.5,1,5.1,177835,86,0.6,3.4,270920,82.5,0.8,4.2,59,299625,79.7,0.9,4.6,258,235317,81,0.8,4.4,350709,79.9,0.9,4.5,170031,88,0.6,4.7,5,290440,79.9,0.9,4.5,312
9/1/2019,Trafford,E08000009,295663,81.9,,1.8,3,,278,585326,79.7,2,2.4,324853,80.3,1.5,3.2,250893,81.1,1.9,3.6,181324,87.7,2,2.5,276141,84.1,1.9,3,75,304779,81,1.7,3,201,239548,82.5,1.8,3,356884,81.3,1.8,3,174288,90.2,2.5,4,2,295315,81.2,1.7,2.9,276
10/1/2019,Trafford,E08000009,293072,81.1,,-0.9,1.7,,303,581393,79.2,-0.7,1.3,322788,79.8,-0.6,2.1,248395,80.2,-1,2.3,179028,86.6,-1.3,0.8,273423,83.3,-1,1.6,71,302237,80.4,-0.8,1.8,229,237169,81.7,-1,1.6,354136,80.6,-0.8,1.8,171499,88.8,-1.6,1.6,8,293018,80.6,-0.8,1.8,295
11/1/2019,Trafford,E08000009,292311,80.9,,-0.3,-0.4,,317,581643,79.2,0,-0.9,322667,79.8,0,0.2,247297,79.9,-0.4,0,177932,86,-0.6,-1.3,272244,82.9,-0.4,-0.6,79,301658,80.2,-0.2,-0.3,236,236368,81.4,-0.3,-0.5,353472,80.5,-0.2,-0.3,169362,87.7,-1.2,-0.4,3,292666,80.5,-0.1,-0.3,314
12/1/2019,Trafford,E08000009,287223,79.5,,-1.7,-0.9,,235,572497,77.9,-1.6,-1.1,318020,78.6,-1.4,-0.1,242930,78.5,-1.8,-0.5,173848,84.1,-2.3,-2.7,266756,81.2,-2,-1.6,59,296735,78.9,-1.6,-0.7,172,232141,80,-1.8,-1.2,347476,79.1,-1.7,-0.7,164212,85,-3,-2.7,3,288098,79.2,-1.6,-0.6,232
1/1/2020,Trafford,E08000009,287695,79.7,,0.2,-0.4,,246,572858,78,0.1,-0.7,318419,78.7,0.1,0.4,243618,78.7,0.3,0.3,174149,84.2,0.2,-2,267096,81.4,0.1,-1,60,297266,79,0.2,-0.1,185,232629,80.1,0.2,-0.5,347900,79.2,0.1,-0.2,165498,85.7,0.8,-1.2,4,288335,79.3,0.1,-0.1,242
2/1/2020,Trafford,E08000009,289747,80.2,,0.7,2.4,,241,577775,78.7,0.9,2.5,320241,79.2,0.6,3.1,245386,79.3,0.7,3.3,175544,84.9,0.8,0.2,268842,81.9,0.7,1.4,55,299453,79.6,0.7,2.8,178,234482,80.8,0.8,2.1,350123,79.7,0.6,2.6,167561,86.7,1.2,-0.2,1,290031,79.7,0.6,2.7,240
3/1/2020,Trafford,E08000009,298259,82.6,,2.9,5.5,,224,594798,81,2.9,5.7,329378,81.4,2.9,6.1,252195,81.5,2.8,6.2,181216,87.6,3.2,3.8,276963,84.4,3,4.7,79,308152,81.9,2.9,5.8,139,241419,83.1,3,5.3,360340,82.1,2.9,5.7,174580,90.4,4.2,3.8,30,298006,81.9,2.7,5.7,194
4/1/2020,Trafford,E08000009,299723,83,,0.5,5.3,,99,602515,82,1.3,6.6,330585,81.7,0.4,5.7,253608,81.9,0.6,5.7,181490,87.7,0.2,3.2,278297,84.8,0.5,4.4,40,309676,82.3,0.5,5.6,58,242496,83.5,0.4,4.9,362264,82.5,0.5,5.6,176065,91.1,0.9,3.5,21,299362,82.3,0.5,5.4,78
5/1/2020,Trafford,E08000009,299203,82.8,,-0.2,4.8,,111,601367,81.9,-0.2,6.4,329628,81.5,-0.3,4.9,252178,81.5,-0.6,4.4,182390,88.2,0.5,4.1,279197,85,0.3,4.7,30,308539,82,-0.4,4.8,78,242226,83.4,-0.1,4.6,361420,82.3,-0.2,5,179650,93,2,6.6,5,298171,82,-0.4,4.6,106
6/1/2020,Trafford,E08000009,294535,81.5,,-1.6,3,,208,590744,80.4,-1.8,4.4,325158,80.4,-1.4,3.2,248782,80.4,-1.3,2.8,178674,86.4,-2,2,274213,83.5,-1.8,2.8,71,304000,80.8,-1.5,3.1,127,238371,82.1,-1.6,2.9,355890,81,-1.5,3.2,175220,90.7,-2.5,4.7,35,293807,80.8,-1.5,2.8,173
7/1/2020,Trafford,E08000009,299013,82.8,,1.5,3.8,,232,595856,81.1,0.9,4.8,330750,81.8,1.7,4.3,252884,81.7,1.6,3.8,181194,87.6,1.4,2.5,277640,84.6,1.2,3.3,57,308944,82.2,1.6,4,171,241958,83.3,1.5,3.6,361355,82.3,1.5,4,175358,90.8,0.1,3.7,7,298711,82.1,1.7,3.8,225
8/1/2020,Trafford,E08000009,302481,83.7,,1.2,4.1,,278,604018,82.2,1.4,5.3,335661,83,1.5,4.9,257188,83.1,1.7,4.5,180902,87.5,-0.2,1.7,278652,84.9,0.4,2.9,57,313492,83.4,1.5,4.6,218,244193,84.1,0.9,3.8,366372,83.4,1.4,4.5,172696,89.4,-1.5,1.6,31,302993,83.3,1.4,4.3,247
9/1/2020,Trafford,E08000009,301814,83.6,,-0.2,2.1,,249,606153,82.5,0.4,3.6,335112,82.9,-0.2,3.2,256454,82.8,-0.3,2.2,179825,86.9,-0.6,-0.8,277496,84.5,-0.4,0.5,72,313040,83.2,-0.1,2.7,174,243179,83.8,-0.4,1.5,366252,83.4,0,2.6,171970,89,-0.4,-1.3,14,302387,83.1,-0.2,2.4,235
10/1/2020,Trafford,E08000009,304360,84.3,,0.8,3.9,,329,613332,83.5,1.2,5.5,338551,83.7,1,4.9,258750,83.6,0.9,4.2,180271,87.2,0.2,0.7,279140,85,0.6,2.1,74,315986,84,0.9,4.5,247,244896,84.3,0.7,3.3,369824,84.2,1,4.4,171818,88.9,-0.1,0.2,15,305226,83.9,0.9,4.2,314
11/1/2020,Trafford,E08000009,308684,85.5,,1.4,5.6,,357,622262,84.7,1.5,7,343418,84.9,1.4,6.4,262431,84.8,1.4,6.1,182737,88.4,1.4,2.7,282945,86.2,1.4,3.9,93,320548,85.2,1.4,6.3,256,248310,85.5,1.4,5.1,375175,85.4,1.4,6.1,173100,89.6,0.7,2.2,10,309776,85.2,1.5,5.8,347
12/1/2020,Trafford,E08000009,316740,87.7,,2.6,10.3,,395,637864,86.8,2.5,11.4,352211,87.1,2.6,10.8,269766,87.1,2.8,11,187393,90.6,2.5,7.8,290333,88.4,2.6,8.8,102,328911,87.5,2.6,10.8,283,254871,87.8,2.6,9.8,384848,87.6,2.6,10.8,177213,91.7,2.4,7.9,16,317933,87.4,2.6,10.4,379
1/1/2021,Trafford,E08000009,320227,88.7,,1.1,11.3,,318,642303,87.4,0.7,12.1,355731,88,1,11.7,272788,88.1,1.1,12,190225,92,1.5,9.2,293704,89.5,1.2,10,98,332455,88.4,1.1,11.8,220,257891,88.8,1.2,10.9,388775,88.5,1,11.7,178380,92.3,0.7,7.8,12,321578,88.4,1.1,11.5,306
2/1/2021,Trafford,E08000009,323032,89.4,,0.9,11.5,,424,642956,87.5,0.1,11.3,358230,88.6,0.7,11.9,275445,89,1,12.2,193211,93.4,1.6,10.1,296803,90.4,1.1,10.4,125,335139,89.1,0.8,11.9,299,260853,89.8,1.1,11.2,391234,89.1,0.6,11.7,181208,93.8,1.6,8.1,21,324266,89.2,0.8,11.8,403
3/1/2021,Trafford,E08000009,324372,89.8,,0.4,8.8,,592,640459,87.2,-0.4,7.7,359132,88.8,0.3,9,276794,89.4,0.5,9.8,195457,94.5,1.2,7.9,298296,90.9,0.5,7.7,186,336428,89.5,0.4,9.2,406,262523,90.4,0.6,8.7,392091,89.3,0.2,8.8,182901,94.7,0.9,4.8,20,325611,89.5,0.4,9.3,572
4/1/2021,Trafford,E08000009,321364,89,,-0.9,7.2,,357,634679,86.4,-0.9,5.3,355224,87.8,-1.1,7.5,274403,88.6,-0.9,8.2,194122,93.9,-0.7,7,295623,90,-0.9,6.2,100,333273,88.6,-0.9,7.6,256,260529,89.7,-0.8,7.4,387912,88.3,-1.1,7.1,183628,95,0.4,4.3,19,322369,88.6,-1,7.7,338
5/1/2021,Trafford,E08000009,316308,87.6,,-1.6,5.7,,372,626282,85.3,-1.3,4.1,349602,86.4,-1.6,6.1,270016,87.2,-1.6,7.1,190862,92.3,-1.7,4.6,290851,88.6,-1.6,4.2,143,328075,87.2,-1.6,6.3,228,256344,88.3,-1.6,5.8,381915,87,-1.5,5.7,180611,93.5,-1.6,0.5,65,317309,87.2,-1.6,6.4,307
6/1/2021,Trafford,E08000009,319296,88.4,,0.9,8.4,,933,632297,86.1,1,7,352630,87.2,0.9,8.4,273504,88.4,1.3,9.9,192117,92.9,0.7,7.5,293413,89.4,0.9,7,302,331244,88.1,1,9,628,258787,89.1,1,8.6,385495,87.8,0.9,8.3,179477,92.9,-0.6,2.4,115,320570,88.1,1,9.1,818
7/1/2021,Trafford,E08000009,316501,87.6,,-0.9,5.8,,204,632997,86.2,0.1,6.2,349477,86.4,-0.9,5.7,270280,87.3,-1.2,6.9,190072,91.9,-1.1,4.9,291206,88.7,-0.8,4.9,57,328209,87.3,-0.9,6.2,144,256126,88.2,-1,5.9,382608,87.1,-0.7,5.9,178959,92.6,-0.3,2.1,35,317670,87.3,-0.9,6.3,169
8/1/2021,Trafford,E08000009,320665,88.8,,1.3,6,,301,647855,88.2,2.3,7.3,354911,87.8,1.6,5.7,273261,88.3,1.1,6.2,190902,92.3,0.4,5.5,294716,89.8,1.2,5.8,77,332649,88.5,1.4,6.1,222,258736,89.1,1,6,388586,88.5,1.6,6.1,178141,92.2,-0.5,3.2,31,322151,88.6,1.4,6.3,270
9/1/2021,Trafford,E08000009,320283,88.7,,-0.1,6.1,,615,652282,88.8,0.7,7.6,355111,87.8,0.1,6,272159,87.9,-0.4,6.1,189640,91.7,-0.7,5.5,294127,89.6,-0.2,6,162,332341,88.4,-0.1,6.2,447,258023,88.9,-0.3,6.1,388621,88.5,0,6.1,177266,91.7,-0.5,3.1,92,321830,88.5,-0.1,6.4,523
10/1/2021,Trafford,E08000009,325251,90.1,,1.6,6.9,,208,664385,90.4,1.9,8.3,361981,89.5,1.9,6.9,276047,89.2,1.4,6.7,190961,92.3,0.7,5.9,297655,90.7,1.2,6.6,52,337886,89.8,1.7,6.9,155,261424,90,1.3,6.7,395396,90,1.7,6.9,174124,90.1,-1.8,1.3,35,327369,90,1.7,7.3,173
11/1/2021,Trafford,E08000009,328509,91,,1,6.4,,259,670994,91.3,1,7.8,365873,90.5,1.1,6.5,278602,90,0.9,6.2,192773,93.2,0.9,5.5,300473,91.5,0.9,6.2,83,341333,90.8,1,6.5,176,263994,90.9,1,6.3,399418,91,1,6.5,176319,91.3,1.3,1.9,23,330604,90.9,1,6.7,236
12/1/2021,Trafford,E08000009,329257,91.2,,0.2,4,,276,675256,91.9,0.6,5.9,367524,90.9,0.5,4.3,278940,90.1,0.1,3.4,192037,92.8,-0.4,2.5,300723,91.6,0.1,3.6,86,342274,91,0.3,4.1,186,264146,91,0.1,3.6,400886,91.3,0.4,4.2,174700,90.4,-0.9,-1.4,17,331555,91.2,0.3,4.3,259
1/1/2022,Trafford,E08000009,335577,92.9,,1.9,4.8,,222,685608,93.3,1.5,6.7,374847,92.7,2,5.4,285140,92.1,2.2,4.5,195152,94.4,1.6,2.6,306235,93.3,1.8,4.3,68,348942,92.8,1.9,5,152,269325,92.8,2,4.4,408444,93,1.9,5.1,177612,91.9,1.7,-0.4,18,337962,92.9,1.9,5.1,204
2/1/2022,Trafford,E08000009,334665,92.7,,-0.3,3.6,,236,682720,92.9,-0.4,6.2,373704,92.4,-0.3,4.3,284708,92,-0.2,3.4,194820,94.2,-0.2,0.8,305294,93,-0.3,2.9,62,348035,92.5,-0.3,3.8,174,268871,92.6,-0.2,3.1,407044,92.7,-0.3,4,177925,92.1,0.2,-1.8,20,337072,92.7,-0.3,3.9,216
3/1/2022,Trafford,E08000009,336422,93.1,,0.5,3.7,,328,687522,93.6,0.7,7.3,376045,93,0.6,4.7,285656,92.3,0.3,3.2,195707,94.6,0.5,0.1,306717,93.4,0.5,2.8,108,349930,93.1,0.5,4,219,270341,93.1,0.5,3,409140,93.2,0.5,4.3,180946,93.7,1.7,-1.1,27,338715,93.1,0.5,4,301
4/1/2022,Trafford,E08000009,341869,94.7,,1.6,6.4,,243,697864,95,1.5,10,381615,94.4,1.5,7.4,291035,94,1.9,6.1,199021,96.2,1.7,2.5,311691,94.9,1.6,5.4,63,355592,94.6,1.6,6.7,177,274973,94.7,1.7,5.5,415519,94.6,1.6,7.1,184558,95.5,2,0.5,17,344169,94.6,1.6,6.8,226
5/1/2022,Trafford,E08000009,350642,97.1,,2.6,10.9,,239,715025,97.3,2.5,14.2,391709,96.9,2.6,12,299036,96.6,2.7,10.7,203287,98.3,2.1,6.5,319400,97.3,2.5,9.8,66,364830,97,2.6,11.2,173,281965,97.1,2.5,10,426244,97.1,2.6,11.6,187301,96.9,1.5,3.7,1,353089,97.1,2.6,11.3,238
6/1/2022,Trafford,E08000009,356849,98.8,,1.8,11.8,,283,725418,98.8,1.5,14.7,398385,98.5,1.7,13,305106,98.6,2,11.6,207026,100.1,1.8,7.8,325054,99,1.8,10.8,81,371287,98.7,1.8,12.1,202,287103,98.9,1.8,10.9,433647,98.7,1.7,12.5,189411,98,1.1,5.5,33,359392,98.8,1.8,12.1,250
7/1/2022,Trafford,E08000009,357019,98.8,,0,12.8,,308,724316,98.6,-0.2,14.4,399158,98.7,0.2,14.2,305703,98.8,0.2,13.1,206164,99.7,-0.4,8.5,324922,99,0,11.6,81,371575,98.8,0.1,13.2,224,287067,98.9,0,12.1,434020,98.8,0.1,13.4,188853,97.7,-0.3,5.5,12,359592,98.9,0.1,13.2,296
8/1/2022,Trafford,E08000009,362025,100.2,,1.4,12.9,,297,732310,99.7,1.1,13,404936,100.1,1.4,14.1,310937,100.4,1.7,13.8,208340,100.7,1.1,9.1,329225,100.3,1.3,11.7,100,376884,100.2,1.4,13.3,195,291026,100.2,1.4,12.5,440170,100.2,1.4,13.3,191093,98.9,1.2,7.3,12,364653,100.3,1.4,13.2,285
9/1/2022,Trafford,E08000009,366808,101.6,,1.3,14.5,,316,743386,101.2,1.5,14,410524,101.5,1.4,15.6,315411,101.9,1.4,15.9,209939,101.5,0.8,10.7,333265,101.5,1.2,13.3,93,381984,101.6,1.4,14.9,221,294613,101.5,1.2,14.2,446233,101.6,1.4,14.8,192599,99.7,0.8,8.7,18,369516,101.6,1.3,14.8,298
10/1/2022,Trafford,E08000009,366554,101.5,,-0.1,12.7,,308,743846,101.3,0.1,12,410342,101.5,0,13.4,314721,101.7,-0.2,14,209893,101.5,0,9.9,333203,101.5,0,11.9,82,381653,101.5,-0.1,13,225,294465,101.4,-0.1,12.6,445870,101.5,-0.1,12.8,191736,99.2,-0.4,10.1,35,369294,101.5,-0.1,12.8,273
11/1/2022,Trafford,E08000009,365490,101.2,,-0.3,11.3,,293,744225,101.3,0.1,10.9,409086,101.2,-0.3,11.8,313329,101.2,-0.4,12.5,209203,101.1,-0.3,8.5,332313,101.2,-0.3,10.6,95,380516,101.2,-0.3,11.5,196,293610,101.1,-0.3,11.2,444576,101.2,-0.3,11.3,192133,99.4,0.2,9,21,368179,101.2,-0.3,11.4,272
12/1/2022,Trafford,E08000009,359848,99.6,,-1.5,9.3,,298,731385,99.6,-1.7,8.3,402649,99.6,-1.6,9.6,308589,99.7,-1.5,10.6,206420,99.8,-1.3,7.5,327346,99.7,-1.5,8.9,60,374578,99.6,-1.6,9.4,222,289425,99.7,-1.4,9.6,437379,99.6,-1.6,9.1,189655,98.2,-1.3,8.6,57,362473,99.7,-1.5,9.3,241
1/1/2023,Trafford,E08000009,361178,100,,0.4,7.6,,204,734541,100,0.4,7.1,404433,100,0.4,7.9,309546,100,0.3,8.6,206830,100,0.2,6,328317,100,0.3,7.2,63,376056,100,0.4,7.8,137,290347,100,0.3,7.8,439139,100,0.4,7.5,193213,100,1.9,8.8,7,363687,100,0.3,7.6,197
2/1/2023,Trafford,E08000009,356065,98.6,,-1.4,6.4,,177,724021,98.6,-1.4,6,398865,98.6,-1.4,6.7,304664,98.4,-1.6,7,204146,98.7,-1.3,4.8,323734,98.6,-1.4,6,74,370693,98.6,-1.4,6.5,93,286226,98.6,-1.4,6.5,432906,98.6,-1.4,6.4,192958,99.9,-0.1,8.4,9,358452,98.6,-1.4,6.3,168
3/1/2023,Trafford,E08000009,357578,99,,0.4,6.3,,225,730536,99.5,0.9,6.3,400998,99.2,0.5,6.6,304606,98.4,0,6.6,204846,99,0.3,4.7,325102,99,0.4,6,67,372249,99,0.4,6.4,148,287106,98.9,0.3,6.2,435055,99.1,0.5,6.3,197948,102.5,2.6,9.4,20,359835,98.9,0.4,6.2,205
4/1/2023,Trafford,E08000009,354225,98.1,,-0.9,3.6,,171,725620,98.8,-0.7,4,397050,98.2,-1,4,301355,97.4,-1.1,3.5,203089,98.2,-0.9,2,322118,98.1,-0.9,3.3,54,368726,98.1,-0.9,3.7,110,284308,97.9,-1,3.4,431118,98.2,-0.9,3.8,197793,102.4,-0.1,7.2,13,356427,98,-0.9,3.6,158
5/1/2023,Trafford,E08000009,353538,97.9,,-0.2,0.8,,187,724346,98.6,-0.2,1.3,396285,98,-0.2,1.2,300543,97.1,-0.3,0.5,202875,98.1,-0.1,-0.2,321493,97.9,-0.2,0.7,53,368012,97.9,-0.2,0.9,120,283716,97.7,-0.2,0.6,430337,98,-0.2,1,198010,102.5,0.1,5.7,19,355725,97.8,-0.2,0.7,168
6/1/2023,Trafford,E08000009,353005,97.7,,-0.2,-1.1,,209,723536,98.5,-0.1,-0.3,395173,97.7,-0.3,-0.8,301110,97.3,0.2,-1.3,202115,97.7,-0.4,-2.4,320856,97.7,-0.2,-1.3,52,367531,97.7,-0.1,-1,150,283114,97.5,-0.2,-1.4,429925,97.9,-0.1,-0.9,195185,101,-1.4,3,3,355237,97.7,-0.1,-1.2,206
7/1/2023,Trafford,E08000009,359836,99.6,,1.9,0.8,,218,734765,100,1.6,1.4,403133,99.7,2,1,307676,99.4,2.2,0.6,205586,99.4,1.7,-0.3,326860,99.6,1.9,0.6,59,374743,99.7,2,0.9,151,288552,99.4,1.9,0.5,438301,99.8,1.9,1,198226,102.6,1.6,5,5,362127,99.6,1.9,0.7,213
8/1/2023,Trafford,E08000009,365163,101.1,,1.5,0.9,,256,747217,101.7,1.7,2,409100,101.2,1.5,1,313073,101.1,1.8,0.7,207517,100.3,0.9,-0.4,331426,100.9,1.4,0.7,87,380422,101.2,1.5,0.9,163,292507,100.7,1.4,0.5,445218,101.4,1.6,1.1,199017,103,0.4,4.1,16,367528,101.1,1.5,0.8,240
9/1/2023,Trafford,E08000009,363982,100.8,,-0.3,-0.8,,226,742968,101.1,-0.6,-0.1,408067,100.9,-0.3,-0.6,312438,100.9,-0.2,-0.9,206565,99.9,-0.5,-1.6,330290,100.6,-0.3,-0.9,73,379223,100.8,-0.3,-0.7,151,291668,100.5,-0.3,-1,443633,101,-0.4,-0.6,198583,102.8,-0.2,3.1,18,366336,100.7,-0.3,-0.9,208
10/1/2023,Trafford,E08000009,360850,99.9,,-0.9,-1.6,,286,735276,100.1,-1,-1.2,404195,99.9,-0.9,-1.5,309816,100.1,-0.8,-1.6,205392,99.3,-0.6,-2.1,327611,99.8,-0.8,-1.7,98,375881,100,-0.9,-1.5,169,289452,99.7,-0.8,-1.7,439418,100.1,-1,-1.4,197770,102.4,-0.4,3.1,43,363166,99.9,-0.9,-1.7,243
11/1/2023,Trafford,E08000009,356480,98.7,,-1.2,-2.5,,280,725190,98.7,-1.4,-2.6,399612,98.8,-1.1,-2.3,305298,98.6,-1.5,-2.6,203525,98.4,-0.9,-2.7,323863,98.6,-1.1,-2.5,98,371222,98.7,-1.2,-2.4,157,286123,98.5,-1.2,-2.6,433857,98.8,-1.3,-2.4,197633,102.3,-0.1,2.9,63,358725,98.6,-1.2,-2.6,217
12/1/2023,Trafford,E08000009,358412,99.2,,0.5,-0.4,,220,726038,98.8,0.1,-0.7,401837,99.4,0.6,-0.2,306821,99.1,0.5,-0.6,205337,99.3,0.9,-0.5,325722,99.2,0.6,-0.5,76,373184,99.2,0.5,-0.4,140,288027,99.2,0.7,-0.5,435730,99.2,0.4,-0.4,199753,103.4,1.1,5.3,17,360648,99.2,0.5,-0.5,203
1/1/2024,Trafford,E08000009,357161,98.9,,-0.3,-1.1,,172,724355,98.6,-0.2,-1.4,400435,99,-0.3,-1,305890,98.8,-0.3,-1.2,204310,98.8,-0.5,-1.2,324519,98.8,-0.4,-1.2,42,371914,98.9,-0.3,-1.1,120,286905,98.8,-0.4,-1.2,434368,98.9,-0.3,-1.1,199251,103.1,-0.3,3.1,2,359386,98.8,-0.3,-1.2,170
2/1/2024,Trafford,E08000009,355075,98.3,,-0.6,-0.3,,206,717539,97.7,-0.9,-0.9,397630,98.3,-0.7,-0.3,305186,98.6,-0.2,0.2,203161,98.2,-0.6,-0.5,322563,98.2,-0.6,-0.4,64,369771,98.3,-0.6,-0.2,130,285534,98.3,-0.5,-0.2,431409,98.2,-0.7,-0.3,198882,102.9,-0.2,3.1,10,357247,98.2,-0.6,-0.3,196
3/1/2024,Trafford,E08000009,355373,98.4,,0.1,-0.6,,215,720103,98,0.4,-1.4,396967,98.2,-0.2,-1,305507,98.7,0.1,0.3,203864,98.6,0.3,-0.5,322995,98.4,0.1,-0.6,50,370005,98.4,0.1,-0.6,130,285661,98.4,0,-0.5,431912,98.4,0.1,-0.7,201668,104.4,1.4,1.9,23,357433,98.3,0.1,-0.7,192
4/1/2024,Trafford,E08000009,357229,98.9,,0.5,0.8,,202,723998,98.6,0.5,-0.2,398598,98.6,0.4,0.4,307027,99.2,0.5,1.9,205406,99.3,0.8,1.1,324799,98.9,0.6,0.8,52,371882,98.9,0.5,0.9,130,287182,98.9,0.5,1,434129,98.9,0.5,0.7,202151,104.6,0.2,2.2,9,359345,98.8,0.5,0.8,193
5/1/2024,Trafford,E08000009,360036,99.7,,0.8,1.8,,237,729043,99.3,0.7,0.6,401490,99.3,0.7,1.3,309296,99.9,0.7,2.9,207496,100.3,1,2.3,327523,99.8,0.8,1.9,55,374722,99.6,0.8,1.8,175,289528,99.7,0.8,2,437414,99.6,0.8,1.6,203364,105.3,0.6,2.7,5,362198,99.6,0.8,1.8,232
6/1/2024,Trafford,E08000009,359008,99.4,,-0.3,1.7,,233,724900,98.7,-0.6,0.2,400778,99.1,-0.2,1.4,308989,99.8,-0.1,2.6,206384,99.8,-0.5,2.1,326560,99.5,-0.3,1.8,63,373665,99.4,-0.3,1.7,155,288872,99.5,-0.2,2,435925,99.3,-0.3,1.4,200173,103.6,-1.6,2.6,3,361369,99.4,-0.2,1.7,230
7/1/2024,Trafford,E08000009,362442,100.3,,1,0.7,,293,729820,99.4,0.7,-0.7,404960,100.1,1,0.5,313262,101.2,1.4,1.8,207332,100.2,0.5,0.8,329375,100.3,0.9,0.8,61,377388,100.4,1,0.7,217,291746,100.5,1,1.1,439940,100.2,0.9,0.4,201442,104.3,0.6,1.6,2,364878,100.3,1,0.8,291
8/1/2024,Trafford,E08000009,369511,102.3,,2,1.2,,302,743919,101.3,1.9,-0.4,413067,102.1,2,1,320413,103.5,2.3,2.3,210360,101.7,1.5,1.4,335483,102.2,1.9,1.2,61,384899,102.4,2,1.2,213,297347,102.4,1.9,1.7,448645,102.2,2,0.8,203684,105.4,1.1,2.3,5,372129,102.3,2,1.3,297
9/1/2024,Trafford,E08000009,375741,104,,1.7,3.2,,259,761026,103.6,2.3,2.4,420708,104,1.9,3.1,325532,105.2,1.6,4.2,212619,102.8,1.1,2.9,340756,103.8,1.6,3.2,67,391571,104.1,1.7,3.3,170,301885,104,1.5,3.5,456877,104,1.8,3,206947,107.1,1.6,4.2,3,378416,104.1,1.7,3.3,256
10/1/2024,Trafford,E08000009,376218,104.2,,0.1,4.3,,331,764077,104,0.4,3.9,420959,104.1,0.1,4.1,324966,105,-0.2,4.9,213566,103.3,0.4,4,341521,104,0.2,4.2,80,391910,104.2,0.1,4.3,230,302267,104.1,0.1,4.4,457460,104.2,0.1,4.1,207806,107.6,0.4,5.1,5,378850,104.2,0.1,4.3,326
11/1/2024,Trafford,E08000009,376582,104.3,,0.1,5.6,,282,766880,104.4,0.4,5.7,421924,104.3,0.2,5.6,324622,104.9,-0.1,6.3,213365,103.2,-0.1,4.8,341845,104.1,0.1,5.6,60,392292,104.3,0.1,5.7,207,302537,104.2,0.1,5.7,457933,104.3,0.1,5.5,208411,107.9,0.3,5.5,,379183,104.3,0.1,5.7,282
12/1/2024,Trafford,E08000009,375228,103.9,,-0.4,4.7,,241,762461,103.8,-0.6,5,420259,103.9,-0.4,4.6,323920,104.6,-0.2,5.6,212677,102.8,-0.3,3.6,340615,103.7,-0.4,4.6,61,390882,103.9,-0.4,4.7,164,301844,104,-0.2,4.8,455731,103.8,-0.5,4.6,208720,108,0.1,4.5,2,377735,103.9,-0.4,4.7,239
1/1/2025,Trafford,E08000009,375857,104.1,,0.2,5.2,,244,762910,103.9,0.1,5.3,421720,104.3,0.3,5.3,325132,105,0.4,6.3,211909,102.5,-0.4,3.7,340714,103.8,0,5,49,391763,104.2,0.2,5.3,181,302422,104.2,0.2,5.4,456394,103.9,0.1,5.1,210626,109,0.9,5.7,2,378246,104,0.1,5.2,242
2/1/2025,Trafford,E08000009,377099,104.4,,0.3,6.2,,236,762018,103.7,-0.1,6.2,422744,104.5,0.2,6.3,326967,105.6,0.6,7.1,212945,103,0.5,4.8,341683,104.1,0.3,5.9,63,393138,104.5,0.4,6.3,161,303813,104.6,0.5,6.4,457306,104.1,0.2,6,213403,110.4,1.3,7.3,2,379336,104.3,0.3,6.2,234
3/1/2025,Trafford,E08000009,379968,105.2,,0.8,6.9,,508,758794,103.3,-0.4,5.4,425083,105.1,0.6,7.1,330077,106.6,1,8,216433,104.6,1.6,6.2,344606,105,0.9,6.7,124,396003,105.3,0.7,7,335,306981,105.7,1,7.5,459464,104.6,0.5,6.4,217563,112.6,1.9,7.9,10,381996,105,0.7,6.9,498
4/1/2025,Trafford,E08000009,371949,103,,-2.1,4.1,,121,749970,102.1,-1.2,3.6,416762,103,-2,4.6,322220,104.1,-2.4,4.9,210752,101.9,-2.6,2.6,336980,102.6,-2.2,3.8,23,387798,103.1,-2.1,4.3,82,299460,103.1,-2.5,4.3,451400,102.8,-1.8,4,212639,110.1,-2.3,5.2,13,373971,102.8,-2.1,4.1,108
5/1/2025,Trafford,E08000009,370197,102.5,,-0.5,2.8,,188,750590,102.2,0.1,3,415246,102.7,-0.4,3.4,320728,103.6,-0.5,3.7,208634,100.9,-1,0.5,334944,102,-0.6,2.3,49,386164,102.7,-0.4,3.1,125,297523,102.5,-0.6,2.8,450085,102.5,-0.3,2.9,211061,109.2,-0.7,3.8,2,372272,102.4,-0.5,2.8,186
6/1/2025,Trafford,E08000009,364344,100.9,,-1.6,1.5,,214,746903,101.7,-0.5,3,410149,101.4,-1.2,2.3,315516,101.9,-1.6,2.1,202711,98,-2.8,-1.8,328901,100.2,-1.8,0.7,43,380378,101.1,-1.5,1.8,139,291643,100.4,-2,1,444775,101.3,-1.2,2,205064,106.1,-2.8,2.4,9,366676,100.8,-1.5,1.5,205
7/1/2025,Trafford,E08000009,369687,102.4,,1.5,2,,255,751490,102.3,0.6,3,416048,102.9,1.4,2.7,321448,103.8,1.9,2.6,205902,99.6,1.6,-0.7,333694,101.6,1.5,1.3,28,385970,102.6,1.5,2.3,180,296654,102.2,1.7,1.7,450147,102.5,1.2,2.3,206430,106.8,0.7,2.4,,372234,102.4,1.5,2,255
8/1/2025,Trafford,E08000009,374686,103.7,,1.4,1.4,,255,759157,103.4,1,2,422847,104.6,1.6,2.4,325867,105.3,1.4,1.7,208075,100.6,1.1,-1.1,338076,103,1.3,0.8,39,391244,104,1.4,1.6,167,300634,103.5,1.3,1.1,456282,103.9,1.4,1.7,208593,108,1,2.4,1,377336,103.8,1.4,1.4,254
9/1/2025,Trafford,E08000009,379674,105.1,,1.3,1,,222,770369,104.9,1.5,1.2,429161,106.1,1.5,2,330528,106.8,1.4,1.5,209848,101.5,0.9,-1.3,342308,104.3,1.3,0.5,38,396569,105.5,1.4,1.3,131,304435,104.9,1.3,0.8,462670,105.4,1.4,1.3,211103,109.3,1.2,2,,382389,105.1,1.3,1,222
10/1/2025,Trafford,E08000009,382320,105.9,,0.7,1.6,,255,775623,105.6,0.7,1.5,431982,106.8,0.7,2.6,332794,107.5,0.7,2.4,211499,102.3,0.8,-1,344861,105,0.7,1,38,399260,106.2,0.7,1.9,136,306878,105.7,0.8,1.5,465394,106,0.6,1.7,216001,111.8,2.3,3.9,,384681,105.8,0.6,1.5,255
11/1/2025,Trafford,E08000009,381303,105.6,,-0.3,1.3,,198,771776,105.1,-0.5,0.6,429588,106.2,-0.6,1.8,332299,107.4,-0.1,2.4,212013,102.5,0.2,-0.6,344303,104.9,-0.2,0.7,15,398044,105.8,-0.3,1.5,80,306704,105.6,-0.1,1.4,463166,105.5,-0.5,1.1,220803,114.3,2.2,5.9,,383087,105.3,-0.4,1,198
12/1/2025,Trafford,E08000009,382003,105.8,,0.2,1.8,,211,770186,104.9,-0.2,1,429893,106.3,0.1,2.3,333231,107.7,0.3,2.9,213089,103,0.5,0.2,345108,105.1,0.2,1.3,20,398700,106,0.2,2,91,307987,106.1,0.4,2,462903,105.4,-0.1,1.6,222803,115.3,0.9,6.7,,383615,105.5,0.1,1.6,211
1/1/2026,Trafford,E08000009,384549,106.5,,0.7,2.3,,,772575,105.2,0.3,1.3,433512,107.2,0.8,2.8,336674,108.8,1,3.5,213471,103.2,0.2,0.7,346981,105.7,0.5,1.8,,401542,106.8,0.7,2.5,,310084,106.8,0.7,2.5,465919,106.1,0.7,2.1,,,,,,,,,,
2/1/2026,Trafford,E08000009,378404,104.8,,-1.6,0.3,,,761765,103.7,-1.4,0,428413,105.9,-1.2,1.3,331233,107,-1.6,1.3,208231,100.7,-2.5,-2.2,340762,103.8,-1.8,-0.3,,395409,105.1,-1.5,0.6,,304846,105,-1.7,0.3,458977,104.5,-1.5,0.4,,,,,,,,,,
1/1/1995,Wigan,E08000010,38010,21.1,,,,,244,65891,22.3,,,38739,20.8,,,29709,20.5,,,27509,26.2,,,,,,,,,,,,,,,,,,,,,53031,21.2,,,39,36768,20.9,,,205
2/1/1995,Wigan,E08000010,38666,21.5,,1.7,,,269,66693,22.5,1.2,,39620,21.3,2.3,,30110,20.8,1.4,,27980,26.7,1.7,,,,,,,,,,,,,,,,,,,,54200,21.6,2.2,,49,37362,21.3,1.6,,220
3/1/1995,Wigan,E08000010,38531,21.4,,-0.4,,,393,66334,22.4,-0.5,,39465,21.2,-0.4,,30051,20.7,-0.2,,27854,26.5,-0.4,,,,,,,,,,,,,,,,,,,,54037,21.6,-0.3,,60,37227,21.2,-0.4,,333
4/1/1995,Wigan,E08000010,38614,21.5,,0.2,,,269,66266,22.4,-0.1,,39594,21.2,0.3,,30129,20.8,0.3,,27924,26.6,0.3,,,,,,,,,,,,,,,,,,,,54091,21.6,0.1,,44,37317,21.2,0.2,,225
5/1/1995,Wigan,E08000010,38636,21.5,,0.1,,,311,66098,22.3,-0.3,,39578,21.2,0,,30233,20.8,0.3,,27922,26.6,0,,,,,,,,,,,,,,,,,,,,53915,21.5,-0.3,,51,37372,21.3,0.1,,260
6/1/1995,Wigan,E08000010,38847,21.6,,0.5,,,439,66499,22.5,0.6,,39856,21.4,0.7,,30331,20.9,0.3,,28170,26.8,0.9,,,,,,,,,,,,,,,,,,,,54216,21.6,0.6,,87,37575,21.4,0.5,,352
7/1/1995,Wigan,E08000010,38726,21.5,,-0.3,,,354,66485,22.5,0,,39725,21.3,-0.3,,30196,20.8,-0.4,,27943,26.6,-0.8,,,,,,,,,,,,,,,,,,,,54114,21.6,-0.2,,49,37447,21.3,-0.3,,305
8/1/1995,Wigan,E08000010,38753,21.5,,0.1,,,362,67018,22.6,0.8,,39721,21.3,0,,30131,20.8,-0.2,,27804,26.5,-0.5,,,,,,,,,,,,,,,,,,,,54257,21.6,0.3,,64,37457,21.3,0,,298
9/1/1995,Wigan,E08000010,38523,21.4,,-0.6,,,362,66594,22.5,-0.6,,39440,21.2,-0.7,,30005,20.7,-0.4,,27474,26.2,-1.2,,,,,,,,,,,,,,,,,,,,53645,21.4,-1.1,,101,37280,21.2,-0.5,,261
10/1/1995,Wigan,E08000010,38392,21.3,,-0.3,,,308,66452,22.5,-0.2,,39400,21.1,-0.1,,29791,20.5,-0.7,,27520,26.2,0.2,,,,,,,,,,,,,,,,,,,,53736,21.4,0.2,,64,37110,21.1,-0.5,,244
11/1/1995,Wigan,E08000010,37822,21,,-1.5,,,385,65479,22.1,-1.5,,38871,20.9,-1.3,,29290,20.2,-1.7,,27286,26,-0.9,,,,,,,,,,,,,,,,,,,,53140,21.2,-1.1,,74,36528,20.8,-1.6,,311
12/1/1995,Wigan,E08000010,37484,20.8,,-0.9,,,442,65042,22,-0.7,,38589,20.7,-0.7,,28928,19.9,-1.2,,27127,25.8,-0.6,,,,,,,,,,,,,,,,,,,,53181,21.2,0.1,,105,36119,20.5,-1.1,,337
1/1/1996,Wigan,E08000010,37366,20.8,,-0.3,-1.7,,258,65234,22,0.3,-1,38461,20.6,-0.3,-0.7,28753,19.8,-0.6,-3.2,26830,25.6,-1.1,-2.5,,,,,,,,,,,,,,,,,,,53457,21.3,0.5,0.8,41,35936,20.4,-0.5,-2.3,217
2/1/1996,Wigan,E08000010,37485,20.8,,0.3,-3.1,,304,65528,22.1,0.5,-1.7,38618,20.7,0.4,-2.5,28802,19.9,0.2,-4.3,26824,25.6,0,-4.1,,,,,,,,,,,,,,,,,,,54043,21.6,1.1,-0.3,63,35989,20.5,0.1,-3.7,241
3/1/1996,Wigan,E08000010,37446,20.8,,-0.1,-2.8,,457,65631,22.2,0.2,-1.1,38634,20.7,0,-2.1,28696,19.8,-0.4,-4.5,26619,25.4,-0.8,-4.4,,,,,,,,,,,,,,,,,,,54300,21.7,0.5,0.5,128,35907,20.4,-0.2,-3.5,329
4/1/1996,Wigan,E08000010,37623,20.9,,0.5,-2.6,,314,65635,22.2,0,-1,38757,20.8,0.3,-2.1,28963,20,0.9,-3.9,26814,25.5,0.7,-4,,,,,,,,,,,,,,,,,,,54379,21.7,0.1,0.5,72,36111,20.5,0.6,-3.2,242
5/1/1996,Wigan,E08000010,37747,21,,0.3,-2.3,,434,65554,22.1,-0.1,-0.8,38798,20.8,0.1,-2,29220,20.2,0.9,-3.4,26845,25.6,0.1,-3.9,,,,,,,,,,,,,,,,,,,54091,21.6,-0.5,0.3,102,36322,20.7,0.6,-2.8,332
6/1/1996,Wigan,E08000010,38230,21.3,,1.3,-1.6,,448,66285,22.4,1.1,-0.3,39227,21.1,1.1,-1.6,29670,20.5,1.5,-2.2,27404,26.1,2.1,-2.7,,,,,,,,,,,,,,,,,,,54608,21.8,1,0.7,131,36821,20.9,1.4,-2,317
7/1/1996,Wigan,E08000010,38349,21.3,,0.3,-1,,414,66596,22.5,0.5,0.2,39375,21.1,0.4,-0.9,29724,20.5,0.2,-1.6,27295,26,-0.4,-2.3,,,,,,,,,,,,,,,,,,,54634,21.8,0,1,89,36965,21,0.4,-1.3,325
8/1/1996,Wigan,E08000010,38178,21.2,,-0.4,-1.5,,404,66691,22.5,0.1,-0.5,39189,21,-0.5,-1.3,29503,20.3,-0.7,-2.1,26973,25.7,-1.2,-3,,,,,,,,,,,,,,,,,,,54521,21.8,-0.2,0.5,71,36773,20.9,-0.5,-1.8,333
9/1/1996,Wigan,E08000010,38115,21.2,,-0.2,-1.1,,379,66902,22.6,0.3,0.5,39066,21,-0.3,-0.9,29441,20.3,-0.2,-1.9,26545,25.3,-1.6,-3.4,,,,,,,,,,,,,,,,,,,54266,21.7,-0.5,1.2,81,36745,20.9,-0.1,-1.4,298
10/1/1996,Wigan,E08000010,38712,21.5,,1.6,0.8,,454,68024,23,1.7,2.4,39706,21.3,1.6,0.8,29862,20.6,1.4,0.2,26884,25.6,1.3,-2.3,,,,,,,,,,,,,,,,,,,55122,22,1.6,2.6,89,37319,21.2,1.6,0.6,365
11/1/1996,Wigan,E08000010,38589,21.4,,-0.3,2,,493,67660,22.9,-0.5,3.3,39619,21.3,-0.2,1.9,29769,20.5,-0.3,1.6,26889,25.6,0,-1.5,,,,,,,,,,,,,,,,,,,54918,21.9,-0.4,3.3,111,37207,21.2,-0.3,1.9,382
12/1/1996,Wigan,E08000010,38918,21.6,,0.9,3.8,,475,67923,22.9,0.4,4.4,40029,21.5,1,3.7,30044,20.7,0.9,3.9,27088,25.8,0.7,-0.1,,,,,,,,,,,,,,,,,,,55284,22.1,0.7,4,148,37545,21.4,0.9,3.9,327
1/1/1997,Wigan,E08000010,38100,21.2,,-2.1,2,,309,66490,22.5,-2.1,1.9,39152,21,-2.2,1.8,29453,20.3,-2,2.4,26391,25.1,-2.6,-1.6,,,,,,,,,,,,,,,,,,,53925,21.5,-2.5,0.9,60,36795,20.9,-2,2.4,249
2/1/1997,Wigan,E08000010,38248,21.3,,0.4,2,,348,66929,22.6,0.7,2.1,39335,21.1,0.5,1.9,29505,20.3,0.2,2.4,26380,25.1,0,-1.7,,,,,,,,,,,,,,,,,,,54208,21.6,0.5,0.3,63,36927,21,0.4,2.6,285
3/1/1997,Wigan,E08000010,38363,21.3,,0.3,2.4,,465,67290,22.7,0.5,2.5,39384,21.1,0.1,1.9,29611,20.4,0.4,3.2,26558,25.3,0.7,-0.2,,,,,,,,,,,,,,,,,,,54518,21.8,0.6,0.4,107,37011,21.1,0.2,3.1,358
4/1/1997,Wigan,E08000010,38515,21.4,,0.4,2.4,,416,67309,22.7,0,2.5,39567,21.2,0.5,2.1,29773,20.5,0.5,2.8,26776,25.5,0.8,-0.1,,,,,,,,,,,,,,,,,,,54810,21.9,0.5,0.8,90,37144,21.1,0.4,2.9,326
5/1/1997,Wigan,E08000010,39314,21.9,,2.1,4.2,,476,68445,23.1,1.7,4.4,40393,21.7,2.1,4.1,30473,21,2.4,4.3,27167,25.9,1.5,1.2,,,,,,,,,,,,,,,,,,,55701,22.2,1.6,3,104,37960,21.6,2.2,4.5,372
6/1/1997,Wigan,E08000010,39293,21.8,,-0.1,2.8,,491,68368,23.1,-0.1,3.1,40397,21.7,0,3,30464,21,0,2.7,26794,25.5,-1.4,-2.2,,,,,,,,,,,,,,,,,,,55359,22.1,-0.6,1.4,141,37995,21.6,0.1,3.2,350
7/1/1997,Wigan,E08000010,40193,22.3,,2.3,4.8,,439,70060,23.7,2.5,5.2,41290,22.2,2.2,4.9,31169,21.5,2.3,4.9,27039,25.8,0.9,-0.9,,,,,,,,,,,,,,,,,,,56329,22.5,1.8,3.1,86,38918,22.1,2.4,5.3,353
8/1/1997,Wigan,E08000010,39995,22.2,,-0.5,4.8,,435,69969,23.6,-0.1,4.9,41055,22,-0.6,4.8,30976,21.4,-0.6,5,26752,25.5,-1.1,-0.8,,,,,,,,,,,,,,,,,,,55922,22.3,-0.7,2.6,73,38751,22,-0.4,5.4,362
9/1/1997,Wigan,E08000010,40370,22.4,,0.9,5.9,,430,70761,23.9,1.1,5.8,41420,22.2,0.9,6,31246,21.5,0.9,6.1,26910,25.6,0.6,1.4,,,,,,,,,,,,,,,,,,,56534,22.6,1.1,4.2,107,39097,22.2,0.9,6.4,323
10/1/1997,Wigan,E08000010,40344,22.4,,-0.1,4.2,,475,70826,23.9,0.1,4.1,41451,22.2,0.1,4.4,31144,21.5,-0.3,4.3,26944,25.7,0.1,0.2,,,,,,,,,,,,,,,,,,,56583,22.6,0.1,2.7,91,39057,22.2,-0.1,4.7,384
11/1/1997,Wigan,E08000010,40141,22.3,,-0.5,4,,490,70465,23.8,-0.5,4.1,41266,22.1,-0.4,4.2,30969,21.4,-0.6,4,26803,25.5,-0.5,-0.3,,,,,,,,,,,,,,,,,,,56371,22.5,-0.4,2.6,103,38847,22.1,-0.5,4.4,387
12/1/1997,Wigan,E08000010,39784,22.1,,-0.9,2.2,,493,69833,23.6,-0.9,2.8,41005,22,-0.6,2.4,30606,21.1,-1.2,1.9,26623,25.4,-0.7,-1.7,,,,,,,,,,,,,,,,,,,55996,22.3,-0.7,1.3,116,38480,21.9,-0.9,2.5,377
1/1/1998,Wigan,E08000010,39627,22,,-0.4,4,,293,69887,23.6,0.1,5.1,40765,21.9,-0.6,4.1,30453,21,-0.5,3.4,26540,25.3,-0.3,0.6,,,,,,,,,,,,,,,,,,,56206,22.4,0.4,4.2,55,38251,21.8,-0.6,4,238
2/1/1998,Wigan,E08000010,39848,22.1,,0.6,4.2,,396,70430,23.8,0.8,5.2,41043,22,0.7,4.3,30523,21,0.2,3.5,26926,25.6,1.5,2.1,,,,,,,,,,,,,,,,,,,57091,22.8,1.6,5.3,75,38359,21.8,0.3,3.9,321
3/1/1998,Wigan,E08000010,40030,22.3,,0.5,4.3,,393,70861,23.9,0.6,5.3,41218,22.1,0.4,4.7,30639,21.1,0.4,3.5,27050,25.8,0.5,1.9,,,,,,,,,,,,,,,,,,,57658,23,1,5.8,110,38480,21.9,0.3,4,283
4/1/1998,Wigan,E08000010,40345,22.4,,0.8,4.8,,419,71086,24,0.3,5.6,41609,22.3,1,5.2,30918,21.3,0.9,3.8,27233,25.9,0.7,1.7,,,,,,,,,,,,,,,,,,,57964,23.1,0.5,5.8,84,38811,22.1,0.9,4.5,335
5/1/1998,Wigan,E08000010,40913,22.7,,1.4,4.1,,440,71781,24.3,1,4.9,42141,22.6,1.3,4.3,31494,21.7,1.9,3.4,27378,26.1,0.5,0.8,,,,,,,,,,,,,,,,,,,58305,23.3,0.6,4.7,106,39449,22.4,1.6,3.9,334
6/1/1998,Wigan,E08000010,40961,22.8,,0.1,4.2,,493,71815,24.3,0,5,42160,22.6,0,4.4,31568,21.8,0.2,3.6,27507,26.2,0.5,2.7,,,,,,,,,,,,,,,,,,,58126,23.2,-0.3,5,128,39544,22.5,0.2,4.1,365
7/1/1998,Wigan,E08000010,40839,22.7,,-0.3,1.6,,511,71792,24.3,0,2.5,42002,22.5,-0.4,1.7,31448,21.7,-0.4,0.9,27370,26.1,-0.5,1.2,,,,,,,,,,,,,,,,,,,57922,23.1,-0.4,2.8,100,39432,22.4,-0.3,1.3,411
8/1/1998,Wigan,E08000010,40726,22.6,,-0.3,1.8,,411,71998,24.3,0.3,2.9,41831,22.4,-0.4,1.9,31296,21.6,-0.5,1,27223,25.9,-0.5,1.8,,,,,,,,,,,,,,,,,,,57916,23.1,0,3.6,86,39292,22.4,-0.4,1.4,325
9/1/1998,Wigan,E08000010,40682,22.6,,-0.1,0.8,,430,72039,24.3,0.1,1.8,41730,22.4,-0.2,0.7,31283,21.6,0,0.1,26994,25.7,-0.8,0.3,,,,,,,,,,,,,,,,,,,57693,23,-0.4,2,104,39282,22.3,0,0.5,326
10/1/1998,Wigan,E08000010,40340,22.4,,-0.8,0,,458,71576,24.2,-0.6,1.1,41404,22.2,-0.8,-0.1,30956,21.3,-1,-0.6,26851,25.6,-0.5,-0.3,,,,,,,,,,,,,,,,,,,57301,22.9,-0.7,1.3,101,38933,22.1,-0.9,-0.3,357
11/1/1998,Wigan,E08000010,39814,22.1,,-1.3,-0.8,,372,70751,23.9,-1.2,0.4,40950,22,-1.1,-0.8,30446,21,-1.6,-1.7,26637,25.4,-0.8,-0.6,,,,,,,,,,,,,,,,,,,56761,22.6,-0.9,0.7,93,38385,21.8,-1.4,-1.2,279
12/1/1998,Wigan,E08000010,39888,22.2,,0.2,0.3,,417,70802,23.9,0.1,1.4,41134,22.1,0.4,0.3,30425,21,-0.1,-0.6,26964,25.7,1.2,1.3,,,,,,,,,,,,,,,,,,,57270,22.9,0.9,2.3,108,38378,21.8,0,-0.3,309
1/1/1999,Wigan,E08000010,39197,21.8,,-1.7,-1.1,,273,69592,23.5,-1.7,-0.4,40450,21.7,-1.7,-0.8,29870,20.6,-1.8,-1.9,26526,25.3,-1.6,-0.1,,,,,,,,,,,,,,,,,,,56586,22.6,-1.2,0.7,51,37655,21.4,-1.9,-1.6,222
2/1/1999,Wigan,E08000010,39188,21.8,,0,-1.7,,362,69482,23.5,-0.2,-1.3,40464,21.7,0,-1.4,29868,20.6,0,-2.1,26563,25.3,0.1,-1.3,,,,,,,,,,,,,,,,,,,56603,22.6,0,-0.9,68,37634,21.4,-0.1,-1.9,294
3/1/1999,Wigan,E08000010,39126,21.7,,-0.2,-2.3,,408,69519,23.5,0.1,-1.9,40396,21.7,-0.2,-2,29788,20.5,-0.3,-2.8,26490,25.2,-0.3,-2.1,,,,,,,,,,,,,,,,,,,56508,22.5,-0.2,-2,86,37568,21.4,-0.2,-2.4,322
4/1/1999,Wigan,E08000010,40550,22.5,,3.6,0.5,,403,71660,24.2,3.1,0.8,41846,22.5,3.6,0.6,31006,21.4,4.1,0.3,27435,26.1,3.6,0.7,,,,,,,,,,,,,,,,,,,58095,23.2,2.8,0.2,85,39007,22.2,3.8,0.5,318
5/1/1999,Wigan,E08000010,41464,23,,2.3,1.3,,439,73086,24.7,2,1.8,42757,22.9,2.2,1.5,31793,21.9,2.5,0.9,27951,26.6,1.9,2.1,,,,,,,,,,,,,,,,,,,59285,23.7,2,1.7,107,39904,22.7,2.3,1.2,332
6/1/1999,Wigan,E08000010,41840,23.3,,0.9,2.1,,461,73659,24.9,0.8,2.6,43082,23.1,0.8,2.2,32165,22.2,1.2,1.9,28097,26.8,0.5,2.1,,,,,,,,,,,,,,,,,,,59660,23.8,0.6,2.6,80,40291,22.9,1,1.9,381
7/1/1999,Wigan,E08000010,41842,23.3,,0,2.5,,501,73954,25,0.4,3,43012,23.1,-0.2,2.4,32145,22.2,-0.1,2.2,28027,26.7,-0.2,2.4,,,,,,,,,,,,,,,,,,,59727,23.8,0.1,3.1,75,40283,22.9,0,2.2,426
8/1/1999,Wigan,E08000010,41432,23,,-1,1.7,,431,73395,24.8,-0.8,1.9,42504,22.8,-1.2,1.6,31857,22,-0.9,1.8,27700,26.4,-1.2,1.8,,,,,,,,,,,,,,,,,,,58908,23.5,-1.4,1.7,74,39924,22.7,-0.9,1.6,357
9/1/1999,Wigan,E08000010,41219,22.9,,-0.5,1.3,,401,73224,24.7,-0.2,1.6,42216,22.7,-0.7,1.2,31691,21.9,-0.5,1.3,27602,26.3,-0.4,2.2,,,,,,,,,,,,,,,,,,,58425,23.3,-0.8,1.3,77,39747,22.6,-0.4,1.2,324
10/1/1999,Wigan,E08000010,41325,23,,0.3,2.4,,471,73505,24.8,0.4,2.7,42417,22.8,0.5,2.4,31661,21.8,-0.1,2.3,27821,26.5,0.8,3.6,,,,,,,,,,,,,,,,,,,58591,23.4,0.3,2.3,84,39847,22.7,0.3,2.3,387
11/1/1999,Wigan,E08000010,41948,23.3,,1.5,5.4,,463,74552,25.2,1.4,5.4,43117,23.1,1.7,5.3,32097,22.1,1.4,5.4,28407,27.1,2.1,6.6,,,,,,,,,,,,,,,,,,,59429,23.7,1.4,4.7,84,40454,23,1.5,5.4,379
12/1/1999,Wigan,E08000010,42927,23.9,,2.3,7.6,,494,76151,25.7,2.1,7.6,44195,23.7,2.5,7.4,32822,22.6,2.3,7.9,29193,27.8,2.8,8.3,,,,,,,,,,,,,,,,,,,61128,24.4,2.9,6.7,95,41351,23.5,2.2,7.7,399
1/1/2000,Wigan,E08000010,43169,24,,0.6,10.1,,303,76707,25.9,0.7,10.2,44430,23.8,0.5,9.8,32989,22.7,0.5,10.4,29177,27.8,-0.1,10,,,,,,,,,,,,,,,,,,,61476,24.5,0.6,8.6,52,41583,23.7,0.6,10.4,251
2/1/2000,Wigan,E08000010,42365,23.5,,-1.9,8.1,,388,75556,25.5,-1.5,8.7,43618,23.4,-1.8,7.8,32285,22.3,-2.1,8.1,28481,27.1,-2.4,7.2,,,,,,,,,,,,,,,,,,,60701,24.2,-1.3,7.2,69,40757,23.2,-2,8.3,319
3/1/2000,Wigan,E08000010,41749,23.2,,-1.5,6.7,,497,74520,25.2,-1.4,7.2,43043,23.1,-1.3,6.6,31753,21.9,-1.6,6.6,27776,26.5,-2.5,4.9,,,,,,,,,,,,,,,,,,,59686,23.8,-1.7,5.6,107,40184,22.9,-1.4,7,390
4/1/2000,Wigan,E08000010,42051,23.4,,0.7,3.7,,362,74759,25.3,0.3,4.3,43339,23.3,0.7,3.6,32070,22.1,1,3.4,28137,26.8,1.3,2.6,,,,,,,,,,,,,,,,,,,60012,23.9,0.5,3.3,50,40489,23,0.8,3.8,312
5/1/2000,Wigan,E08000010,42351,23.5,,0.7,2.1,,500,75147,25.4,0.5,2.8,43699,23.5,0.8,2.2,32295,22.3,0.7,1.6,28433,27.1,1.1,1.7,,,,,,,,,,,,,,,,,,,60234,24,0.4,1.6,92,40804,23.2,0.8,2.3,408
6/1/2000,Wigan,E08000010,42719,23.7,,0.9,2.1,,524,75705,25.6,0.7,2.8,44118,23.7,1,2.4,32565,22.5,0.8,1.2,28868,27.5,1.5,2.7,,,,,,,,,,,,,,,,,,,60541,24.2,0.5,1.5,121,41188,23.4,0.9,2.2,403
7/1/2000,Wigan,E08000010,42414,23.6,,-0.7,1.4,,512,75584,25.5,-0.2,2.2,43863,23.5,-0.6,2,32177,22.2,-1.2,0.1,28498,27.1,-1.3,1.7,,,,,,,,,,,,,,,,,,,60198,24,-0.6,0.8,63,40882,23.3,-0.7,1.5,449
8/1/2000,Wigan,E08000010,43491,24.2,,2.5,5,,497,77973,26.3,3.2,6.2,45021,24.2,2.6,5.9,32831,22.6,2,3.1,29289,27.9,2.8,5.7,,,,,,,,,,,,,,,,,,,62009,24.7,3,5.3,80,41883,23.8,2.4,4.9,417
9/1/2000,Wigan,E08000010,43734,24.3,,0.6,6.1,,510,78951,26.7,1.3,7.8,45210,24.3,0.4,7.1,32920,22.7,0.3,3.9,29393,28,0.4,6.5,,,,,,,,,,,,,,,,,,,62571,25,0.9,7.1,70,42089,23.9,0.5,5.9,440
10/1/2000,Wigan,E08000010,43898,24.4,,0.4,6.2,,485,79407,26.8,0.6,8,45462,24.4,0.6,7.2,32931,22.7,0,4,29664,28.3,0.9,6.6,,,,,,,,,,,,,,,,,,,63085,25.2,0.8,7.7,60,42210,24,0.3,5.9,425
11/1/2000,Wigan,E08000010,43883,24.4,,0,4.6,,480,79424,26.8,0,6.5,45425,24.4,-0.1,5.4,32922,22.7,0,2.6,29735,28.3,0.2,4.7,,,,,,,,,,,,,,,,,,,63179,25.2,0.1,6.3,54,42181,24,-0.1,4.3,426
12/1/2000,Wigan,E08000010,44646,24.8,,1.7,4,,560,80654,27.2,1.5,5.9,46313,24.9,2,4.8,33448,23.1,1.6,1.9,30537,29.1,2.7,4.6,,,,,,,,,,,,,,,,,,,64621,25.8,2.3,5.7,108,42870,24.4,1.6,3.7,452
1/1/2001,Wigan,E08000010,45357,25.2,,1.6,5.1,,337,82080,27.7,1.8,7,46974,25.2,1.4,5.7,34002,23.4,1.7,3.1,31033,29.6,1.6,6.4,,,,,,,,,,,,,,,,,,,66167,26.4,2.4,7.6,36,43488,24.7,1.4,4.6,301
2/1/2001,Wigan,E08000010,44971,25,,-0.9,6.2,,325,81375,27.5,-0.9,7.7,46570,25,-0.9,6.8,33715,23.3,-0.8,4.4,30750,29.3,-0.9,8,,,,,,,,,,,,,,,,,,,66089,26.4,-0.1,8.9,45,43059,24.5,-1,5.6,280
3/1/2001,Wigan,E08000010,44147,24.5,,-1.8,5.7,,514,79984,27,-1.7,7.3,45693,24.5,-1.9,6.2,33088,22.8,-1.9,4.2,29966,28.5,-2.5,7.9,,,,,,,,,,,,,,,,,,,65001,25.9,-1.6,8.9,107,42245,24,-1.9,5.1,407
4/1/2001,Wigan,E08000010,44177,24.6,,0.1,5.1,,449,79844,27,-0.2,6.8,45674,24.5,0,5.4,33193,22.9,0.3,3.5,30075,28.6,0.4,6.9,,,,,,,,,,,,,,,,,,,64759,25.8,-0.4,7.9,52,42302,24.1,0.1,4.5,397
5/1/2001,Wigan,E08000010,44980,25,,1.8,6.2,,494,80837,27.3,1.2,7.6,46519,25,1.9,6.5,33895,23.4,2.1,5,30637,29.2,1.9,7.7,,,,,,,,,,,,,,,,,,,65069,26,0.5,8,64,43157,24.5,2,5.8,430
6/1/2001,Wigan,E08000010,46333,25.8,,3,8.5,,545,83160,28.1,2.9,9.8,47907,25.7,3,8.6,34939,24.1,3.1,7.3,31766,30.3,3.7,10,,,,,,,,,,,,,,,,,,,66966,26.7,2.9,10.6,94,44460,25.3,3,7.9,451
7/1/2001,Wigan,E08000010,47468,26.4,,2.5,11.9,,514,85316,28.8,2.6,12.9,49134,26.4,2.6,12,35730,24.6,2.3,11,32456,30.9,2.2,13.9,,,,,,,,,,,,,,,,,,,68458,27.3,2.2,13.7,64,45564,25.9,2.5,11.5,450
8/1/2001,Wigan,E08000010,48106,26.7,,1.3,10.6,,651,87049,29.4,2,11.6,49706,26.7,1.2,10.4,36136,24.9,1.1,10.1,32908,31.3,1.4,12.4,,,,,,,,,,,,,,,,,,,69919,27.9,2.1,12.8,89,46123,26.2,1.2,10.1,562
9/1/2001,Wigan,E08000010,48691,27.1,,1.2,11.3,,491,88567,29.9,1.7,12.2,50185,26.9,1,11,36564,25.2,1.2,11.1,33303,31.7,1.2,13.3,,,,,,,,,,,,,,,,,,,71069,28.4,1.6,13.6,55,46655,26.5,1.2,10.8,436
10/1/2001,Wigan,E08000010,48944,27.2,,0.5,11.5,,551,89029,30.1,0.5,12.1,50481,27.1,0.6,11,36719,25.3,0.4,11.5,33613,32,0.9,13.3,,,,,,,,,,,,,,,,,,,71865,28.7,1.1,13.9,52,46854,26.7,0.4,11,499
11/1/2001,Wigan,E08000010,49656,27.6,,1.5,13.2,,636,90144,30.5,1.3,13.5,51320,27.5,1.7,13,37214,25.7,1.3,13,34159,32.5,1.6,14.9,,,,,,,,,,,,,,,,,,,72890,29.1,1.4,15.4,76,47538,27,1.5,12.7,560
12/1/2001,Wigan,E08000010,50220,27.9,,1.1,12.5,,516,90823,30.7,0.8,12.6,52081,27.9,1.5,12.5,37570,25.9,1,12.3,34863,33.2,2.1,14.2,,,,,,,,,,,,,,,,,,,73787,29.4,1.2,14.2,75,48072,27.3,1.1,12.1,441
1/1/2002,Wigan,E08000010,50437,28,,0.4,11.2,,390,91412,30.9,0.6,11.4,52311,28.1,0.4,11.4,37678,26,0.3,10.8,35107,33.4,0.7,13.1,,,,,,,,,,,,,,,,,,,74291,29.6,0.7,12.3,33,48262,27.5,0.4,11,357
2/1/2002,Wigan,E08000010,49973,27.8,,-0.9,11.1,,440,90857,30.7,-0.6,11.7,51749,27.8,-1.1,11.1,37324,25.7,-0.9,10.7,34845,33.2,-0.7,13.3,,,,,,,,,,,,,,,,,,,74415,29.7,0.2,12.6,50,47739,27.2,-1.1,10.9,390
3/1/2002,Wigan,E08000010,50274,27.9,,0.6,13.9,,602,91353,30.9,0.5,14.2,52052,27.9,0.6,13.9,37574,25.9,0.7,13.6,34852,33.2,0,16.3,,,,,,,,,,,,,,,,,,,74837,29.9,0.6,15.1,78,48029,27.3,0.6,13.7,524
4/1/2002,Wigan,E08000010,50743,28.2,,0.9,14.9,,521,91848,31,0.5,15,52525,28.2,0.9,15,38010,26.2,1.2,14.5,35413,33.7,1.6,17.7,,,,,,,,,,,,,,,,,,,75390,30.1,0.7,16.4,53,48491,27.6,1,14.6,468
5/1/2002,Wigan,E08000010,52767,29.3,,4,17.3,,727,94855,32,3.3,17.3,54747,29.4,4.2,17.7,39581,27.3,4.1,16.8,36924,35.2,4.3,20.5,,,,,,,,,,,,,,,,,,,77406,30.9,2.7,19,66,50522,28.7,4.2,17.1,661
6/1/2002,Wigan,E08000010,53919,30,,2.2,16.4,,545,96967,32.8,2.2,16.6,55874,30,2.1,16.6,40484,27.9,2.3,15.9,37854,36.1,2.5,19.2,,,,,,,,,,,,,,,,,,,78957,31.5,2,17.9,77,51639,29.4,2.2,16.1,468
7/1/2002,Wigan,E08000010,55259,30.7,,2.5,16.4,,660,99416,33.6,2.5,16.5,57227,30.7,2.4,16.5,41517,28.6,2.6,16.2,38570,36.7,1.9,18.8,,,,,,,,,,,,,,,,,,,80354,32.1,1.8,17.4,45,52977,30.1,2.6,16.3,615
8/1/2002,Wigan,E08000010,56117,31.2,,1.6,16.7,,657,101077,34.1,1.7,16.1,58070,31.2,1.5,16.8,42168,29.1,1.6,16.7,39207,37.3,1.7,19.1,,,,,,,,,,,,,,,,,,,81495,32.5,1.4,16.6,56,53811,30.6,1.6,16.7,601
9/1/2002,Wigan,E08000010,55997,31.1,,-0.2,15,,514,100830,34.1,-0.2,13.8,58044,31.1,0,15.7,42012,29,-0.4,14.9,39032,37.2,-0.4,17.2,,,,,,,,,,,,,,,,,,,80778,32.2,-0.9,13.7,51,53750,30.6,-0.1,15.2,463
10/1/2002,Wigan,E08000010,56757,31.5,,1.4,16,,638,102037,34.5,1.2,14.6,58985,31.7,1.6,16.8,42497,29.3,1.2,15.7,39707,37.8,1.7,18.1,,,,,,,,,,,,,,,,,,,81862,32.7,1.3,13.9,48,54480,31,1.4,16.3,590
11/1/2002,Wigan,E08000010,57742,32.1,,1.7,16.3,,672,103843,35.1,1.8,15.2,60012,32.2,1.7,16.9,43219,29.8,1.7,16.1,40516,38.6,2,18.6,,,,,,,,,,,,,,,,,,,83005,33.1,1.4,13.9,73,55454,31.5,1.8,16.7,599
12/1/2002,Wigan,E08000010,59598,33.1,,3.2,18.7,,635,106722,36.1,2.8,17.5,62034,33.3,3.4,19.1,44637,30.8,3.3,18.8,42133,40.1,4,20.9,,,,,,,,,,,,,,,,,,,85570,34.1,3.1,16,96,57247,32.6,3.2,19.1,539
1/1/2003,Wigan,E08000010,60790,33.8,,2,20.5,,445,108611,36.7,1.8,18.8,63169,33.9,1.8,20.8,45664,31.5,2.3,21.2,43106,41.1,2.3,22.8,,,,,,,,,,,,,,,,,,,86674,34.6,1.3,16.7,32,58453,33.3,2.1,21.1,413
2/1/2003,Wigan,E08000010,62049,34.5,,2.1,24.2,,454,110409,37.3,1.7,21.5,64626,34.7,2.3,24.9,46604,32.1,2.1,24.9,44047,42,2.2,26.4,,,,,,,,,,,,,,,,,,,88424,35.3,2,18.8,61,59668,33.9,2.1,25,393
3/1/2003,Wigan,E08000010,63490,35.3,,2.3,26.3,,526,113188,38.2,2.5,23.9,66069,35.5,2.2,26.9,47684,32.9,2.3,26.9,44927,42.8,2,28.9,,,,,,,,,,,,,,,,,,,90723,36.2,2.6,21.2,64,61029,34.7,2.3,27.1,462
4/1/2003,Wigan,E08000010,64953,36.1,,2.3,28,,532,115558,39,2.1,25.8,67781,36.4,2.6,29,48696,33.6,2.1,28.1,45911,43.7,2.2,29.6,,,,,,,,,,,,,,,,,,,93109,37.2,2.6,23.5,51,62405,35.5,2.3,28.7,481
5/1/2003,Wigan,E08000010,66243,36.8,,2,25.5,,581,117785,39.8,1.9,24.2,69140,37.1,2,26.3,49679,34.3,2,25.5,46618,44.4,1.5,26.3,,,,,,,,,,,,,,,,,,,94835,37.8,1.9,22.5,91,63657,36.2,2,26,490
6/1/2003,Wigan,E08000010,68570,38.1,,3.5,27.2,,594,121293,41,3,25.1,71582,38.4,3.5,28.1,51558,35.6,3.8,27.4,48524,46.2,4.1,28.2,,,,,,,,,,,,,,,,,,,97922,39.1,3.3,24,96,65918,37.5,3.6,27.7,498
7/1/2003,Wigan,E08000010,70734,39.3,,3.2,28,,561,124622,42.1,2.7,25.4,73827,39.6,3.1,29,53320,36.8,3.4,28.4,49996,47.6,3,29.6,,,,,,,,,,,,,,,,,,,100807,40.2,2.9,25.5,56,68019,38.7,3.2,28.4,505
8/1/2003,Wigan,E08000010,73216,40.7,,3.5,30.5,,618,128386,43.4,3,27,76371,41,3.4,31.5,55369,38.2,3.8,31.3,51957,49.5,3.9,32.5,,,,,,,,,,,,,,,,,,,103882,41.5,3.1,27.5,66,70452,40.1,3.6,30.9,552
9/1/2003,Wigan,E08000010,75225,41.8,,2.7,34.3,,589,131536,44.4,2.5,30.5,78450,42.1,2.7,35.2,57009,39.3,3,35.7,53048,50.5,2.1,35.9,,,,,,,,,,,,,,,,,,,105976,42.3,2,31.2,64,72463,41.2,2.9,34.8,525
10/1/2003,Wigan,E08000010,76151,42.3,,1.2,34.2,,711,132795,44.9,1,30.1,79358,42.6,1.2,34.5,57839,39.9,1.5,36.1,53860,51.3,1.5,35.6,,,,,,,,,,,,,,,,,,,106831,42.6,0.8,30.5,69,73402,41.8,1.3,34.7,642
11/1/2003,Wigan,E08000010,77532,43.1,,1.8,34.3,,640,134892,45.6,1.6,29.9,80807,43.4,1.8,34.7,58959,40.7,1.9,36.4,54801,52.2,1.7,35.3,,,,,,,,,,,,,,,,,,,108597,43.3,1.7,30.8,67,74750,42.5,1.8,34.8,573
12/1/2003,Wigan,E08000010,78489,43.6,,1.2,31.7,,693,135419,45.7,0.4,26.9,81799,43.9,1.2,31.9,59963,41.4,1.7,34.3,55958,53.3,2.1,32.8,,,,,,,,,,,,,,,,,,,109564,43.7,0.9,28,73,75711,43.1,1.3,32.3,620
1/1/2004,Wigan,E08000010,79792,44.4,,1.7,31.3,,479,137631,46.5,1.6,26.7,83045,44.6,1.5,31.5,61058,42.1,1.8,33.7,56837,54.1,1.6,31.9,,,,,,,,,,,,,,,,,,,111713,44.6,2,28.9,22,76935,43.8,1.6,31.6,457
2/1/2004,Wigan,E08000010,80383,44.7,,0.7,29.5,,444,138152,46.7,0.4,25.1,83510,44.8,0.6,29.2,61694,42.5,1,32.4,57432,54.7,1,30.4,,,,,,,,,,,,,,,,,,,113237,45.2,1.4,28.1,34,77439,44.1,0.7,29.8,410
3/1/2004,Wigan,E08000010,81099,45.1,,0.9,27.7,,548,139587,47.2,1,23.3,84056,45.1,0.7,27.2,62278,42.9,0.9,30.6,57655,54.9,0.4,28.3,,,,,,,,,,,,,,,,,,,114859,45.8,1.4,26.6,59,78062,44.4,0.8,27.9,489
4/1/2004,Wigan,E08000010,84418,46.9,,4.1,30,,699,143416,48.5,2.7,24.1,87498,47,4.1,29.1,65218,45,4.7,33.9,59849,57,3.8,30.4,,,,,,,,,,,,,,,,,,,118103,47.1,2.8,26.8,61,81381,46.3,4.3,30.4,638
5/1/2004,Wigan,E08000010,87546,48.7,,3.7,32.2,,558,147029,49.7,2.5,24.8,90584,48.6,3.5,31,68068,46.9,4.4,37,62121,59.2,3.8,33.3,,,,,,,,,,,,,,,,,,,121221,48.4,2.6,27.8,54,84503,48.1,3.8,32.7,504
6/1/2004,Wigan,E08000010,90638,50.4,,3.5,32.2,,721,150975,51,2.7,24.5,93799,50.3,3.5,31,70685,48.7,3.8,37.1,64555,61.5,3.9,33,,,,,,,,,,,,,,,,,,,125219,50,3.3,27.9,96,87512,49.8,3.6,32.8,625
7/1/2004,Wigan,E08000010,93000,51.7,,2.6,31.5,,706,154335,52.1,2.2,23.8,96268,51.7,2.6,30.4,72648,50.1,2.8,36.2,66073,62.9,2.4,32.2,,,,,,,,,,,,,,,,,,,127758,51,2,26.7,53,89856,51.1,2.7,32.1,653
8/1/2004,Wigan,E08000010,95859,53.3,,3.1,30.9,,623,159171,53.8,3.1,24,99284,53.3,3.1,30,74860,51.6,3,35.2,67810,64.6,2.6,30.5,,,,,,,,,,,,,,,,,,,130992,52.3,2.5,26.1,70,92678,52.7,3.1,31.5,553
9/1/2004,Wigan,E08000010,98355,54.7,,2.6,30.7,,512,163410,55.2,2.7,24.2,101716,54.6,2.4,29.7,76931,53.1,2.8,34.9,69226,65.9,2.1,30.5,,,,,,,,,,,,,,,,,,,133675,53.3,2,26.1,61,95153,54.1,2.7,31.3,451
10/1/2004,Wigan,E08000010,99832,55.5,,1.5,31.1,,576,166172,56.1,1.7,25.1,103061,55.3,1.3,29.9,78079,53.8,1.5,35,70796,67.4,2.3,31.4,,,,,,,,,,,,,,,,,,,136683,54.5,2.2,27.9,74,96495,54.9,1.4,31.5,502
11/1/2004,Wigan,E08000010,99417,55.3,,-0.4,28.2,,478,165364,55.9,-0.5,22.6,102514,55,-0.5,26.9,77809,53.7,-0.3,32,70892,67.5,0.1,29.4,,,,,,,,,,,,,,,,,,,136804,54.6,0.1,26,64,96034,54.6,-0.5,28.5,414
12/1/2004,Wigan,E08000010,99395,55.2,,0,26.6,,476,164766,55.7,-0.4,21.7,102373,54.9,-0.1,25.2,77919,53.7,0.1,29.9,71427,68,0.8,27.6,,,,,,,,,,,,,,,,,,,137654,54.9,0.6,25.6,94,95937,54.6,-0.1,26.7,382
1/1/2005,Wigan,E08000010,100340,55.8,,1,25.8,,316,166520,56.3,1.1,21,103122,55.3,0.7,24.2,78750,54.3,1.1,29,72258,68.8,1.2,27.1,,,,,,,,,,,,,,,,,,,140279,56,1.9,25.6,33,96737,55,0.8,25.7,283
2/1/2005,Wigan,E08000010,101042,56.2,,0.7,25.7,,309,167701,56.7,0.7,21.4,103861,55.7,0.7,24.4,79262,54.7,0.6,28.5,72879,69.4,0.9,26.9,,,,,,,,,,,,,,,,,,,142850,57,1.8,26.2,22,97278,55.3,0.6,25.6,287
3/1/2005,Wigan,E08000010,101553,56.4,,0.5,25.2,,361,168751,57,0.6,20.9,104463,56.1,0.6,24.3,79580,54.9,0.4,27.8,73070,69.6,0.3,26.7,,,,,,,,,,,,,,,,,,,144554,57.7,1.2,25.9,43,97687,55.6,0.4,25.1,318
4/1/2005,Wigan,E08000010,101108,56.2,,-0.4,19.8,,452,167065,56.4,-1,16.5,104109,55.9,-0.3,19,79309,54.7,-0.3,21.6,72866,69.4,-0.3,21.8,,,,,,,,,,,,,,,,,,,144681,57.7,0.1,22.5,36,97192,55.3,-0.5,19.4,416
5/1/2005,Wigan,E08000010,102443,56.9,,1.3,17,,447,169038,57.1,1.2,15,105253,56.5,1.1,16.2,80530,55.5,1.5,18.3,73873,70.4,1.4,18.9,,,,,,,,,,,,,,,,,,,146454,58.4,1.2,20.8,44,98488,56,1.3,16.5,403
6/1/2005,Wigan,E08000010,104346,58,,1.9,15.1,,456,170648,57.7,1,13,106953,57.4,1.6,14,82436,56.8,2.4,16.6,75308,71.7,1.9,16.7,,,,,,,,,,,,,,,,,,,148515,59.3,1.4,18.6,65,100375,57.1,1.9,14.7,391
7/1/2005,Wigan,E08000010,105724,58.8,,1.3,13.7,,564,172749,58.4,1.2,11.9,108324,58.1,1.3,12.5,83621,57.7,1.4,15.1,76014,72.4,0.9,15,,,,,,,,,,,,,,,,,,,149499,59.7,0.7,17,81,101784,57.9,1.4,13.3,483
8/1/2005,Wigan,E08000010,107063,59.5,,1.3,11.7,,464,174647,59,1.1,9.7,109541,58.8,1.1,10.3,84839,58.5,1.5,13.3,76889,73.2,1.2,13.4,,,,,,,,,,,,,,,,,,,151012,60.3,1,15.3,33,103106,58.7,1.3,11.3,431
9/1/2005,Wigan,E08000010,107046,59.5,,0,8.8,,560,175204,59.2,0.3,7.2,109389,58.7,-0.1,7.5,84829,58.5,0,10.3,76738,73.1,-0.2,10.9,,,,,,,,,,,,,,,,,,,150977,60.2,0,12.9,72,103091,58.6,0,8.3,488
10/1/2005,Wigan,E08000010,106849,59.4,,-0.2,7,,501,174761,59,-0.3,5.2,108865,58.4,-0.5,5.6,84831,58.5,0,8.6,76990,73.3,0.3,8.7,,,,,,,,,,,,,,,,,,,151180,60.3,0.1,10.6,44,102859,58.5,-0.2,6.6,457
11/1/2005,Wigan,E08000010,107498,59.8,,0.6,8.1,,481,175552,59.3,0.5,6.2,109494,58.8,0.6,6.8,85391,58.9,0.7,9.7,77603,73.9,0.8,9.5,,,,,,,,,,,,,,,,,,,152574,60.9,0.9,11.5,36,103443,58.8,0.6,7.7,445
12/1/2005,Wigan,E08000010,108315,60.2,,0.8,9,,575,176038,59.5,0.3,6.8,110174,59.1,0.6,7.6,86174,59.4,0.9,10.6,78899,75.2,1.7,10.5,,,,,,,,,,,,,,,,,,,154362,61.6,1.2,12.1,118,104175,59.3,0.7,8.6,457
1/1/2006,Wigan,E08000010,109815,61,,1.4,9.4,,382,178494,60.3,1.4,7.2,111633,59.9,1.3,8.3,87443,60.3,1.5,11,79742,76,1.1,10.4,,,,,,,,,,,,,,,,,,,156395,62.4,1.3,11.5,61,105626,60.1,1.4,9.2,321
2/1/2006,Wigan,E08000010,109537,60.9,,-0.3,8.4,,395,177529,60,-0.5,5.9,111126,59.6,-0.5,7,87397,60.3,-0.1,10.3,79826,76,0.1,9.5,,,,,,,,,,,,,,,,,,,156390,62.4,0,9.5,59,105290,59.9,-0.3,8.2,336
3/1/2006,Wigan,E08000010,109778,61,,0.2,8.1,,567,178494,60.3,0.5,5.8,111496,59.8,0.3,6.7,87528,60.4,0.2,10,79329,75.6,-0.6,8.6,,,,,,,,,,,,,,,,,,,156569,62.5,0.1,8.3,80,105527,60,0.2,8,487
4/1/2006,Wigan,E08000010,110554,61.5,,0.7,9.3,,481,178863,60.4,0.2,7.1,112313,60.3,0.7,7.9,88331,60.9,0.9,11.4,79908,76.1,0.7,9.7,,,,,,,,,,,,,,,,,,,157609,62.9,0.7,8.9,51,106282,60.5,0.7,9.4,430
5/1/2006,Wigan,E08000010,111537,62,,0.9,8.9,,518,180062,60.8,0.7,6.5,113482,60.9,1,7.8,89186,61.5,1,10.7,80235,76.4,0.4,8.6,,,,,,,,,,,,,,,,,,,158125,63.1,0.3,8,72,107348,61.1,1,9,446
6/1/2006,Wigan,E08000010,113622,63.2,,1.9,8.9,,676,182357,61.6,1.3,6.9,115610,62,1.9,8.1,91083,62.8,2.1,10.5,81801,77.9,2,8.6,,,,,,,,,,,,,,,,,,,160336,64,1.4,8,153,109458,62.3,2,9,523
7/1/2006,Wigan,E08000010,114674,63.7,,0.9,8.5,,541,183999,62.2,0.9,6.5,116534,62.5,0.8,7.6,92140,63.5,1.2,10.2,82114,78.2,0.4,8,,,,,,,,,,,,,,,,,,,160868,64.2,0.3,7.6,65,110604,62.9,1,8.7,476
8/1/2006,Wigan,E08000010,116039,64.5,,1.2,8.4,,643,186318,62.9,1.3,6.7,117916,63.3,1.2,7.6,93379,64.4,1.3,10.1,82383,78.5,0.3,7.1,,,,,,,,,,,,,,,,,,,161444,64.4,0.4,6.9,95,112109,63.8,1.4,8.7,548
9/1/2006,Wigan,E08000010,116034,64.5,,0,8.4,,593,186912,63.1,0.3,6.7,117900,63.3,0,7.8,93380,64.4,0,10.1,81788,77.9,-0.7,6.6,,,,,,,,,,,,,,,,,,,160820,64.2,-0.4,6.5,87,112190,63.8,0.1,8.8,506
10/1/2006,Wigan,E08000010,116127,64.5,,0.1,8.7,,605,187226,63.3,0.2,7.1,118058,63.4,0.1,8.4,93322,64.4,-0.1,10,82074,78.2,0.3,6.6,,,,,,,,,,,,,,,,,,,161005,64.2,0.1,6.5,82,112272,63.9,0.1,9.2,523
11/1/2006,Wigan,E08000010,115896,64.4,,-0.2,7.8,,695,186712,63.1,-0.3,6.4,117830,63.2,-0.2,7.6,93142,64.2,-0.2,9.1,82009,78.1,-0.1,5.7,,,,,,,,,,,,,,,,,,,160698,64.1,-0.2,5.3,103,112048,63.7,-0.2,8.3,592
12/1/2006,Wigan,E08000010,116610,64.8,,0.6,7.7,,725,186784,63.1,0,6.1,118447,63.6,0.5,7.5,93943,64.8,0.9,9,82931,79,1.1,5.1,,,,,,,,,,,,,,,,,,,161648,64.5,0.6,4.7,186,112743,64.1,0.6,8.2,539
1/1/2007,Wigan,E08000010,117881,65.5,,1.1,7.3,,484,188716,63.8,1,5.7,119683,64.2,1,7.2,95075,65.6,1.2,8.7,83636,79.7,0.9,4.9,,,,,,,,,,,,,,,,,,,163315,65.2,1,4.4,60,113985,64.8,1.1,7.9,424
2/1/2007,Wigan,E08000010,118545,65.9,,0.6,8.2,,491,189688,64.1,0.5,6.8,120264,64.5,0.5,8.2,95552,65.9,0.5,9.3,84507,80.5,1,5.9,,,,,,,,,,,,,,,,,,,164767,65.7,0.9,5.4,56,114551,65.2,0.5,8.8,435
3/1/2007,Wigan,E08000010,119517,66.4,,0.8,8.9,,653,191665,64.8,1,7.4,121270,65.1,0.8,8.8,96327,66.4,0.8,10.1,84725,80.7,0.3,6.8,,,,,,,,,,,,,,,,,,,165647,66.1,0.5,5.8,145,115569,65.7,0.9,9.5,508
4/1/2007,Wigan,E08000010,119896,66.6,,0.3,8.5,,551,191356,64.6,-0.2,7,121653,65.3,0.3,8.3,96903,66.8,0.6,9.7,84768,80.7,0.1,6.1,,,,,,,,,,,,,,,,,,,165186,65.9,-0.3,4.8,94,116095,66,0.5,9.2,457
5/1/2007,Wigan,E08000010,121101,67.3,,1,8.6,,597,192395,65,0.5,6.8,122743,65.9,0.9,8.2,98156,67.7,1.3,10.1,85567,81.5,0.9,6.6,,,,,,,,,,,,,,,,,,,166840,66.6,1,5.5,88,117263,66.7,1,9.2,509
6/1/2007,Wigan,E08000010,121973,67.8,,0.7,7.3,,784,193321,65.3,0.5,6,123431,66.2,0.6,6.8,98979,68.3,0.8,8.7,86438,82.3,1,5.7,,,,,,,,,,,,,,,,,,,168151,67.1,0.8,4.9,207,118089,67.2,0.7,7.9,577
7/1/2007,Wigan,E08000010,123211,68.5,,1,7.4,,667,195985,66.2,1.4,6.5,124502,66.8,0.9,6.8,99908,68.9,0.9,8.4,87448,83.3,1.2,6.5,,,,,,,,,,,,,,,,,,,170745,68.1,1.5,6.1,132,119144,67.8,0.9,7.7,535
8/1/2007,Wigan,E08000010,124056,69,,0.7,6.9,,811,198130,66.9,1.1,6.3,125438,67.3,0.8,6.4,100706,69.4,0.8,7.8,87206,83.1,-0.3,5.9,,,,,,,,,,,,,,,,,,,170450,68,-0.2,5.6,118,120199,68.4,0.9,7.2,693
9/1/2007,Wigan,E08000010,123584,68.7,,-0.4,6.5,,613,197977,66.9,-0.1,5.9,124950,67.1,-0.4,6,100298,69.2,-0.4,7.4,86645,82.5,-0.6,5.9,,,,,,,,,,,,,,,,,,,169520,67.6,-0.5,5.4,112,119788,68.1,-0.3,6.8,501
10/1/2007,Wigan,E08000010,123799,68.8,,0.2,6.6,,616,198773,67.2,0.4,6.2,125160,67.2,0.2,6,100383,69.2,0.1,7.6,86802,82.7,0.2,5.8,,,,,,,,,,,,,,,,,,,169444,67.6,0,5.2,123,120055,68.3,0.2,6.9,493
11/1/2007,Wigan,E08000010,124608,69.3,,0.7,7.5,,690,200258,67.7,0.7,7.3,125916,67.6,0.6,6.9,100847,69.5,0.5,8.3,87870,83.7,1.2,7.1,,,,,,,,,,,,,,,,,,,171270,68.3,1.1,6.6,135,120722,68.7,0.6,7.7,555
12/1/2007,Wigan,E08000010,125172,69.6,,0.5,7.3,,584,201090,67.9,0.4,7.7,126392,67.8,0.4,6.7,101250,69.8,0.4,7.8,88603,84.4,0.8,6.8,,,,,,,,,,,,,,,,,,,172692,68.9,0.8,6.8,141,121164,68.9,0.4,7.5,443
1/1/2008,Wigan,E08000010,123140,68.4,,-1.6,4.5,,347,197869,66.8,-1.6,4.8,124236,66.7,-1.7,3.8,99584,68.7,-1.6,4.7,87372,83.2,-1.4,4.5,,,,,,,,,,,,,,,,,,,170345,68,-1.4,4.3,69,119124,67.8,-1.7,4.5,278
2/1/2008,Wigan,E08000010,121825,67.7,,-1.1,2.8,,409,196331,66.3,-0.8,3.5,122762,65.9,-1.2,2.1,98413,67.9,-1.2,3,86661,82.6,-0.8,2.5,,,,,,,,,,,,,,,,,,,170426,68,0,3.4,57,117578,66.9,-1.3,2.6,352
3/1/2008,Wigan,E08000010,120698,67.1,,-0.9,1,,324,195361,66,-0.5,1.9,121803,65.4,-0.8,0.4,97369,67.1,-1.1,1.1,85374,81.3,-1.5,0.8,,,,,,,,,,,,,,,,,,,169655,67.7,-0.5,2.4,49,116377,66.2,-1,0.7,275
4/1/2008,Wigan,E08000010,121504,67.5,,0.7,1.3,,422,197287,66.7,1,3.1,122609,65.8,0.7,0.8,98001,67.6,0.6,1.1,85611,81.6,0.3,1,,,,,,,,,,,,,,,,,,,171448,68.4,1.1,3.8,58,117064,66.6,0.6,0.8,364
5/1/2008,Wigan,E08000010,121384,67.5,,-0.1,0.2,,373,196585,66.4,-0.4,2.2,122630,65.8,0,-0.1,98016,67.6,0,-0.1,85173,81.1,-0.5,-0.5,,,,,,,,,,,,,,,,,,,170570,68.1,-0.5,2.2,51,117044,66.6,0,-0.2,322
6/1/2008,Wigan,E08000010,121372,67.5,,0,-0.5,,308,195917,66.2,-0.3,1.3,122596,65.8,0,-0.7,98140,67.7,0.1,-0.8,85202,81.2,0,-1.4,,,,,,,,,,,,,,,,,,,170111,67.9,-0.3,1.2,61,117092,66.6,0,-0.8,247
7/1/2008,Wigan,E08000010,119877,66.6,,-1.2,-2.7,,319,193247,65.3,-1.4,-1.4,121345,65.1,-1,-2.5,96851,66.8,-1.3,-3.1,83991,80,-1.4,-4,,,,,,,,,,,,,,,,,,,167351,66.8,-1.6,-2,41,115740,65.8,-1.2,-2.9,278
8/1/2008,Wigan,E08000010,117856,65.5,,-1.7,-5,,264,190038,64.2,-1.7,-4.1,119301,64,-1.7,-4.9,95266,65.7,-1.6,-5.4,82388,78.5,-1.9,-5.5,,,,,,,,,,,,,,,,,,,163180,65.1,-2.5,-4.3,30,113974,64.8,-1.5,-5.2,234
9/1/2008,Wigan,E08000010,115706,64.3,,-1.8,-6.4,,292,188483,63.7,-0.8,-4.8,117048,62.8,-1.9,-6.3,93235,64.3,-2.1,-7,80777,76.9,-2,-6.8,,,,,,,,,,,,,,,,,,,159929,63.8,-2,-5.7,49,111932,63.7,-1.8,-6.6,243
10/1/2008,Wigan,E08000010,113766,63.2,,-1.7,-8.1,,254,185874,62.8,-1.4,-6.5,115043,61.7,-1.7,-8.1,91555,63.1,-1.8,-8.8,79547,75.8,-1.5,-8.4,,,,,,,,,,,,,,,,,,,157191,62.7,-1.7,-7.2,31,110063,62.6,-1.7,-8.3,223
11/1/2008,Wigan,E08000010,111041,61.7,,-2.4,-10.9,,244,182051,61.5,-2.1,-9.1,112360,60.3,-2.3,-10.8,89096,61.4,-2.7,-11.7,77941,74.2,-2,-11.3,,,,,,,,,,,,,,,,,,,154674,61.7,-1.6,-9.7,46,107255,61,-2.6,-11.2,198
12/1/2008,Wigan,E08000010,110032,61.2,,-0.9,-12.1,,210,179209,60.5,-1.6,-10.9,111427,59.8,-0.8,-11.8,88511,61,-0.7,-12.6,77065,73.4,-1.1,-13,,,,,,,,,,,,,,,,,,,152776,61,-1.2,-11.5,49,106349,60.5,-0.8,-12.2,161
1/1/2009,Wigan,E08000010,108548,60.3,,-1.3,-11.8,,153,177135,59.8,-1.2,-10.5,109831,58.9,-1.4,-11.6,87265,60.2,-1.4,-12.4,76188,72.6,-1.1,-12.8,,,,,,,,,,,,,,,,,,,151199,60.3,-1,-11.2,17,104849,59.6,-1.4,-12,136
2/1/2009,Wigan,E08000010,105335,58.6,,-3,-13.5,,120,171994,58.1,-2.9,-12.4,106573,57.2,-3,-13.2,84663,58.4,-3,-14,73983,70.5,-2.9,-14.6,,,,,,,,,,,,,,,,,,,146970,58.6,-2.8,-13.8,31,101725,57.9,-3,-13.5,89
3/1/2009,Wigan,E08000010,100836,56,,-4.3,-16.5,,208,165144,55.8,-4,-15.5,102019,54.7,-4.3,-16.2,80809,55.7,-4.6,-17,71416,68,-3.5,-16.3,,,,,,,,,,,,,,,,,,,142282,56.8,-3.2,-16.1,25,97196,55.3,-4.5,-16.5,183
4/1/2009,Wigan,E08000010,100460,55.8,,-0.4,-17.3,,179,163844,55.4,-0.8,-17,101810,54.6,-0.2,-17,80552,55.5,-0.3,-17.8,71054,67.7,-0.5,-17,,,,,,,,,,,,,,,,,,,142003,56.7,-0.2,-17.2,19,96813,55.1,-0.4,-17.3,160
5/1/2009,Wigan,E08000010,101539,56.4,,1.1,-16.3,,225,165077,55.8,0.8,-16,103027,55.3,1.2,-16,81559,56.2,1.3,-16.8,71328,67.9,0.4,-16.3,,,,,,,,,,,,,,,,,,,142623,56.9,0.4,-16.4,19,97928,55.7,1.2,-16.3,206
6/1/2009,Wigan,E08000010,103179,57.4,,1.6,-15,,247,167521,56.6,1.5,-14.5,104800,56.2,1.7,-14.5,83011,57.2,1.8,-15.4,71729,68.3,0.6,-15.8,,,,,,,,,,,,,,,,,,,143471,57.2,0.6,-15.7,52,99630,56.7,1.7,-14.9,195
7/1/2009,Wigan,E08000010,103219,57.4,,0,-13.9,,263,167558,56.6,0,-13.3,104827,56.3,0,-13.6,83220,57.4,0.3,-14.1,71092,67.7,-0.9,-15.4,,,,,,,,,,,,,,,,,,,142331,56.8,-0.8,-15,17,99767,56.8,0.1,-13.8,246
8/1/2009,Wigan,E08000010,103945,57.8,,0.7,-11.8,,195,169340,57.2,1.1,-10.9,105493,56.6,0.6,-11.6,83854,57.8,0.8,-12,71005,67.6,-0.1,-13.8,,,,,,,,,,,,,,,,,,,142382,56.8,0,-12.7,15,100550,57.2,0.8,-11.8,180
9/1/2009,Wigan,E08000010,105161,58.5,,1.2,-9.1,,247,171567,58,1.3,-9,106708,57.3,1.2,-8.8,84839,58.5,1.2,-9,71619,68.2,0.9,-11.3,,,,,,,,,,,,,,,,,,,143987,57.5,1.1,-10,25,101731,57.9,1.2,-9.1,222
10/1/2009,Wigan,E08000010,105790,58.8,,0.6,-7,,271,172709,58.3,0.7,-7.1,107519,57.7,0.8,-6.5,85272,58.8,0.5,-6.9,71592,68.2,0,-10,,,,,,,,,,,,,,,,,,,144195,57.5,0.1,-8.3,17,102396,58.2,0.7,-7,254
11/1/2009,Wigan,E08000010,107166,59.6,,1.3,-3.5,,301,174889,59.1,1.3,-3.9,108850,58.4,1.2,-3.1,86479,59.6,1.4,-2.9,72442,69,1.2,-7.1,,,,,,,,,,,,,,,,,,,146058,58.3,1.3,-5.6,26,103729,59,1.3,-3.3,275
12/1/2009,Wigan,E08000010,108209,60.1,,1,-1.7,,300,175486,59.3,0.3,-2.1,110045,59.1,1.1,-1.2,87578,60.4,1.3,-1.1,72785,69.3,0.5,-5.6,,,,,,,,,,,,,,,,,,,146414,58.4,0.2,-4.2,33,104829,59.6,1.1,-1.4,267
1/1/2010,Wigan,E08000010,107277,59.6,,-0.9,-1.2,,155,174743,59,-0.4,-1.4,109086,58.5,-0.9,-0.7,86808,59.9,-0.9,-0.5,71464,68.1,-1.8,-6.2,,,,,,,,,,,,,,,,,,,143473,57.2,-2,-5.1,17,104072,59.2,-0.7,-0.7,138
2/1/2010,Wigan,E08000010,106741,59.3,,-0.5,1.3,,207,174212,58.9,-0.3,1.3,108764,58.4,-0.3,2.1,86242,59.5,-0.7,1.9,70558,67.2,-1.3,-4.6,,,,,,,,,,,,,,,,,,,142822,57,-0.5,-2.8,11,103589,58.9,-0.5,1.8,196
3/1/2010,Wigan,E08000010,105110,58.4,,-1.5,4.2,,204,173258,58.5,-0.5,4.9,107098,57.5,-1.5,5,84586,58.3,-1.9,4.7,69154,65.9,-2,-3.2,,,,,,,,,,,,,,,,,,,141301,56.4,-1.1,-0.7,18,101999,58,-1.5,4.9,186
4/1/2010,Wigan,E08000010,103737,57.7,,-1.3,3.3,,241,170378,57.6,-1.7,4,105779,56.8,-1.2,3.9,83543,57.6,-1.2,3.7,68443,65.2,-1,-3.7,,,,,,,,,,,,,,,,,,,140393,56,-0.6,-1.1,16,100607,57.2,-1.4,3.9,225
5/1/2010,Wigan,E08000010,105969,58.9,,2.2,4.4,,228,173844,58.7,2,5.3,107970,57.9,2.1,4.8,85442,58.9,2.3,4.8,70038,66.7,2.3,-1.8,,,,,,,,,,,,,,,,,,,142531,56.9,1.5,-0.1,29,102827,58.5,2.2,5,199
6/1/2010,Wigan,E08000010,107715,59.9,,1.6,4.4,,278,176009,59.5,1.2,5.1,109729,58.9,1.6,4.7,87092,60.1,1.9,4.9,71008,67.6,1.4,-1,,,,,,,,,,,,,,,,,,,143898,57.4,1,0.3,46,104582,59.5,1.7,5,232
7/1/2010,Wigan,E08000010,110078,61.2,,2.2,6.6,,279,180291,60.9,2.4,7.6,112090,60.2,2.2,6.9,88999,61.4,2.2,6.9,72186,68.8,1.7,1.5,,,,,,,,,,,,,,,,,,,146209,58.3,1.6,2.7,8,106928,60.8,2.2,7.2,271
8/1/2010,Wigan,E08000010,108423,60.3,,-1.5,4.3,,256,178267,60.2,-1.1,5.3,110584,59.3,-1.3,4.8,87406,60.3,-1.8,4.2,70700,67.3,-2.1,-0.4,,,,,,,,,,,,,,,,,,,144046,57.5,-1.5,1.2,18,105319,59.9,-1.5,4.7,238
9/1/2010,Wigan,E08000010,106849,59.4,,-1.5,1.6,,240,176769,59.7,-0.8,3,108941,58.5,-1.5,2.1,85932,59.3,-1.7,1.3,69379,66.1,-1.9,-3.1,,,,,,,,,,,,,,,,,,,142602,56.9,-1,-1,34,103750,59,-1.5,2,206
10/1/2010,Wigan,E08000010,105356,58.6,,-1.4,-0.4,,269,174831,59.1,-1.1,1.2,107476,57.7,-1.3,0,84525,58.3,-1.6,-0.9,68498,65.2,-1.3,-4.3,,,,,,,,,,,,,,,,,,,142396,56.8,-0.1,-1.2,14,102190,58.1,-1.5,-0.2,255
11/1/2010,Wigan,E08000010,104730,58.2,,-0.6,-2.3,,272,174177,58.8,-0.4,-0.4,106746,57.3,-0.7,-1.9,83964,57.9,-0.7,-2.9,68254,65,-0.4,-5.8,,,,,,,,,,,,,,,,,,,142196,56.7,-0.1,-2.6,11,101542,57.8,-0.6,-2.1,261
12/1/2010,Wigan,E08000010,104378,58,,-0.3,-3.5,,288,173393,58.6,-0.5,-1.2,106489,57.1,-0.2,-3.2,83611,57.7,-0.4,-4.5,68228,65,0,-6.3,,,,,,,,,,,,,,,,,,,142720,56.9,0.4,-2.5,15,101140,57.5,-0.4,-3.5,273
1/1/2011,Wigan,E08000010,103417,57.5,,-0.9,-3.6,,186,172264,58.2,-0.7,-1.4,105380,56.6,-1,-3.4,82789,57.1,-1,-4.6,67790,64.6,-0.6,-5.1,,,,,,,,,,,,,,,,,,,142399,56.8,-0.2,-0.7,9,100149,57,-1,-3.8,177
2/1/2011,Wigan,E08000010,103065,57.3,,-0.3,-3.4,,164,171994,58.1,-0.2,-1.3,104834,56.3,-0.5,-3.6,82538,56.9,-0.3,-4.3,67781,64.6,0,-3.9,,,,,,,,,,,,,,,,,,,143263,57.2,0.6,0.3,11,99726,56.7,-0.4,-3.7,153
3/1/2011,Wigan,E08000010,102177,56.8,,-0.9,-2.8,,233,171276,57.9,-0.4,-1.1,103833,55.7,-1,-3,81720,56.4,-1,-3.4,67149,64,-0.9,-2.9,,,,,,,,,,,,,,,,,,,142867,57,-0.3,1.1,9,98823,56.2,-0.9,-3.1,224
4/1/2011,Wigan,E08000010,103730,57.7,,1.5,0,,231,173554,58.6,1.3,1.9,105360,56.5,1.5,-0.4,83089,57.3,1.7,-0.5,68183,64.9,1.5,-0.4,,,,,,,,,,,,,,,,,,,145063,57.9,1.5,3.3,17,100323,57.1,1.5,-0.3,214
5/1/2011,Wigan,E08000010,101435,56.4,,-2.2,-4.3,,262,169216,57.2,-2.5,-2.7,103160,55.4,-2.1,-4.5,81245,56,-2.2,-4.9,66777,63.6,-2.1,-4.7,,,,,,,,,,,,,,,,,,,142280,56.8,-1.9,-0.2,17,98083,55.8,-2.2,-4.6,245
6/1/2011,Wigan,E08000010,101465,56.4,,0,-5.8,,273,168311,56.9,-0.5,-4.4,103349,55.5,0.2,-5.8,81356,56.1,0.1,-6.6,66899,63.7,0.2,-5.8,,,,,,,,,,,,,,,,,,,141449,56.4,-0.6,-1.7,54,98155,55.8,0.1,-6.1,219
7/1/2011,Wigan,E08000010,100437,55.8,,-1,-8.8,,277,166403,56.2,-1.1,-7.7,102394,54.9,-0.9,-8.7,80485,55.5,-1.1,-9.6,66312,63.2,-0.9,-8.1,,,,,,,,,,,,,,,,,,,140083,55.9,-1,-4.2,9,97157,55.3,-1,-9.1,268
8/1/2011,Wigan,E08000010,102902,57.2,,2.5,-5.1,,246,170701,57.7,2.6,-4.2,105016,56.4,2.6,-5,82452,56.9,2.4,-5.7,67188,64,1.3,-5,,,,,,,,,,,,,,,,,,,142194,56.7,1.5,-1.3,11,99609,56.7,2.5,-5.4,235
9/1/2011,Wigan,E08000010,103751,57.7,,0.8,-2.9,,261,172659,58.3,1.1,-2.3,105783,56.8,0.7,-2.9,83153,57.3,0.9,-3.2,67358,64.2,0.3,-2.9,,,,,,,,,,,,,,,,,,,142799,57,0.4,0.1,17,100460,57.1,0.9,-3.2,244
10/1/2011,Wigan,E08000010,103627,57.6,,-0.1,-1.6,,256,172943,58.4,0.2,-1.1,105770,56.8,0,-1.6,82890,57.2,-0.3,-1.9,66938,63.8,-0.6,-2.3,,,,,,,,,,,,,,,,,,,142308,56.8,-0.3,-0.1,15,100356,57.1,-0.1,-1.8,241
11/1/2011,Wigan,E08000010,101997,56.7,,-1.6,-2.6,,256,170302,57.5,-1.5,-2.2,104152,55.9,-1.5,-2.4,81418,56.1,-1.8,-3,66426,63.3,-0.8,-2.7,,,,,,,,,,,,,,,,,,,141284,56.4,-0.7,-0.6,10,98716,56.2,-1.6,-2.8,246
12/1/2011,Wigan,E08000010,101983,56.7,,0,-2.3,,299,169810,57.4,-0.3,-2.1,104280,56,0.1,-2.1,81353,56.1,-0.1,-2.7,66667,63.5,0.4,-2.3,,,,,,,,,,,,,,,,,,,141942,56.6,0.5,-0.5,30,98668,56.1,0,-2.4,269
1/1/2012,Wigan,E08000010,100424,55.8,,-1.5,-2.9,,230,166696,56.3,-1.8,-3.2,102759,55.1,-1.5,-2.5,80199,55.3,-1.4,-3.1,65545,62.4,-1.7,-3.3,92153,54,,,73,98526,53.9,,,157,86931,53.6,,,113097,54.2,,,139609,55.7,-1.6,-2,13,97168,55.3,-1.5,-3,217
2/1/2012,Wigan,E08000010,99444,55.3,,-1,-3.5,,205,164594,55.6,-1.3,-4.3,101666,54.6,-1.1,-3,79731,55,-0.6,-3.4,64495,61.4,-1.6,-4.8,92361,54.1,0.2,,52,98686,54,0.2,,153,87172,53.8,0.3,,113205,54.3,0.1,,137345,54.8,-1.6,-4.1,10,96267,54.8,-0.9,-3.5,195
3/1/2012,Wigan,E08000010,99005,55,,-0.4,-3.1,,269,163162,55.1,-0.9,-4.7,101183,54.3,-0.5,-2.6,79674,54.9,-0.1,-2.5,64205,61.2,-0.5,-4.4,94173,55.2,2,,70,100499,55,1.8,,199,88960,54.9,2.1,,115147,55.2,1.7,,136601,54.5,-0.5,-4.4,27,95849,54.5,-0.4,-3,242
4/1/2012,Wigan,E08000010,100575,55.9,,1.6,-3,,196,165828,56,1.6,-4.5,102724,55.1,1.5,-2.5,80925,55.8,1.6,-2.6,65536,62.4,2.1,-3.9,95661,56,1.6,,54,102094,55.8,1.6,,142,90344,55.7,1.6,,117002,56.1,1.6,,138876,55.4,1.7,-4.3,8,97362,55.4,1.6,-3,188
5/1/2012,Wigan,E08000010,101817,56.6,,1.2,0.4,,200,167971,56.7,1.3,-0.7,104006,55.8,1.2,0.8,81852,56.4,1.1,0.7,66532,63.4,1.5,-0.4,96852,56.7,1.2,,51,103351,56.5,1.2,,149,91435,56.4,1.2,,118476,56.8,1.3,,140831,56.2,1.4,-1,15,98550,56.1,1.2,0.5,185
6/1/2012,Wigan,E08000010,102552,57,,0.7,1.1,,284,169253,57.2,0.8,0.6,104695,56.2,0.7,1.3,82507,56.9,0.8,1.4,66859,63.7,0.5,-0.1,97495,57.1,0.7,,66,104120,57,0.7,,218,92036,56.8,0.7,,119396,57.3,0.8,,141283,56.4,0.3,-0.1,44,99295,56.5,0.8,1.2,240
7/1/2012,Wigan,E08000010,103709,57.6,,1.1,3.3,,231,170697,57.7,0.9,2.6,105803,56.8,1.1,3.3,83685,57.7,1.4,4,67422,64.2,0.8,1.7,98639,57.8,1.2,,59,105277,57.6,1.1,,172,93126,57.5,1.2,,120685,57.9,1.1,,141312,56.4,0,0.9,17,100509,57.2,1.2,3.4,214
8/1/2012,Wigan,E08000010,105041,58.4,,1.3,2.1,,277,172477,58.3,1,1,107148,57.5,1.3,2,84970,58.6,1.5,3.1,67870,64.7,0.7,1,99926,58.5,1.3,,72,106620,58.3,1.3,,205,94377,58.2,1.3,,122172,58.6,1.2,,141823,56.6,0.4,-0.3,21,101877,58,1.4,2.3,256
9/1/2012,Wigan,E08000010,103285,57.4,,-1.7,-0.4,,200,170362,57.6,-1.2,-1.3,105315,56.5,-1.7,-0.4,83375,57.5,-1.9,0.3,66572,63.4,-1.9,-1.2,98238,57.5,-1.7,,63,104845,57.3,-1.7,,137,92736,57.2,-1.7,,120202,57.6,-1.6,,139250,55.6,-1.8,-2.5,12,100187,57,-1.7,-0.3,188
10/1/2012,Wigan,E08000010,101849,56.6,,-1.4,-1.7,,232,168072,56.8,-1.3,-2.8,103943,55.8,-1.3,-1.7,82097,56.6,-1.5,-1,65665,62.6,-1.4,-1.9,96825,56.7,-1.4,,64,103406,56.6,-1.4,,168,91448,56.4,-1.4,,118529,56.8,-1.4,,139030,55.5,-0.2,-2.3,15,98691,56.1,-1.5,-1.7,217
11/1/2012,Wigan,E08000010,101487,56.4,,-0.4,-0.5,,287,167874,56.7,-0.1,-1.4,103559,55.6,-0.4,-0.6,81683,56.3,-0.5,0.3,65487,62.4,-0.3,-1.4,96417,56.5,-0.4,,81,103063,56.4,-0.3,,206,91080,56.2,-0.4,,118154,56.7,-0.3,,140374,56,1,-0.6,17,98231,55.9,-0.5,-0.5,270
12/1/2012,Wigan,E08000010,102111,56.8,,0.6,0.1,,256,168824,57,0.6,-0.6,104266,56,0.7,0,82162,56.7,0.6,1,65774,62.7,0.4,-1.3,96960,56.8,0.6,,60,103717,56.7,0.6,,196,91635,56.5,0.6,,118887,57,0.6,,142487,56.9,1.5,0.4,35,98762,56.2,0.5,0.1,221
1/1/2013,Wigan,E08000010,102030,56.7,,-0.1,1.6,,152,168902,57.1,0,1.3,104326,56,0.1,1.5,81946,56.5,-0.3,2.2,65382,62.3,-0.6,-0.2,96844,56.7,-0.1,5.1,42,103650,56.7,-0.1,5.2,110,91523,56.5,-0.1,5.3,118837,57,0,5.1,141507,56.5,-0.7,1.4,7,98734,56.2,0,1.6,145
2/1/2013,Wigan,E08000010,101416,56.4,,-0.6,2,,213,167927,56.7,-0.6,2,103695,55.6,-0.6,2,81436,56.2,-0.6,2.1,64988,61.9,-0.6,0.8,96294,56.4,-0.6,4.3,56,103008,56.3,-0.6,4.4,157,90966,56.1,-0.6,4.4,118129,56.7,-0.6,4.3,139746,55.8,-1.2,1.7,16,98192,55.9,-0.5,2,197
3/1/2013,Wigan,E08000010,101862,56.6,,0.4,2.9,,261,169099,57.1,0.7,3.6,104102,55.9,0.4,2.9,81682,56.3,0.3,2.5,65366,62.3,0.6,1.8,96727,56.7,0.4,2.7,80,103456,56.6,0.4,2.9,181,91309,56.3,0.4,2.6,118712,56.9,0.5,3.1,140524,56.1,0.6,2.9,35,98603,56.1,0.4,2.9,226
4/1/2013,Wigan,E08000010,102320,56.9,,0.4,1.7,,269,169851,57.4,0.4,2.4,104446,56,0.3,1.7,82157,56.7,0.6,1.5,65735,62.6,0.6,0.3,97165,56.9,0.5,1.6,82,103919,56.8,0.4,1.8,187,91744,56.6,0.5,1.5,119218,57.2,0.4,1.9,142146,56.7,1.2,2.4,16,98980,56.3,0.4,1.7,253
5/1/2013,Wigan,E08000010,102644,57.1,,0.3,0.8,,318,170149,57.5,0.2,1.3,104828,56.3,0.4,0.8,82411,56.8,0.3,0.7,66125,63,0.6,-0.6,97431,57.1,0.3,0.6,86,104267,57,0.3,0.9,232,92039,56.8,0.3,0.7,119592,57.4,0.3,0.9,143026,57.1,0.6,1.6,24,99265,56.5,0.3,0.7,294
6/1/2013,Wigan,E08000010,102346,56.9,,-0.3,-0.2,,309,168828,57,-0.8,-0.3,104574,56.1,-0.2,-0.1,82397,56.8,0,-0.1,65906,62.8,-0.3,-1.4,97159,56.9,-0.3,-0.3,88,103960,56.9,-0.3,-0.2,221,91877,56.7,-0.2,-0.2,119128,57.1,-0.4,-0.2,141636,56.5,-1,0.2,45,99042,56.3,-0.2,-0.3,264
7/1/2013,Wigan,E08000010,102226,56.8,,-0.1,-1.4,,300,168429,56.9,-0.2,-1.3,104379,56,-0.2,-1.3,82433,56.8,0,-1.5,65838,62.7,-0.1,-2.3,97080,56.9,-0.1,-1.6,90,103822,56.8,-0.1,-1.4,210,91776,56.6,-0.1,-1.4,118980,57.1,-0.1,-1.4,140593,56.1,-0.7,-0.5,12,98984,56.3,-0.1,-1.5,288
8/1/2013,Wigan,E08000010,101682,56.5,,-0.5,-3.2,,295,167495,56.6,-0.6,-2.9,103830,55.7,-0.5,-3.1,82059,56.6,-0.5,-3.4,65176,62.1,-1,-4,96585,56.6,-0.5,-3.3,96,103260,56.5,-0.5,-3.2,199,91297,56.3,-0.5,-3.3,118337,56.8,-0.5,-3.1,139159,55.5,-1,-1.9,21,98504,56,-0.5,-3.3,274
9/1/2013,Wigan,E08000010,103200,57.4,,1.5,-0.1,,311,170828,57.7,2,0.3,105343,56.5,1.5,0,83081,57.3,1.2,-0.4,65986,62.9,1.2,-0.9,97983,57.4,1.4,-0.3,93,104821,57.3,1.5,0,218,92562,57.1,1.4,-0.2,120212,57.7,1.6,0,141940,56.6,2,1.9,20,99927,56.8,1.4,-0.3,291
10/1/2013,Wigan,E08000010,104640,58.2,,1.4,2.7,,314,173962,58.8,1.8,3.5,106875,57.4,1.5,2.8,83982,57.9,1.1,2.3,66685,63.5,1.1,1.6,99264,58.2,1.3,2.5,95,106323,58.2,1.4,2.8,219,93774,57.9,1.3,2.5,121977,58.5,1.5,2.9,144804,57.8,2,4.2,39,101262,57.6,1.3,2.6,275
11/1/2013,Wigan,E08000010,105494,58.6,,0.8,3.9,,408,175769,59.4,1,4.7,107851,57.9,0.9,4.1,84451,58.2,0.6,3.4,67183,64,0.7,2.6,100045,58.6,0.8,3.8,141,107205,58.6,0.8,4,267,94497,58.3,0.8,3.8,123021,59,0.9,4.1,146952,58.6,1.5,4.7,26,102024,58,0.8,3.9,382
12/1/2013,Wigan,E08000010,105079,58.4,,-0.4,2.9,,382,174405,58.9,-0.8,3.3,107650,57.8,-0.2,3.2,84079,58,-0.4,2.3,67119,63.9,-0.1,2,99704,58.4,-0.3,2.8,108,106758,58.4,-0.4,2.9,274,94197,58.1,-0.3,2.8,122457,58.7,-0.5,3,146677,58.5,-0.2,2.9,49,101603,57.8,-0.4,2.9,333
1/1/2014,Wigan,E08000010,104362,58,,-0.7,2.3,,274,172789,58.4,-0.9,2.3,106866,57.3,-0.7,2.4,83656,57.7,-0.5,2.1,66843,63.7,-0.4,2.2,99113,58.1,-0.6,2.3,84,105990,58,-0.7,2.3,190,93650,57.8,-0.6,2.3,121515,58.3,-0.8,2.3,145459,58,-0.8,2.8,18,100924,57.4,-0.7,2.2,256
2/1/2014,Wigan,E08000010,104950,58.3,,0.6,3.5,,327,173710,58.7,0.5,3.4,107366,57.6,0.5,3.5,84239,58.1,0.7,3.4,67203,64,0.5,3.4,99690,58.4,0.6,3.5,104,106578,58.3,0.6,3.5,223,94272,58.2,0.7,3.6,122087,58.6,0.5,3.4,146652,58.5,0.8,4.9,27,101477,57.7,0.5,3.3,300
3/1/2014,Wigan,E08000010,103517,57.5,,-1.4,1.6,,333,171341,57.9,-1.4,1.3,105901,56.8,-1.4,1.7,83127,57.3,-1.3,1.8,66001,62.9,-1.8,1,98323,57.6,-1.4,1.7,107,105125,57.5,-1.4,1.6,226,93043,57.4,-1.3,1.9,120344,57.7,-1.4,1.4,144497,57.7,-1.5,2.8,23,100108,56.9,-1.3,1.5,310
4/1/2014,Wigan,E08000010,102860,57.2,,-0.6,0.5,,328,169779,57.4,-0.9,0,105235,56.5,-0.6,0.8,82756,57.1,-0.4,0.7,65444,62.3,-0.8,-0.4,97700,57.2,-0.6,0.6,98,104458,57.1,-0.6,0.5,230,92529,57.1,-0.6,0.9,119488,57.3,-0.7,0.2,143983,57.5,-0.4,1.3,30,99454,56.6,-0.7,0.5,298
5/1/2014,Wigan,E08000010,102661,57.1,,-0.2,0,,381,168934,57.1,-0.5,-0.7,105065,56.4,-0.2,0.2,82711,57,-0.1,0.4,65368,62.3,-0.1,-1.1,97491,57.1,-0.2,0.1,102,104266,57,-0.2,0,279,92384,57,-0.2,0.4,119217,57.2,-0.2,-0.3,144016,57.5,0,0.7,20,99246,56.5,-0.2,0,361
6/1/2014,Wigan,E08000010,105280,58.5,,2.6,2.9,,399,173102,58.5,2.5,2.5,107694,57.8,2.5,3,84908,58.6,2.7,3,67042,63.9,2.6,1.7,100013,58.6,2.6,2.9,118,106909,58.5,2.5,2.8,281,94763,58.5,2.6,3.1,122230,58.6,2.5,2.6,147429,58.8,2.4,4.1,35,101791,57.9,2.6,2.8,364
7/1/2014,Wigan,E08000010,106697,59.3,,1.3,4.4,,392,175504,59.3,1.4,4.2,109107,58.6,1.3,4.5,86076,59.4,1.4,4.4,67849,64.6,1.2,3.1,101386,59.4,1.4,4.4,112,108334,59.3,1.3,4.3,280,96050,59.3,1.4,4.7,123860,59.4,1.3,4.1,148750,59.4,0.9,5.8,22,103193,58.7,1.4,4.3,370
8/1/2014,Wigan,E08000010,108557,60.3,,1.7,6.8,,397,178792,60.4,1.9,6.7,110971,59.6,1.7,6.9,87570,60.4,1.7,6.7,68860,65.6,1.5,5.7,103192,60.5,1.8,6.8,124,110206,60.3,1.7,6.7,273,97699,60.3,1.7,7,126050,60.5,1.8,6.5,149786,59.8,0.7,7.6,16,105068,59.8,1.8,6.7,381
9/1/2014,Wigan,E08000010,108809,60.5,,0.2,5.4,,342,179436,60.6,0.4,5,111133,59.6,0.1,5.5,87792,60.5,0.3,5.7,69024,65.7,0.2,4.6,103453,60.6,0.3,5.6,94,110452,60.4,0.2,5.4,248,97897,60.4,0.2,5.8,126378,60.6,0.3,5.1,149181,59.5,-0.4,5.1,20,105359,59.9,0.3,5.4,322
10/1/2014,Wigan,E08000010,109602,60.9,,0.7,4.7,,351,180958,61.1,0.8,4,112003,60.1,0.8,4.8,88288,60.9,0.6,5.1,69704,66.4,1,4.5,104196,61,0.7,5,112,111262,60.9,0.7,4.6,238,98589,60.8,0.7,5.1,127326,61.1,0.7,4.4,150222,59.9,0.7,3.7,18,106130,60.4,0.7,4.8,333
11/1/2014,Wigan,E08000010,109179,60.7,,-0.4,3.5,,314,180586,61,-0.2,2.7,111687,59.9,-0.3,3.6,87738,60.5,-0.6,3.9,69480,66.2,-0.3,3.4,103766,60.8,-0.4,3.7,107,110845,60.6,-0.4,3.4,207,98170,60.6,-0.4,3.9,126881,60.9,-0.3,3.1,149744,59.7,-0.3,1.9,18,105715,60.1,-0.4,3.6,296
12/1/2014,Wigan,E08000010,109347,60.8,,0.2,4.1,,389,181169,61.2,0.3,3.9,111924,60.1,0.2,4,87724,60.5,0,4.3,69581,66.3,0.1,3.7,103881,60.9,0.1,4.2,109,111036,60.7,0.2,4,280,98298,60.7,0.1,4.4,127104,61,0.2,3.8,150972,60.2,0.8,2.9,41,105828,60.2,0.1,4.2,348
1/1/2015,Wigan,E08000010,108996,60.6,,-0.3,4.4,,252,180620,61,-0.3,4.5,111636,59.9,-0.3,4.5,87383,60.3,-0.4,4.5,69263,66,-0.5,3.6,103521,60.6,-0.3,4.4,86,110693,60.5,-0.3,4.4,166,97954,60.4,-0.4,4.6,126732,60.8,-0.3,4.3,151446,60.4,0.3,4.1,11,105442,60,-0.4,4.5,241
2/1/2015,Wigan,E08000010,107971,60,,-0.9,2.9,,298,178690,60.4,-1.1,2.9,110457,59.3,-1.1,2.9,86717,59.8,-0.8,2.9,68847,65.6,-0.6,2.4,102551,60.1,-0.9,2.9,100,109650,60,-0.9,2.9,198,97043,59.9,-0.9,2.9,125528,60.2,-1,2.8,151496,60.4,0,3.3,24,104381,59.4,-1,2.9,274
3/1/2015,Wigan,E08000010,107185,59.6,,-0.7,3.5,,305,177684,60,-0.6,3.7,109770,58.9,-0.6,3.7,85889,59.2,-1,3.3,68362,65.1,-0.7,3.6,101748,59.6,-0.8,3.5,75,108877,59.6,-0.7,3.6,230,96289,59.4,-0.8,3.5,124671,59.8,-0.7,3.6,151340,60.4,-0.1,4.7,21,103583,58.9,-0.8,3.5,284
4/1/2015,Wigan,E08000010,107858,60,,0.6,4.9,,323,179007,60.5,0.7,5.4,110434,59.3,0.6,4.9,86403,59.6,0.6,4.4,68674,65.4,0.5,4.9,102371,60,0.6,4.8,92,109568,59.9,0.6,4.9,231,96893,59.8,0.6,4.7,125455,60.2,0.6,5,152351,60.8,0.7,5.8,26,104231,59.3,0.6,4.8,297
5/1/2015,Wigan,E08000010,109504,60.9,,1.5,6.7,,382,181690,61.4,1.5,7.6,112274,60.2,1.7,6.9,87607,60.4,1.4,5.9,69638,66.3,1.4,6.5,103927,60.9,1.5,6.6,103,111242,60.8,1.5,6.7,279,98392,60.7,1.5,6.5,127345,61.1,1.5,6.8,153835,61.4,1,6.8,24,105850,60.2,1.6,6.7,358
6/1/2015,Wigan,E08000010,110354,61.3,,0.8,4.8,,409,182533,61.7,0.5,5.4,113115,60.7,0.7,5,88529,61.1,1.1,4.3,69860,66.5,0.3,4.2,104776,61.4,0.8,4.8,116,112087,61.3,0.8,4.8,293,99229,61.2,0.9,4.7,128247,61.5,0.7,4.9,153100,61.1,-0.5,3.8,54,106739,60.7,0.8,4.9,355
7/1/2015,Wigan,E08000010,109926,61.1,,-0.4,3,,461,181439,61.3,-0.6,3.4,112782,60.5,-0.3,3.4,88205,60.8,-0.4,2.5,69610,66.3,-0.4,2.6,104361,61.1,-0.4,2.9,120,111656,61.1,-0.4,3.1,341,98865,61,-0.4,2.9,127726,61.3,-0.4,3.1,151674,60.5,-0.9,2,31,106354,60.5,-0.4,3.1,430
8/1/2015,Wigan,E08000010,111043,61.7,,1,2.3,,404,183435,62,1.1,2.6,113881,61.1,1,2.6,89133,61.5,1.1,1.8,70047,66.7,0.6,1.7,105433,61.8,1,2.2,110,112786,61.7,1,2.3,293,99870,61.6,1,2.2,129025,61.9,1,2.4,152633,60.9,0.6,1.9,32,107456,61.1,1,2.3,372
9/1/2015,Wigan,E08000010,112857,62.7,,1.6,3.7,,381,187220,63.3,2.1,4.3,115630,62.1,1.5,4,90438,62.4,1.5,3,71271,67.9,1.7,3.3,107133,62.8,1.6,3.6,106,114639,62.7,1.6,3.8,275,101414,62.6,1.5,3.6,131235,62.9,1.7,3.8,155603,62.1,1.9,4.3,38,109194,62.1,1.6,3.6,343
10/1/2015,Wigan,E08000010,114130,63.4,,1.1,4.1,,458,189899,64.2,1.4,4.9,116921,62.7,1.1,4.4,91328,63,1,3.4,71832,68.4,0.8,3.1,108328,63.5,1.1,4,114,115937,63.4,1.1,4.2,343,102522,63.3,1.1,4,132756,63.7,1.2,4.3,157618,62.9,1.3,4.9,30,110417,62.8,1.1,4,428
11/1/2015,Wigan,E08000010,113387,63,,-0.7,3.9,,448,188890,63.8,-0.5,4.6,116246,62.4,-0.6,4.1,90600,62.5,-0.8,3.3,71264,67.9,-0.8,2.6,107590,63,-0.7,3.7,117,115197,63,-0.6,3.9,330,101816,62.8,-0.7,3.7,131938,63.3,-0.6,4,156804,62.6,-0.5,4.7,31,109691,62.4,-0.7,3.8,417
12/1/2015,Wigan,E08000010,112452,62.5,,-0.8,2.8,,400,187209,63.2,-0.9,3.3,115330,61.9,-0.8,3,89872,62,-0.8,2.4,70516,67.2,-1,1.3,106699,62.5,-0.8,2.7,101,114249,62.5,-0.8,2.9,298,101007,62.3,-0.8,2.8,130814,62.7,-0.9,2.9,156835,62.6,0,3.9,46,108740,61.9,-0.9,2.8,354
1/1/2016,Wigan,E08000010,112189,62.4,,-0.2,2.9,,308,186471,63,-0.4,3.2,115161,61.8,-0.1,3.2,89651,61.8,-0.2,2.6,70435,67.1,-0.1,1.7,106454,62.4,-0.2,2.8,91,113979,62.3,-0.2,3,217,100783,62.2,-0.2,2.9,130492,62.6,-0.2,3,156683,62.5,-0.1,3.5,19,108478,61.7,-0.2,2.9,289
2/1/2016,Wigan,E08000010,112762,62.7,,0.5,4.4,,336,187334,63.3,0.5,4.8,115712,62.1,0.5,4.8,90172,62.2,0.6,4,70792,67.4,0.5,2.8,107024,62.7,0.5,4.4,100,114551,62.7,0.5,4.5,236,101348,62.5,0.6,4.4,131102,62.9,0.5,4.4,157169,62.7,0.3,3.7,15,109044,62,0.5,4.5,321
3/1/2016,Wigan,E08000010,111690,62.1,,-1,4.2,,602,185670,62.7,-0.9,4.5,114657,61.5,-0.9,4.5,89198,61.5,-1.1,3.9,70424,67.1,-0.5,3,106030,62.1,-0.9,4.2,201,113451,62.1,-1,4.2,401,100374,61.9,-1,4.2,129866,62.3,-0.9,4.2,153410,61.2,-2.4,1.4,20,108086,61.5,-0.9,4.3,582
4/1/2016,Wigan,E08000010,113395,63,,1.5,5.1,,271,188294,63.6,1.4,5.2,116307,62.4,1.4,5.3,90719,62.6,1.7,5,71462,68.1,1.5,4.1,107659,63.1,1.5,5.2,55,115178,63,1.5,5.1,216,101968,62.9,1.6,5.2,131777,63.2,1.5,5,156998,62.6,2.3,3.1,21,109693,62.4,1.5,5.2,250
5/1/2016,Wigan,E08000010,113797,63.3,,0.4,3.9,,335,188559,63.7,0.1,3.8,116637,62.6,0.3,3.9,91202,62.9,0.5,4.1,71997,68.6,0.7,3.4,108058,63.3,0.4,4,81,115579,63.2,0.3,3.9,254,102371,63.2,0.4,4,132196,63.4,0.3,3.8,160665,64.1,2.3,4.4,21,109975,62.6,0.3,3.9,314
6/1/2016,Wigan,E08000010,116446,64.7,,2.3,5.5,,419,192468,65,2.1,5.4,119294,64,2.3,5.5,93541,64.5,2.6,5.7,73546,70.1,2.2,5.3,110591,64.8,2.3,5.6,101,118262,64.7,2.3,5.5,318,104829,64.7,2.4,5.6,135186,64.8,2.3,5.4,166292,66.4,3.5,8.6,31,112469,64,2.3,5.4,388
7/1/2016,Wigan,E08000010,117653,65.4,,1,7,,491,194507,65.7,1.1,7.2,120436,64.6,1,6.8,94577,65.2,1.1,7.2,74341,70.8,1.1,6.8,111748,65.5,1,7.1,114,119482,65.4,1,7,377,105891,65.3,1,7.1,136616,65.5,1.1,7,166986,66.6,0.4,10.1,28,113669,64.7,1.1,6.9,463
8/1/2016,Wigan,E08000010,117453,65.3,,-0.2,5.8,,391,194609,65.7,0.1,6.1,120275,64.5,-0.1,5.6,94263,65,-0.3,5.8,74073,70.6,-0.4,5.7,111541,65.3,-0.2,5.8,103,119287,65.2,-0.2,5.8,288,105653,65.2,-0.2,5.8,136451,65.4,-0.1,5.8,164520,65.6,-1.5,7.8,26,113551,64.6,-0.1,5.7,365
9/1/2016,Wigan,E08000010,117342,65.2,,-0.1,4,,388,194763,65.8,0.1,4,120241,64.5,0,4,93998,64.8,-0.3,3.9,74012,70.5,-0.1,3.8,111390,65.3,-0.1,4,93,119194,65.2,-0.1,4,295,105484,65.1,-0.2,4,136403,65.4,0,3.9,164359,65.6,-0.1,5.6,21,113444,64.5,-0.1,3.9,367
10/1/2016,Wigan,E08000010,117698,65.4,,0.3,3.1,,409,196175,66.3,0.7,3.3,120736,64.8,0.4,3.3,93887,64.7,-0.1,2.8,74455,70.9,0.6,3.7,111687,65.4,0.3,3.1,100,119573,65.4,0.3,3.1,309,105712,65.2,0.2,3.1,136923,65.7,0.4,3.1,166049,66.3,1,5.3,15,113747,64.7,0.3,3,394
11/1/2016,Wigan,E08000010,119172,66.2,,1.3,5.1,,427,199543,67.4,1.7,5.6,122327,65.6,1.3,5.2,94718,65.3,0.9,4.5,75389,71.8,1.3,5.8,113043,66.2,1.2,5.1,109,121090,66.2,1.3,5.1,318,106957,66,1.2,5,138731,66.5,1.3,5.1,169567,67.7,2.1,8.1,23,115122,65.5,1.2,5,404
12/1/2016,Wigan,E08000010,120191,66.8,,0.9,6.9,,467,201721,68.1,1.1,7.8,123324,66.2,0.8,6.9,95410,65.8,0.7,6.2,76184,72.6,1.1,8,113995,66.8,0.8,6.8,106,122132,66.8,0.9,6.9,361,107849,66.5,0.8,6.8,139944,67.1,0.9,7,171919,68.6,1.4,9.6,48,116076,66,0.8,6.7,419
1/1/2017,Wigan,E08000010,119676,66.5,,-0.4,6.7,,329,201325,68,-0.2,8,122778,65.9,-0.4,6.6,94898,65.4,-0.5,5.9,75697,72.1,-0.6,7.5,113452,66.5,-0.5,6.6,97,121633,66.5,-0.4,6.7,232,107354,66.2,-0.5,6.5,139382,66.8,-0.4,6.8,172486,68.8,0.3,10.1,10,115535,65.7,-0.5,6.5,319
2/1/2017,Wigan,E08000010,119627,66.5,,0,6.1,,321,200988,67.9,-0.2,7.3,122588,65.8,-0.2,5.9,94986,65.5,0.1,5.3,76077,72.5,0.5,7.5,113455,66.5,0,6,84,121566,66.5,-0.1,6.1,237,107346,66.2,0,5.9,139261,66.8,-0.1,6.2,172750,68.9,0.2,9.9,24,115464,65.7,-0.1,5.9,297
3/1/2017,Wigan,E08000010,119107,66.2,,-0.4,6.6,,439,200314,67.7,-0.3,7.9,122123,65.5,-0.4,6.5,94442,65.1,-0.6,5.9,75751,72.2,-0.4,7.6,112977,66.2,-0.4,6.6,117,121034,66.2,-0.4,6.7,321,106839,65.9,-0.5,6.4,138693,66.5,-0.4,6.8,172837,69,0,12.7,40,114926,65.4,-0.5,6.3,399
4/1/2017,Wigan,E08000010,119882,66.6,,0.7,5.7,,332,201134,68,0.4,6.8,122835,65.9,0.6,5.6,95214,65.7,0.8,5,76569,72.9,1.1,7.1,113789,66.7,0.7,5.7,81,121791,66.6,0.6,5.7,250,107583,66.4,0.7,5.5,139521,66.9,0.6,5.9,172673,68.9,-0.1,10,12,115700,65.8,0.7,5.5,320
5/1/2017,Wigan,E08000010,121214,67.4,,1.1,6.5,,432,202824,68.5,0.8,7.6,124408,66.8,1.3,6.7,96232,66.4,1.1,5.5,77470,73.8,1.2,7.6,115074,67.4,1.1,6.5,165,123137,67.4,1.1,6.5,267,108831,67.2,1.2,6.3,140992,67.6,1.1,6.7,174139,69.5,0.8,8.4,26,116996,66.6,1.1,6.4,406
6/1/2017,Wigan,E08000010,122772,68.2,,1.3,5.4,,512,204562,69.1,0.9,6.3,126017,67.6,1.3,5.6,97667,67.4,1.5,4.4,78680,74.9,1.6,7,116585,68.3,1.3,5.4,147,124706,68.2,1.3,5.4,365,110292,68.1,1.3,5.2,142709,68.4,1.2,5.6,174885,69.8,0.4,5.2,56,118530,67.4,1.3,5.4,456
7/1/2017,Wigan,E08000010,122461,68.1,,-0.3,4.1,,420,203652,68.8,-0.4,4.7,125763,67.5,-0.2,4.4,97460,67.2,-0.2,3,78561,74.8,-0.2,5.7,116320,68.1,-0.2,4.1,117,124379,68,-0.3,4.1,303,110052,67.9,-0.2,3.9,142288,68.2,-0.3,4.2,173879,69.4,-0.6,4.1,36,118242,67.3,-0.2,4,384
8/1/2017,Wigan,E08000010,122267,68,,-0.2,4.1,,454,203239,68.7,-0.2,4.4,125382,67.3,-0.3,4.2,97508,67.2,0,3.4,78306,74.6,-0.3,5.7,116127,68,-0.2,4.1,128,124186,67.9,-0.2,4.1,326,109840,67.8,-0.2,4,142121,68.2,-0.1,4.2,172411,68.8,-0.8,4.8,41,118080,67.2,-0.1,4,413
9/1/2017,Wigan,E08000010,121536,67.6,,-0.6,3.6,,490,202651,68.5,-0.3,4,124556,66.8,-0.7,3.6,96859,66.8,-0.7,3,77560,73.9,-1,4.8,115390,67.6,-0.6,3.6,129,123459,67.5,-0.6,3.6,361,109135,67.3,-0.6,3.5,141344,67.8,-0.5,3.6,171782,68.5,-0.4,4.5,50,117365,66.8,-0.6,3.5,440
10/1/2017,Wigan,E08000010,122919,68.3,,1.1,4.4,,426,205333,69.4,1.3,4.7,126067,67.7,1.2,4.4,97826,67.5,1,4.2,78092,74.4,0.7,4.9,116659,68.3,1.1,4.5,111,124881,68.3,1.2,4.4,315,110310,68.1,1.1,4.3,143053,68.6,1.2,4.5,174212,69.5,1.4,4.9,34,118691,67.5,1.1,4.3,392
11/1/2017,Wigan,E08000010,122589,68.1,,-0.3,2.9,,454,205127,69.3,-0.1,2.8,125912,67.6,-0.1,2.9,97333,67.1,-0.5,2.8,77714,74,-0.5,3.1,116322,68.1,-0.3,2.9,108,124556,68.1,-0.3,2.9,346,110000,67.9,-0.3,2.8,142690,68.4,-0.3,2.9,173967,69.4,-0.1,2.6,49,118368,67.3,-0.3,2.8,405
12/1/2017,Wigan,E08000010,124185,69,,1.3,3.3,,476,207246,70,1,2.7,127723,68.5,1.4,3.6,98611,68,1.3,3.4,78648,74.9,1.2,3.2,117890,69.1,1.3,3.4,117,126156,69,1.3,3.3,359,111492,68.8,1.4,3.4,144456,69.3,1.2,3.2,175941,70.2,1.1,2.3,77,119915,68.2,1.3,3.3,399
1/1/2018,Wigan,E08000010,122923,68.3,,-1,2.7,,384,205296,69.4,-0.9,2,126556,67.9,-0.9,3.1,97453,67.2,-1.2,2.7,77846,74.2,-1,2.8,116635,68.3,-1.1,2.8,95,124897,68.3,-1,2.7,289,110350,68.1,-1,2.8,143002,68.6,-1,2.6,175385,70,-0.3,1.7,41,118670,67.5,-1,2.7,343
2/1/2018,Wigan,E08000010,123526,68.7,,0.5,3.3,,376,206758,69.9,0.7,2.9,127101,68.2,0.4,3.7,97937,67.5,0.5,3.1,77872,74.2,0,2.4,117128,68.6,0.4,3.2,79,125541,68.7,0.5,3.3,297,110884,68.4,0.5,3.3,143724,68.9,0.5,3.2,180362,72,2.8,4.4,41,119115,67.8,0.4,3.2,335
3/1/2018,Wigan,E08000010,121878,67.7,,-1.3,2.3,,438,204579,69.1,-1.1,2.1,125392,67.3,-1.3,2.7,96533,66.6,-1.4,2.2,76559,72.9,-1.7,1.1,115522,67.7,-1.4,2.3,107,123882,67.8,-1.3,2.4,331,109356,67.5,-1.4,2.4,141890,68,-1.3,2.3,179572,71.7,-0.4,3.9,66,117499,66.8,-1.4,2.2,372
4/1/2018,Wigan,E08000010,121866,67.7,,0,1.7,,333,204257,69,-0.2,1.6,125279,67.2,-0.1,2,96764,66.7,0.2,1.6,76163,72.6,-0.5,-0.5,115564,67.7,0,1.6,91,123848,67.7,0,1.7,241,109399,67.5,0,1.7,141805,68,-0.1,1.6,179666,71.7,0.1,4,37,117482,66.8,0,1.5,296
5/1/2018,Wigan,E08000010,121994,67.8,,0.1,0.6,,464,203916,68.9,-0.2,0.5,125505,67.4,0.2,0.9,96973,66.9,0.2,0.8,76054,72.4,-0.1,-1.8,115761,67.8,0.2,0.6,118,123946,67.8,0.1,0.7,346,109535,67.6,0.1,0.6,141924,68.1,0.1,0.7,176819,70.6,-1.6,1.5,49,117755,67,0.2,0.6,415
6/1/2018,Wigan,E08000010,123414,68.6,,1.2,0.5,,560,205924,69.6,1,0.7,127081,68.2,1.3,0.8,98095,67.6,1.2,0.4,77036,73.4,1.3,-2.1,117114,68.6,1.2,0.5,128,125387,68.6,1.2,0.5,431,110816,68.4,1.2,0.5,143568,68.9,1.2,0.6,178076,71.1,0.7,1.8,120,119167,67.8,1.2,0.5,440
7/1/2018,Wigan,E08000010,125506,69.8,,1.7,2.5,,436,209614,70.8,1.8,2.9,129243,69.4,1.7,2.8,99700,68.8,1.6,2.3,78263,74.6,1.6,-0.4,119077,69.8,1.7,2.4,104,127521,69.8,1.7,2.5,332,112651,69.5,1.7,2.4,146060,70,1.7,2.7,180357,72,1.3,3.7,30,121224,69,1.7,2.5,406
8/1/2018,Wigan,E08000010,126884,70.5,,1.1,3.8,,498,212035,71.6,1.2,4.3,130684,70.1,1.1,4.2,100749,69.5,1.1,3.3,79022,75.3,1,0.9,120337,70.5,1.1,3.6,112,128941,70.5,1.1,3.8,386,113877,70.3,1.1,3.7,147677,70.8,1.1,3.9,183143,73.1,1.5,6.2,71,122514,69.7,1.1,3.8,427
9/1/2018,Wigan,E08000010,126468,70.3,,-0.3,4.1,,460,211639,71.5,-0.2,4.4,130205,69.9,-0.4,4.5,100413,69.2,-0.3,3.7,78462,74.7,-0.7,1.2,119914,70.2,-0.4,3.9,119,128530,70.3,-0.3,4.1,341,113481,70,-0.3,4,147223,70.6,-0.3,4.2,182677,72.9,-0.3,6.3,87,122106,69.5,-0.3,4,373
10/1/2018,Wigan,E08000010,126332,70.2,,-0.1,2.8,,508,211571,71.5,0,3,130124,69.8,-0.1,3.2,100197,69.1,-0.2,2.4,78395,74.7,-0.1,0.4,119803,70.2,-0.1,2.7,132,128384,70.2,-0.1,2.8,376,113367,70,-0.1,2.8,147055,70.5,-0.1,2.8,183421,73.2,0.4,5.3,67,121927,69.4,-0.1,2.7,441
11/1/2018,Wigan,E08000010,126221,70.2,,-0.1,3,,625,211733,71.5,0.1,3.2,130071,69.8,0,3.3,99959,68.9,-0.2,2.7,78194,74.5,-0.3,0.6,119716,70.1,-0.1,2.9,138,128263,70.2,-0.1,3,487,113220,69.9,-0.1,2.9,146987,70.5,0,3,181860,72.6,-0.9,4.5,97,121891,69.3,0,3,528
12/1/2018,Wigan,E08000010,127111,70.7,,0.7,2.4,,475,212932,71.9,0.6,2.7,131055,70.3,0.8,2.6,100665,69.4,0.7,2.1,78946,75.2,1,0.4,120590,70.6,0.7,2.3,111,129156,70.6,0.7,2.4,364,114072,70.4,0.8,2.3,147953,71,0.7,2.4,183254,73.1,0.8,4.2,109,122745,69.8,0.7,2.4,366
1/1/2019,Wigan,E08000010,126288,70.2,,-0.6,2.7,,326,211967,71.6,-0.5,3.2,130279,69.9,-0.6,2.9,99838,68.8,-0.8,2.4,78294,74.6,-0.8,0.6,119733,70.1,-0.7,2.7,82,128352,70.2,-0.6,2.8,244,113264,69.9,-0.7,2.6,147089,70.5,-0.6,2.9,181717,72.5,-0.8,3.6,29,121969,69.4,-0.6,2.8,297
2/1/2019,Wigan,E08000010,124902,69.4,,-1.1,1.1,,459,209978,70.9,-0.9,1.6,128800,69.1,-1.1,1.3,98680,68.1,-1.2,0.8,77466,73.8,-1.1,-0.5,118340,69.3,-1.2,1,127,126975,69.5,-1.1,1.1,331,112042,69.1,-1.1,1,145426,69.7,-1.1,1.2,183048,73,0.7,1.5,89,120411,68.5,-1.3,1.1,370
3/1/2019,Wigan,E08000010,125572,69.8,,0.5,3,,431,211457,71.4,0.7,3.4,129618,69.6,0.6,3.4,99040,68.3,0.4,2.6,77459,73.8,0,1.2,118869,69.6,0.4,2.9,93,127701,69.8,0.6,3.1,338,112593,69.5,0.5,3,146257,70.1,0.6,3.1,185216,73.9,1.2,3.1,83,120985,68.8,0.5,3,348
4/1/2019,Wigan,E08000010,126842,70.5,,1,4.1,,380,212990,72,0.7,4.3,130954,70.3,1,4.5,100254,69.1,1.2,3.6,78000,74.3,0.7,2.4,120110,70.4,1,3.9,88,128979,70.5,1,4.1,292,113812,70.2,1.1,4,147613,70.8,0.9,4.1,187497,74.8,1.2,4.4,67,122176,69.5,1,4,313
5/1/2019,Wigan,E08000010,129080,71.7,,1.8,5.8,,473,215996,73,1.4,5.9,133345,71.6,1.8,6.2,102219,70.5,2,5.4,79163,75.4,1.5,4.1,122284,71.6,1.8,5.6,105,131235,71.8,1.7,5.9,363,115827,71.5,1.8,5.7,150206,72,1.8,5.8,188734,75.3,0.7,6.7,87,124500,70.8,1.9,5.7,386
6/1/2019,Wigan,E08000010,129958,72.2,,0.7,5.3,,498,216826,73.3,0.4,5.3,134244,72,0.7,5.6,103116,71.1,0.9,5.1,79746,76,0.7,3.5,123224,72.2,0.8,5.2,96,132088,72.2,0.7,5.3,395,116630,72,0.7,5.2,151204,72.5,0.7,5.3,188094,75.1,-0.3,5.6,144,125507,71.4,0.8,5.3,354
7/1/2019,Wigan,E08000010,129910,72.2,,0,3.5,,417,216857,73.3,0,3.5,134059,71.9,-0.1,3.7,103144,71.1,0,3.5,79890,76.1,0.2,2.1,123129,72.1,-0.1,3.4,107,132058,72.2,0,3.6,306,116601,71.9,0,3.5,151127,72.5,-0.1,3.5,188534,75.2,0.2,4.5,44,125420,71.3,-0.1,3.5,373
8/1/2019,Wigan,E08000010,129613,72,,-0.2,2.2,,496,216209,73,-0.3,2,133670,71.7,-0.3,2.3,103080,71.1,-0.1,2.3,79489,75.7,-0.5,0.6,122843,72,-0.2,2.1,124,131758,72.1,-0.2,2.2,368,116341,71.8,-0.2,2.2,150773,72.3,-0.2,2.1,187545,74.8,-0.5,2.4,62,125180,71.2,-0.2,2.2,434
9/1/2019,Wigan,E08000010,128342,71.3,,-1,1.5,,458,214310,72.4,-0.9,1.3,132118,70.9,-1.2,1.5,102231,70.5,-0.8,1.8,78731,75,-1,0.3,121594,71.2,-1,1.4,97,130481,71.4,-1,1.5,354,115223,71.1,-1,1.5,149258,71.6,-1,1.4,187094,74.7,-0.2,2.4,79,123836,70.4,-1.1,1.4,379
10/1/2019,Wigan,E08000010,128897,71.6,,0.4,2,,462,214802,72.6,0.2,1.5,133002,71.4,0.7,2.2,102539,70.7,0.3,2.3,78895,75.2,0.2,0.6,122120,71.5,0.4,1.9,103,131046,71.7,0.4,2.1,348,115709,71.4,0.4,2.1,149923,71.9,0.4,2,187064,74.6,0,2,74,124440,70.8,0.5,2.1,388
11/1/2019,Wigan,E08000010,129946,72.2,,0.8,3,,525,216649,73.2,0.9,2.3,134358,72.1,1,3.3,103087,71.1,0.5,3.1,79459,75.7,0.7,1.6,123151,72.1,0.8,2.9,101,132098,72.3,0.8,3,413,116604,72,0.8,3,151213,72.5,0.9,2.9,187154,74.7,0,2.9,79,125575,71.4,0.9,3,446
12/1/2019,Wigan,E08000010,130335,72.4,,0.3,2.5,,463,217002,73.3,0.2,1.9,134989,72.4,0.5,3,103322,71.3,0.2,2.6,79389,75.6,-0.1,0.6,123601,72.4,0.4,2.5,104,132465,72.5,0.3,2.6,350,116973,72.2,0.3,2.5,151635,72.7,0.3,2.5,185688,74.1,-0.8,1.3,114,126122,71.7,0.4,2.8,349
1/1/2020,Wigan,E08000010,130308,72.4,,0,3.2,,350,217610,73.5,0.3,2.7,134912,72.4,-0.1,3.6,103183,71.2,-0.1,3.4,79157,75.4,-0.3,1.1,123446,72.3,-0.1,3.1,73,132484,72.5,0,3.2,273,116912,72.1,-0.1,3.2,151660,72.7,0,3.1,187201,74.7,0.8,3,50,125969,71.7,-0.1,3.3,300
2/1/2020,Wigan,E08000010,130217,72.4,,-0.1,4.3,,405,217570,73.5,0,3.6,134764,72.3,-0.1,4.6,103187,71.2,0,4.6,78953,75.2,-0.3,1.9,123303,72.2,-0.1,4.2,85,132415,72.4,-0.1,4.3,313,116892,72.1,0,4.3,151468,72.6,-0.1,4.2,188780,75.3,0.8,3.1,49,125855,71.6,-0.1,4.5,356
3/1/2020,Wigan,E08000010,131202,72.9,,0.8,4.5,,368,219770,74.2,1,3.9,135784,72.9,0.8,4.8,103813,71.6,0.6,4.8,79561,75.8,0.8,2.7,124065,72.7,0.6,4.4,75,133481,73,0.8,4.5,288,117744,72.7,0.7,4.6,152673,73.2,0.8,4.4,192833,76.9,2.1,4.1,67,126647,72,0.6,4.7,301
4/1/2020,Wigan,E08000010,131624,73.2,,0.3,3.8,,169,220703,74.6,0.4,3.6,136102,73,0.2,3.9,104274,71.9,0.4,4,79295,75.5,-0.3,1.7,124441,72.9,0.3,3.6,51,133918,73.2,0.3,3.8,108,118142,72.9,0.3,3.8,153136,73.4,0.3,3.7,193836,77.3,0.5,3.4,32,127004,72.2,0.3,4,137
5/1/2020,Wigan,E08000010,131253,73,,-0.3,1.7,,263,220792,74.6,0,2.2,135714,72.8,-0.3,1.8,103701,71.5,-0.5,1.4,79178,75.4,-0.1,0,123936,72.6,-0.4,1.4,55,133591,73.1,-0.2,1.8,201,117740,72.7,-0.3,1.7,152800,73.3,-0.2,1.7,195789,78.1,1,3.7,29,126316,71.9,-0.5,1.5,234
6/1/2020,Wigan,E08000010,132326,73.6,,0.8,1.8,,391,222114,75,0.6,2.4,136991,73.5,0.9,2,104648,72.2,0.9,1.5,79400,75.6,0.3,-0.4,125056,73.3,0.9,1.5,80,134648,73.6,0.8,1.9,281,118719,73.3,0.8,1.8,154026,73.9,0.8,1.9,195422,78,-0.2,3.9,88,127614,72.6,1,1.7,303
7/1/2020,Wigan,E08000010,133913,74.4,,1.2,3.1,,355,224059,75.7,0.9,3.3,138767,74.5,1.3,3.5,105962,73.1,1.3,2.7,80770,76.9,1.7,1.1,126657,74.2,1.3,2.9,84,136230,74.5,1.2,3.2,263,120170,74.1,1.2,3.1,155837,74.7,1.2,3.1,195987,78.2,0.3,4,45,129377,73.6,1.4,3.2,310
8/1/2020,Wigan,E08000010,134602,74.8,,0.5,3.8,,325,224909,76,0.4,4,139611,74.9,0.6,4.4,106603,73.5,0.6,3.4,80605,76.8,-0.2,1.4,127284,74.6,0.5,3.6,86,136939,74.9,0.5,3.9,230,120758,74.5,0.5,3.8,156681,75.1,0.5,3.9,195362,78,-0.3,4.2,36,130256,74.1,0.7,4.1,289
9/1/2020,Wigan,E08000010,136030,75.6,,1.1,6,,446,228019,77,1.4,6.4,140913,75.6,0.9,6.7,107684,74.3,1,5.3,81209,77.4,0.7,3.1,128450,75.2,0.9,5.6,84,138452,75.7,1.1,6.1,342,121935,75.2,1,5.8,158489,76,1.2,6.2,198469,79.2,1.6,6.1,87,131497,74.8,1,6.2,359
10/1/2020,Wigan,E08000010,137624,76.5,,1.2,6.8,,488,231058,78.1,1.3,7.6,142489,76.5,1.1,7.1,109002,75.2,1.2,6.3,81530,77.7,0.4,3.3,129994,76.2,1.2,6.4,104,140061,76.6,1.2,6.9,369,123289,76.1,1.1,6.6,160452,77,1.2,7,199305,79.5,0.4,6.5,56,133239,75.8,1.3,7.1,432
11/1/2020,Wigan,E08000010,140518,78.1,,2.1,8.1,,474,235692,79.6,2,8.8,145277,78,2,8.1,111582,76.9,2.4,8.2,83240,79.3,2.1,4.8,132909,77.9,2.2,7.9,95,142948,78.2,2.1,8.2,364,125901,77.7,2.1,8,163800,78.6,2.1,8.3,201210,80.3,1,7.5,38,136352,77.6,2.3,8.6,436
12/1/2020,Wigan,E08000010,141662,78.7,,0.8,8.7,,487,237236,80.1,0.7,9.3,146344,78.5,0.7,8.4,112773,77.8,1.1,9.1,83753,79.8,0.6,5.5,134114,78.6,0.9,8.5,109,144070,78.8,0.8,8.8,366,126975,78.3,0.9,8.6,165063,79.2,0.8,8.9,201265,80.3,0,8.4,45,137677,78.3,1,9.2,442
1/1/2021,Wigan,E08000010,142359,79.1,,0.5,9.2,,390,236685,80,-0.2,8.8,147155,79,0.6,9.1,113743,78.4,0.9,10.2,84931,80.9,1.4,7.3,135002,79.1,0.7,9.4,86,144704,79.1,0.4,9.2,304,127782,78.8,0.6,9.3,165620,79.4,0.3,9.2,200259,79.9,-0.5,7,53,138632,78.9,0.7,10.1,337
2/1/2021,Wigan,E08000010,144511,80.3,,1.5,11,,515,238661,80.6,0.8,9.7,149324,80.1,1.5,10.8,115957,80,1.9,12.4,87044,82.9,2.5,10.2,137198,80.4,1.6,11.3,126,146840,80.3,1.5,10.9,385,129953,80.2,1.7,11.2,167776,80.5,1.3,10.8,202797,80.9,1.3,7.4,80,140810,80.1,1.6,11.9,435
3/1/2021,Wigan,E08000010,145892,81.1,,1,11.2,,617,239435,80.9,0.3,8.9,150700,80.9,0.9,11,117468,81,1.3,13.2,88963,84.7,2.2,11.8,138636,81.2,1,11.7,140,148199,81.1,0.9,11,473,131398,81.1,1.1,11.6,169083,81.1,0.8,10.7,204695,81.7,0.9,6.2,87,142187,80.9,1,12.3,530
4/1/2021,Wigan,E08000010,148163,82.4,,1.6,12.6,,498,243576,82.3,1.7,10.4,152738,82,1.4,12.2,119435,82.4,1.7,14.5,90408,86.1,1.6,14,140707,82.4,1.5,13.1,101,150531,82.3,1.6,12.4,397,133525,82.4,1.6,13,171588,82.3,1.5,12,210012,83.8,2.6,8.3,59,144154,82,1.4,13.5,439
5/1/2021,Wigan,E08000010,148717,82.7,,0.4,13.3,,426,244775,82.7,0.5,10.9,153262,82.2,0.3,12.9,119852,82.7,0.3,15.6,90612,86.3,0.2,14.4,141227,82.7,0.4,14,86,151096,82.6,0.4,13.1,338,134024,82.7,0.4,13.8,172231,82.6,0.4,12.7,211065,84.2,0.5,7.8,59,144663,82.3,0.4,14.5,367
6/1/2021,Wigan,E08000010,151621,84.3,,2,14.6,,666,248247,83.9,1.4,11.8,156080,83.8,1.8,13.9,122835,84.7,2.5,17.4,92368,88,1.9,16.3,144269,84.5,2.2,15.4,145,153965,84.2,1.9,14.3,517,136755,84.4,2,15.2,175420,84.1,1.9,13.9,212112,84.6,0.5,8.5,71,147851,84.1,2.2,15.9,595
7/1/2021,Wigan,E08000010,152076,84.5,,0.3,13.6,,415,249021,84.1,0.3,11.1,156774,84.1,0.4,13,123026,84.8,0.2,16.1,92378,88,0,14.4,144709,84.8,0.3,14.3,91,154424,84.5,0.3,13.4,323,137192,84.7,0.3,14.2,175902,84.4,0.3,12.9,213399,85.1,0.6,8.9,44,148221,84.3,0.2,14.6,371
8/1/2021,Wigan,E08000010,154323,85.8,,1.5,14.7,,498,252560,85.3,1.4,12.3,159286,85.5,1.6,14.1,124807,86.1,1.4,17.1,93215,88.8,0.9,15.6,146892,86.1,1.5,15.4,100,156693,85.7,1.5,14.4,390,139171,85.9,1.4,15.2,178577,85.6,1.5,14,214864,85.7,0.7,10,62,150609,85.7,1.6,15.6,436
9/1/2021,Wigan,E08000010,156243,86.8,,1.2,14.9,,721,256142,86.5,1.4,12.3,161456,86.6,1.4,14.6,126094,87,1,17.1,93968,89.5,0.8,15.7,148641,87.1,1.2,15.7,162,158665,86.8,1.3,14.6,558,140880,86.9,1.2,15.5,180832,86.7,1.3,14.1,218041,87,1.5,9.9,79,152421,86.7,1.2,15.9,642
10/1/2021,Wigan,E08000010,157776,87.7,,1,14.6,,348,259689,87.7,1.4,12.4,163018,87.5,1,14.4,127075,87.6,0.8,16.6,94488,90,0.6,15.9,150137,88,1,15.5,72,160212,87.6,1,14.4,273,142038,87.6,0.8,15.2,182957,87.7,1.2,14,216905,86.5,-0.5,8.8,50,154295,87.8,1.2,15.8,298
11/1/2021,Wigan,E08000010,158664,88.2,,0.6,12.9,,473,261905,88.5,0.9,11.1,163959,88,0.6,12.9,127543,88,0.4,14.3,94820,90.3,0.4,13.9,150859,88.4,0.5,13.5,125,161149,88.1,0.6,12.7,344,142766,88.1,0.5,13.4,184098,88.3,0.6,12.4,219174,87.5,1,8.9,63,155040,88.2,0.5,13.7,410
12/1/2021,Wigan,E08000010,158048,87.9,,-0.4,11.6,,497,261860,88.5,0,10.4,163338,87.7,-0.4,11.6,126786,87.4,-0.6,12.4,93930,89.5,-0.9,12.2,150222,88,-0.4,12,90,160537,87.8,-0.4,11.4,400,142073,87.7,-0.5,11.9,183596,88.1,-0.3,11.2,217529,86.8,-0.8,8.1,94,154533,87.9,-0.3,12.2,403
1/1/2022,Wigan,E08000010,159486,88.7,,0.9,12,,336,262957,88.8,0.4,11.1,164990,88.5,1,12.1,128267,88.5,1.2,12.8,94576,90.1,0.7,11.4,151608,88.8,0.9,12.3,74,161992,88.6,0.9,11.9,259,143488,88.5,1,12.3,185076,88.8,0.8,11.7,218995,87.4,0.7,9.4,39,156000,88.7,0.9,12.5,297
2/1/2022,Wigan,E08000010,161210,89.6,,1.1,11.6,,451,265273,89.6,0.9,11.2,166754,89.5,1.1,11.7,129784,89.5,1.2,11.9,95959,91.4,1.5,10.2,153298,89.8,1.1,11.7,90,163728,89.6,1.1,11.5,361,145160,89.6,1.2,11.7,186912,89.6,1,11.4,222398,88.7,1.6,9.7,40,157717,89.7,1.1,12,411
3/1/2022,Wigan,E08000010,162427,90.3,,0.8,11.3,,446,267850,90.5,1,11.9,168280,90.3,0.9,11.7,130354,89.9,0.4,11,96465,91.9,0.5,8.4,154267,90.4,0.6,11.3,99,165019,90.3,0.8,11.3,341,146242,90.2,0.7,11.3,188347,90.3,0.8,11.4,227081,90.6,2.1,10.9,48,158675,90.3,0.6,11.6,398
4/1/2022,Wigan,E08000010,164547,91.5,,1.3,11.1,,447,271332,91.7,1.3,11.4,170321,91.4,1.2,11.5,132224,91.2,1.4,10.7,97636,93,1.2,8,156268,91.5,1.3,11.1,105,167177,91.4,1.3,11.1,338,148173,91.4,1.3,11,190779,91.5,1.3,11.2,230517,92,1.5,9.8,76,160722,91.4,1.3,11.5,371
5/1/2022,Wigan,E08000010,166647,92.6,,1.3,12.1,,487,274229,92.6,1.1,12,172623,92.6,1.4,12.6,134084,92.5,1.4,11.9,98339,93.7,0.7,8.5,158272,92.7,1.3,12.1,108,169307,92.6,1.3,12.1,373,150070,92.6,1.3,12,193207,92.7,1.3,12.2,231102,92.2,0.3,9.5,69,162893,92.7,1.4,12.6,418
6/1/2022,Wigan,E08000010,169195,94,,1.5,11.6,,471,277577,93.8,1.2,11.8,175205,94,1.5,12.3,136448,94.1,1.8,11.1,99927,95.2,1.6,8.2,160762,94.2,1.6,11.4,104,171875,94,1.5,11.6,361,152436,94.1,1.6,11.5,196074,94,1.5,11.8,232591,92.8,0.6,9.7,92,165486,94.1,1.6,11.9,379
7/1/2022,Wigan,E08000010,171780,95.5,,1.5,13,,479,281044,94.9,1.2,12.9,178060,95.6,1.6,13.6,138690,95.6,1.6,12.7,101108,96.3,1.2,9.5,163216,95.6,1.5,12.8,119,174502,95.4,1.5,13,354,154830,95.5,1.6,12.9,198991,95.4,1.5,13.1,235631,94,1.3,10.4,53,168040,95.6,1.5,13.4,426
8/1/2022,Wigan,E08000010,174905,97.2,,1.8,13.3,,480,285814,96.6,1.7,13.2,181180,97.2,1.8,13.7,141513,97.6,2,13.4,102583,97.7,1.5,10.1,166171,97.3,1.8,13.1,115,177680,97.2,1.8,13.4,359,157661,97.3,1.8,13.3,202593,97.2,1.8,13.4,239529,95.6,1.7,11.5,54,171117,97.3,1.8,13.6,426
9/1/2022,Wigan,E08000010,177851,98.9,,1.7,13.8,,497,290405,98.1,1.6,13.4,184211,98.9,1.7,14.1,144097,99.4,1.8,14.3,103778,98.9,1.2,10.4,168956,99,1.7,13.7,126,180677,98.8,1.7,13.9,363,160334,98.9,1.7,13.8,205986,98.8,1.7,13.9,242685,96.8,1.3,11.3,69,174045,99,1.7,14.2,428
10/1/2022,Wigan,E08000010,179648,99.9,,1,13.9,,448,293953,99.3,1.2,13.2,185989,99.8,1,14.1,145443,100.3,0.9,14.5,104749,99.8,0.9,10.9,170729,100,1,13.7,104,182484,99.8,1,13.9,339,161903,99.9,1,14,208129,99.8,1,13.8,244551,97.6,0.8,12.7,47,175834,100,1,14,401
11/1/2022,Wigan,E08000010,178914,99.4,,-0.4,12.8,,490,293438,99.1,-0.2,12,185184,99.4,-0.4,12.9,144672,99.8,-0.5,13.4,104274,99.3,-0.5,10,169987,99.6,-0.4,12.7,114,181752,99.4,-0.4,12.8,364,161224,99.5,-0.4,12.9,207300,99.4,-0.4,12.6,244860,97.7,0.1,11.7,57,175049,99.6,-0.4,12.9,433
12/1/2022,Wigan,E08000010,179672,99.9,,0.4,13.7,,420,294771,99.6,0.5,12.6,185994,99.8,0.4,13.9,145188,100.1,0.4,14.5,104933,100,0.6,11.7,170748,100,0.4,13.7,90,182510,99.8,0.4,13.7,325,161932,99.9,0.4,14,208149,99.8,0.4,13.4,246107,98.2,0.5,13.1,74,175779,100,0.4,13.7,346
1/1/2023,Wigan,E08000010,179905,100,,0.1,12.8,,311,295999,100,0.4,12.6,186347,100,0.2,12.9,145010,100,-0.1,13.1,104979,100,0,11,170702,100,0,12.6,78,182823,100,0.2,12.9,221,162063,100,0.1,12.9,208513,100,0.2,12.7,250619,100,1.8,14.4,31,175797,100,0,12.7,280
2/1/2023,Wigan,E08000010,176414,98.1,,-1.9,9.4,,324,291310,98.4,-1.6,9.8,182781,98.1,-1.9,9.6,141816,97.8,-2.2,9.3,102912,98,-2,7.2,167235,98,-2,9.1,99,179321,98.1,-1.9,9.5,215,158838,98,-2,9.4,204548,98.1,-1.9,9.4,248959,99.3,-0.7,11.9,51,172228,98,-2,9.2,273
3/1/2023,Wigan,E08000010,172412,95.8,,-2.3,6.1,,377,286661,96.8,-1.6,7,178891,96,-2.1,6.3,137812,95,-2.8,5.7,100323,95.6,-2.5,4,163197,95.6,-2.4,5.8,114,175323,95.9,-2.2,6.2,250,155063,95.7,-2.4,6,200120,96,-2.2,6.3,249986,99.7,0.4,10.1,50,167993,95.6,-2.5,5.9,327
4/1/2023,Wigan,E08000010,169440,94.2,,-1.7,3,,275,282374,95.4,-1.5,4.1,175877,94.4,-1.7,3.3,135207,93.2,-1.9,2.3,98620,93.9,-1.7,1,160382,94,-1.7,2.6,84,172301,94.2,-1.7,3.1,187,152344,94,-1.8,2.8,196755,94.4,-1.7,3.1,248044,99,-0.8,7.6,22,164986,93.9,-1.8,2.7,253
5/1/2023,Wigan,E08000010,172114,95.7,,1.6,3.3,,273,286470,96.8,1.5,4.5,178772,95.9,1.6,3.6,137291,94.7,1.5,2.4,100351,95.6,1.8,2,162926,95.4,1.6,2.9,76,175017,95.7,1.6,3.4,187,154727,95.5,1.6,3.1,199901,95.9,1.6,3.5,252372,100.7,1.7,9.2,38,167571,95.3,1.6,2.9,235
6/1/2023,Wigan,E08000010,173999,96.7,,1.1,2.8,,341,288244,97.4,0.6,3.8,180448,96.8,0.9,3,139398,96.1,1.5,2.2,101387,96.6,1,1.5,164708,96.5,1.1,2.5,96,176934,96.8,1.1,2.9,232,156478,96.6,1.1,2.7,201987,96.9,1,3,251404,100.3,-0.4,8.1,60,169583,96.5,1.2,2.5,281
7/1/2023,Wigan,E08000010,175078,97.3,,0.6,1.9,,296,288849,97.6,0.2,2.8,181591,97.4,0.6,2,140597,97,0.9,1.4,101754,96.9,0.4,0.6,165659,97,0.6,1.5,78,178055,97.4,0.6,2,210,157502,97.2,0.7,1.7,203142,97.4,0.6,2.1,251756,100.5,0.1,6.8,14,170690,97.1,0.7,1.6,282
8/1/2023,Wigan,E08000010,175635,97.6,,0.3,0.4,,367,289066,97.7,0.1,1.1,182005,97.7,0.2,0.5,141459,97.6,0.6,0,101638,96.8,-0.1,-0.9,166123,97.3,0.3,0,93,178641,97.7,0.3,0.5,256,158069,97.5,0.4,0.3,203668,97.7,0.3,0.5,251118,100.2,-0.3,4.8,39,171301,97.4,0.4,0.1,328
9/1/2023,Wigan,E08000010,175722,97.7,,0,-1.2,,388,289159,97.7,0,-0.4,182100,97.7,0.1,-1.1,141598,97.6,0.1,-1.7,101415,96.6,-0.2,-2.3,166215,97.4,0.1,-1.6,114,178727,97.8,0,-1.1,255,158175,97.6,0.1,-1.3,203720,97.7,0,-1.1,251814,100.5,0.3,3.8,59,171359,97.5,0,-1.5,329
10/1/2023,Wigan,E08000010,174948,97.2,,-0.4,-2.6,,309,287595,97.2,-0.5,-2.2,181126,97.2,-0.5,-2.6,141122,97.3,-0.3,-3,101315,96.5,-0.1,-3.3,165536,97,-0.4,-3,75,177922,97.3,-0.5,-2.5,222,157561,97.2,-0.4,-2.7,202671,97.2,-0.5,-2.6,250827,100.1,-0.4,2.6,32,170598,97,-0.4,-3,277
11/1/2023,Wigan,E08000010,175522,97.6,,0.3,-1.9,,294,289170,97.7,0.5,-1.5,181894,97.6,0.4,-1.8,141256,97.4,0.1,-2.4,101730,96.9,0.4,-2.4,166143,97.3,0.4,-2.3,80,178485,97.6,0.3,-1.8,201,158036,97.5,0.3,-2,203413,97.6,0.4,-1.9,254029,101.4,1.3,3.7,24,171046,97.3,0.3,-2.3,270
12/1/2023,Wigan,E08000010,175566,97.6,,0,-2.3,,317,289150,97.7,0,-1.9,181983,97.7,0,-2.2,141188,97.4,0,-2.8,102165,97.3,0.4,-2.6,166176,97.3,0,-2.7,94,178532,97.7,0,-2.2,196,158119,97.6,0.1,-2.4,203384,97.5,0,-2.3,254532,101.6,0.2,3.4,45,171067,97.3,0,-2.7,272
1/1/2024,Wigan,E08000010,175944,97.8,,0.2,-2.2,,260,290378,98.1,0.4,-1.9,182420,97.9,0.2,-2.1,141346,97.5,0.1,-2.5,102168,97.3,0,-2.7,166516,97.5,0.2,-2.5,79,178923,97.9,0.2,-2.1,167,158398,97.7,0.2,-2.3,203936,97.8,0.3,-2.2,255982,102.1,0.6,2.1,17,171394,97.5,0.2,-2.5,243
2/1/2024,Wigan,E08000010,174743,97.1,,-0.7,-0.9,,280,287468,97.1,-1,-1.3,181149,97.2,-0.7,-0.9,140652,97,-0.5,-0.8,101476,96.7,-0.7,-1.4,165374,96.9,-0.7,-1.1,65,177702,97.2,-0.7,-0.9,205,157453,97.2,-0.6,-0.9,202308,97,-0.8,-1.1,254092,101.4,-0.7,2.1,12,170232,96.8,-0.7,-1.2,268
3/1/2024,Wigan,E08000010,173839,96.6,,-0.5,0.8,,380,286019,96.6,-0.5,-0.2,180248,96.7,-0.5,0.8,139842,96.4,-0.6,1.5,101137,96.3,-0.3,0.8,164497,96.4,-0.5,0.8,96,176788,96.7,-0.5,0.8,268,156620,96.6,-0.5,1,201300,96.5,-0.5,0.6,255117,101.8,0.4,2.1,33,169242,96.3,-0.6,0.7,347
4/1/2024,Wigan,E08000010,177446,98.6,,2.1,4.7,,311,290762,98.2,1.7,3,183923,98.7,2,4.6,142986,98.6,2.2,5.8,103825,98.9,2.7,5.3,167903,98.4,2.1,4.7,90,180460,98.7,2.1,4.7,206,159970,98.7,2.1,5,205304,98.5,2,4.3,258763,103.2,1.4,4.3,38,172840,98.3,2.1,4.8,273
5/1/2024,Wigan,E08000010,178415,99.2,,0.5,3.7,,369,291884,98.6,0.4,1.9,184980,99.3,0.6,3.5,143760,99.1,0.5,4.7,104763,99.8,0.9,4.4,168808,98.9,0.5,3.6,88,181449,99.2,0.5,3.7,251,160846,99.2,0.5,4,206419,99,0.5,3.3,259154,103.4,0.2,2.7,33,173836,98.9,0.6,3.7,336
6/1/2024,Wigan,E08000010,178696,99.3,,0.2,2.7,,322,291467,98.5,-0.1,1.1,185107,99.3,0.1,2.6,144398,99.6,0.4,3.6,104833,99.9,0.1,3.4,169092,99.1,0.2,2.7,87,181729,99.4,0.2,2.7,206,161177,99.5,0.2,3,206612,99.1,0.1,2.3,256243,102.2,-1.1,1.9,50,174286,99.1,0.3,2.8,272
7/1/2024,Wigan,E08000010,176746,98.2,,-1.1,1,,351,287987,97.3,-1.2,-0.3,183101,98.3,-1.1,0.8,143065,98.7,-0.9,1.8,102963,98.1,-1.8,1.2,167198,97.9,-1.1,0.9,76,179763,98.3,-1.1,1,251,159455,98.4,-1.1,1.2,204294,98,-1.1,0.6,253428,101.1,-1.1,0.7,26,172385,98.1,-1.1,1,325
8/1/2024,Wigan,E08000010,178018,99,,0.7,1.4,,472,289902,97.9,0.7,0.3,184222,98.9,0.6,1.2,144448,99.6,1,2.1,103141,98.2,0.2,1.5,168345,98.6,0.7,1.3,101,181078,99,0.7,1.4,340,160615,99.1,0.7,1.6,205744,98.7,0.7,1,253763,101.3,0.1,1.1,37,173704,98.8,0.8,1.4,435
9/1/2024,Wigan,E08000010,180843,100.5,,1.6,2.9,,385,295325,99.8,1.9,2.1,187313,100.5,1.7,2.9,146541,101.1,1.4,3.5,104034,99.1,0.9,2.6,170977,100.2,1.6,2.9,78,183965,100.6,1.6,2.9,274,163110,100.6,1.6,3.1,209099,100.3,1.6,2.6,259174,103.4,2.1,2.9,41,176386,100.3,1.5,2.9,344
10/1/2024,Wigan,E08000010,183349,101.9,,1.4,4.8,,428,300305,101.5,1.7,4.4,189691,101.8,1.3,4.7,148480,102.4,1.3,5.2,105649,100.6,1.6,4.3,173446,101.6,1.4,4.8,79,186478,102,1.4,4.8,313,165334,102,1.4,4.9,212061,101.7,1.4,4.6,263019,104.9,1.5,4.9,17,178817,101.7,1.4,4.8,411
11/1/2024,Wigan,E08000010,184657,102.6,,0.7,5.2,,472,302963,102.4,0.9,4.8,191331,102.7,0.9,5.2,149248,102.9,0.5,5.7,105964,100.9,0.3,4.2,174724,102.4,0.7,5.2,104,187793,102.7,0.7,5.2,337,166513,102.7,0.7,5.4,213573,102.4,0.7,5,265787,106.1,1.1,4.6,32,180045,102.4,0.7,5.3,440
12/1/2024,Wigan,E08000010,185239,103,,0.3,5.5,,399,304471,102.9,0.5,5.3,191860,103,0.3,5.4,149712,103.2,0.3,6,105971,100.9,0,3.7,175293,102.7,0.3,5.5,79,188378,103,0.3,5.5,282,167059,103.1,0.3,5.7,214209,102.7,0.3,5.3,267672,106.8,0.7,5.2,45,180558,102.7,0.3,5.5,354
1/1/2025,Wigan,E08000010,185954,103.4,,0.4,5.7,,304,306277,103.5,0.6,5.5,192941,103.5,0.6,5.8,150037,103.5,0.2,6.1,105472,100.5,-0.5,3.2,175899,103,0.3,5.6,73,189132,103.5,0.4,5.7,212,167702,103.5,0.4,5.9,215040,103.1,0.4,5.4,271760,108.4,1.5,6.2,4,181098,103,0.3,5.7,300
2/1/2025,Wigan,E08000010,186201,103.5,,0.1,6.6,,363,307277,103.8,0.3,6.9,193084,103.6,0.1,6.6,150225,103.6,0.1,6.8,105516,100.5,0,4,176102,103.2,0.1,6.5,73,189394,103.6,0.1,6.6,266,167924,103.6,0.1,6.7,215319,103.3,0.1,6.4,274863,109.7,1.1,8.2,24,181202,103.1,0.1,6.4,339
3/1/2025,Wigan,E08000010,188194,104.6,,1.1,8.3,,673,308586,104.3,0.4,7.9,195234,104.8,1.1,8.3,152222,105,1.3,8.9,107521,102.4,1.9,6.3,177929,104.2,1,8.2,151,191443,104.7,1.1,8.3,475,169936,104.9,1.2,8.5,217215,104.2,0.9,7.9,278568,111.2,1.3,9.2,38,183117,104.2,1.1,8.2,635
4/1/2025,Wigan,E08000010,185047,102.9,,-1.7,4.3,,235,304518,102.9,-1.3,4.7,192166,103.1,-1.6,4.5,149250,102.9,-2,4.4,105242,100.3,-2.1,1.4,174902,102.5,-1.7,4.2,26,188260,103,-1.7,4.3,190,166977,103,-1.7,4.4,213805,102.5,-1.6,4.1,275961,110.1,-0.9,6.6,19,179938,102.4,-1.7,4.1,216
5/1/2025,Wigan,E08000010,184845,102.7,,-0.1,3.6,,320,304795,103,0.1,4.4,192050,103.1,-0.1,3.8,148958,102.7,-0.2,3.6,104436,99.5,-0.8,-0.3,174624,102.3,-0.2,3.4,62,188084,102.9,-0.1,3.7,221,166712,102.9,-0.2,3.6,213730,102.5,0,3.5,276282,110.2,0.1,6.6,24,179705,102.2,-0.1,3.4,296
6/1/2025,Wigan,E08000010,183498,102,,-0.7,2.7,,349,304170,102.8,-0.2,4.4,190918,102.5,-0.6,3.1,147396,101.6,-1,2.1,102321,97.5,-2,-2.4,173302,101.5,-0.8,2.5,53,186730,102.1,-0.7,2.8,254,165271,102,-0.9,2.5,212598,102,-0.5,2.9,274355,109.5,-0.7,7,21,178391,101.5,-0.7,2.4,328
7/1/2025,Wigan,E08000010,186697,103.8,,1.7,5.6,,351,307484,103.9,1.1,6.8,194169,104.2,1.7,6,150666,103.9,2.2,5.3,104107,99.2,1.7,1.1,176280,103.3,1.7,5.4,67,190001,103.9,1.8,5.7,249,168347,103.9,1.9,5.6,215935,103.6,1.6,5.7,275576,110,0.4,8.7,1,181705,103.4,1.9,5.4,350
8/1/2025,Wigan,E08000010,189363,105.3,,1.4,6.4,,337,310939,105,1.1,7.3,197099,105.8,1.5,7,153012,105.5,1.6,5.9,105324,100.3,1.2,2.1,178742,104.7,1.4,6.2,60,192733,105.4,1.4,6.4,210,170849,105.4,1.5,6.4,218831,104.9,1.3,6.4,279280,111.4,1.3,10.1,,184312,104.8,1.4,6.1,337
9/1/2025,Wigan,E08000010,190154,105.7,,0.4,5.1,,350,312521,105.6,0.5,5.8,197967,106.2,0.4,5.7,153656,106,0.4,4.9,105176,100.2,-0.1,1.1,179434,105.1,0.4,4.9,60,193558,105.9,0.4,5.2,222,171566,105.9,0.4,5.2,219741,105.4,0.4,5.1,281620,112.4,0.8,8.7,1,185015,105.2,0.4,4.9,349
10/1/2025,Wigan,E08000010,190450,105.9,,0.2,3.9,,355,313423,105.9,0.3,4.4,198481,106.5,0.3,4.6,153653,106,0,3.5,104911,99.9,-0.3,-0.7,179696,105.3,0.1,3.6,44,193864,106,0.2,4,189,171841,106,0.2,3.9,220067,105.5,0.1,3.8,286589,114.4,1.8,9,,185043,105.3,0,3.5,355
11/1/2025,Wigan,E08000010,191212,106.3,,0.4,3.6,,264,315170,106.5,0.6,4,199312,107,0.4,4.2,154109,106.3,0.3,3.3,105183,100.2,0.3,-0.7,180462,105.7,0.4,3.3,25,194624,106.5,0.4,3.6,103,172548,106.5,0.4,3.6,220910,105.9,0.4,3.4,293990,117.3,2.6,10.6,,185434,105.5,0.2,3,264
12/1/2025,Wigan,E08000010,192193,106.8,,0.5,3.8,,312,315908,106.7,0.2,3.8,200388,107.5,0.5,4.4,155128,107,0.7,3.6,105711,100.7,0.5,-0.2,181378,106.3,0.5,3.5,36,195626,107,0.5,3.8,159,173599,107.1,0.6,3.9,221730,106.3,0.4,3.5,296061,118.1,0.7,10.6,,186353,106,0.5,3.2,312
1/1/2026,Wigan,E08000010,190140,105.7,,-1.1,2.3,,,311197,105.1,-1.5,1.6,198302,106.4,-1,2.8,153883,106.1,-0.8,2.6,104396,99.4,-1.2,-1,179432,105.1,-1.1,2,,193538,105.9,-1.1,2.3,,171840,106,-1,2.5,219181,105.1,-1.1,1.9,,,,,,,,,,
2/1/2026,Wigan,E08000010,187256,104.1,,-1.5,0.6,,,305885,103.3,-1.7,-0.5,195440,104.9,-1.4,1.2,151664,104.6,-1.4,1,102434,97.6,-1.9,-2.9,176682,103.5,-1.5,0.3,,190614,104.3,-1.5,0.6,,169263,104.4,-1.5,0.8,215750,103.5,-1.6,0.2,,,,,,,,,,
